order_date,product,category,quantity,total_sales,unit_price,channel,payment_mode,event_type,store,city,discount
2026-01-01,Mini Tiffin Thali,Thali,1,157.5,150,Register,Cash,Payment,Saravana Bhavan Corner,Chennai,0.0
2026-01-01,Rava Dosa,Dosa,1,115.5,110,Register,Cash,Payment,Saravana Bhavan Corner,Chennai,0.0
2026-01-01,Filter Coffee,Beverages,1,42.0,40,Register,Cash,Payment,Saravana Bhavan Corner,Chennai,0.0
2026-01-01,Masala Dosa,Dosa,1,94.5,90,Register,Cash,Payment,Saravana Bhavan Corner,Chennai,0.0
2026-01-01,Idli (4pc),Tiffin,1,63.0,60,Register,Cash,Payment,Saravana Bhavan Corner,Chennai,0.0
2026-01-01,Lemon Rice,Rice,1,105.0,100,Register,Cash,Payment,Saravana Bhavan Corner,Chennai,0.0
2026-01-01,Masala Dosa,Dosa,1,94.5,90,Register,Card,Payment,Saravana Bhavan Corner,Chennai,0.0
2026-01-01,Masala Chai,Beverages,1,36.75,35,Register,Cash,Payment,Saravana Bhavan Corner,Chennai,0.0
2026-01-01,Filter Coffee,Beverages,2,84.0,40,Register,Cash,Payment,Saravana Bhavan Corner,Chennai,0.0
2026-01-01,Mini Tiffin Thali,Thali,2,315.0,150,Register,Cash,Payment,Saravana Bhavan Corner,Chennai,0.0
2026-01-01,Mini Tiffin Thali,Thali,1,133.88,150,Register,Cash,Payment,Saravana Bhavan Corner,Chennai,0.0
2026-01-01,Idli (4pc),Tiffin,2,126.0,60,Swiggy,Card,Payment,Saravana Bhavan Corner,Chennai,0.0
2026-01-01,Lemon Rice,Rice,2,210.0,100,Register,UPI,Payment,Saravana Bhavan Corner,Chennai,0.0
2026-01-01,Veg Thali,Thali,1,189.0,180,Register,UPI,Payment,Saravana Bhavan Corner,Chennai,0.0
2026-01-01,Vada (2pc),Tiffin,1,52.5,50,Register,Cash,Payment,Saravana Bhavan Corner,Chennai,0.0
2026-01-01,Veg Thali,Thali,2,378.0,180,Swiggy,Card,Payment,Saravana Bhavan Corner,Chennai,0.0
2026-01-01,Pongal,Tiffin,2,168.0,80,Swiggy,Card,Payment,Saravana Bhavan Corner,Chennai,0.0
2026-01-01,Veg Thali,Thali,3,567.0,180,Swiggy,Card,Payment,Saravana Bhavan Corner,Chennai,0.0
2026-01-01,Veg Thali,Thali,1,189.0,180,Register,UPI,Payment,Saravana Bhavan Corner,Chennai,0.0
2026-01-01,Veg Thali,Thali,1,189.0,180,Register,UPI,Payment,Saravana Bhavan Corner,Chennai,0.0
2026-01-01,Idli Vada Combo,Tiffin,3,283.5,90,Register,UPI,Payment,Saravana Bhavan Corner,Chennai,0.0
2026-01-01,Masala Dosa,Dosa,1,94.5,90,Register,UPI,Payment,Saravana Bhavan Corner,Chennai,0.0
2026-01-01,Masala Dosa,Dosa,1,94.5,90,Register,UPI,Payment,Saravana Bhavan Corner,Chennai,0.0
2026-01-01,Mini Tiffin Thali,Thali,2,315.0,150,Register,UPI,Payment,Saravana Bhavan Corner,Chennai,0.0
2026-01-01,Masala Dosa,Dosa,1,94.5,90,Swiggy,UPI,Payment,Saravana Bhavan Corner,Chennai,0.0
2026-01-01,Buttermilk,Beverages,2,56.7,30,Register,Cash,Payment,Saravana Bhavan Corner,Chennai,0.0
2026-01-01,Vada (2pc),Tiffin,1,52.5,50,Swiggy,UPI,Payment,Saravana Bhavan Corner,Chennai,0.0
2026-01-01,Idli (4pc),Tiffin,1,63.0,60,Swiggy,UPI,Payment,Saravana Bhavan Corner,Chennai,0.0
2026-01-01,Filter Coffee,Beverages,1,37.8,40,Register,Cash,Payment,Saravana Bhavan Corner,Chennai,0.0
2026-01-01,Rasgulla (2pc),Desserts,1,73.5,70,Register,UPI,Payment,Saravana Bhavan Corner,Chennai,0.0
2026-01-01,Curd Rice,Rice,2,189.0,90,Register,UPI,Payment,Saravana Bhavan Corner,Chennai,0.0
2026-01-01,Bisi Bele Bath,Rice,2,273.0,130,Register,UPI,Payment,Saravana Bhavan Corner,Chennai,0.0
2026-01-01,Masala Dosa,Dosa,1,94.5,90,Register,Card,Payment,Saravana Bhavan Corner,Chennai,0.0
2026-01-01,Rava Dosa,Dosa,1,115.5,110,Register,Card,Payment,Saravana Bhavan Corner,Chennai,0.0
2026-01-01,Curd Rice,Rice,-1,-94.5,90,Swiggy,UPI,Refund,Saravana Bhavan Corner,Chennai,0.0
2026-01-01,Sambar Rice,Rice,1,126.0,120,Swiggy,Card,Payment,Saravana Bhavan Corner,Chennai,0.0
2026-01-01,Masala Chai,Beverages,1,31.24,35,Swiggy,Card,Payment,Saravana Bhavan Corner,Chennai,0.0
2026-01-01,Veg Thali,Thali,2,378.0,180,Register,Cash,Payment,Saravana Bhavan Corner,Chennai,0.0
2026-01-01,Plain Dosa,Dosa,1,73.5,70,Register,Card,Payment,Saravana Bhavan Corner,Chennai,0.0
2026-01-01,Mysore Bonda,Snacks,1,63.0,60,Swiggy,UPI,Payment,Saravana Bhavan Corner,Chennai,0.0
2026-01-01,Veg Thali,Thali,1,189.0,180,Register,UPI,Payment,Saravana Bhavan Corner,Chennai,0.0
2026-01-01,Vada (2pc),Tiffin,1,52.5,50,Swiggy,Card,Payment,Saravana Bhavan Corner,Chennai,0.0
2026-01-01,Sambar Rice,Rice,1,107.1,120,Swiggy,Card,Payment,Saravana Bhavan Corner,Chennai,0.0
2026-01-01,Onion Uttapam,Dosa,3,283.5,100,Swiggy,UPI,Payment,Saravana Bhavan Corner,Chennai,0.0
2026-01-01,Plain Dosa,Dosa,1,73.5,70,Swiggy,Card,Payment,Saravana Bhavan Corner,Chennai,0.0
2026-01-01,Buttermilk,Beverages,1,31.5,30,Swiggy,Card,Payment,Saravana Bhavan Corner,Chennai,0.0
2026-01-01,Buttermilk,Beverages,1,26.78,30,Swiggy,Card,Payment,Saravana Bhavan Corner,Chennai,0.0
2026-01-01,Curd Rice,Rice,1,94.5,90,Swiggy,Card,Payment,Saravana Bhavan Corner,Chennai,0.0
2026-01-01,Filter Coffee,Beverages,1,42.0,40,Swiggy,Card,Payment,Saravana Bhavan Corner,Chennai,0.0
2026-01-01,Onion Uttapam,Dosa,1,105.0,100,Swiggy,UPI,Payment,Saravana Bhavan Corner,Chennai,0.0
2026-01-02,Rava Dosa,Dosa,2,231.0,110,Register,UPI,Payment,Saravana Bhavan Corner,Chennai,0.0
2026-01-02,Veg Thali,Thali,3,567.0,180,Register,UPI,Payment,Saravana Bhavan Corner,Chennai,0.0
2026-01-02,Idli Vada Combo,Tiffin,1,94.5,90,Register,Cash,Payment,Saravana Bhavan Corner,Chennai,0.0
2026-01-02,Veg Thali,Thali,1,189.0,180,Register,Cash,Payment,Saravana Bhavan Corner,Chennai,0.0
2026-01-02,Sambar Rice,Rice,2,252.0,120,Register,UPI,Payment,Saravana Bhavan Corner,Chennai,0.0
2026-01-02,Bisi Bele Bath,Rice,1,136.5,130,Register,UPI,Payment,Saravana Bhavan Corner,Chennai,0.0
2026-01-02,Buttermilk,Beverages,3,80.33,30,Swiggy,UPI,Payment,Saravana Bhavan Corner,Chennai,0.0
2026-01-02,Sambar Rice,Rice,2,252.0,120,Swiggy,Card,Payment,Saravana Bhavan Corner,Chennai,0.0
2026-01-02,Plain Dosa,Dosa,1,73.5,70,Swiggy,UPI,Payment,Saravana Bhavan Corner,Chennai,0.0
2026-01-02,Rava Dosa,Dosa,2,207.9,110,Swiggy,UPI,Payment,Saravana Bhavan Corner,Chennai,0.0
2026-01-02,Filter Coffee,Beverages,2,84.0,40,Swiggy,UPI,Payment,Saravana Bhavan Corner,Chennai,0.0
2026-01-02,Onion Uttapam,Dosa,1,105.0,100,Register,UPI,Payment,Saravana Bhavan Corner,Chennai,0.0
2026-01-02,Masala Dosa,Dosa,1,85.05,90,Swiggy,UPI,Payment,Saravana Bhavan Corner,Chennai,0.0
2026-01-02,Masala Chai,Beverages,2,73.5,35,Register,UPI,Payment,Saravana Bhavan Corner,Chennai,0.0
2026-01-02,Idli (4pc),Tiffin,1,63.0,60,Register,UPI,Payment,Saravana Bhavan Corner,Chennai,0.0
2026-01-02,Mini Tiffin Thali,Thali,1,157.5,150,Register,UPI,Payment,Saravana Bhavan Corner,Chennai,0.0
2026-01-02,Vada (2pc),Tiffin,1,52.5,50,Register,Card,Payment,Saravana Bhavan Corner,Chennai,0.0
2026-01-02,Masala Dosa,Dosa,2,170.1,90,Register,Card,Payment,Saravana Bhavan Corner,Chennai,0.0
2026-01-02,Mini Tiffin Thali,Thali,1,157.5,150,Register,Card,Payment,Saravana Bhavan Corner,Chennai,0.0
2026-01-02,Masala Chai,Beverages,1,31.24,35,Register,Card,Payment,Saravana Bhavan Corner,Chennai,0.0
2026-01-02,Mysore Bonda,Snacks,1,56.7,60,Register,Card,Payment,Saravana Bhavan Corner,Chennai,0.0
2026-01-02,Masala Chai,Beverages,1,36.75,35,Register,UPI,Payment,Saravana Bhavan Corner,Chennai,0.0
2026-01-02,Plain Dosa,Dosa,1,73.5,70,Register,UPI,Payment,Saravana Bhavan Corner,Chennai,0.0
2026-01-02,Sambar Rice,Rice,1,107.1,120,Register,Card,Payment,Saravana Bhavan Corner,Chennai,0.0
2026-01-02,Veg Thali,Thali,2,340.2,180,Register,UPI,Payment,Saravana Bhavan Corner,Chennai,0.0
2026-01-02,Mini Tiffin Thali,Thali,3,472.5,150,Register,UPI,Payment,Saravana Bhavan Corner,Chennai,0.0
2026-01-02,Onion Uttapam,Dosa,2,210.0,100,Register,UPI,Payment,Saravana Bhavan Corner,Chennai,0.0
2026-01-02,Rasgulla (2pc),Desserts,1,66.15,70,Register,Cash,Payment,Saravana Bhavan Corner,Chennai,0.0
2026-01-02,Masala Chai,Beverages,3,110.25,35,Register,Cash,Payment,Saravana Bhavan Corner,Chennai,0.0
2026-01-02,Bisi Bele Bath,Rice,1,136.5,130,Register,Cash,Payment,Saravana Bhavan Corner,Chennai,0.0
2026-01-02,Idli Vada Combo,Tiffin,1,94.5,90,Register,Card,Payment,Saravana Bhavan Corner,Chennai,0.0
2026-01-02,Filter Coffee,Beverages,2,84.0,40,Register,UPI,Payment,Saravana Bhavan Corner,Chennai,0.0
2026-01-02,Masala Dosa,Dosa,1,94.5,90,Register,Card,Payment,Saravana Bhavan Corner,Chennai,0.0
2026-01-02,Masala Dosa,Dosa,1,94.5,90,Register,Card,Payment,Saravana Bhavan Corner,Chennai,0.0
2026-01-02,Filter Coffee,Beverages,3,126.0,40,Register,UPI,Payment,Saravana Bhavan Corner,Chennai,0.0
2026-01-02,Masala Chai,Beverages,1,36.75,35,Register,UPI,Payment,Saravana Bhavan Corner,Chennai,0.0
2026-01-02,Curd Rice,Rice,2,189.0,90,Swiggy,Card,Payment,Saravana Bhavan Corner,Chennai,0.0
2026-01-02,Buttermilk,Beverages,1,28.35,30,Swiggy,Card,Payment,Saravana Bhavan Corner,Chennai,0.0
2026-01-02,Lemon Rice,Rice,2,210.0,100,Swiggy,Card,Payment,Saravana Bhavan Corner,Chennai,0.0
2026-01-02,Buttermilk,Beverages,1,31.5,30,Register,UPI,Payment,Saravana Bhavan Corner,Chennai,0.0
2026-01-02,Mysore Bonda,Snacks,1,56.7,60,Register,UPI,Payment,Saravana Bhavan Corner,Chennai,0.0
2026-01-02,Pongal,Tiffin,1,84.0,80,Register,Cash,Payment,Saravana Bhavan Corner,Chennai,0.0
2026-01-02,Veg Thali,Thali,2,378.0,180,Register,Cash,Payment,Saravana Bhavan Corner,Chennai,0.0
2026-01-02,Filter Coffee,Beverages,3,126.0,40,Swiggy,Card,Payment,Saravana Bhavan Corner,Chennai,0.0
2026-01-02,Masala Chai,Beverages,2,66.15,35,Swiggy,Card,Payment,Saravana Bhavan Corner,Chennai,0.0
2026-01-02,Masala Chai,Beverages,2,73.5,35,Swiggy,Card,Payment,Saravana Bhavan Corner,Chennai,0.0
2026-01-02,Mini Tiffin Thali,Thali,1,157.5,150,Swiggy,Card,Payment,Saravana Bhavan Corner,Chennai,0.0
2026-01-02,Sambar Rice,Rice,2,252.0,120,Swiggy,Card,Payment,Saravana Bhavan Corner,Chennai,0.0
2026-01-02,Veg Thali,Thali,1,160.65,180,Swiggy,Card,Payment,Saravana Bhavan Corner,Chennai,0.0
2026-01-02,Plain Dosa,Dosa,1,73.5,70,Register,Card,Payment,Saravana Bhavan Corner,Chennai,0.0
2026-01-02,Masala Dosa,Dosa,2,189.0,90,Swiggy,Card,Payment,Saravana Bhavan Corner,Chennai,0.0
2026-01-02,Medu Vada Chaat,Snacks,1,73.5,70,Swiggy,UPI,Payment,Saravana Bhavan Corner,Chennai,0.0
2026-01-02,Mysore Bonda,Snacks,1,63.0,60,Register,UPI,Payment,Saravana Bhavan Corner,Chennai,0.0
2026-01-02,Plain Dosa,Dosa,1,73.5,70,Register,Cash,Payment,Saravana Bhavan Corner,Chennai,0.0
2026-01-02,Idli (4pc),Tiffin,1,63.0,60,Register,Cash,Payment,Saravana Bhavan Corner,Chennai,0.0
2026-01-02,Pongal,Tiffin,3,226.8,80,Register,Cash,Payment,Saravana Bhavan Corner,Chennai,0.0
2026-01-02,Idli (4pc),Tiffin,1,63.0,60,Register,Cash,Payment,Saravana Bhavan Corner,Chennai,0.0
2026-01-02,Vada (2pc),Tiffin,1,47.25,50,Register,Cash,Payment,Saravana Bhavan Corner,Chennai,0.0
2026-01-02,Rasgulla (2pc),Desserts,1,66.15,70,Register,Cash,Payment,Saravana Bhavan Corner,Chennai,0.0
2026-01-02,Rasgulla (2pc),Desserts,1,62.48,70,Register,Card,Payment,Saravana Bhavan Corner,Chennai,0.0
2026-01-02,Masala Dosa,Dosa,1,94.5,90,Swiggy,UPI,Payment,Saravana Bhavan Corner,Chennai,0.0
2026-01-02,Filter Coffee,Beverages,1,42.0,40,Swiggy,UPI,Payment,Saravana Bhavan Corner,Chennai,0.0
2026-01-02,Idli (4pc),Tiffin,1,63.0,60,Swiggy,UPI,Payment,Saravana Bhavan Corner,Chennai,0.0
2026-01-02,Filter Coffee,Beverages,1,35.7,40,Swiggy,UPI,Payment,Saravana Bhavan Corner,Chennai,0.0
2026-01-02,Idli (4pc),Tiffin,1,63.0,60,Swiggy,UPI,Payment,Saravana Bhavan Corner,Chennai,0.0
2026-01-02,Mysore Bonda,Snacks,3,189.0,60,Swiggy,UPI,Payment,Saravana Bhavan Corner,Chennai,0.0
2026-01-03,Vada (2pc),Tiffin,1,52.5,50,Swiggy,Card,Payment,Saravana Bhavan Corner,Chennai,0.0
2026-01-03,Idli Vada Combo,Tiffin,1,94.5,90,Register,Cash,Payment,Saravana Bhavan Corner,Chennai,0.0
2026-01-03,Curd Rice,Rice,1,94.5,90,Swiggy,Card,Payment,Saravana Bhavan Corner,Chennai,0.0
2026-01-03,Masala Chai,Beverages,3,110.25,35,Swiggy,Card,Payment,Saravana Bhavan Corner,Chennai,0.0
2026-01-03,Idli (4pc),Tiffin,2,126.0,60,Swiggy,Card,Payment,Saravana Bhavan Corner,Chennai,0.0
2026-01-03,Vada (2pc),Tiffin,1,52.5,50,Swiggy,Card,Payment,Saravana Bhavan Corner,Chennai,0.0
2026-01-03,Curd Rice,Rice,3,283.5,90,Swiggy,UPI,Payment,Saravana Bhavan Corner,Chennai,0.0
2026-01-03,Idli Vada Combo,Tiffin,1,94.5,90,Swiggy,Card,Payment,Saravana Bhavan Corner,Chennai,0.0
2026-01-03,Curd Rice,Rice,1,94.5,90,Register,Cash,Payment,Saravana Bhavan Corner,Chennai,0.0
2026-01-03,Medu Vada Chaat,Snacks,2,147.0,70,Swiggy,Card,Payment,Saravana Bhavan Corner,Chennai,0.0
2026-01-03,Filter Coffee,Beverages,2,71.4,40,Swiggy,Card,Payment,Saravana Bhavan Corner,Chennai,0.0
2026-01-03,Masala Chai,Beverages,1,36.75,35,Swiggy,Card,Payment,Saravana Bhavan Corner,Chennai,0.0
2026-01-03,Masala Dosa,Dosa,1,94.5,90,Register,Cash,Payment,Saravana Bhavan Corner,Chennai,0.0
2026-01-03,Veg Thali,Thali,2,378.0,180,Swiggy,Card,Payment,Saravana Bhavan Corner,Chennai,0.0
2026-01-03,Idli (4pc),Tiffin,1,63.0,60,Swiggy,Card,Payment,Saravana Bhavan Corner,Chennai,0.0
2026-01-03,Plain Dosa,Dosa,1,73.5,70,Register,Card,Payment,Saravana Bhavan Corner,Chennai,0.0
2026-01-03,Filter Coffee,Beverages,3,126.0,40,Swiggy,Card,Payment,Saravana Bhavan Corner,Chennai,0.0
2026-01-03,Lemon Rice,Rice,2,210.0,100,Register,Card,Payment,Saravana Bhavan Corner,Chennai,0.0
2026-01-03,Plain Dosa,Dosa,1,73.5,70,Register,UPI,Payment,Saravana Bhavan Corner,Chennai,0.0
2026-01-03,Medu Vada Chaat,Snacks,1,73.5,70,Swiggy,UPI,Payment,Saravana Bhavan Corner,Chennai,0.0
2026-01-03,Veg Thali,Thali,2,378.0,180,Swiggy,Card,Payment,Saravana Bhavan Corner,Chennai,0.0
2026-01-03,Mysore Bonda,Snacks,2,126.0,60,Register,UPI,Payment,Saravana Bhavan Corner,Chennai,0.0
2026-01-03,Curd Rice,Rice,1,94.5,90,Register,UPI,Payment,Saravana Bhavan Corner,Chennai,0.0
2026-01-03,Filter Coffee,Beverages,1,42.0,40,Register,UPI,Payment,Saravana Bhavan Corner,Chennai,0.0
2026-01-03,Sambar Rice,Rice,1,126.0,120,Swiggy,UPI,Payment,Saravana Bhavan Corner,Chennai,0.0
2026-01-03,Veg Thali,Thali,1,189.0,180,Swiggy,UPI,Payment,Saravana Bhavan Corner,Chennai,0.0
2026-01-03,Masala Chai,Beverages,3,110.25,35,Swiggy,UPI,Payment,Saravana Bhavan Corner,Chennai,0.0
2026-01-03,Masala Dosa,Dosa,1,94.5,90,Swiggy,UPI,Payment,Saravana Bhavan Corner,Chennai,0.0
2026-01-03,Masala Dosa,Dosa,1,94.5,90,Register,Cash,Payment,Saravana Bhavan Corner,Chennai,0.0
2026-01-03,Filter Coffee,Beverages,1,42.0,40,Register,Cash,Payment,Saravana Bhavan Corner,Chennai,0.0
2026-01-03,Rasgulla (2pc),Desserts,1,73.5,70,Register,Card,Payment,Saravana Bhavan Corner,Chennai,0.0
2026-01-03,Masala Dosa,Dosa,1,94.5,90,Register,Card,Payment,Saravana Bhavan Corner,Chennai,0.0
2026-01-03,Filter Coffee,Beverages,1,42.0,40,Register,Card,Payment,Saravana Bhavan Corner,Chennai,0.0
2026-01-03,Sambar Rice,Rice,2,252.0,120,Swiggy,UPI,Payment,Saravana Bhavan Corner,Chennai,0.0
2026-01-03,Sambar Rice,Rice,1,126.0,120,Swiggy,UPI,Payment,Saravana Bhavan Corner,Chennai,0.0
2026-01-03,Curd Rice,Rice,1,94.5,90,Register,Card,Payment,Saravana Bhavan Corner,Chennai,0.0
2026-01-03,Veg Thali,Thali,2,378.0,180,Swiggy,UPI,Payment,Saravana Bhavan Corner,Chennai,0.0
2026-01-03,Onion Uttapam,Dosa,3,315.0,100,Register,Card,Payment,Saravana Bhavan Corner,Chennai,0.0
2026-01-03,Sambar Rice,Rice,1,126.0,120,Swiggy,Card,Payment,Saravana Bhavan Corner,Chennai,0.0
2026-01-03,Lemon Rice,Rice,1,105.0,100,Swiggy,Card,Payment,Saravana Bhavan Corner,Chennai,0.0
2026-01-03,Idli (4pc),Tiffin,2,126.0,60,Swiggy,Card,Payment,Saravana Bhavan Corner,Chennai,0.0
2026-01-03,Bisi Bele Bath,Rice,2,273.0,130,Swiggy,UPI,Payment,Saravana Bhavan Corner,Chennai,0.0
2026-01-03,Masala Chai,Beverages,1,36.75,35,Swiggy,UPI,Payment,Saravana Bhavan Corner,Chennai,0.0
2026-01-03,Masala Dosa,Dosa,1,94.5,90,Swiggy,UPI,Payment,Saravana Bhavan Corner,Chennai,0.0
2026-01-03,Buttermilk,Beverages,2,63.0,30,Swiggy,UPI,Payment,Saravana Bhavan Corner,Chennai,0.0
2026-01-03,Sambar Rice,Rice,2,252.0,120,Register,Cash,Payment,Saravana Bhavan Corner,Chennai,0.0
2026-01-03,Pongal,Tiffin,2,168.0,80,Register,Cash,Payment,Saravana Bhavan Corner,Chennai,0.0
2026-01-03,Onion Uttapam,Dosa,2,210.0,100,Swiggy,Card,Payment,Saravana Bhavan Corner,Chennai,0.0
2026-01-03,Sambar Rice,Rice,1,126.0,120,Swiggy,Card,Payment,Saravana Bhavan Corner,Chennai,0.0
2026-01-03,Idli (4pc),Tiffin,1,63.0,60,Register,UPI,Payment,Saravana Bhavan Corner,Chennai,0.0
2026-01-03,Idli (4pc),Tiffin,1,63.0,60,Swiggy,Card,Payment,Saravana Bhavan Corner,Chennai,0.0
2026-01-03,Mini Tiffin Thali,Thali,1,157.5,150,Swiggy,Card,Payment,Saravana Bhavan Corner,Chennai,0.0
2026-01-03,Idli (4pc),Tiffin,1,56.7,60,Swiggy,Card,Payment,Saravana Bhavan Corner,Chennai,0.0
2026-01-03,Lemon Rice,Rice,1,105.0,100,Register,UPI,Payment,Saravana Bhavan Corner,Chennai,0.0
2026-01-03,Vada (2pc),Tiffin,3,157.5,50,Register,UPI,Payment,Saravana Bhavan Corner,Chennai,0.0
2026-01-03,Plain Dosa,Dosa,1,73.5,70,Register,UPI,Payment,Saravana Bhavan Corner,Chennai,0.0
2026-01-03,Masala Dosa,Dosa,1,94.5,90,Swiggy,UPI,Payment,Saravana Bhavan Corner,Chennai,0.0
2026-01-03,Rasgulla (2pc),Desserts,1,73.5,70,Register,UPI,Payment,Saravana Bhavan Corner,Chennai,0.0
2026-01-03,Filter Coffee,Beverages,2,84.0,40,Register,Card,Payment,Saravana Bhavan Corner,Chennai,0.0
2026-01-03,Sambar Rice,Rice,1,126.0,120,Swiggy,UPI,Payment,Saravana Bhavan Corner,Chennai,0.0
2026-01-03,Onion Uttapam,Dosa,1,105.0,100,Register,UPI,Payment,Saravana Bhavan Corner,Chennai,0.0
2026-01-03,Vada (2pc),Tiffin,1,52.5,50,Swiggy,Card,Payment,Saravana Bhavan Corner,Chennai,0.0
2026-01-03,Rava Dosa,Dosa,1,115.5,110,Swiggy,Card,Payment,Saravana Bhavan Corner,Chennai,0.0
2026-01-03,Bisi Bele Bath,Rice,1,136.5,130,Swiggy,UPI,Payment,Saravana Bhavan Corner,Chennai,0.0
2026-01-03,Buttermilk,Beverages,2,63.0,30,Swiggy,UPI,Payment,Saravana Bhavan Corner,Chennai,0.0
2026-01-03,Lemon Rice,Rice,1,105.0,100,Register,Card,Payment,Saravana Bhavan Corner,Chennai,0.0
2026-01-03,Masala Chai,Beverages,2,62.48,35,Register,UPI,Payment,Saravana Bhavan Corner,Chennai,0.0
2026-01-03,Bisi Bele Bath,Rice,3,409.5,130,Register,UPI,Payment,Saravana Bhavan Corner,Chennai,0.0
2026-01-03,Idli Vada Combo,Tiffin,1,94.5,90,Swiggy,Card,Payment,Saravana Bhavan Corner,Chennai,0.0
2026-01-03,Plain Dosa,Dosa,1,73.5,70,Swiggy,UPI,Payment,Saravana Bhavan Corner,Chennai,0.0
2026-01-03,Veg Thali,Thali,3,567.0,180,Swiggy,UPI,Payment,Saravana Bhavan Corner,Chennai,0.0
2026-01-03,Plain Dosa,Dosa,1,73.5,70,Swiggy,UPI,Payment,Saravana Bhavan Corner,Chennai,0.0
2026-01-03,Masala Dosa,Dosa,1,94.5,90,Swiggy,UPI,Payment,Saravana Bhavan Corner,Chennai,0.0
2026-01-03,Idli Vada Combo,Tiffin,1,80.33,90,Register,Cash,Payment,Saravana Bhavan Corner,Chennai,0.0
2026-01-03,Vada (2pc),Tiffin,1,52.5,50,Register,Cash,Payment,Saravana Bhavan Corner,Chennai,0.0
2026-01-03,Masala Chai,Beverages,1,36.75,35,Register,UPI,Payment,Saravana Bhavan Corner,Chennai,0.0
2026-01-03,Rasgulla (2pc),Desserts,1,73.5,70,Register,UPI,Payment,Saravana Bhavan Corner,Chennai,0.0
2026-01-03,Idli Vada Combo,Tiffin,1,94.5,90,Swiggy,UPI,Payment,Saravana Bhavan Corner,Chennai,0.0
2026-01-04,Mini Tiffin Thali,Thali,1,157.5,150,Swiggy,UPI,Payment,Saravana Bhavan Corner,Chennai,0.0
2026-01-04,Buttermilk,Beverages,1,31.5,30,Register,UPI,Payment,Saravana Bhavan Corner,Chennai,0.0
2026-01-04,Mini Tiffin Thali,Thali,1,157.5,150,Register,Cash,Payment,Saravana Bhavan Corner,Chennai,0.0
2026-01-04,Vada (2pc),Tiffin,1,52.5,50,Swiggy,Card,Payment,Saravana Bhavan Corner,Chennai,0.0
2026-01-04,Vada (2pc),Tiffin,3,157.5,50,Register,Cash,Payment,Saravana Bhavan Corner,Chennai,0.0
2026-01-04,Veg Thali,Thali,1,189.0,180,Register,Cash,Payment,Saravana Bhavan Corner,Chennai,0.0
2026-01-04,Vada (2pc),Tiffin,2,105.0,50,Register,Cash,Payment,Saravana Bhavan Corner,Chennai,0.0
2026-01-04,Veg Thali,Thali,2,340.2,180,Swiggy,UPI,Payment,Saravana Bhavan Corner,Chennai,0.0
2026-01-04,Medu Vada Chaat,Snacks,1,73.5,70,Swiggy,Card,Payment,Saravana Bhavan Corner,Chennai,0.0
2026-01-04,Filter Coffee,Beverages,2,84.0,40,Register,UPI,Payment,Saravana Bhavan Corner,Chennai,0.0
2026-01-04,Mini Tiffin Thali,Thali,2,315.0,150,Swiggy,UPI,Payment,Saravana Bhavan Corner,Chennai,0.0
2026-01-04,Veg Thali,Thali,1,189.0,180,Register,Cash,Payment,Saravana Bhavan Corner,Chennai,0.0
2026-01-04,Idli (4pc),Tiffin,1,63.0,60,Register,Card,Payment,Saravana Bhavan Corner,Chennai,0.0
2026-01-04,Idli (4pc),Tiffin,3,189.0,60,Register,Card,Payment,Saravana Bhavan Corner,Chennai,0.0
2026-01-04,Rasgulla (2pc),Desserts,1,73.5,70,Register,Card,Payment,Saravana Bhavan Corner,Chennai,0.0
2026-01-04,Buttermilk,Beverages,2,53.55,30,Swiggy,Card,Payment,Saravana Bhavan Corner,Chennai,0.0
2026-01-04,Sambar Rice,Rice,1,126.0,120,Swiggy,Card,Payment,Saravana Bhavan Corner,Chennai,0.0
2026-01-04,Filter Coffee,Beverages,3,113.4,40,Swiggy,UPI,Payment,Saravana Bhavan Corner,Chennai,0.0
2026-01-04,Bisi Bele Bath,Rice,1,136.5,130,Swiggy,UPI,Payment,Saravana Bhavan Corner,Chennai,0.0
2026-01-04,Plain Dosa,Dosa,1,73.5,70,Register,Cash,Payment,Saravana Bhavan Corner,Chennai,0.0
2026-01-04,Filter Coffee,Beverages,1,42.0,40,Swiggy,UPI,Payment,Saravana Bhavan Corner,Chennai,0.0
2026-01-04,Masala Dosa,Dosa,2,189.0,90,Register,Cash,Payment,Saravana Bhavan Corner,Chennai,0.0
2026-01-04,Masala Dosa,Dosa,1,94.5,90,Swiggy,Card,Payment,Saravana Bhavan Corner,Chennai,0.0
2026-01-04,Veg Thali,Thali,3,567.0,180,Register,Card,Payment,Saravana Bhavan Corner,Chennai,0.0
2026-01-04,Vada (2pc),Tiffin,2,94.5,50,Swiggy,Card,Payment,Saravana Bhavan Corner,Chennai,0.0
2026-01-04,Filter Coffee,Beverages,1,42.0,40,Register,Cash,Payment,Saravana Bhavan Corner,Chennai,0.0
2026-01-04,Sambar Rice,Rice,2,252.0,120,Swiggy,Card,Payment,Saravana Bhavan Corner,Chennai,0.0
2026-01-04,Buttermilk,Beverages,2,63.0,30,Register,Cash,Payment,Saravana Bhavan Corner,Chennai,0.0
2026-01-04,Idli Vada Combo,Tiffin,1,94.5,90,Swiggy,UPI,Payment,Saravana Bhavan Corner,Chennai,0.0
2026-01-04,Masala Dosa,Dosa,1,94.5,90,Swiggy,UPI,Payment,Saravana Bhavan Corner,Chennai,0.0
2026-01-04,Masala Chai,Beverages,2,66.15,35,Swiggy,UPI,Payment,Saravana Bhavan Corner,Chennai,0.0
2026-01-04,Lemon Rice,Rice,1,105.0,100,Register,UPI,Payment,Saravana Bhavan Corner,Chennai,0.0
2026-01-04,Masala Dosa,Dosa,2,189.0,90,Register,UPI,Payment,Saravana Bhavan Corner,Chennai,0.0
2026-01-04,Veg Thali,Thali,1,189.0,180,Register,UPI,Payment,Saravana Bhavan Corner,Chennai,0.0
2026-01-04,Curd Rice,Rice,2,189.0,90,Register,Cash,Payment,Saravana Bhavan Corner,Chennai,0.0
2026-01-04,Masala Dosa,Dosa,2,189.0,90,Register,Cash,Payment,Saravana Bhavan Corner,Chennai,0.0
2026-01-04,Idli (4pc),Tiffin,2,126.0,60,Register,Cash,Payment,Saravana Bhavan Corner,Chennai,0.0
2026-01-04,Masala Dosa,Dosa,1,94.5,90,Register,UPI,Payment,Saravana Bhavan Corner,Chennai,0.0
2026-01-04,Lemon Rice,Rice,1,94.5,100,Register,UPI,Payment,Saravana Bhavan Corner,Chennai,0.0
2026-01-04,Curd Rice,Rice,1,85.05,90,Register,UPI,Payment,Saravana Bhavan Corner,Chennai,0.0
2026-01-04,Idli (4pc),Tiffin,1,63.0,60,Register,Cash,Payment,Saravana Bhavan Corner,Chennai,0.0
2026-01-04,Vada (2pc),Tiffin,1,52.5,50,Register,Cash,Payment,Saravana Bhavan Corner,Chennai,0.0
2026-01-04,Onion Uttapam,Dosa,1,105.0,100,Register,Cash,Payment,Saravana Bhavan Corner,Chennai,0.0
2026-01-04,Masala Dosa,Dosa,1,94.5,90,Register,Cash,Payment,Saravana Bhavan Corner,Chennai,0.0
2026-01-04,Filter Coffee,Beverages,1,37.8,40,Register,UPI,Payment,Saravana Bhavan Corner,Chennai,0.0
2026-01-04,Curd Rice,Rice,1,94.5,90,Register,UPI,Payment,Saravana Bhavan Corner,Chennai,0.0
2026-01-04,Bisi Bele Bath,Rice,1,136.5,130,Register,Cash,Payment,Saravana Bhavan Corner,Chennai,0.0
2026-01-04,Mini Tiffin Thali,Thali,2,315.0,150,Register,Cash,Payment,Saravana Bhavan Corner,Chennai,0.0
2026-01-04,Rasgulla (2pc),Desserts,2,147.0,70,Register,Cash,Payment,Saravana Bhavan Corner,Chennai,0.0
2026-01-04,Idli (4pc),Tiffin,2,126.0,60,Swiggy,Card,Payment,Saravana Bhavan Corner,Chennai,0.0
2026-01-04,Idli Vada Combo,Tiffin,1,80.33,90,Swiggy,Card,Payment,Saravana Bhavan Corner,Chennai,0.0
2026-01-04,Filter Coffee,Beverages,2,84.0,40,Register,Cash,Payment,Saravana Bhavan Corner,Chennai,0.0
2026-01-04,Mini Tiffin Thali,Thali,1,157.5,150,Swiggy,Card,Payment,Saravana Bhavan Corner,Chennai,0.0
2026-01-04,Idli (4pc),Tiffin,1,63.0,60,Swiggy,UPI,Payment,Saravana Bhavan Corner,Chennai,0.0
2026-01-04,Masala Dosa,Dosa,1,94.5,90,Register,UPI,Payment,Saravana Bhavan Corner,Chennai,0.0
2026-01-04,Buttermilk,Beverages,2,63.0,30,Register,UPI,Payment,Saravana Bhavan Corner,Chennai,0.0
2026-01-04,Sambar Rice,Rice,1,126.0,120,Register,UPI,Payment,Saravana Bhavan Corner,Chennai,0.0
2026-01-04,Medu Vada Chaat,Snacks,1,73.5,70,Swiggy,UPI,Payment,Saravana Bhavan Corner,Chennai,0.0
2026-01-04,Filter Coffee,Beverages,2,84.0,40,Swiggy,UPI,Payment,Saravana Bhavan Corner,Chennai,0.0
2026-01-04,Veg Thali,Thali,2,378.0,180,Register,Card,Payment,Saravana Bhavan Corner,Chennai,0.0
2026-01-04,Medu Vada Chaat,Snacks,1,66.15,70,Swiggy,Card,Payment,Saravana Bhavan Corner,Chennai,0.0
2026-01-04,Medu Vada Chaat,Snacks,1,73.5,70,Swiggy,Card,Payment,Saravana Bhavan Corner,Chennai,0.0
2026-01-04,Mysore Bonda,Snacks,1,63.0,60,Swiggy,Card,Payment,Saravana Bhavan Corner,Chennai,0.0
2026-01-04,Masala Chai,Beverages,2,66.15,35,Register,Card,Payment,Saravana Bhavan Corner,Chennai,0.0
2026-01-04,Filter Coffee,Beverages,1,42.0,40,Register,Card,Payment,Saravana Bhavan Corner,Chennai,0.0
2026-01-04,Mini Tiffin Thali,Thali,1,157.5,150,Register,Card,Payment,Saravana Bhavan Corner,Chennai,0.0
2026-01-04,Lemon Rice,Rice,2,210.0,100,Register,UPI,Payment,Saravana Bhavan Corner,Chennai,0.0
2026-01-04,Masala Dosa,Dosa,1,85.05,90,Swiggy,Card,Payment,Saravana Bhavan Corner,Chennai,0.0
2026-01-04,Sambar Rice,Rice,1,126.0,120,Register,UPI,Payment,Saravana Bhavan Corner,Chennai,0.0
2026-01-04,Idli Vada Combo,Tiffin,3,283.5,90,Register,UPI,Payment,Saravana Bhavan Corner,Chennai,0.0
2026-01-04,Masala Chai,Beverages,1,36.75,35,Register,Cash,Payment,Saravana Bhavan Corner,Chennai,0.0
2026-01-04,Onion Uttapam,Dosa,1,105.0,100,Register,Cash,Payment,Saravana Bhavan Corner,Chennai,0.0
2026-01-04,Idli Vada Combo,Tiffin,1,94.5,90,Register,Cash,Payment,Saravana Bhavan Corner,Chennai,0.0
2026-01-04,Curd Rice,Rice,1,94.5,90,Register,Cash,Payment,Saravana Bhavan Corner,Chennai,0.0
2026-01-04,Onion Uttapam,Dosa,2,210.0,100,Swiggy,UPI,Payment,Saravana Bhavan Corner,Chennai,0.0
2026-01-04,Lemon Rice,Rice,1,105.0,100,Swiggy,UPI,Payment,Saravana Bhavan Corner,Chennai,0.0
2026-01-04,Plain Dosa,Dosa,3,220.5,70,Register,Cash,Payment,Saravana Bhavan Corner,Chennai,0.0
2026-01-04,Medu Vada Chaat,Snacks,3,220.5,70,Register,UPI,Payment,Saravana Bhavan Corner,Chennai,0.0
2026-01-04,Masala Dosa,Dosa,1,94.5,90,Swiggy,Card,Payment,Saravana Bhavan Corner,Chennai,0.0
2026-01-04,Mysore Bonda,Snacks,2,126.0,60,Swiggy,Card,Payment,Saravana Bhavan Corner,Chennai,0.0
2026-01-04,Veg Thali,Thali,2,378.0,180,Swiggy,Card,Payment,Saravana Bhavan Corner,Chennai,0.0
2026-01-04,Masala Dosa,Dosa,1,94.5,90,Swiggy,UPI,Payment,Saravana Bhavan Corner,Chennai,0.0
2026-01-04,Mini Tiffin Thali,Thali,1,133.88,150,Swiggy,Card,Payment,Saravana Bhavan Corner,Chennai,0.0
2026-01-04,Onion Uttapam,Dosa,3,315.0,100,Register,Cash,Payment,Saravana Bhavan Corner,Chennai,0.0
2026-01-04,Masala Chai,Beverages,1,36.75,35,Register,Cash,Payment,Saravana Bhavan Corner,Chennai,0.0
2026-01-04,Sambar Rice,Rice,2,252.0,120,Register,Cash,Payment,Saravana Bhavan Corner,Chennai,0.0
2026-01-04,Idli (4pc),Tiffin,1,63.0,60,Register,Cash,Payment,Saravana Bhavan Corner,Chennai,0.0
2026-01-04,Mini Tiffin Thali,Thali,1,157.5,150,Register,Cash,Payment,Saravana Bhavan Corner,Chennai,0.0
2026-01-04,Curd Rice,Rice,2,189.0,90,Register,Cash,Payment,Saravana Bhavan Corner,Chennai,0.0
2026-01-04,Vada (2pc),Tiffin,1,44.62,50,Register,Cash,Payment,Saravana Bhavan Corner,Chennai,0.0
2026-01-04,Pongal,Tiffin,1,84.0,80,Register,Cash,Payment,Saravana Bhavan Corner,Chennai,0.0
2026-01-04,Bisi Bele Bath,Rice,2,273.0,130,Register,UPI,Payment,Saravana Bhavan Corner,Chennai,0.0
2026-01-04,Filter Coffee,Beverages,1,42.0,40,Register,UPI,Payment,Saravana Bhavan Corner,Chennai,0.0
2026-01-04,Masala Chai,Beverages,1,31.24,35,Register,Cash,Payment,Saravana Bhavan Corner,Chennai,0.0
2026-01-04,Veg Thali,Thali,2,378.0,180,Register,UPI,Payment,Saravana Bhavan Corner,Chennai,0.0
2026-01-04,Filter Coffee,Beverages,2,71.4,40,Register,UPI,Payment,Saravana Bhavan Corner,Chennai,0.0
2026-01-04,Idli (4pc),Tiffin,1,63.0,60,Swiggy,Card,Payment,Saravana Bhavan Corner,Chennai,0.0
2026-01-04,Rava Dosa,Dosa,1,115.5,110,Register,UPI,Payment,Saravana Bhavan Corner,Chennai,0.0
2026-01-04,Vada (2pc),Tiffin,2,105.0,50,Register,UPI,Payment,Saravana Bhavan Corner,Chennai,0.0
2026-01-04,Masala Dosa,Dosa,2,189.0,90,Swiggy,UPI,Payment,Saravana Bhavan Corner,Chennai,0.0
2026-01-04,Vada (2pc),Tiffin,1,52.5,50,Register,UPI,Payment,Saravana Bhavan Corner,Chennai,0.0
2026-01-04,Vada (2pc),Tiffin,3,157.5,50,Swiggy,Card,Payment,Saravana Bhavan Corner,Chennai,0.0
2026-01-04,Mysore Bonda,Snacks,2,126.0,60,Swiggy,Card,Payment,Saravana Bhavan Corner,Chennai,0.0
2026-01-04,Veg Thali,Thali,1,189.0,180,Register,UPI,Payment,Saravana Bhavan Corner,Chennai,0.0
2026-01-04,Masala Dosa,Dosa,1,85.05,90,Register,UPI,Payment,Saravana Bhavan Corner,Chennai,0.0
2026-01-04,Veg Thali,Thali,2,340.2,180,Register,UPI,Payment,Saravana Bhavan Corner,Chennai,0.0
2026-01-05,Onion Uttapam,Dosa,1,105.0,100,Swiggy,Card,Payment,Saravana Bhavan Corner,Chennai,0.0
2026-01-05,Mini Tiffin Thali,Thali,2,315.0,150,Register,Cash,Payment,Saravana Bhavan Corner,Chennai,0.0
2026-01-05,Buttermilk,Beverages,1,26.78,30,Swiggy,UPI,Payment,Saravana Bhavan Corner,Chennai,0.0
2026-01-05,Pongal,Tiffin,2,168.0,80,Swiggy,UPI,Payment,Saravana Bhavan Corner,Chennai,0.0
2026-01-05,Rasgulla (2pc),Desserts,1,73.5,70,Register,Cash,Payment,Saravana Bhavan Corner,Chennai,0.0
2026-01-05,Filter Coffee,Beverages,2,84.0,40,Register,Cash,Payment,Saravana Bhavan Corner,Chennai,0.0
2026-01-05,Idli Vada Combo,Tiffin,2,189.0,90,Register,Cash,Payment,Saravana Bhavan Corner,Chennai,0.0
2026-01-05,Rasgulla (2pc),Desserts,1,73.5,70,Swiggy,UPI,Payment,Saravana Bhavan Corner,Chennai,0.0
2026-01-05,Sambar Rice,Rice,2,252.0,120,Swiggy,UPI,Payment,Saravana Bhavan Corner,Chennai,0.0
2026-01-05,Bisi Bele Bath,Rice,1,136.5,130,Swiggy,Card,Payment,Saravana Bhavan Corner,Chennai,0.0
2026-01-05,Onion Uttapam,Dosa,1,94.5,100,Swiggy,Card,Payment,Saravana Bhavan Corner,Chennai,0.0
2026-01-05,Filter Coffee,Beverages,1,42.0,40,Register,Card,Payment,Saravana Bhavan Corner,Chennai,0.0
2026-01-05,Idli Vada Combo,Tiffin,2,189.0,90,Register,Card,Payment,Saravana Bhavan Corner,Chennai,0.0
2026-01-05,Idli (4pc),Tiffin,2,107.1,60,Register,Card,Payment,Saravana Bhavan Corner,Chennai,0.0
2026-01-05,Masala Chai,Beverages,1,36.75,35,Register,Card,Payment,Saravana Bhavan Corner,Chennai,0.0
2026-01-05,Vada (2pc),Tiffin,1,44.62,50,Swiggy,Card,Payment,Saravana Bhavan Corner,Chennai,0.0
2026-01-05,Sambar Rice,Rice,1,126.0,120,Swiggy,Card,Payment,Saravana Bhavan Corner,Chennai,0.0
2026-01-05,Pongal,Tiffin,1,84.0,80,Swiggy,Card,Payment,Saravana Bhavan Corner,Chennai,0.0
2026-01-05,Pongal,Tiffin,1,75.6,80,Register,Card,Payment,Saravana Bhavan Corner,Chennai,0.0
2026-01-05,Filter Coffee,Beverages,1,42.0,40,Register,Card,Payment,Saravana Bhavan Corner,Chennai,0.0
2026-01-05,Sambar Rice,Rice,1,126.0,120,Register,Cash,Payment,Saravana Bhavan Corner,Chennai,0.0
2026-01-05,Vada (2pc),Tiffin,1,52.5,50,Register,Card,Payment,Saravana Bhavan Corner,Chennai,0.0
2026-01-05,Filter Coffee,Beverages,1,42.0,40,Register,UPI,Payment,Saravana Bhavan Corner,Chennai,0.0
2026-01-05,Filter Coffee,Beverages,1,42.0,40,Swiggy,Card,Payment,Saravana Bhavan Corner,Chennai,0.0
2026-01-05,Plain Dosa,Dosa,1,73.5,70,Swiggy,Card,Payment,Saravana Bhavan Corner,Chennai,0.0
2026-01-05,Masala Chai,Beverages,1,36.75,35,Register,UPI,Payment,Saravana Bhavan Corner,Chennai,0.0
2026-01-05,Vada (2pc),Tiffin,1,52.5,50,Register,UPI,Payment,Saravana Bhavan Corner,Chennai,0.0
2026-01-05,Masala Chai,Beverages,1,31.24,35,Register,UPI,Payment,Saravana Bhavan Corner,Chennai,0.0
2026-01-05,Idli (4pc),Tiffin,1,63.0,60,Register,UPI,Payment,Saravana Bhavan Corner,Chennai,0.0
2026-01-05,Bulk Catering Order,Uncategorized,1,2677.5,3000,Register,Card,Payment,Saravana Bhavan Corner,Chennai,0.0
2026-01-05,Masala Dosa,Dosa,2,189.0,90,Swiggy,Card,Payment,Saravana Bhavan Corner,Chennai,0.0
2026-01-05,Sambar Rice,Rice,2,252.0,120,Swiggy,Card,Payment,Saravana Bhavan Corner,Chennai,0.0
2026-01-05,Pongal,Tiffin,1,75.6,80,Swiggy,Card,Payment,Saravana Bhavan Corner,Chennai,0.0
2026-01-05,Masala Chai,Beverages,2,73.5,35,Swiggy,Card,Payment,Saravana Bhavan Corner,Chennai,0.0
2026-01-05,Idli Vada Combo,Tiffin,1,94.5,90,Register,Cash,Payment,Saravana Bhavan Corner,Chennai,0.0
2026-01-05,Plain Dosa,Dosa,1,73.5,70,Swiggy,Card,Payment,Saravana Bhavan Corner,Chennai,0.0
2026-01-05,Filter Coffee,Beverages,2,84.0,40,Register,Cash,Payment,Saravana Bhavan Corner,Chennai,0.0
2026-01-05,Medu Vada Chaat,Snacks,1,73.5,70,Register,Card,Payment,Saravana Bhavan Corner,Chennai,0.0
2026-01-05,Masala Chai,Beverages,1,36.75,35,Register,Card,Payment,Saravana Bhavan Corner,Chennai,0.0
2026-01-05,Sambar Rice,Rice,1,126.0,120,Register,Cash,Payment,Saravana Bhavan Corner,Chennai,0.0
2026-01-05,Veg Thali,Thali,2,378.0,180,Register,Cash,Payment,Saravana Bhavan Corner,Chennai,0.0
2026-01-05,Lemon Rice,Rice,2,210.0,100,Register,Card,Payment,Saravana Bhavan Corner,Chennai,0.0
2026-01-05,Sambar Rice,Rice,1,126.0,120,Register,Card,Payment,Saravana Bhavan Corner,Chennai,0.0
2026-01-05,Vada (2pc),Tiffin,3,157.5,50,Register,Card,Payment,Saravana Bhavan Corner,Chennai,0.0
2026-01-05,Rasgulla (2pc),Desserts,1,73.5,70,Register,Cash,Payment,Saravana Bhavan Corner,Chennai,0.0
2026-01-05,Rasgulla (2pc),Desserts,2,147.0,70,Swiggy,Card,Payment,Saravana Bhavan Corner,Chennai,0.0
2026-01-06,Filter Coffee,Beverages,2,84.0,40,Register,Card,Payment,Saravana Bhavan Corner,Chennai,0.0
2026-01-06,Pongal,Tiffin,1,84.0,80,Register,Card,Payment,Saravana Bhavan Corner,Chennai,0.0
2026-01-06,Veg Thali,Thali,1,189.0,180,Register,Card,Payment,Saravana Bhavan Corner,Chennai,0.0
2026-01-06,Curd Rice,Rice,1,94.5,90,Swiggy,UPI,Payment,Saravana Bhavan Corner,Chennai,0.0
2026-01-06,Filter Coffee,Beverages,2,84.0,40,Register,UPI,Payment,Saravana Bhavan Corner,Chennai,0.0
2026-01-06,Idli (4pc),Tiffin,2,126.0,60,Swiggy,Card,Payment,Saravana Bhavan Corner,Chennai,0.0
2026-01-06,Filter Coffee,Beverages,1,42.0,40,Register,UPI,Payment,Saravana Bhavan Corner,Chennai,0.0
2026-01-06,Masala Dosa,Dosa,2,189.0,90,Register,Cash,Payment,Saravana Bhavan Corner,Chennai,0.0
2026-01-06,Idli Vada Combo,Tiffin,3,283.5,90,Register,UPI,Payment,Saravana Bhavan Corner,Chennai,0.0
2026-01-06,Filter Coffee,Beverages,2,84.0,40,Swiggy,UPI,Payment,Saravana Bhavan Corner,Chennai,0.0
2026-01-06,Plain Dosa,Dosa,2,147.0,70,Register,Cash,Payment,Saravana Bhavan Corner,Chennai,0.0
2026-01-06,Veg Thali,Thali,3,567.0,180,Register,UPI,Payment,Saravana Bhavan Corner,Chennai,0.0
2026-01-06,Onion Uttapam,Dosa,2,210.0,100,Swiggy,UPI,Payment,Saravana Bhavan Corner,Chennai,0.0
2026-01-06,Vada (2pc),Tiffin,1,52.5,50,Swiggy,UPI,Payment,Saravana Bhavan Corner,Chennai,0.0
2026-01-06,Mini Tiffin Thali,Thali,1,157.5,150,Register,Cash,Payment,Saravana Bhavan Corner,Chennai,0.0
2026-01-06,Rasgulla (2pc),Desserts,1,73.5,70,Register,UPI,Payment,Saravana Bhavan Corner,Chennai,0.0
2026-01-06,Masala Chai,Beverages,1,33.08,35,Register,UPI,Payment,Saravana Bhavan Corner,Chennai,0.0
2026-01-06,Sambar Rice,Rice,1,126.0,120,Swiggy,UPI,Payment,Saravana Bhavan Corner,Chennai,0.0
2026-01-06,Masala Dosa,Dosa,1,94.5,90,Register,Card,Payment,Saravana Bhavan Corner,Chennai,0.0
2026-01-06,Rava Dosa,Dosa,1,103.95,110,Register,UPI,Payment,Saravana Bhavan Corner,Chennai,0.0
2026-01-06,Curd Rice,Rice,1,85.05,90,Register,UPI,Payment,Saravana Bhavan Corner,Chennai,0.0
2026-01-06,Mini Tiffin Thali,Thali,2,315.0,150,Register,Card,Payment,Saravana Bhavan Corner,Chennai,0.0
2026-01-06,Filter Coffee,Beverages,1,35.7,40,Register,Card,Payment,Saravana Bhavan Corner,Chennai,0.0
2026-01-06,Curd Rice,Rice,2,189.0,90,Register,Cash,Payment,Saravana Bhavan Corner,Chennai,0.0
2026-01-06,Medu Vada Chaat,Snacks,3,220.5,70,Swiggy,Card,Payment,Saravana Bhavan Corner,Chennai,0.0
2026-01-06,Plain Dosa,Dosa,2,147.0,70,Register,Card,Payment,Saravana Bhavan Corner,Chennai,0.0
2026-01-06,Buttermilk,Beverages,2,63.0,30,Register,Cash,Payment,Saravana Bhavan Corner,Chennai,0.0
2026-01-06,Pongal,Tiffin,1,71.4,80,Register,Card,Payment,Saravana Bhavan Corner,Chennai,0.0
2026-01-06,Mysore Bonda,Snacks,2,126.0,60,Swiggy,Card,Payment,Saravana Bhavan Corner,Chennai,0.0
2026-01-06,Masala Dosa,Dosa,1,94.5,90,Swiggy,Card,Payment,Saravana Bhavan Corner,Chennai,0.0
2026-01-06,Bisi Bele Bath,Rice,2,273.0,130,Swiggy,Card,Payment,Saravana Bhavan Corner,Chennai,0.0
2026-01-06,Masala Chai,Beverages,2,73.5,35,Swiggy,Card,Payment,Saravana Bhavan Corner,Chennai,0.0
2026-01-06,Rava Dosa,Dosa,1,115.5,110,Swiggy,Card,Payment,Saravana Bhavan Corner,Chennai,0.0
2026-01-06,Idli (4pc),Tiffin,1,63.0,60,Register,Card,Payment,Saravana Bhavan Corner,Chennai,0.0
2026-01-06,Vada (2pc),Tiffin,1,47.25,50,Register,Card,Payment,Saravana Bhavan Corner,Chennai,0.0
2026-01-06,Rava Dosa,Dosa,2,231.0,110,Register,Card,Payment,Saravana Bhavan Corner,Chennai,0.0
2026-01-06,Mini Tiffin Thali,Thali,1,157.5,150,Swiggy,Card,Payment,Saravana Bhavan Corner,Chennai,0.0
2026-01-06,Veg Thali,Thali,3,567.0,180,Swiggy,Card,Payment,Saravana Bhavan Corner,Chennai,0.0
2026-01-06,Masala Chai,Beverages,1,36.75,35,Register,Card,Payment,Saravana Bhavan Corner,Chennai,0.0
2026-01-06,Veg Thali,Thali,1,189.0,180,Swiggy,Card,Payment,Saravana Bhavan Corner,Chennai,0.0
2026-01-06,Lemon Rice,Rice,1,94.5,100,Register,UPI,Payment,Saravana Bhavan Corner,Chennai,0.0
2026-01-06,Vada (2pc),Tiffin,2,105.0,50,Register,Cash,Payment,Saravana Bhavan Corner,Chennai,0.0
2026-01-06,Idli Vada Combo,Tiffin,1,94.5,90,Register,Card,Payment,Saravana Bhavan Corner,Chennai,0.0
2026-01-06,Veg Thali,Thali,2,340.2,180,Register,UPI,Payment,Saravana Bhavan Corner,Chennai,0.0
2026-01-06,Pongal,Tiffin,1,84.0,80,Register,UPI,Payment,Saravana Bhavan Corner,Chennai,0.0
2026-01-06,Idli (4pc),Tiffin,1,63.0,60,Register,UPI,Payment,Saravana Bhavan Corner,Chennai,0.0
2026-01-06,Masala Chai,Beverages,1,36.75,35,Register,UPI,Payment,Saravana Bhavan Corner,Chennai,0.0
2026-01-06,Idli (4pc),Tiffin,1,63.0,60,Register,UPI,Payment,Saravana Bhavan Corner,Chennai,0.0
2026-01-06,Veg Thali,Thali,1,189.0,180,Register,UPI,Payment,Saravana Bhavan Corner,Chennai,0.0
2026-01-06,Idli (4pc),Tiffin,2,126.0,60,Register,UPI,Payment,Saravana Bhavan Corner,Chennai,0.0
2026-01-06,Idli (4pc),Tiffin,2,126.0,60,Register,Card,Payment,Saravana Bhavan Corner,Chennai,0.0
2026-01-06,Idli Vada Combo,Tiffin,1,94.5,90,Register,Card,Payment,Saravana Bhavan Corner,Chennai,0.0
2026-01-07,Mini Tiffin Thali,Thali,2,315.0,150,Register,UPI,Payment,Saravana Bhavan Corner,Chennai,0.0
2026-01-07,Buttermilk,Beverages,1,28.35,30,Swiggy,Card,Payment,Saravana Bhavan Corner,Chennai,0.0
2026-01-07,Mini Tiffin Thali,Thali,2,315.0,150,Swiggy,Card,Payment,Saravana Bhavan Corner,Chennai,0.0
2026-01-07,Veg Thali,Thali,1,189.0,180,Register,Card,Payment,Saravana Bhavan Corner,Chennai,0.0
2026-01-07,Onion Uttapam,Dosa,1,105.0,100,Swiggy,Card,Payment,Saravana Bhavan Corner,Chennai,0.0
2026-01-07,Masala Chai,Beverages,2,73.5,35,Register,UPI,Payment,Saravana Bhavan Corner,Chennai,0.0
2026-01-07,Rava Dosa,Dosa,1,98.17,110,Register,UPI,Payment,Saravana Bhavan Corner,Chennai,0.0
2026-01-07,Buttermilk,Beverages,2,63.0,30,Register,UPI,Payment,Saravana Bhavan Corner,Chennai,0.0
2026-01-07,Masala Chai,Beverages,2,66.15,35,Register,UPI,Payment,Saravana Bhavan Corner,Chennai,0.0
2026-01-07,Masala Dosa,Dosa,1,94.5,90,Register,UPI,Payment,Saravana Bhavan Corner,Chennai,0.0
2026-01-07,Filter Coffee,Beverages,1,42.0,40,Register,Cash,Payment,Saravana Bhavan Corner,Chennai,0.0
2026-01-07,Plain Dosa,Dosa,1,73.5,70,Register,Cash,Payment,Saravana Bhavan Corner,Chennai,0.0
2026-01-07,Rava Dosa,Dosa,2,231.0,110,Register,UPI,Payment,Saravana Bhavan Corner,Chennai,0.0
2026-01-07,Buttermilk,Beverages,1,26.78,30,Register,UPI,Payment,Saravana Bhavan Corner,Chennai,0.0
2026-01-07,Filter Coffee,Beverages,1,42.0,40,Register,UPI,Payment,Saravana Bhavan Corner,Chennai,0.0
2026-01-07,Masala Chai,Beverages,1,36.75,35,Swiggy,UPI,Payment,Saravana Bhavan Corner,Chennai,0.0
2026-01-07,Sambar Rice,Rice,1,126.0,120,Swiggy,Card,Payment,Saravana Bhavan Corner,Chennai,0.0
2026-01-07,Masala Dosa,Dosa,2,189.0,90,Swiggy,Card,Payment,Saravana Bhavan Corner,Chennai,0.0
2026-01-07,Vada (2pc),Tiffin,2,89.25,50,Register,Cash,Payment,Saravana Bhavan Corner,Chennai,0.0
2026-01-07,Masala Dosa,Dosa,1,94.5,90,Register,Cash,Payment,Saravana Bhavan Corner,Chennai,0.0
2026-01-07,Rava Dosa,Dosa,1,115.5,110,Swiggy,Card,Payment,Saravana Bhavan Corner,Chennai,0.0
2026-01-07,Buttermilk,Beverages,2,63.0,30,Register,Cash,Payment,Saravana Bhavan Corner,Chennai,0.0
2026-01-07,Idli Vada Combo,Tiffin,2,189.0,90,Register,Cash,Payment,Saravana Bhavan Corner,Chennai,0.0
2026-01-07,Curd Rice,Rice,2,189.0,90,Register,Cash,Payment,Saravana Bhavan Corner,Chennai,0.0
2026-01-07,Curd Rice,Rice,1,94.5,90,Swiggy,UPI,Payment,Saravana Bhavan Corner,Chennai,0.0
2026-01-07,Onion Uttapam,Dosa,1,105.0,100,Swiggy,UPI,Payment,Saravana Bhavan Corner,Chennai,0.0
2026-01-07,Masala Chai,Beverages,2,73.5,35,Register,Cash,Payment,Saravana Bhavan Corner,Chennai,0.0
2026-01-07,Veg Thali,Thali,1,189.0,180,Swiggy,UPI,Payment,Saravana Bhavan Corner,Chennai,0.0
2026-01-07,Idli (4pc),Tiffin,1,63.0,60,Register,Cash,Payment,Saravana Bhavan Corner,Chennai,0.0
2026-01-07,Veg Thali,Thali,2,378.0,180,Register,Cash,Payment,Saravana Bhavan Corner,Chennai,0.0
2026-01-07,Masala Dosa,Dosa,1,94.5,90,Swiggy,Card,Payment,Saravana Bhavan Corner,Chennai,0.0
2026-01-07,Vada (2pc),Tiffin,1,47.25,50,Register,Cash,Payment,Saravana Bhavan Corner,Chennai,0.0
2026-01-07,Curd Rice,Rice,1,94.5,90,Swiggy,Card,Payment,Saravana Bhavan Corner,Chennai,0.0
2026-01-07,Mini Tiffin Thali,Thali,2,315.0,150,Register,Cash,Payment,Saravana Bhavan Corner,Chennai,0.0
2026-01-07,Vada (2pc),Tiffin,1,52.5,50,Swiggy,UPI,Payment,Saravana Bhavan Corner,Chennai,0.0
2026-01-07,Plain Dosa,Dosa,1,73.5,70,Swiggy,UPI,Payment,Saravana Bhavan Corner,Chennai,0.0
2026-01-07,Masala Dosa,Dosa,1,94.5,90,Swiggy,UPI,Payment,Saravana Bhavan Corner,Chennai,0.0
2026-01-07,Idli Vada Combo,Tiffin,1,85.05,90,Swiggy,UPI,Payment,Saravana Bhavan Corner,Chennai,0.0
2026-01-07,Masala Chai,Beverages,1,36.75,35,Register,Cash,Payment,Saravana Bhavan Corner,Chennai,0.0
2026-01-07,Sambar Rice,Rice,1,126.0,120,Register,Card,Payment,Saravana Bhavan Corner,Chennai,0.0
2026-01-07,Masala Dosa,Dosa,3,283.5,90,Register,Card,Payment,Saravana Bhavan Corner,Chennai,0.0
2026-01-07,Lemon Rice,Rice,1,105.0,100,Register,Card,Payment,Saravana Bhavan Corner,Chennai,0.0
2026-01-07,Filter Coffee,Beverages,1,42.0,40,Register,Card,Payment,Saravana Bhavan Corner,Chennai,0.0
2026-01-07,Idli (4pc),Tiffin,2,126.0,60,Register,Card,Payment,Saravana Bhavan Corner,Chennai,0.0
2026-01-07,Veg Thali,Thali,1,160.65,180,Register,Card,Payment,Saravana Bhavan Corner,Chennai,0.0
2026-01-07,Masala Dosa,Dosa,2,189.0,90,Swiggy,UPI,Payment,Saravana Bhavan Corner,Chennai,0.0
2026-01-07,Masala Dosa,Dosa,3,255.15,90,Swiggy,UPI,Payment,Saravana Bhavan Corner,Chennai,0.0
2026-01-07,Idli Vada Combo,Tiffin,2,189.0,90,Register,Cash,Payment,Saravana Bhavan Corner,Chennai,0.0
2026-01-07,Veg Thali,Thali,1,189.0,180,Register,Cash,Payment,Saravana Bhavan Corner,Chennai,0.0
2026-01-07,Rava Dosa,Dosa,2,231.0,110,Register,Cash,Payment,Saravana Bhavan Corner,Chennai,0.0
2026-01-07,Idli Vada Combo,Tiffin,1,94.5,90,Register,Cash,Payment,Saravana Bhavan Corner,Chennai,0.0
2026-01-07,Sambar Rice,Rice,2,226.8,120,Register,Cash,Payment,Saravana Bhavan Corner,Chennai,0.0
2026-01-07,Plain Dosa,Dosa,1,73.5,70,Swiggy,UPI,Payment,Saravana Bhavan Corner,Chennai,0.0
2026-01-07,Curd Rice,Rice,2,189.0,90,Swiggy,Card,Payment,Saravana Bhavan Corner,Chennai,0.0
2026-01-07,Vada (2pc),Tiffin,2,105.0,50,Swiggy,Card,Payment,Saravana Bhavan Corner,Chennai,0.0
2026-01-07,Filter Coffee,Beverages,2,84.0,40,Swiggy,Card,Payment,Saravana Bhavan Corner,Chennai,0.0
2026-01-07,Bulk Catering Order,Uncategorized,1,3150.0,3000,Register,Cash,Payment,Saravana Bhavan Corner,Chennai,0.0
2026-01-07,Idli (4pc),Tiffin,2,126.0,60,Swiggy,Card,Payment,Saravana Bhavan Corner,Chennai,0.0
2026-01-07,Pongal,Tiffin,1,75.6,80,Register,UPI,Payment,Saravana Bhavan Corner,Chennai,0.0
2026-01-07,Mini Tiffin Thali,Thali,1,157.5,150,Register,Cash,Payment,Saravana Bhavan Corner,Chennai,0.0
2026-01-07,Masala Dosa,Dosa,1,94.5,90,Register,Cash,Payment,Saravana Bhavan Corner,Chennai,0.0
2026-01-07,Onion Uttapam,Dosa,2,210.0,100,Swiggy,UPI,Payment,Saravana Bhavan Corner,Chennai,0.0
2026-01-07,Curd Rice,Rice,1,94.5,90,Register,Cash,Payment,Saravana Bhavan Corner,Chennai,0.0
2026-01-07,Onion Uttapam,Dosa,2,210.0,100,Register,UPI,Payment,Saravana Bhavan Corner,Chennai,0.0
2026-01-07,Idli Vada Combo,Tiffin,1,85.05,90,Register,Cash,Payment,Saravana Bhavan Corner,Chennai,0.0
2026-01-08,Lemon Rice,Rice,1,89.25,100,Register,Cash,Payment,Saravana Bhavan Corner,Chennai,0.0
2026-01-08,Bisi Bele Bath,Rice,1,136.5,130,Swiggy,UPI,Payment,Saravana Bhavan Corner,Chennai,0.0
2026-01-08,Filter Coffee,Beverages,1,42.0,40,Swiggy,UPI,Payment,Saravana Bhavan Corner,Chennai,0.0
2026-01-08,Vada (2pc),Tiffin,1,52.5,50,Register,Card,Payment,Saravana Bhavan Corner,Chennai,0.0
2026-01-08,Lemon Rice,Rice,1,94.5,100,Register,Card,Payment,Saravana Bhavan Corner,Chennai,0.0
2026-01-08,Veg Thali,Thali,3,567.0,180,Register,Cash,Payment,Saravana Bhavan Corner,Chennai,0.0
2026-01-08,Masala Dosa,Dosa,1,94.5,90,Register,Cash,Payment,Saravana Bhavan Corner,Chennai,0.0
2026-01-08,Sambar Rice,Rice,1,126.0,120,Swiggy,UPI,Payment,Saravana Bhavan Corner,Chennai,0.0
2026-01-08,Idli (4pc),Tiffin,2,126.0,60,Register,Card,Payment,Saravana Bhavan Corner,Chennai,0.0
2026-01-08,Lemon Rice,Rice,1,105.0,100,Register,Cash,Payment,Saravana Bhavan Corner,Chennai,0.0
2026-01-08,Sambar Rice,Rice,1,126.0,120,Register,UPI,Payment,Saravana Bhavan Corner,Chennai,0.0
2026-01-08,Rava Dosa,Dosa,1,115.5,110,Register,UPI,Payment,Saravana Bhavan Corner,Chennai,0.0
2026-01-08,Bisi Bele Bath,Rice,1,136.5,130,Swiggy,Card,Payment,Saravana Bhavan Corner,Chennai,0.0
2026-01-08,Masala Dosa,Dosa,1,94.5,90,Swiggy,Card,Payment,Saravana Bhavan Corner,Chennai,0.0
2026-01-08,Idli (4pc),Tiffin,1,63.0,60,Swiggy,Card,Payment,Saravana Bhavan Corner,Chennai,0.0
2026-01-08,Pongal,Tiffin,1,84.0,80,Swiggy,Card,Payment,Saravana Bhavan Corner,Chennai,0.0
2026-01-08,Vada (2pc),Tiffin,1,52.5,50,Register,UPI,Payment,Saravana Bhavan Corner,Chennai,0.0
2026-01-08,Idli (4pc),Tiffin,1,63.0,60,Register,UPI,Payment,Saravana Bhavan Corner,Chennai,0.0
2026-01-08,Idli Vada Combo,Tiffin,2,189.0,90,Register,UPI,Payment,Saravana Bhavan Corner,Chennai,0.0
2026-01-08,Filter Coffee,Beverages,2,84.0,40,Register,UPI,Payment,Saravana Bhavan Corner,Chennai,0.0
2026-01-08,Idli Vada Combo,Tiffin,2,189.0,90,Register,UPI,Payment,Saravana Bhavan Corner,Chennai,0.0
2026-01-08,Idli Vada Combo,Tiffin,1,85.05,90,Swiggy,UPI,Payment,Saravana Bhavan Corner,Chennai,0.0
2026-01-08,Pongal,Tiffin,2,168.0,80,Register,UPI,Payment,Saravana Bhavan Corner,Chennai,0.0
2026-01-08,Masala Dosa,Dosa,1,94.5,90,Register,Cash,Payment,Saravana Bhavan Corner,Chennai,0.0
2026-01-08,Filter Coffee,Beverages,2,84.0,40,Register,Cash,Payment,Saravana Bhavan Corner,Chennai,0.0
2026-01-08,Mini Tiffin Thali,Thali,2,315.0,150,Swiggy,Card,Payment,Saravana Bhavan Corner,Chennai,0.0
2026-01-08,Curd Rice,Rice,3,283.5,90,Register,Cash,Payment,Saravana Bhavan Corner,Chennai,0.0
2026-01-08,Sambar Rice,Rice,1,126.0,120,Swiggy,UPI,Payment,Saravana Bhavan Corner,Chennai,0.0
2026-01-08,Buttermilk,Beverages,1,31.5,30,Swiggy,Card,Payment,Saravana Bhavan Corner,Chennai,0.0
2026-01-08,Idli Vada Combo,Tiffin,1,94.5,90,Swiggy,Card,Payment,Saravana Bhavan Corner,Chennai,0.0
2026-01-08,Lemon Rice,Rice,1,105.0,100,Swiggy,Card,Payment,Saravana Bhavan Corner,Chennai,0.0
2026-01-08,Veg Thali,Thali,2,378.0,180,Register,Card,Payment,Saravana Bhavan Corner,Chennai,0.0
2026-01-08,Sambar Rice,Rice,1,126.0,120,Register,Card,Payment,Saravana Bhavan Corner,Chennai,0.0
2026-01-08,Filter Coffee,Beverages,1,42.0,40,Register,UPI,Payment,Saravana Bhavan Corner,Chennai,0.0
2026-01-08,Buttermilk,Beverages,2,63.0,30,Register,UPI,Payment,Saravana Bhavan Corner,Chennai,0.0
2026-01-08,Sambar Rice,Rice,3,378.0,120,Register,UPI,Payment,Saravana Bhavan Corner,Chennai,0.0
2026-01-08,Masala Dosa,Dosa,1,94.5,90,Register,UPI,Payment,Saravana Bhavan Corner,Chennai,0.0
2026-01-08,Pongal,Tiffin,1,84.0,80,Register,Card,Payment,Saravana Bhavan Corner,Chennai,0.0
2026-01-08,Sambar Rice,Rice,1,126.0,120,Register,Card,Payment,Saravana Bhavan Corner,Chennai,0.0
2026-01-08,Onion Uttapam,Dosa,1,105.0,100,Register,UPI,Payment,Saravana Bhavan Corner,Chennai,0.0
2026-01-08,Plain Dosa,Dosa,2,147.0,70,Swiggy,Card,Payment,Saravana Bhavan Corner,Chennai,0.0
2026-01-08,Vada (2pc),Tiffin,3,157.5,50,Register,Cash,Payment,Saravana Bhavan Corner,Chennai,0.0
2026-01-08,Lemon Rice,Rice,2,210.0,100,Register,Cash,Payment,Saravana Bhavan Corner,Chennai,0.0
2026-01-08,Idli (4pc),Tiffin,2,126.0,60,Register,Cash,Payment,Saravana Bhavan Corner,Chennai,0.0
2026-01-08,Buttermilk,Beverages,1,31.5,30,Swiggy,Card,Payment,Saravana Bhavan Corner,Chennai,0.0
2026-01-08,Lemon Rice,Rice,1,105.0,100,Swiggy,Card,Payment,Saravana Bhavan Corner,Chennai,0.0
2026-01-08,Masala Dosa,Dosa,2,189.0,90,Swiggy,Card,Payment,Saravana Bhavan Corner,Chennai,0.0
2026-01-08,Onion Uttapam,Dosa,2,210.0,100,Register,Card,Payment,Saravana Bhavan Corner,Chennai,0.0
2026-01-08,Curd Rice,Rice,1,94.5,90,Swiggy,Card,Payment,Saravana Bhavan Corner,Chennai,0.0
2026-01-09,Pongal,Tiffin,1,84.0,80,Register,UPI,Payment,Saravana Bhavan Corner,Chennai,0.0
2026-01-09,Veg Thali,Thali,1,189.0,180,Register,Cash,Payment,Saravana Bhavan Corner,Chennai,0.0
2026-01-09,Bisi Bele Bath,Rice,2,273.0,130,Register,Cash,Payment,Saravana Bhavan Corner,Chennai,0.0
2026-01-09,Bisi Bele Bath,Rice,1,136.5,130,Register,UPI,Payment,Saravana Bhavan Corner,Chennai,0.0
2026-01-09,Curd Rice,Rice,2,189.0,90,Register,UPI,Payment,Saravana Bhavan Corner,Chennai,0.0
2026-01-09,Idli (4pc),Tiffin,1,63.0,60,Register,UPI,Payment,Saravana Bhavan Corner,Chennai,0.0
2026-01-09,Vada (2pc),Tiffin,1,52.5,50,Register,Card,Payment,Saravana Bhavan Corner,Chennai,0.0
2026-01-09,Filter Coffee,Beverages,1,42.0,40,Register,Card,Payment,Saravana Bhavan Corner,Chennai,0.0
2026-01-09,Onion Uttapam,Dosa,1,105.0,100,Register,Card,Payment,Saravana Bhavan Corner,Chennai,0.0
2026-01-09,Rasgulla (2pc),Desserts,1,73.5,70,Swiggy,UPI,Payment,Saravana Bhavan Corner,Chennai,0.0
2026-01-09,Filter Coffee,Beverages,1,42.0,40,Register,UPI,Payment,Saravana Bhavan Corner,Chennai,0.0
2026-01-09,Plain Dosa,Dosa,1,73.5,70,Swiggy,Card,Payment,Saravana Bhavan Corner,Chennai,0.0
2026-01-09,Filter Coffee,Beverages,1,42.0,40,Register,Card,Payment,Saravana Bhavan Corner,Chennai,0.0
2026-01-09,Pongal,Tiffin,1,84.0,80,Register,Card,Payment,Saravana Bhavan Corner,Chennai,0.0
2026-01-09,Lemon Rice,Rice,2,210.0,100,Register,Card,Payment,Saravana Bhavan Corner,Chennai,0.0
2026-01-09,Sambar Rice,Rice,2,252.0,120,Register,Cash,Payment,Saravana Bhavan Corner,Chennai,0.0
2026-01-09,Veg Thali,Thali,2,321.3,180,Register,Card,Payment,Saravana Bhavan Corner,Chennai,0.0
2026-01-09,Buttermilk,Beverages,1,31.5,30,Register,Card,Payment,Saravana Bhavan Corner,Chennai,0.0
2026-01-09,Buttermilk,Beverages,2,63.0,30,Register,Card,Payment,Saravana Bhavan Corner,Chennai,0.0
2026-01-09,Idli (4pc),Tiffin,3,189.0,60,Swiggy,UPI,Payment,Saravana Bhavan Corner,Chennai,0.0
2026-01-09,Mysore Bonda,Snacks,3,189.0,60,Swiggy,Card,Payment,Saravana Bhavan Corner,Chennai,0.0
2026-01-09,Veg Thali,Thali,1,189.0,180,Swiggy,Card,Payment,Saravana Bhavan Corner,Chennai,0.0
2026-01-09,Mini Tiffin Thali,Thali,1,157.5,150,Register,Card,Payment,Saravana Bhavan Corner,Chennai,0.0
2026-01-09,Idli (4pc),Tiffin,1,63.0,60,Swiggy,UPI,Payment,Saravana Bhavan Corner,Chennai,0.0
2026-01-09,Masala Chai,Beverages,1,36.75,35,Register,Card,Payment,Saravana Bhavan Corner,Chennai,0.0
2026-01-09,Buttermilk,Beverages,1,31.5,30,Register,UPI,Payment,Saravana Bhavan Corner,Chennai,0.0
2026-01-09,Pongal,Tiffin,2,168.0,80,Register,Card,Payment,Saravana Bhavan Corner,Chennai,0.0
2026-01-09,Sambar Rice,Rice,1,126.0,120,Register,Card,Payment,Saravana Bhavan Corner,Chennai,0.0
2026-01-09,Masala Chai,Beverages,2,73.5,35,Register,Card,Payment,Saravana Bhavan Corner,Chennai,0.0
2026-01-09,Medu Vada Chaat,Snacks,1,73.5,70,Register,Card,Payment,Saravana Bhavan Corner,Chennai,0.0
2026-01-09,Pongal,Tiffin,2,168.0,80,Swiggy,Card,Payment,Saravana Bhavan Corner,Chennai,0.0
2026-01-09,Masala Chai,Beverages,1,36.75,35,Swiggy,Card,Payment,Saravana Bhavan Corner,Chennai,0.0
2026-01-09,Rasgulla (2pc),Desserts,1,73.5,70,Swiggy,Card,Payment,Saravana Bhavan Corner,Chennai,0.0
2026-01-09,Veg Thali,Thali,3,567.0,180,Swiggy,UPI,Payment,Saravana Bhavan Corner,Chennai,0.0
2026-01-09,Masala Dosa,Dosa,1,94.5,90,Swiggy,UPI,Payment,Saravana Bhavan Corner,Chennai,0.0
2026-01-09,Rava Dosa,Dosa,1,115.5,110,Register,UPI,Payment,Saravana Bhavan Corner,Chennai,0.0
2026-01-09,Masala Chai,Beverages,1,36.75,35,Register,UPI,Payment,Saravana Bhavan Corner,Chennai,0.0
2026-01-09,Sambar Rice,Rice,2,252.0,120,Register,Card,Payment,Saravana Bhavan Corner,Chennai,0.0
2026-01-09,Filter Coffee,Beverages,1,42.0,40,Register,UPI,Payment,Saravana Bhavan Corner,Chennai,0.0
2026-01-09,Filter Coffee,Beverages,2,75.6,40,Register,UPI,Payment,Saravana Bhavan Corner,Chennai,0.0
2026-01-09,Rasgulla (2pc),Desserts,1,73.5,70,Register,UPI,Payment,Saravana Bhavan Corner,Chennai,0.0
2026-01-09,Mysore Bonda,Snacks,1,63.0,60,Register,UPI,Payment,Saravana Bhavan Corner,Chennai,0.0
2026-01-09,Vada (2pc),Tiffin,1,52.5,50,Swiggy,UPI,Payment,Saravana Bhavan Corner,Chennai,0.0
2026-01-09,Curd Rice,Rice,2,189.0,90,Swiggy,UPI,Payment,Saravana Bhavan Corner,Chennai,0.0
2026-01-09,Masala Chai,Beverages,1,36.75,35,Swiggy,UPI,Payment,Saravana Bhavan Corner,Chennai,0.0
2026-01-09,Masala Chai,Beverages,1,36.75,35,Register,Cash,Payment,Saravana Bhavan Corner,Chennai,0.0
2026-01-09,Onion Uttapam,Dosa,2,210.0,100,Swiggy,Card,Payment,Saravana Bhavan Corner,Chennai,0.0
2026-01-09,Masala Chai,Beverages,1,36.75,35,Register,UPI,Payment,Saravana Bhavan Corner,Chennai,0.0
2026-01-09,Filter Coffee,Beverages,2,84.0,40,Register,UPI,Payment,Saravana Bhavan Corner,Chennai,0.0
2026-01-09,Curd Rice,Rice,1,94.5,90,Register,Cash,Payment,Saravana Bhavan Corner,Chennai,0.0
2026-01-10,Bisi Bele Bath,Rice,1,136.5,130,Swiggy,UPI,Payment,Saravana Bhavan Corner,Chennai,0.0
2026-01-10,Idli Vada Combo,Tiffin,1,94.5,90,Register,UPI,Payment,Saravana Bhavan Corner,Chennai,0.0
2026-01-10,Plain Dosa,Dosa,1,73.5,70,Register,Card,Payment,Saravana Bhavan Corner,Chennai,0.0
2026-01-10,Masala Chai,Beverages,1,36.75,35,Register,Card,Payment,Saravana Bhavan Corner,Chennai,0.0
2026-01-10,Masala Dosa,Dosa,1,94.5,90,Register,Card,Payment,Saravana Bhavan Corner,Chennai,0.0
2026-01-10,Vada (2pc),Tiffin,2,105.0,50,Register,UPI,Payment,Saravana Bhavan Corner,Chennai,0.0
2026-01-10,Veg Thali,Thali,1,189.0,180,Register,UPI,Payment,Saravana Bhavan Corner,Chennai,0.0
2026-01-10,Veg Thali,Thali,1,189.0,180,Swiggy,UPI,Payment,Saravana Bhavan Corner,Chennai,0.0
2026-01-10,Masala Chai,Beverages,1,33.08,35,Register,Cash,Payment,Saravana Bhavan Corner,Chennai,0.0
2026-01-10,Veg Thali,Thali,3,481.95,180,Register,UPI,Payment,Saravana Bhavan Corner,Chennai,0.0
2026-01-10,Buttermilk,Beverages,1,31.5,30,Register,UPI,Payment,Saravana Bhavan Corner,Chennai,0.0
2026-01-10,Pongal,Tiffin,1,84.0,80,Register,UPI,Payment,Saravana Bhavan Corner,Chennai,0.0
2026-01-10,Idli Vada Combo,Tiffin,1,94.5,90,Register,Card,Payment,Saravana Bhavan Corner,Chennai,0.0
2026-01-10,Idli Vada Combo,Tiffin,1,94.5,90,Register,Card,Payment,Saravana Bhavan Corner,Chennai,0.0
2026-01-10,Pongal,Tiffin,3,252.0,80,Register,Card,Payment,Saravana Bhavan Corner,Chennai,0.0
2026-01-10,Medu Vada Chaat,Snacks,3,220.5,70,Swiggy,Card,Payment,Saravana Bhavan Corner,Chennai,0.0
2026-01-10,Mini Tiffin Thali,Thali,1,157.5,150,Swiggy,UPI,Payment,Saravana Bhavan Corner,Chennai,0.0
2026-01-10,Vada (2pc),Tiffin,1,52.5,50,Register,UPI,Payment,Saravana Bhavan Corner,Chennai,0.0
2026-01-10,Rava Dosa,Dosa,1,115.5,110,Swiggy,Card,Payment,Saravana Bhavan Corner,Chennai,0.0
2026-01-10,Idli (4pc),Tiffin,1,63.0,60,Register,UPI,Payment,Saravana Bhavan Corner,Chennai,0.0
2026-01-10,Vada (2pc),Tiffin,3,157.5,50,Swiggy,Card,Payment,Saravana Bhavan Corner,Chennai,0.0
2026-01-10,Idli Vada Combo,Tiffin,2,189.0,90,Register,UPI,Payment,Saravana Bhavan Corner,Chennai,0.0
2026-01-10,Mysore Bonda,Snacks,1,63.0,60,Register,Cash,Payment,Saravana Bhavan Corner,Chennai,0.0
2026-01-10,Mysore Bonda,Snacks,2,107.1,60,Register,Cash,Payment,Saravana Bhavan Corner,Chennai,0.0
2026-01-10,Onion Uttapam,Dosa,2,210.0,100,Swiggy,Card,Payment,Saravana Bhavan Corner,Chennai,0.0
2026-01-10,Mini Tiffin Thali,Thali,1,157.5,150,Swiggy,Card,Payment,Saravana Bhavan Corner,Chennai,0.0
2026-01-10,Idli (4pc),Tiffin,1,63.0,60,Register,UPI,Payment,Saravana Bhavan Corner,Chennai,0.0
2026-01-10,Rava Dosa,Dosa,2,231.0,110,Register,UPI,Payment,Saravana Bhavan Corner,Chennai,0.0
2026-01-10,Rava Dosa,Dosa,3,294.53,110,Swiggy,Card,Payment,Saravana Bhavan Corner,Chennai,0.0
2026-01-10,Masala Dosa,Dosa,1,94.5,90,Swiggy,Card,Payment,Saravana Bhavan Corner,Chennai,0.0
2026-01-10,Mini Tiffin Thali,Thali,1,157.5,150,Swiggy,UPI,Payment,Saravana Bhavan Corner,Chennai,0.0
2026-01-10,Masala Dosa,Dosa,1,94.5,90,Swiggy,UPI,Payment,Saravana Bhavan Corner,Chennai,0.0
2026-01-10,Curd Rice,Rice,1,94.5,90,Swiggy,UPI,Payment,Saravana Bhavan Corner,Chennai,0.0
2026-01-10,Vada (2pc),Tiffin,2,105.0,50,Swiggy,UPI,Payment,Saravana Bhavan Corner,Chennai,0.0
2026-01-10,Lemon Rice,Rice,3,315.0,100,Swiggy,UPI,Payment,Saravana Bhavan Corner,Chennai,0.0
2026-01-10,Plain Dosa,Dosa,3,220.5,70,Swiggy,UPI,Payment,Saravana Bhavan Corner,Chennai,0.0
2026-01-10,Onion Uttapam,Dosa,1,105.0,100,Swiggy,UPI,Payment,Saravana Bhavan Corner,Chennai,0.0
2026-01-10,Masala Chai,Beverages,1,36.75,35,Register,UPI,Payment,Saravana Bhavan Corner,Chennai,0.0
2026-01-10,Plain Dosa,Dosa,1,73.5,70,Register,UPI,Payment,Saravana Bhavan Corner,Chennai,0.0
2026-01-10,Masala Chai,Beverages,1,36.75,35,Swiggy,UPI,Payment,Saravana Bhavan Corner,Chennai,0.0
2026-01-10,Pongal,Tiffin,1,84.0,80,Swiggy,Card,Payment,Saravana Bhavan Corner,Chennai,0.0
2026-01-10,Idli (4pc),Tiffin,2,126.0,60,Register,Card,Payment,Saravana Bhavan Corner,Chennai,0.0
2026-01-10,Sambar Rice,Rice,2,252.0,120,Register,Card,Payment,Saravana Bhavan Corner,Chennai,0.0
2026-01-10,Filter Coffee,Beverages,2,71.4,40,Register,UPI,Payment,Saravana Bhavan Corner,Chennai,0.0
2026-01-10,Pongal,Tiffin,2,151.2,80,Swiggy,Card,Payment,Saravana Bhavan Corner,Chennai,0.0
2026-01-10,Filter Coffee,Beverages,1,42.0,40,Swiggy,Card,Payment,Saravana Bhavan Corner,Chennai,0.0
2026-01-10,Lemon Rice,Rice,2,210.0,100,Swiggy,Card,Payment,Saravana Bhavan Corner,Chennai,0.0
2026-01-10,Mysore Bonda,Snacks,2,126.0,60,Register,Cash,Payment,Saravana Bhavan Corner,Chennai,0.0
2026-01-10,Onion Uttapam,Dosa,1,105.0,100,Swiggy,UPI,Payment,Saravana Bhavan Corner,Chennai,0.0
2026-01-10,Idli Vada Combo,Tiffin,1,94.5,90,Swiggy,UPI,Payment,Saravana Bhavan Corner,Chennai,0.0
2026-01-10,Idli Vada Combo,Tiffin,1,94.5,90,Swiggy,Card,Payment,Saravana Bhavan Corner,Chennai,0.0
2026-01-10,Veg Thali,Thali,2,378.0,180,Swiggy,Card,Payment,Saravana Bhavan Corner,Chennai,0.0
2026-01-10,Rava Dosa,Dosa,2,231.0,110,Register,Card,Payment,Saravana Bhavan Corner,Chennai,0.0
2026-01-10,Plain Dosa,Dosa,1,66.15,70,Register,Card,Payment,Saravana Bhavan Corner,Chennai,0.0
2026-01-10,Masala Chai,Beverages,1,36.75,35,Register,Card,Payment,Saravana Bhavan Corner,Chennai,0.0
2026-01-10,Rava Dosa,Dosa,2,231.0,110,Register,Card,Payment,Saravana Bhavan Corner,Chennai,0.0
2026-01-10,Vada (2pc),Tiffin,2,105.0,50,Register,Card,Payment,Saravana Bhavan Corner,Chennai,0.0
2026-01-10,Buttermilk,Beverages,2,53.55,30,Register,Card,Payment,Saravana Bhavan Corner,Chennai,0.0
2026-01-10,Buttermilk,Beverages,1,31.5,30,Register,Card,Payment,Saravana Bhavan Corner,Chennai,0.0
2026-01-10,Sambar Rice,Rice,1,126.0,120,Register,Card,Payment,Saravana Bhavan Corner,Chennai,0.0
2026-01-10,Vada (2pc),Tiffin,1,52.5,50,Register,UPI,Payment,Saravana Bhavan Corner,Chennai,0.0
2026-01-10,Mysore Bonda,Snacks,2,126.0,60,Register,UPI,Payment,Saravana Bhavan Corner,Chennai,0.0
2026-01-10,Curd Rice,Rice,1,94.5,90,Swiggy,Card,Payment,Saravana Bhavan Corner,Chennai,0.0
2026-01-10,Lemon Rice,Rice,2,210.0,100,Register,Card,Payment,Saravana Bhavan Corner,Chennai,0.0
2026-01-10,Idli Vada Combo,Tiffin,1,94.5,90,Register,UPI,Payment,Saravana Bhavan Corner,Chennai,0.0
2026-01-10,Masala Dosa,Dosa,2,170.1,90,Register,Cash,Payment,Saravana Bhavan Corner,Chennai,0.0
2026-01-10,Filter Coffee,Beverages,1,42.0,40,Register,Card,Payment,Saravana Bhavan Corner,Chennai,0.0
2026-01-10,Lemon Rice,Rice,2,210.0,100,Register,Card,Payment,Saravana Bhavan Corner,Chennai,0.0
2026-01-10,Sambar Rice,Rice,1,126.0,120,Register,Card,Payment,Saravana Bhavan Corner,Chennai,0.0
2026-01-10,Buttermilk,Beverages,1,31.5,30,Register,UPI,Payment,Saravana Bhavan Corner,Chennai,0.0
2026-01-10,Filter Coffee,Beverages,2,75.6,40,Register,UPI,Payment,Saravana Bhavan Corner,Chennai,0.0
2026-01-10,Mysore Bonda,Snacks,1,63.0,60,Register,Card,Payment,Saravana Bhavan Corner,Chennai,0.0
2026-01-10,Masala Chai,Beverages,3,93.71,35,Register,UPI,Payment,Saravana Bhavan Corner,Chennai,0.0
2026-01-10,Mysore Bonda,Snacks,1,63.0,60,Swiggy,UPI,Payment,Saravana Bhavan Corner,Chennai,0.0
2026-01-10,Lemon Rice,Rice,1,105.0,100,Register,Card,Payment,Saravana Bhavan Corner,Chennai,0.0
2026-01-10,Idli (4pc),Tiffin,1,63.0,60,Register,Card,Payment,Saravana Bhavan Corner,Chennai,0.0
2026-01-10,Idli (4pc),Tiffin,1,63.0,60,Register,UPI,Payment,Saravana Bhavan Corner,Chennai,0.0
2026-01-10,Veg Thali,Thali,1,189.0,180,Register,UPI,Payment,Saravana Bhavan Corner,Chennai,0.0
2026-01-10,Idli (4pc),Tiffin,3,189.0,60,Register,UPI,Payment,Saravana Bhavan Corner,Chennai,0.0
2026-01-10,Onion Uttapam,Dosa,2,178.5,100,Register,Card,Payment,Saravana Bhavan Corner,Chennai,0.0
2026-01-10,Mini Tiffin Thali,Thali,1,157.5,150,Swiggy,UPI,Payment,Saravana Bhavan Corner,Chennai,0.0
2026-01-10,Buttermilk,Beverages,1,28.35,30,Register,Card,Payment,Saravana Bhavan Corner,Chennai,0.0
2026-01-11,Sambar Rice,Rice,1,126.0,120,Register,Cash,Payment,Saravana Bhavan Corner,Chennai,0.0
2026-01-11,Filter Coffee,Beverages,1,42.0,40,Swiggy,Card,Payment,Saravana Bhavan Corner,Chennai,0.0
2026-01-11,Idli Vada Combo,Tiffin,1,94.5,90,Swiggy,Card,Payment,Saravana Bhavan Corner,Chennai,0.0
2026-01-11,Sambar Rice,Rice,1,126.0,120,Swiggy,Card,Payment,Saravana Bhavan Corner,Chennai,0.0
2026-01-11,Sambar Rice,Rice,1,126.0,120,Register,Cash,Payment,Saravana Bhavan Corner,Chennai,0.0
2026-01-11,Filter Coffee,Beverages,1,42.0,40,Register,Cash,Payment,Saravana Bhavan Corner,Chennai,0.0
2026-01-11,Idli (4pc),Tiffin,1,56.7,60,Swiggy,Card,Payment,Saravana Bhavan Corner,Chennai,0.0
2026-01-11,Filter Coffee,Beverages,2,75.6,40,Swiggy,Card,Payment,Saravana Bhavan Corner,Chennai,0.0
2026-01-11,Vada (2pc),Tiffin,1,52.5,50,Swiggy,Card,Payment,Saravana Bhavan Corner,Chennai,0.0
2026-01-11,Masala Chai,Beverages,3,110.25,35,Register,Cash,Payment,Saravana Bhavan Corner,Chennai,0.0
2026-01-11,Filter Coffee,Beverages,1,42.0,40,Register,Cash,Payment,Saravana Bhavan Corner,Chennai,0.0
2026-01-11,Pongal,Tiffin,2,168.0,80,Register,Card,Payment,Saravana Bhavan Corner,Chennai,0.0
2026-01-11,Rava Dosa,Dosa,1,115.5,110,Register,UPI,Payment,Saravana Bhavan Corner,Chennai,0.0
2026-01-11,Vada (2pc),Tiffin,1,52.5,50,Register,Cash,Payment,Saravana Bhavan Corner,Chennai,0.0
2026-01-11,Rava Dosa,Dosa,1,115.5,110,Register,UPI,Payment,Saravana Bhavan Corner,Chennai,0.0
2026-01-11,Masala Dosa,Dosa,1,94.5,90,Swiggy,Card,Payment,Saravana Bhavan Corner,Chennai,0.0
2026-01-11,Plain Dosa,Dosa,2,147.0,70,Register,Card,Payment,Saravana Bhavan Corner,Chennai,0.0
2026-01-11,Vada (2pc),Tiffin,1,52.5,50,Register,Card,Payment,Saravana Bhavan Corner,Chennai,0.0
2026-01-11,Mini Tiffin Thali,Thali,2,315.0,150,Register,Card,Payment,Saravana Bhavan Corner,Chennai,0.0
2026-01-11,Plain Dosa,Dosa,3,220.5,70,Register,Card,Payment,Saravana Bhavan Corner,Chennai,0.0
2026-01-11,Veg Thali,Thali,2,340.2,180,Register,Card,Payment,Saravana Bhavan Corner,Chennai,0.0
2026-01-11,Idli (4pc),Tiffin,1,63.0,60,Register,UPI,Payment,Saravana Bhavan Corner,Chennai,0.0
2026-01-11,Idli Vada Combo,Tiffin,2,189.0,90,Register,Cash,Payment,Saravana Bhavan Corner,Chennai,0.0
2026-01-11,Plain Dosa,Dosa,1,73.5,70,Register,UPI,Payment,Saravana Bhavan Corner,Chennai,0.0
2026-01-11,Onion Uttapam,Dosa,1,105.0,100,Swiggy,Card,Payment,Saravana Bhavan Corner,Chennai,0.0
2026-01-11,Plain Dosa,Dosa,1,73.5,70,Register,Card,Payment,Saravana Bhavan Corner,Chennai,0.0
2026-01-11,Mysore Bonda,Snacks,1,63.0,60,Register,UPI,Payment,Saravana Bhavan Corner,Chennai,0.0
2026-01-11,Idli (4pc),Tiffin,1,63.0,60,Register,Cash,Payment,Saravana Bhavan Corner,Chennai,0.0
2026-01-11,Sambar Rice,Rice,2,252.0,120,Register,Cash,Payment,Saravana Bhavan Corner,Chennai,0.0
2026-01-11,Pongal,Tiffin,2,151.2,80,Register,Cash,Payment,Saravana Bhavan Corner,Chennai,0.0
2026-01-11,Idli Vada Combo,Tiffin,1,94.5,90,Register,Cash,Payment,Saravana Bhavan Corner,Chennai,0.0
2026-01-11,Idli (4pc),Tiffin,1,63.0,60,Register,UPI,Payment,Saravana Bhavan Corner,Chennai,0.0
2026-01-11,Veg Thali,Thali,1,189.0,180,Swiggy,Card,Payment,Saravana Bhavan Corner,Chennai,0.0
2026-01-11,Vada (2pc),Tiffin,1,44.62,50,Register,Card,Payment,Saravana Bhavan Corner,Chennai,0.0
2026-01-11,Filter Coffee,Beverages,3,126.0,40,Register,Card,Payment,Saravana Bhavan Corner,Chennai,0.0
2026-01-11,Idli (4pc),Tiffin,1,63.0,60,Register,UPI,Payment,Saravana Bhavan Corner,Chennai,0.0
2026-01-11,Vada (2pc),Tiffin,1,52.5,50,Swiggy,UPI,Payment,Saravana Bhavan Corner,Chennai,0.0
2026-01-11,Pongal,Tiffin,3,252.0,80,Swiggy,UPI,Payment,Saravana Bhavan Corner,Chennai,0.0
2026-01-11,Masala Chai,Beverages,1,31.24,35,Register,Card,Payment,Saravana Bhavan Corner,Chennai,0.0
2026-01-11,Curd Rice,Rice,2,189.0,90,Register,Card,Payment,Saravana Bhavan Corner,Chennai,0.0
2026-01-11,Veg Thali,Thali,1,189.0,180,Register,Card,Payment,Saravana Bhavan Corner,Chennai,0.0
2026-01-11,Mysore Bonda,Snacks,1,63.0,60,Register,Card,Payment,Saravana Bhavan Corner,Chennai,0.0
2026-01-11,Mini Tiffin Thali,Thali,1,157.5,150,Register,Cash,Payment,Saravana Bhavan Corner,Chennai,0.0
2026-01-11,Plain Dosa,Dosa,1,73.5,70,Register,Cash,Payment,Saravana Bhavan Corner,Chennai,0.0
2026-01-11,Idli Vada Combo,Tiffin,1,80.33,90,Swiggy,Card,Payment,Saravana Bhavan Corner,Chennai,0.0
2026-01-11,Masala Chai,Beverages,2,73.5,35,Swiggy,Card,Payment,Saravana Bhavan Corner,Chennai,0.0
2026-01-11,Curd Rice,Rice,2,189.0,90,Swiggy,Card,Payment,Saravana Bhavan Corner,Chennai,0.0
2026-01-11,Masala Dosa,Dosa,1,94.5,90,Register,UPI,Payment,Saravana Bhavan Corner,Chennai,0.0
2026-01-11,Medu Vada Chaat,Snacks,2,147.0,70,Register,Card,Payment,Saravana Bhavan Corner,Chennai,0.0
2026-01-11,Mysore Bonda,Snacks,2,126.0,60,Register,Card,Payment,Saravana Bhavan Corner,Chennai,0.0
2026-01-12,Plain Dosa,Dosa,1,73.5,70,Register,Card,Payment,Saravana Bhavan Corner,Chennai,0.0
2026-01-12,Bisi Bele Bath,Rice,1,136.5,130,Register,Card,Payment,Saravana Bhavan Corner,Chennai,0.0
2026-01-12,Plain Dosa,Dosa,1,73.5,70,Swiggy,UPI,Payment,Saravana Bhavan Corner,Chennai,0.0
2026-01-12,Idli (4pc),Tiffin,1,63.0,60,Swiggy,UPI,Payment,Saravana Bhavan Corner,Chennai,0.0
2026-01-12,Bisi Bele Bath,Rice,1,136.5,130,Swiggy,UPI,Payment,Saravana Bhavan Corner,Chennai,0.0
2026-01-12,Idli Vada Combo,Tiffin,3,283.5,90,Register,UPI,Payment,Saravana Bhavan Corner,Chennai,0.0
2026-01-12,Sambar Rice,Rice,2,252.0,120,Register,UPI,Payment,Saravana Bhavan Corner,Chennai,0.0
2026-01-12,Veg Thali,Thali,1,189.0,180,Register,Card,Payment,Saravana Bhavan Corner,Chennai,0.0
2026-01-12,Plain Dosa,Dosa,2,147.0,70,Register,UPI,Payment,Saravana Bhavan Corner,Chennai,0.0
2026-01-12,Lemon Rice,Rice,1,105.0,100,Register,UPI,Payment,Saravana Bhavan Corner,Chennai,0.0
2026-01-12,Lemon Rice,Rice,2,189.0,100,Register,Cash,Payment,Saravana Bhavan Corner,Chennai,0.0
2026-01-12,Rasgulla (2pc),Desserts,2,147.0,70,Register,Card,Payment,Saravana Bhavan Corner,Chennai,0.0
2026-01-12,Bulk Catering Order,Uncategorized,2,6300.0,3000,Register,UPI,Payment,Saravana Bhavan Corner,Chennai,0.0
2026-01-12,Masala Chai,Beverages,1,36.75,35,Register,UPI,Payment,Saravana Bhavan Corner,Chennai,0.0
2026-01-12,Pongal,Tiffin,2,151.2,80,Register,UPI,Payment,Saravana Bhavan Corner,Chennai,0.0
2026-01-12,Pongal,Tiffin,1,84.0,80,Register,Card,Payment,Saravana Bhavan Corner,Chennai,0.0
2026-01-12,Masala Chai,Beverages,1,36.75,35,Register,Cash,Payment,Saravana Bhavan Corner,Chennai,0.0
2026-01-12,Buttermilk,Beverages,1,31.5,30,Register,Cash,Payment,Saravana Bhavan Corner,Chennai,0.0
2026-01-12,Masala Chai,Beverages,1,36.75,35,Register,UPI,Payment,Saravana Bhavan Corner,Chennai,0.0
2026-01-12,Filter Coffee,Beverages,1,42.0,40,Register,UPI,Payment,Saravana Bhavan Corner,Chennai,0.0
2026-01-12,Vada (2pc),Tiffin,2,105.0,50,Register,UPI,Payment,Saravana Bhavan Corner,Chennai,0.0
2026-01-12,Sambar Rice,Rice,1,126.0,120,Register,UPI,Payment,Saravana Bhavan Corner,Chennai,0.0
2026-01-12,Masala Dosa,Dosa,1,94.5,90,Register,Cash,Payment,Saravana Bhavan Corner,Chennai,0.0
2026-01-12,Idli (4pc),Tiffin,1,63.0,60,Register,UPI,Payment,Saravana Bhavan Corner,Chennai,0.0
2026-01-12,Mini Tiffin Thali,Thali,2,315.0,150,Register,UPI,Payment,Saravana Bhavan Corner,Chennai,0.0
2026-01-12,Filter Coffee,Beverages,1,42.0,40,Register,Cash,Payment,Saravana Bhavan Corner,Chennai,0.0
2026-01-12,Masala Dosa,Dosa,2,189.0,90,Register,UPI,Payment,Saravana Bhavan Corner,Chennai,0.0
2026-01-12,Mini Tiffin Thali,Thali,2,315.0,150,Swiggy,Card,Payment,Saravana Bhavan Corner,Chennai,0.0
2026-01-12,Sambar Rice,Rice,1,126.0,120,Swiggy,Card,Payment,Saravana Bhavan Corner,Chennai,0.0
2026-01-12,Curd Rice,Rice,2,160.65,90,Register,UPI,Payment,Saravana Bhavan Corner,Chennai,0.0
2026-01-12,Medu Vada Chaat,Snacks,2,147.0,70,Register,UPI,Payment,Saravana Bhavan Corner,Chennai,0.0
2026-01-12,Medu Vada Chaat,Snacks,2,147.0,70,Register,UPI,Payment,Saravana Bhavan Corner,Chennai,0.0
2026-01-12,Idli Vada Combo,Tiffin,1,94.5,90,Register,UPI,Payment,Saravana Bhavan Corner,Chennai,0.0
2026-01-12,Vada (2pc),Tiffin,1,52.5,50,Register,Cash,Payment,Saravana Bhavan Corner,Chennai,0.0
2026-01-12,Sambar Rice,Rice,1,126.0,120,Swiggy,Card,Payment,Saravana Bhavan Corner,Chennai,0.0
2026-01-12,Onion Uttapam,Dosa,2,210.0,100,Register,Cash,Payment,Saravana Bhavan Corner,Chennai,0.0
2026-01-12,Idli Vada Combo,Tiffin,2,189.0,90,Register,Cash,Payment,Saravana Bhavan Corner,Chennai,0.0
2026-01-12,Curd Rice,Rice,1,94.5,90,Register,Card,Payment,Saravana Bhavan Corner,Chennai,0.0
2026-01-12,Filter Coffee,Beverages,2,84.0,40,Register,UPI,Payment,Saravana Bhavan Corner,Chennai,0.0
2026-01-12,Bisi Bele Bath,Rice,1,136.5,130,Swiggy,UPI,Payment,Saravana Bhavan Corner,Chennai,0.0
2026-01-12,Mini Tiffin Thali,Thali,2,315.0,150,Register,Cash,Payment,Saravana Bhavan Corner,Chennai,0.0
2026-01-12,Filter Coffee,Beverages,1,42.0,40,Register,Cash,Payment,Saravana Bhavan Corner,Chennai,0.0
2026-01-12,Idli Vada Combo,Tiffin,1,94.5,90,Swiggy,UPI,Payment,Saravana Bhavan Corner,Chennai,0.0
2026-01-12,Buttermilk,Beverages,1,31.5,30,Register,Cash,Payment,Saravana Bhavan Corner,Chennai,0.0
2026-01-12,Pongal,Tiffin,2,168.0,80,Swiggy,Card,Payment,Saravana Bhavan Corner,Chennai,0.0
2026-01-12,Buttermilk,Beverages,2,63.0,30,Swiggy,Card,Payment,Saravana Bhavan Corner,Chennai,0.0
2026-01-12,Curd Rice,Rice,1,94.5,90,Register,UPI,Payment,Saravana Bhavan Corner,Chennai,0.0
2026-01-12,Masala Dosa,Dosa,1,94.5,90,Register,UPI,Payment,Saravana Bhavan Corner,Chennai,0.0
2026-01-12,Vada (2pc),Tiffin,2,105.0,50,Swiggy,UPI,Payment,Saravana Bhavan Corner,Chennai,0.0
2026-01-13,Sambar Rice,Rice,1,113.4,120,Register,UPI,Payment,Saravana Bhavan Corner,Chennai,0.0
2026-01-13,Masala Dosa,Dosa,-2,-189.0,90,Register,UPI,Refund,Saravana Bhavan Corner,Chennai,0.0
2026-01-13,Vada (2pc),Tiffin,-2,-105.0,50,Register,UPI,Refund,Saravana Bhavan Corner,Chennai,0.0
2026-01-13,Mysore Bonda,Snacks,3,189.0,60,Register,UPI,Payment,Saravana Bhavan Corner,Chennai,0.0
2026-01-13,Plain Dosa,Dosa,2,147.0,70,Register,UPI,Payment,Saravana Bhavan Corner,Chennai,0.0
2026-01-13,Onion Uttapam,Dosa,2,189.0,100,Register,UPI,Payment,Saravana Bhavan Corner,Chennai,0.0
2026-01-13,Sambar Rice,Rice,1,126.0,120,Register,Card,Payment,Saravana Bhavan Corner,Chennai,0.0
2026-01-13,Vada (2pc),Tiffin,1,52.5,50,Register,UPI,Payment,Saravana Bhavan Corner,Chennai,0.0
2026-01-13,Mysore Bonda,Snacks,1,63.0,60,Swiggy,Card,Payment,Saravana Bhavan Corner,Chennai,0.0
2026-01-13,Filter Coffee,Beverages,1,42.0,40,Register,Cash,Payment,Saravana Bhavan Corner,Chennai,0.0
2026-01-13,Buttermilk,Beverages,1,31.5,30,Swiggy,Card,Payment,Saravana Bhavan Corner,Chennai,0.0
2026-01-13,Rasgulla (2pc),Desserts,1,73.5,70,Register,Cash,Payment,Saravana Bhavan Corner,Chennai,0.0
2026-01-13,Filter Coffee,Beverages,2,84.0,40,Register,Cash,Payment,Saravana Bhavan Corner,Chennai,0.0
2026-01-13,Idli (4pc),Tiffin,2,126.0,60,Register,Cash,Payment,Saravana Bhavan Corner,Chennai,0.0
2026-01-13,Rava Dosa,Dosa,1,115.5,110,Register,Card,Payment,Saravana Bhavan Corner,Chennai,0.0
2026-01-13,Filter Coffee,Beverages,1,35.7,40,Swiggy,UPI,Payment,Saravana Bhavan Corner,Chennai,0.0
2026-01-13,Filter Coffee,Beverages,2,84.0,40,Register,Card,Payment,Saravana Bhavan Corner,Chennai,0.0
2026-01-13,Buttermilk,Beverages,2,63.0,30,Register,Card,Payment,Saravana Bhavan Corner,Chennai,0.0
2026-01-13,Plain Dosa,Dosa,1,73.5,70,Register,Card,Payment,Saravana Bhavan Corner,Chennai,0.0
2026-01-13,Filter Coffee,Beverages,3,126.0,40,Swiggy,Card,Payment,Saravana Bhavan Corner,Chennai,0.0
2026-01-13,Onion Uttapam,Dosa,2,189.0,100,Swiggy,UPI,Payment,Saravana Bhavan Corner,Chennai,0.0
2026-01-13,Idli (4pc),Tiffin,1,63.0,60,Swiggy,Card,Payment,Saravana Bhavan Corner,Chennai,0.0
2026-01-13,Masala Dosa,Dosa,1,94.5,90,Swiggy,Card,Payment,Saravana Bhavan Corner,Chennai,0.0
2026-01-13,Veg Thali,Thali,1,189.0,180,Swiggy,UPI,Payment,Saravana Bhavan Corner,Chennai,0.0
2026-01-13,Rava Dosa,Dosa,2,231.0,110,Register,Cash,Payment,Saravana Bhavan Corner,Chennai,0.0
2026-01-13,Rasgulla (2pc),Desserts,1,73.5,70,Swiggy,Card,Payment,Saravana Bhavan Corner,Chennai,0.0
2026-01-13,Idli Vada Combo,Tiffin,1,94.5,90,Swiggy,Card,Payment,Saravana Bhavan Corner,Chennai,0.0
2026-01-13,Mysore Bonda,Snacks,2,126.0,60,Register,Cash,Payment,Saravana Bhavan Corner,Chennai,0.0
2026-01-13,Masala Dosa,Dosa,3,255.15,90,Register,Cash,Payment,Saravana Bhavan Corner,Chennai,0.0
2026-01-13,Buttermilk,Beverages,1,31.5,30,Swiggy,Card,Payment,Saravana Bhavan Corner,Chennai,0.0
2026-01-13,Vada (2pc),Tiffin,1,52.5,50,Swiggy,UPI,Payment,Saravana Bhavan Corner,Chennai,0.0
2026-01-13,Idli (4pc),Tiffin,1,63.0,60,Swiggy,UPI,Payment,Saravana Bhavan Corner,Chennai,0.0
2026-01-13,Masala Dosa,Dosa,2,170.1,90,Register,Cash,Payment,Saravana Bhavan Corner,Chennai,0.0
2026-01-13,Plain Dosa,Dosa,2,147.0,70,Swiggy,UPI,Payment,Saravana Bhavan Corner,Chennai,0.0
2026-01-13,Lemon Rice,Rice,1,105.0,100,Swiggy,UPI,Payment,Saravana Bhavan Corner,Chennai,0.0
2026-01-13,Mysore Bonda,Snacks,1,56.7,60,Register,UPI,Payment,Saravana Bhavan Corner,Chennai,0.0
2026-01-13,Vada (2pc),Tiffin,2,105.0,50,Register,Cash,Payment,Saravana Bhavan Corner,Chennai,0.0
2026-01-13,Mysore Bonda,Snacks,2,126.0,60,Register,Cash,Payment,Saravana Bhavan Corner,Chennai,0.0
2026-01-13,Plain Dosa,Dosa,2,147.0,70,Register,Cash,Payment,Saravana Bhavan Corner,Chennai,0.0
2026-01-13,Pongal,Tiffin,1,84.0,80,Swiggy,UPI,Payment,Saravana Bhavan Corner,Chennai,0.0
2026-01-13,Masala Dosa,Dosa,1,94.5,90,Swiggy,Card,Payment,Saravana Bhavan Corner,Chennai,0.0
2026-01-13,Filter Coffee,Beverages,1,42.0,40,Swiggy,UPI,Payment,Saravana Bhavan Corner,Chennai,0.0
2026-01-13,Filter Coffee,Beverages,2,84.0,40,Swiggy,Card,Payment,Saravana Bhavan Corner,Chennai,0.0
2026-01-14,Filter Coffee,Beverages,1,42.0,40,Register,Cash,Payment,Saravana Bhavan Corner,Chennai,0.0
2026-01-14,Idli (4pc),Tiffin,1,63.0,60,Register,UPI,Payment,Saravana Bhavan Corner,Chennai,0.0
2026-01-14,Masala Dosa,Dosa,1,94.5,90,Register,UPI,Payment,Saravana Bhavan Corner,Chennai,0.0
2026-01-14,Lemon Rice,Rice,1,105.0,100,Register,Cash,Payment,Saravana Bhavan Corner,Chennai,0.0
2026-01-14,Veg Thali,Thali,3,567.0,180,Register,Cash,Payment,Saravana Bhavan Corner,Chennai,0.0
2026-01-14,Idli (4pc),Tiffin,1,63.0,60,Register,Card,Payment,Saravana Bhavan Corner,Chennai,0.0
2026-01-14,Curd Rice,Rice,2,189.0,90,Swiggy,Card,Payment,Saravana Bhavan Corner,Chennai,0.0
2026-01-14,Filter Coffee,Beverages,1,42.0,40,Register,Card,Payment,Saravana Bhavan Corner,Chennai,0.0
2026-01-14,Plain Dosa,Dosa,1,73.5,70,Register,UPI,Payment,Saravana Bhavan Corner,Chennai,0.0
2026-01-14,Masala Dosa,Dosa,1,94.5,90,Register,UPI,Payment,Saravana Bhavan Corner,Chennai,0.0
2026-01-14,Sambar Rice,Rice,2,252.0,120,Register,Cash,Payment,Saravana Bhavan Corner,Chennai,0.0
2026-01-14,Veg Thali,Thali,1,170.1,180,Register,UPI,Payment,Saravana Bhavan Corner,Chennai,0.0
2026-01-14,Idli (4pc),Tiffin,1,63.0,60,Swiggy,UPI,Payment,Saravana Bhavan Corner,Chennai,0.0
2026-01-14,Veg Thali,Thali,1,189.0,180,Register,UPI,Payment,Saravana Bhavan Corner,Chennai,0.0
2026-01-14,Masala Dosa,Dosa,1,85.05,90,Swiggy,UPI,Payment,Saravana Bhavan Corner,Chennai,0.0
2026-01-14,Masala Dosa,Dosa,1,94.5,90,Swiggy,UPI,Payment,Saravana Bhavan Corner,Chennai,0.0
2026-01-14,Idli (4pc),Tiffin,1,63.0,60,Swiggy,UPI,Payment,Saravana Bhavan Corner,Chennai,0.0
2026-01-14,Medu Vada Chaat,Snacks,1,73.5,70,Register,Cash,Payment,Saravana Bhavan Corner,Chennai,0.0
2026-01-14,Filter Coffee,Beverages,1,42.0,40,Register,UPI,Payment,Saravana Bhavan Corner,Chennai,0.0
2026-01-14,Rasgulla (2pc),Desserts,1,73.5,70,Register,UPI,Payment,Saravana Bhavan Corner,Chennai,0.0
2026-01-14,Buttermilk,Beverages,1,28.35,30,Register,UPI,Payment,Saravana Bhavan Corner,Chennai,0.0
2026-01-14,Curd Rice,Rice,1,94.5,90,Swiggy,UPI,Payment,Saravana Bhavan Corner,Chennai,0.0
2026-01-14,Lemon Rice,Rice,2,210.0,100,Swiggy,Card,Payment,Saravana Bhavan Corner,Chennai,0.0
2026-01-14,Lemon Rice,Rice,2,210.0,100,Swiggy,Card,Payment,Saravana Bhavan Corner,Chennai,0.0
2026-01-14,Veg Thali,Thali,2,321.3,180,Register,UPI,Payment,Saravana Bhavan Corner,Chennai,0.0
2026-01-14,Rasgulla (2pc),Desserts,1,73.5,70,Register,UPI,Payment,Saravana Bhavan Corner,Chennai,0.0
2026-01-14,Idli Vada Combo,Tiffin,-1,-94.5,90,Register,Card,Refund,Saravana Bhavan Corner,Chennai,0.0
2026-01-14,Filter Coffee,Beverages,1,42.0,40,Register,Cash,Payment,Saravana Bhavan Corner,Chennai,0.0
2026-01-14,Sambar Rice,Rice,1,126.0,120,Swiggy,UPI,Payment,Saravana Bhavan Corner,Chennai,0.0
2026-01-14,Idli (4pc),Tiffin,1,56.7,60,Swiggy,UPI,Payment,Saravana Bhavan Corner,Chennai,0.0
2026-01-14,Curd Rice,Rice,1,85.05,90,Register,Cash,Payment,Saravana Bhavan Corner,Chennai,0.0
2026-01-14,Pongal,Tiffin,2,168.0,80,Swiggy,UPI,Payment,Saravana Bhavan Corner,Chennai,0.0
2026-01-14,Filter Coffee,Beverages,2,75.6,40,Register,Cash,Payment,Saravana Bhavan Corner,Chennai,0.0
2026-01-14,Rava Dosa,Dosa,1,115.5,110,Register,Cash,Payment,Saravana Bhavan Corner,Chennai,0.0
2026-01-14,Idli (4pc),Tiffin,1,63.0,60,Register,Cash,Payment,Saravana Bhavan Corner,Chennai,0.0
2026-01-14,Masala Dosa,Dosa,1,94.5,90,Register,Cash,Payment,Saravana Bhavan Corner,Chennai,0.0
2026-01-14,Masala Dosa,Dosa,1,94.5,90,Register,Card,Payment,Saravana Bhavan Corner,Chennai,0.0
2026-01-14,Curd Rice,Rice,3,283.5,90,Register,Cash,Payment,Saravana Bhavan Corner,Chennai,0.0
2026-01-14,Bisi Bele Bath,Rice,3,348.07,130,Register,Cash,Payment,Saravana Bhavan Corner,Chennai,0.0
2026-01-14,Rasgulla (2pc),Desserts,1,73.5,70,Register,UPI,Payment,Saravana Bhavan Corner,Chennai,0.0
2026-01-14,Buttermilk,Beverages,1,31.5,30,Register,UPI,Payment,Saravana Bhavan Corner,Chennai,0.0
2026-01-14,Buttermilk,Beverages,2,63.0,30,Register,Cash,Payment,Saravana Bhavan Corner,Chennai,0.0
2026-01-14,Masala Dosa,Dosa,1,80.33,90,Register,Cash,Payment,Saravana Bhavan Corner,Chennai,0.0
2026-01-14,Bisi Bele Bath,Rice,1,136.5,130,Swiggy,Card,Payment,Saravana Bhavan Corner,Chennai,0.0
2026-01-14,Mysore Bonda,Snacks,1,63.0,60,Register,Cash,Payment,Saravana Bhavan Corner,Chennai,0.0
2026-01-14,Bisi Bele Bath,Rice,2,273.0,130,Swiggy,Card,Payment,Saravana Bhavan Corner,Chennai,0.0
2026-01-14,Vada (2pc),Tiffin,1,52.5,50,Swiggy,Card,Payment,Saravana Bhavan Corner,Chennai,0.0
2026-01-14,Masala Dosa,Dosa,1,94.5,90,Swiggy,Card,Payment,Saravana Bhavan Corner,Chennai,0.0
2026-01-14,Curd Rice,Rice,1,94.5,90,Register,UPI,Payment,Saravana Bhavan Corner,Chennai,0.0
2026-01-14,Idli Vada Combo,Tiffin,2,189.0,90,Swiggy,UPI,Payment,Saravana Bhavan Corner,Chennai,0.0
2026-01-14,Sambar Rice,Rice,1,126.0,120,Register,Card,Payment,Saravana Bhavan Corner,Chennai,0.0
2026-01-14,Masala Dosa,Dosa,1,94.5,90,Register,Card,Payment,Saravana Bhavan Corner,Chennai,0.0
2026-01-14,Medu Vada Chaat,Snacks,2,147.0,70,Register,Cash,Payment,Saravana Bhavan Corner,Chennai,0.0
2026-01-14,Mini Tiffin Thali,Thali,1,141.75,150,Register,Card,Payment,Saravana Bhavan Corner,Chennai,0.0
2026-01-14,Pongal,Tiffin,2,168.0,80,Register,Card,Payment,Saravana Bhavan Corner,Chennai,0.0
2026-01-14,Masala Chai,Beverages,2,66.15,35,Register,Card,Payment,Saravana Bhavan Corner,Chennai,0.0
2026-01-15,Sambar Rice,Rice,1,126.0,120,Register,Cash,Payment,Saravana Bhavan Corner,Chennai,0.0
2026-01-15,Sambar Rice,Rice,1,113.4,120,Register,Cash,Payment,Saravana Bhavan Corner,Chennai,0.0
2026-01-15,Pongal,Tiffin,2,168.0,80,Register,Card,Payment,Saravana Bhavan Corner,Chennai,0.0
2026-01-15,Masala Chai,Beverages,1,36.75,35,Register,Card,Payment,Saravana Bhavan Corner,Chennai,0.0
2026-01-15,Plain Dosa,Dosa,2,147.0,70,Register,Card,Payment,Saravana Bhavan Corner,Chennai,0.0
2026-01-15,Onion Uttapam,Dosa,1,105.0,100,Register,Card,Payment,Saravana Bhavan Corner,Chennai,0.0
2026-01-15,Buttermilk,Beverages,1,31.5,30,Register,UPI,Payment,Saravana Bhavan Corner,Chennai,0.0
2026-01-15,Filter Coffee,Beverages,2,84.0,40,Register,Cash,Payment,Saravana Bhavan Corner,Chennai,0.0
2026-01-15,Masala Chai,Beverages,2,73.5,35,Register,UPI,Payment,Saravana Bhavan Corner,Chennai,0.0
2026-01-15,Mysore Bonda,Snacks,1,63.0,60,Register,Cash,Payment,Saravana Bhavan Corner,Chennai,0.0
2026-01-15,Idli Vada Combo,Tiffin,1,94.5,90,Register,Card,Payment,Saravana Bhavan Corner,Chennai,0.0
2026-01-15,Pongal,Tiffin,1,84.0,80,Register,UPI,Payment,Saravana Bhavan Corner,Chennai,0.0
2026-01-15,Idli Vada Combo,Tiffin,3,283.5,90,Register,UPI,Payment,Saravana Bhavan Corner,Chennai,0.0
2026-01-15,Idli (4pc),Tiffin,1,63.0,60,Swiggy,UPI,Payment,Saravana Bhavan Corner,Chennai,0.0
2026-01-15,Vada (2pc),Tiffin,1,52.5,50,Swiggy,UPI,Payment,Saravana Bhavan Corner,Chennai,0.0
2026-01-15,Plain Dosa,Dosa,1,73.5,70,Swiggy,UPI,Payment,Saravana Bhavan Corner,Chennai,0.0
2026-01-15,Plain Dosa,Dosa,1,73.5,70,Swiggy,UPI,Payment,Saravana Bhavan Corner,Chennai,0.0
2026-01-15,Mini Tiffin Thali,Thali,1,157.5,150,Register,UPI,Payment,Saravana Bhavan Corner,Chennai,0.0
2026-01-15,Veg Thali,Thali,3,567.0,180,Register,UPI,Payment,Saravana Bhavan Corner,Chennai,0.0
2026-01-15,Veg Thali,Thali,2,378.0,180,Register,UPI,Payment,Saravana Bhavan Corner,Chennai,0.0
2026-01-15,Veg Thali,Thali,1,189.0,180,Register,Cash,Payment,Saravana Bhavan Corner,Chennai,0.0
2026-01-15,Buttermilk,Beverages,1,31.5,30,Register,Cash,Payment,Saravana Bhavan Corner,Chennai,0.0
2026-01-15,Buttermilk,Beverages,2,63.0,30,Register,Card,Payment,Saravana Bhavan Corner,Chennai,0.0
2026-01-15,Filter Coffee,Beverages,2,75.6,40,Register,Card,Payment,Saravana Bhavan Corner,Chennai,0.0
2026-01-15,Masala Dosa,Dosa,2,189.0,90,Register,UPI,Payment,Saravana Bhavan Corner,Chennai,0.0
2026-01-15,Masala Dosa,Dosa,2,189.0,90,Register,Card,Payment,Saravana Bhavan Corner,Chennai,0.0
2026-01-15,Onion Uttapam,Dosa,2,210.0,100,Register,Cash,Payment,Saravana Bhavan Corner,Chennai,0.0
2026-01-15,Masala Dosa,Dosa,1,94.5,90,Register,UPI,Payment,Saravana Bhavan Corner,Chennai,0.0
2026-01-15,Vada (2pc),Tiffin,2,94.5,50,Register,Card,Payment,Saravana Bhavan Corner,Chennai,0.0
2026-01-15,Rava Dosa,Dosa,1,115.5,110,Register,Card,Payment,Saravana Bhavan Corner,Chennai,0.0
2026-01-15,Filter Coffee,Beverages,3,126.0,40,Swiggy,Card,Payment,Saravana Bhavan Corner,Chennai,0.0
2026-01-15,Rasgulla (2pc),Desserts,1,73.5,70,Swiggy,Card,Payment,Saravana Bhavan Corner,Chennai,0.0
2026-01-15,Mini Tiffin Thali,Thali,3,472.5,150,Swiggy,Card,Payment,Saravana Bhavan Corner,Chennai,0.0
2026-01-15,Vada (2pc),Tiffin,1,52.5,50,Register,UPI,Payment,Saravana Bhavan Corner,Chennai,0.0
2026-01-15,Sambar Rice,Rice,1,126.0,120,Register,UPI,Payment,Saravana Bhavan Corner,Chennai,0.0
2026-01-15,Vada (2pc),Tiffin,1,47.25,50,Register,UPI,Payment,Saravana Bhavan Corner,Chennai,0.0
2026-01-15,Sambar Rice,Rice,1,126.0,120,Register,Cash,Payment,Saravana Bhavan Corner,Chennai,0.0
2026-01-15,Onion Uttapam,Dosa,2,210.0,100,Register,Cash,Payment,Saravana Bhavan Corner,Chennai,0.0
2026-01-15,Rava Dosa,Dosa,2,231.0,110,Register,Cash,Payment,Saravana Bhavan Corner,Chennai,0.0
2026-01-15,Idli (4pc),Tiffin,2,126.0,60,Swiggy,Card,Payment,Saravana Bhavan Corner,Chennai,0.0
2026-01-15,Idli (4pc),Tiffin,1,63.0,60,Swiggy,UPI,Payment,Saravana Bhavan Corner,Chennai,0.0
2026-01-15,Idli (4pc),Tiffin,1,63.0,60,Swiggy,Card,Payment,Saravana Bhavan Corner,Chennai,0.0
2026-01-15,Onion Uttapam,Dosa,3,315.0,100,Swiggy,Card,Payment,Saravana Bhavan Corner,Chennai,0.0
2026-01-15,Filter Coffee,Beverages,1,37.8,40,Register,Card,Payment,Saravana Bhavan Corner,Chennai,0.0
2026-01-15,Mini Tiffin Thali,Thali,1,157.5,150,Swiggy,Card,Payment,Saravana Bhavan Corner,Chennai,0.0
2026-01-15,Mini Tiffin Thali,Thali,2,315.0,150,Register,Card,Payment,Saravana Bhavan Corner,Chennai,0.0
2026-01-15,Mini Tiffin Thali,Thali,2,315.0,150,Register,UPI,Payment,Saravana Bhavan Corner,Chennai,0.0
2026-01-15,Mini Tiffin Thali,Thali,1,157.5,150,Register,Card,Payment,Saravana Bhavan Corner,Chennai,0.0
2026-01-15,Pongal,Tiffin,1,84.0,80,Register,Card,Payment,Saravana Bhavan Corner,Chennai,0.0
2026-01-15,Filter Coffee,Beverages,1,37.8,40,Register,Card,Payment,Saravana Bhavan Corner,Chennai,0.0
2026-01-15,Rava Dosa,Dosa,1,103.95,110,Register,Card,Payment,Saravana Bhavan Corner,Chennai,0.0
2026-01-15,Masala Chai,Beverages,1,36.75,35,Register,Card,Payment,Saravana Bhavan Corner,Chennai,0.0
2026-01-15,Veg Thali,Thali,1,189.0,180,Register,UPI,Payment,Saravana Bhavan Corner,Chennai,0.0
2026-01-16,Plain Dosa,Dosa,1,73.5,70,Register,Cash,Payment,Saravana Bhavan Corner,Chennai,0.0
2026-01-16,Masala Dosa,Dosa,3,255.15,90,Register,Cash,Payment,Saravana Bhavan Corner,Chennai,0.0
2026-01-16,Masala Dosa,Dosa,2,189.0,90,Register,UPI,Payment,Saravana Bhavan Corner,Chennai,0.0
2026-01-16,Masala Chai,Beverages,1,36.75,35,Register,UPI,Payment,Saravana Bhavan Corner,Chennai,0.0
2026-01-16,Onion Uttapam,Dosa,2,210.0,100,Register,UPI,Payment,Saravana Bhavan Corner,Chennai,0.0
2026-01-16,Onion Uttapam,Dosa,3,315.0,100,Register,UPI,Payment,Saravana Bhavan Corner,Chennai,0.0
2026-01-16,Veg Thali,Thali,1,189.0,180,Register,Card,Payment,Saravana Bhavan Corner,Chennai,0.0
2026-01-16,Masala Dosa,Dosa,1,80.33,90,Swiggy,Card,Payment,Saravana Bhavan Corner,Chennai,0.0
2026-01-16,Plain Dosa,Dosa,3,198.45,70,Register,UPI,Payment,Saravana Bhavan Corner,Chennai,0.0
2026-01-16,Bisi Bele Bath,Rice,1,136.5,130,Register,UPI,Payment,Saravana Bhavan Corner,Chennai,0.0
2026-01-16,Lemon Rice,Rice,1,94.5,100,Swiggy,Card,Payment,Saravana Bhavan Corner,Chennai,0.0
2026-01-16,Rava Dosa,Dosa,1,115.5,110,Register,Cash,Payment,Saravana Bhavan Corner,Chennai,0.0
2026-01-16,Idli (4pc),Tiffin,2,126.0,60,Register,Cash,Payment,Saravana Bhavan Corner,Chennai,0.0
2026-01-16,Idli (4pc),Tiffin,2,126.0,60,Register,Cash,Payment,Saravana Bhavan Corner,Chennai,0.0
2026-01-16,Vada (2pc),Tiffin,1,47.25,50,Register,Cash,Payment,Saravana Bhavan Corner,Chennai,0.0
2026-01-16,Vada (2pc),Tiffin,2,105.0,50,Register,Card,Payment,Saravana Bhavan Corner,Chennai,0.0
2026-01-16,Plain Dosa,Dosa,1,73.5,70,Register,Card,Payment,Saravana Bhavan Corner,Chennai,0.0
2026-01-16,Rasgulla (2pc),Desserts,1,62.48,70,Register,Card,Payment,Saravana Bhavan Corner,Chennai,0.0
2026-01-16,Vada (2pc),Tiffin,1,47.25,50,Register,Card,Payment,Saravana Bhavan Corner,Chennai,0.0
2026-01-16,Idli Vada Combo,Tiffin,1,85.05,90,Register,Cash,Payment,Saravana Bhavan Corner,Chennai,0.0
2026-01-16,Mysore Bonda,Snacks,2,126.0,60,Swiggy,UPI,Payment,Saravana Bhavan Corner,Chennai,0.0
2026-01-16,Filter Coffee,Beverages,2,84.0,40,Swiggy,UPI,Payment,Saravana Bhavan Corner,Chennai,0.0
2026-01-16,Mysore Bonda,Snacks,1,53.55,60,Swiggy,UPI,Payment,Saravana Bhavan Corner,Chennai,0.0
2026-01-16,Rava Dosa,Dosa,1,115.5,110,Swiggy,UPI,Payment,Saravana Bhavan Corner,Chennai,0.0
2026-01-16,Bisi Bele Bath,Rice,1,136.5,130,Register,Card,Payment,Saravana Bhavan Corner,Chennai,0.0
2026-01-16,Vada (2pc),Tiffin,3,157.5,50,Register,Card,Payment,Saravana Bhavan Corner,Chennai,0.0
2026-01-16,Sambar Rice,Rice,1,126.0,120,Register,Card,Payment,Saravana Bhavan Corner,Chennai,0.0
2026-01-16,Plain Dosa,Dosa,3,220.5,70,Register,Cash,Payment,Saravana Bhavan Corner,Chennai,0.0
2026-01-16,Curd Rice,Rice,1,94.5,90,Register,UPI,Payment,Saravana Bhavan Corner,Chennai,0.0
2026-01-16,Mini Tiffin Thali,Thali,1,141.75,150,Register,UPI,Payment,Saravana Bhavan Corner,Chennai,0.0
2026-01-16,Idli (4pc),Tiffin,1,63.0,60,Swiggy,UPI,Payment,Saravana Bhavan Corner,Chennai,0.0
2026-01-16,Lemon Rice,Rice,1,105.0,100,Register,UPI,Payment,Saravana Bhavan Corner,Chennai,0.0
2026-01-16,Veg Thali,Thali,1,189.0,180,Register,UPI,Payment,Saravana Bhavan Corner,Chennai,0.0
2026-01-16,Veg Thali,Thali,2,321.3,180,Register,UPI,Payment,Saravana Bhavan Corner,Chennai,0.0
2026-01-16,Plain Dosa,Dosa,1,73.5,70,Register,Card,Payment,Saravana Bhavan Corner,Chennai,0.0
2026-01-16,Buttermilk,Beverages,3,80.33,30,Register,Cash,Payment,Saravana Bhavan Corner,Chennai,0.0
2026-01-16,Plain Dosa,Dosa,1,73.5,70,Register,Cash,Payment,Saravana Bhavan Corner,Chennai,0.0
2026-01-16,Sambar Rice,Rice,1,126.0,120,Register,UPI,Payment,Saravana Bhavan Corner,Chennai,0.0
2026-01-16,Filter Coffee,Beverages,1,42.0,40,Register,Card,Payment,Saravana Bhavan Corner,Chennai,0.0
2026-01-16,Mysore Bonda,Snacks,2,107.1,60,Swiggy,UPI,Payment,Saravana Bhavan Corner,Chennai,0.0
2026-01-16,Veg Thali,Thali,1,170.1,180,Swiggy,UPI,Payment,Saravana Bhavan Corner,Chennai,0.0
2026-01-16,Masala Chai,Beverages,1,36.75,35,Swiggy,UPI,Payment,Saravana Bhavan Corner,Chennai,0.0
2026-01-16,Mini Tiffin Thali,Thali,3,472.5,150,Swiggy,Card,Payment,Saravana Bhavan Corner,Chennai,0.0
2026-01-16,Idli Vada Combo,Tiffin,3,283.5,90,Swiggy,Card,Payment,Saravana Bhavan Corner,Chennai,0.0
2026-01-16,Rasgulla (2pc),Desserts,1,73.5,70,Swiggy,Card,Payment,Saravana Bhavan Corner,Chennai,0.0
2026-01-16,Buttermilk,Beverages,1,31.5,30,Register,UPI,Payment,Saravana Bhavan Corner,Chennai,0.0
2026-01-16,Pongal,Tiffin,2,168.0,80,Register,UPI,Payment,Saravana Bhavan Corner,Chennai,0.0
2026-01-16,Lemon Rice,Rice,2,210.0,100,Swiggy,UPI,Payment,Saravana Bhavan Corner,Chennai,0.0
2026-01-16,Veg Thali,Thali,1,189.0,180,Swiggy,UPI,Payment,Saravana Bhavan Corner,Chennai,0.0
2026-01-16,Onion Uttapam,Dosa,1,105.0,100,Register,Cash,Payment,Saravana Bhavan Corner,Chennai,0.0
2026-01-16,Idli (4pc),Tiffin,1,63.0,60,Register,Cash,Payment,Saravana Bhavan Corner,Chennai,0.0
2026-01-16,Vada (2pc),Tiffin,3,157.5,50,Register,Card,Payment,Saravana Bhavan Corner,Chennai,0.0
2026-01-16,Buttermilk,Beverages,2,63.0,30,Register,Card,Payment,Saravana Bhavan Corner,Chennai,0.0
2026-01-16,Idli (4pc),Tiffin,1,63.0,60,Register,Card,Payment,Saravana Bhavan Corner,Chennai,0.0
2026-01-16,Rava Dosa,Dosa,1,115.5,110,Swiggy,UPI,Payment,Saravana Bhavan Corner,Chennai,0.0
2026-01-16,Plain Dosa,Dosa,1,73.5,70,Register,Cash,Payment,Saravana Bhavan Corner,Chennai,0.0
2026-01-16,Veg Thali,Thali,1,189.0,180,Register,UPI,Payment,Saravana Bhavan Corner,Chennai,0.0
2026-01-16,Vada (2pc),Tiffin,1,52.5,50,Swiggy,UPI,Payment,Saravana Bhavan Corner,Chennai,0.0
2026-01-16,Curd Rice,Rice,1,94.5,90,Register,Card,Payment,Saravana Bhavan Corner,Chennai,0.0
2026-01-16,Idli (4pc),Tiffin,1,63.0,60,Swiggy,UPI,Payment,Saravana Bhavan Corner,Chennai,0.0
2026-01-16,Sambar Rice,Rice,1,113.4,120,Swiggy,UPI,Payment,Saravana Bhavan Corner,Chennai,0.0
2026-01-16,Masala Dosa,Dosa,2,189.0,90,Swiggy,UPI,Payment,Saravana Bhavan Corner,Chennai,0.0
2026-01-16,Bisi Bele Bath,Rice,1,136.5,130,Swiggy,UPI,Payment,Saravana Bhavan Corner,Chennai,0.0
2026-01-16,Rasgulla (2pc),Desserts,2,147.0,70,Swiggy,UPI,Payment,Saravana Bhavan Corner,Chennai,0.0
2026-01-16,Vada (2pc),Tiffin,1,52.5,50,Swiggy,Card,Payment,Saravana Bhavan Corner,Chennai,0.0
2026-01-16,Filter Coffee,Beverages,2,84.0,40,Swiggy,UPI,Payment,Saravana Bhavan Corner,Chennai,0.0
2026-01-16,Idli (4pc),Tiffin,2,126.0,60,Swiggy,Card,Payment,Saravana Bhavan Corner,Chennai,0.0
2026-01-16,Masala Chai,Beverages,1,36.75,35,Swiggy,UPI,Payment,Saravana Bhavan Corner,Chennai,0.0
2026-01-16,Plain Dosa,Dosa,1,66.15,70,Swiggy,UPI,Payment,Saravana Bhavan Corner,Chennai,0.0
2026-01-16,Masala Dosa,Dosa,2,189.0,90,Swiggy,UPI,Payment,Saravana Bhavan Corner,Chennai,0.0
2026-01-16,Bisi Bele Bath,Rice,1,136.5,130,Swiggy,UPI,Payment,Saravana Bhavan Corner,Chennai,0.0
2026-01-16,Masala Chai,Beverages,2,73.5,35,Swiggy,UPI,Payment,Saravana Bhavan Corner,Chennai,0.0
2026-01-16,Sambar Rice,Rice,1,126.0,120,Register,UPI,Payment,Saravana Bhavan Corner,Chennai,0.0
2026-01-16,Mysore Bonda,Snacks,1,63.0,60,Register,UPI,Payment,Saravana Bhavan Corner,Chennai,0.0
2026-01-16,Onion Uttapam,Dosa,1,105.0,100,Swiggy,UPI,Payment,Saravana Bhavan Corner,Chennai,0.0
2026-01-17,Idli (4pc),Tiffin,1,63.0,60,Swiggy,Card,Payment,Saravana Bhavan Corner,Chennai,0.0
2026-01-17,Plain Dosa,Dosa,1,73.5,70,Swiggy,Card,Payment,Saravana Bhavan Corner,Chennai,0.0
2026-01-17,Rasgulla (2pc),Desserts,1,62.48,70,Swiggy,Card,Payment,Saravana Bhavan Corner,Chennai,0.0
2026-01-17,Filter Coffee,Beverages,2,75.6,40,Swiggy,Card,Payment,Saravana Bhavan Corner,Chennai,0.0
2026-01-17,Plain Dosa,Dosa,1,73.5,70,Register,UPI,Payment,Saravana Bhavan Corner,Chennai,0.0
2026-01-17,Vada (2pc),Tiffin,2,89.25,50,Register,UPI,Payment,Saravana Bhavan Corner,Chennai,0.0
2026-01-17,Rava Dosa,Dosa,1,115.5,110,Register,UPI,Payment,Saravana Bhavan Corner,Chennai,0.0
2026-01-17,Rava Dosa,Dosa,2,231.0,110,Swiggy,Card,Payment,Saravana Bhavan Corner,Chennai,0.0
2026-01-17,Bisi Bele Bath,Rice,1,136.5,130,Swiggy,Card,Payment,Saravana Bhavan Corner,Chennai,0.0
2026-01-17,Veg Thali,Thali,2,378.0,180,Swiggy,UPI,Payment,Saravana Bhavan Corner,Chennai,0.0
2026-01-17,Pongal,Tiffin,2,168.0,80,Swiggy,UPI,Payment,Saravana Bhavan Corner,Chennai,0.0
2026-01-17,Masala Dosa,Dosa,1,94.5,90,Swiggy,UPI,Payment,Saravana Bhavan Corner,Chennai,0.0
2026-01-17,Sambar Rice,Rice,1,126.0,120,Swiggy,Card,Payment,Saravana Bhavan Corner,Chennai,0.0
2026-01-17,Curd Rice,Rice,1,94.5,90,Swiggy,Card,Payment,Saravana Bhavan Corner,Chennai,0.0
2026-01-17,Veg Thali,Thali,1,189.0,180,Swiggy,Card,Payment,Saravana Bhavan Corner,Chennai,0.0
2026-01-17,Veg Thali,Thali,1,189.0,180,Swiggy,Card,Payment,Saravana Bhavan Corner,Chennai,0.0
2026-01-17,Lemon Rice,Rice,1,105.0,100,Register,UPI,Payment,Saravana Bhavan Corner,Chennai,0.0
2026-01-17,Filter Coffee,Beverages,1,42.0,40,Register,Card,Payment,Saravana Bhavan Corner,Chennai,0.0
2026-01-17,Mini Tiffin Thali,Thali,3,425.25,150,Register,UPI,Payment,Saravana Bhavan Corner,Chennai,0.0
2026-01-17,Bisi Bele Bath,Rice,1,116.03,130,Register,Card,Payment,Saravana Bhavan Corner,Chennai,0.0
2026-01-17,Mini Tiffin Thali,Thali,1,157.5,150,Swiggy,Card,Payment,Saravana Bhavan Corner,Chennai,0.0
2026-01-17,Buttermilk,Beverages,1,31.5,30,Register,Cash,Payment,Saravana Bhavan Corner,Chennai,0.0
2026-01-17,Sambar Rice,Rice,1,126.0,120,Register,Card,Payment,Saravana Bhavan Corner,Chennai,0.0
2026-01-17,Masala Dosa,Dosa,1,85.05,90,Register,Card,Payment,Saravana Bhavan Corner,Chennai,0.0
2026-01-17,Rava Dosa,Dosa,3,346.5,110,Register,Card,Payment,Saravana Bhavan Corner,Chennai,0.0
2026-01-17,Masala Dosa,Dosa,1,94.5,90,Register,Card,Payment,Saravana Bhavan Corner,Chennai,0.0
2026-01-17,Masala Chai,Beverages,1,36.75,35,Swiggy,UPI,Payment,Saravana Bhavan Corner,Chennai,0.0
2026-01-17,Sambar Rice,Rice,2,252.0,120,Swiggy,UPI,Payment,Saravana Bhavan Corner,Chennai,0.0
2026-01-17,Masala Chai,Beverages,1,36.75,35,Swiggy,UPI,Payment,Saravana Bhavan Corner,Chennai,0.0
2026-01-17,Mini Tiffin Thali,Thali,1,157.5,150,Swiggy,UPI,Payment,Saravana Bhavan Corner,Chennai,0.0
2026-01-17,Bisi Bele Bath,Rice,1,122.85,130,Swiggy,UPI,Payment,Saravana Bhavan Corner,Chennai,0.0
2026-01-17,Idli Vada Combo,Tiffin,1,94.5,90,Swiggy,UPI,Payment,Saravana Bhavan Corner,Chennai,0.0
2026-01-17,Buttermilk,Beverages,2,63.0,30,Swiggy,UPI,Payment,Saravana Bhavan Corner,Chennai,0.0
2026-01-17,Pongal,Tiffin,2,168.0,80,Swiggy,Card,Payment,Saravana Bhavan Corner,Chennai,0.0
2026-01-17,Veg Thali,Thali,2,378.0,180,Swiggy,Card,Payment,Saravana Bhavan Corner,Chennai,0.0
2026-01-17,Plain Dosa,Dosa,1,73.5,70,Register,Cash,Payment,Saravana Bhavan Corner,Chennai,0.0
2026-01-17,Plain Dosa,Dosa,2,147.0,70,Register,Cash,Payment,Saravana Bhavan Corner,Chennai,0.0
2026-01-17,Medu Vada Chaat,Snacks,1,62.48,70,Register,Cash,Payment,Saravana Bhavan Corner,Chennai,0.0
2026-01-17,Buttermilk,Beverages,1,31.5,30,Register,Cash,Payment,Saravana Bhavan Corner,Chennai,0.0
2026-01-17,Mini Tiffin Thali,Thali,1,157.5,150,Swiggy,Card,Payment,Saravana Bhavan Corner,Chennai,0.0
2026-01-17,Curd Rice,Rice,1,94.5,90,Swiggy,Card,Payment,Saravana Bhavan Corner,Chennai,0.0
2026-01-17,Lemon Rice,Rice,2,210.0,100,Register,Card,Payment,Saravana Bhavan Corner,Chennai,0.0
2026-01-17,Masala Dosa,Dosa,1,94.5,90,Swiggy,Card,Payment,Saravana Bhavan Corner,Chennai,0.0
2026-01-17,Rasgulla (2pc),Desserts,2,147.0,70,Register,Card,Payment,Saravana Bhavan Corner,Chennai,0.0
2026-01-17,Mini Tiffin Thali,Thali,2,315.0,150,Register,UPI,Payment,Saravana Bhavan Corner,Chennai,0.0
2026-01-17,Masala Dosa,Dosa,1,94.5,90,Register,UPI,Payment,Saravana Bhavan Corner,Chennai,0.0
2026-01-17,Medu Vada Chaat,Snacks,1,73.5,70,Swiggy,Card,Payment,Saravana Bhavan Corner,Chennai,0.0
2026-01-17,Sambar Rice,Rice,1,107.1,120,Swiggy,Card,Payment,Saravana Bhavan Corner,Chennai,0.0
2026-01-17,Idli Vada Combo,Tiffin,1,94.5,90,Register,Card,Payment,Saravana Bhavan Corner,Chennai,0.0
2026-01-17,Veg Thali,Thali,1,189.0,180,Swiggy,UPI,Payment,Saravana Bhavan Corner,Chennai,0.0
2026-01-17,Mysore Bonda,Snacks,1,63.0,60,Swiggy,Card,Payment,Saravana Bhavan Corner,Chennai,0.0
2026-01-17,Masala Dosa,Dosa,2,189.0,90,Swiggy,Card,Payment,Saravana Bhavan Corner,Chennai,0.0
2026-01-17,Curd Rice,Rice,1,94.5,90,Register,UPI,Payment,Saravana Bhavan Corner,Chennai,0.0
2026-01-17,Veg Thali,Thali,1,189.0,180,Register,Card,Payment,Saravana Bhavan Corner,Chennai,0.0
2026-01-17,Rava Dosa,Dosa,1,115.5,110,Swiggy,Card,Payment,Saravana Bhavan Corner,Chennai,0.0
2026-01-17,Plain Dosa,Dosa,2,147.0,70,Swiggy,Card,Payment,Saravana Bhavan Corner,Chennai,0.0
2026-01-17,Idli Vada Combo,Tiffin,3,283.5,90,Swiggy,Card,Payment,Saravana Bhavan Corner,Chennai,0.0
2026-01-17,Curd Rice,Rice,3,283.5,90,Swiggy,UPI,Payment,Saravana Bhavan Corner,Chennai,0.0
2026-01-17,Sambar Rice,Rice,-2,-252.0,120,Register,UPI,Refund,Saravana Bhavan Corner,Chennai,0.0
2026-01-17,Filter Coffee,Beverages,-1,-37.8,40,Register,UPI,Refund,Saravana Bhavan Corner,Chennai,0.0
2026-01-17,Plain Dosa,Dosa,1,73.5,70,Register,Cash,Payment,Saravana Bhavan Corner,Chennai,0.0
2026-01-17,Idli (4pc),Tiffin,1,63.0,60,Register,Card,Payment,Saravana Bhavan Corner,Chennai,0.0
2026-01-17,Curd Rice,Rice,1,94.5,90,Swiggy,Card,Payment,Saravana Bhavan Corner,Chennai,0.0
2026-01-17,Masala Dosa,Dosa,2,189.0,90,Register,UPI,Payment,Saravana Bhavan Corner,Chennai,0.0
2026-01-17,Rasgulla (2pc),Desserts,1,73.5,70,Register,Card,Payment,Saravana Bhavan Corner,Chennai,0.0
2026-01-17,Plain Dosa,Dosa,1,73.5,70,Swiggy,UPI,Payment,Saravana Bhavan Corner,Chennai,0.0
2026-01-17,Plain Dosa,Dosa,1,73.5,70,Swiggy,UPI,Payment,Saravana Bhavan Corner,Chennai,0.0
2026-01-17,Rava Dosa,Dosa,1,115.5,110,Swiggy,UPI,Payment,Saravana Bhavan Corner,Chennai,0.0
2026-01-17,Filter Coffee,Beverages,2,84.0,40,Register,Card,Payment,Saravana Bhavan Corner,Chennai,0.0
2026-01-17,Plain Dosa,Dosa,1,73.5,70,Register,Card,Payment,Saravana Bhavan Corner,Chennai,0.0
2026-01-17,Rava Dosa,Dosa,3,294.53,110,Register,Cash,Payment,Saravana Bhavan Corner,Chennai,0.0
2026-01-17,Curd Rice,Rice,1,85.05,90,Register,Cash,Payment,Saravana Bhavan Corner,Chennai,0.0
2026-01-17,Idli (4pc),Tiffin,1,53.55,60,Register,Cash,Payment,Saravana Bhavan Corner,Chennai,0.0
2026-01-17,Sambar Rice,Rice,1,126.0,120,Register,Cash,Payment,Saravana Bhavan Corner,Chennai,0.0
2026-01-17,Vada (2pc),Tiffin,2,105.0,50,Register,UPI,Payment,Saravana Bhavan Corner,Chennai,0.0
2026-01-17,Lemon Rice,Rice,2,210.0,100,Register,Cash,Payment,Saravana Bhavan Corner,Chennai,0.0
2026-01-17,Bisi Bele Bath,Rice,1,136.5,130,Swiggy,Card,Payment,Saravana Bhavan Corner,Chennai,0.0
2026-01-17,Curd Rice,Rice,1,94.5,90,Swiggy,UPI,Payment,Saravana Bhavan Corner,Chennai,0.0
2026-01-17,Masala Dosa,Dosa,1,94.5,90,Swiggy,UPI,Payment,Saravana Bhavan Corner,Chennai,0.0
2026-01-17,Filter Coffee,Beverages,2,84.0,40,Register,Cash,Payment,Saravana Bhavan Corner,Chennai,0.0
2026-01-17,Medu Vada Chaat,Snacks,2,147.0,70,Register,Cash,Payment,Saravana Bhavan Corner,Chennai,0.0
2026-01-17,Sambar Rice,Rice,1,126.0,120,Swiggy,Card,Payment,Saravana Bhavan Corner,Chennai,0.0
2026-01-17,Plain Dosa,Dosa,1,73.5,70,Swiggy,Card,Payment,Saravana Bhavan Corner,Chennai,0.0
2026-01-17,Idli (4pc),Tiffin,2,126.0,60,Register,UPI,Payment,Saravana Bhavan Corner,Chennai,0.0
2026-01-17,Idli (4pc),Tiffin,1,63.0,60,Register,UPI,Payment,Saravana Bhavan Corner,Chennai,0.0
2026-01-18,Mysore Bonda,Snacks,1,63.0,60,Swiggy,Card,Payment,Saravana Bhavan Corner,Chennai,0.0
2026-01-18,Lemon Rice,Rice,2,210.0,100,Register,Card,Payment,Saravana Bhavan Corner,Chennai,0.0
2026-01-18,Plain Dosa,Dosa,1,73.5,70,Register,Card,Payment,Saravana Bhavan Corner,Chennai,0.0
2026-01-18,Masala Dosa,Dosa,1,94.5,90,Swiggy,Card,Payment,Saravana Bhavan Corner,Chennai,0.0
2026-01-18,Masala Chai,Beverages,2,73.5,35,Register,UPI,Payment,Saravana Bhavan Corner,Chennai,0.0
2026-01-18,Sambar Rice,Rice,1,126.0,120,Swiggy,Card,Payment,Saravana Bhavan Corner,Chennai,0.0
2026-01-18,Lemon Rice,Rice,1,105.0,100,Register,UPI,Payment,Saravana Bhavan Corner,Chennai,0.0
2026-01-18,Onion Uttapam,Dosa,2,210.0,100,Swiggy,Card,Payment,Saravana Bhavan Corner,Chennai,0.0
2026-01-18,Plain Dosa,Dosa,1,73.5,70,Swiggy,Card,Payment,Saravana Bhavan Corner,Chennai,0.0
2026-01-18,Sambar Rice,Rice,1,126.0,120,Swiggy,Card,Payment,Saravana Bhavan Corner,Chennai,0.0
2026-01-18,Lemon Rice,Rice,2,210.0,100,Swiggy,UPI,Payment,Saravana Bhavan Corner,Chennai,0.0
2026-01-18,Idli Vada Combo,Tiffin,1,80.33,90,Register,Card,Payment,Saravana Bhavan Corner,Chennai,0.0
2026-01-18,Filter Coffee,Beverages,2,84.0,40,Register,UPI,Payment,Saravana Bhavan Corner,Chennai,0.0
2026-01-18,Mini Tiffin Thali,Thali,3,472.5,150,Register,UPI,Payment,Saravana Bhavan Corner,Chennai,0.0
2026-01-18,Veg Thali,Thali,1,189.0,180,Register,Cash,Payment,Saravana Bhavan Corner,Chennai,0.0
2026-01-18,Vada (2pc),Tiffin,2,105.0,50,Register,Cash,Payment,Saravana Bhavan Corner,Chennai,0.0
2026-01-18,Idli Vada Combo,Tiffin,2,189.0,90,Register,Cash,Payment,Saravana Bhavan Corner,Chennai,0.0
2026-01-18,Curd Rice,Rice,1,94.5,90,Register,UPI,Payment,Saravana Bhavan Corner,Chennai,0.0
2026-01-18,Vada (2pc),Tiffin,2,105.0,50,Swiggy,UPI,Payment,Saravana Bhavan Corner,Chennai,0.0
2026-01-18,Onion Uttapam,Dosa,2,210.0,100,Swiggy,Card,Payment,Saravana Bhavan Corner,Chennai,0.0
2026-01-18,Plain Dosa,Dosa,1,73.5,70,Register,Card,Payment,Saravana Bhavan Corner,Chennai,0.0
2026-01-18,Filter Coffee,Beverages,2,84.0,40,Swiggy,Card,Payment,Saravana Bhavan Corner,Chennai,0.0
2026-01-18,Curd Rice,Rice,2,189.0,90,Swiggy,Card,Payment,Saravana Bhavan Corner,Chennai,0.0
2026-01-18,Filter Coffee,Beverages,1,42.0,40,Swiggy,UPI,Payment,Saravana Bhavan Corner,Chennai,0.0
2026-01-18,Medu Vada Chaat,Snacks,1,73.5,70,Swiggy,UPI,Payment,Saravana Bhavan Corner,Chennai,0.0
2026-01-18,Masala Dosa,Dosa,1,85.05,90,Register,Cash,Payment,Saravana Bhavan Corner,Chennai,0.0
2026-01-18,Mysore Bonda,Snacks,2,126.0,60,Swiggy,Card,Payment,Saravana Bhavan Corner,Chennai,0.0
2026-01-18,Veg Thali,Thali,1,189.0,180,Register,UPI,Payment,Saravana Bhavan Corner,Chennai,0.0
2026-01-18,Idli (4pc),Tiffin,1,53.55,60,Register,UPI,Payment,Saravana Bhavan Corner,Chennai,0.0
2026-01-18,Masala Dosa,Dosa,1,85.05,90,Swiggy,Card,Payment,Saravana Bhavan Corner,Chennai,0.0
2026-01-18,Plain Dosa,Dosa,1,73.5,70,Swiggy,Card,Payment,Saravana Bhavan Corner,Chennai,0.0
2026-01-18,Rasgulla (2pc),Desserts,1,66.15,70,Swiggy,Card,Payment,Saravana Bhavan Corner,Chennai,0.0
2026-01-18,Mini Tiffin Thali,Thali,2,315.0,150,Swiggy,Card,Payment,Saravana Bhavan Corner,Chennai,0.0
2026-01-18,Filter Coffee,Beverages,2,84.0,40,Swiggy,Card,Payment,Saravana Bhavan Corner,Chennai,0.0
2026-01-18,Idli Vada Combo,Tiffin,2,189.0,90,Swiggy,Card,Payment,Saravana Bhavan Corner,Chennai,0.0
2026-01-18,Plain Dosa,Dosa,1,73.5,70,Register,UPI,Payment,Saravana Bhavan Corner,Chennai,0.0
2026-01-18,Vada (2pc),Tiffin,1,52.5,50,Swiggy,UPI,Payment,Saravana Bhavan Corner,Chennai,0.0
2026-01-18,Vada (2pc),Tiffin,-1,-52.5,50,Register,UPI,Refund,Saravana Bhavan Corner,Chennai,0.0
2026-01-18,Masala Chai,Beverages,-1,-36.75,35,Register,UPI,Refund,Saravana Bhavan Corner,Chennai,0.0
2026-01-18,Onion Uttapam,Dosa,-1,-105.0,100,Register,UPI,Refund,Saravana Bhavan Corner,Chennai,0.0
2026-01-18,Veg Thali,Thali,1,189.0,180,Swiggy,UPI,Payment,Saravana Bhavan Corner,Chennai,0.0
2026-01-18,Filter Coffee,Beverages,2,84.0,40,Swiggy,Card,Payment,Saravana Bhavan Corner,Chennai,0.0
2026-01-18,Masala Dosa,Dosa,1,85.05,90,Swiggy,Card,Payment,Saravana Bhavan Corner,Chennai,0.0
2026-01-18,Bisi Bele Bath,Rice,1,136.5,130,Swiggy,UPI,Payment,Saravana Bhavan Corner,Chennai,0.0
2026-01-18,Mini Tiffin Thali,Thali,1,157.5,150,Swiggy,UPI,Payment,Saravana Bhavan Corner,Chennai,0.0
2026-01-18,Plain Dosa,Dosa,1,73.5,70,Swiggy,UPI,Payment,Saravana Bhavan Corner,Chennai,0.0
2026-01-18,Medu Vada Chaat,Snacks,1,73.5,70,Register,UPI,Payment,Saravana Bhavan Corner,Chennai,0.0
2026-01-18,Vada (2pc),Tiffin,3,157.5,50,Register,Cash,Payment,Saravana Bhavan Corner,Chennai,0.0
2026-01-18,Veg Thali,Thali,2,378.0,180,Swiggy,Card,Payment,Saravana Bhavan Corner,Chennai,0.0
2026-01-18,Filter Coffee,Beverages,1,37.8,40,Register,Cash,Payment,Saravana Bhavan Corner,Chennai,0.0
2026-01-18,Masala Chai,Beverages,1,36.75,35,Swiggy,UPI,Payment,Saravana Bhavan Corner,Chennai,0.0
2026-01-18,Onion Uttapam,Dosa,1,105.0,100,Swiggy,UPI,Payment,Saravana Bhavan Corner,Chennai,0.0
2026-01-18,Idli (4pc),Tiffin,2,126.0,60,Swiggy,UPI,Payment,Saravana Bhavan Corner,Chennai,0.0
2026-01-18,Masala Dosa,Dosa,1,94.5,90,Register,Card,Payment,Saravana Bhavan Corner,Chennai,0.0
2026-01-18,Onion Uttapam,Dosa,2,210.0,100,Register,Card,Payment,Saravana Bhavan Corner,Chennai,0.0
2026-01-18,Masala Dosa,Dosa,2,189.0,90,Register,Card,Payment,Saravana Bhavan Corner,Chennai,0.0
2026-01-18,Buttermilk,Beverages,1,31.5,30,Swiggy,UPI,Payment,Saravana Bhavan Corner,Chennai,0.0
2026-01-18,Filter Coffee,Beverages,2,84.0,40,Swiggy,UPI,Payment,Saravana Bhavan Corner,Chennai,0.0
2026-01-18,Idli (4pc),Tiffin,1,63.0,60,Swiggy,UPI,Payment,Saravana Bhavan Corner,Chennai,0.0
2026-01-18,Masala Dosa,Dosa,1,94.5,90,Register,Card,Payment,Saravana Bhavan Corner,Chennai,0.0
2026-01-18,Filter Coffee,Beverages,1,42.0,40,Swiggy,Card,Payment,Saravana Bhavan Corner,Chennai,0.0
2026-01-18,Filter Coffee,Beverages,1,42.0,40,Swiggy,Card,Payment,Saravana Bhavan Corner,Chennai,0.0
2026-01-18,Masala Chai,Beverages,1,36.75,35,Swiggy,UPI,Payment,Saravana Bhavan Corner,Chennai,0.0
2026-01-18,Sambar Rice,Rice,1,126.0,120,Swiggy,UPI,Payment,Saravana Bhavan Corner,Chennai,0.0
2026-01-18,Onion Uttapam,Dosa,1,105.0,100,Swiggy,UPI,Payment,Saravana Bhavan Corner,Chennai,0.0
2026-01-18,Mini Tiffin Thali,Thali,1,141.75,150,Register,Card,Payment,Saravana Bhavan Corner,Chennai,0.0
2026-01-18,Medu Vada Chaat,Snacks,1,73.5,70,Register,Card,Payment,Saravana Bhavan Corner,Chennai,0.0
2026-01-18,Sambar Rice,Rice,1,126.0,120,Register,UPI,Payment,Saravana Bhavan Corner,Chennai,0.0
2026-01-18,Lemon Rice,Rice,2,210.0,100,Register,UPI,Payment,Saravana Bhavan Corner,Chennai,0.0
2026-01-18,Lemon Rice,Rice,3,315.0,100,Swiggy,Card,Payment,Saravana Bhavan Corner,Chennai,0.0
2026-01-18,Filter Coffee,Beverages,1,42.0,40,Register,Cash,Payment,Saravana Bhavan Corner,Chennai,0.0
2026-01-18,Masala Dosa,Dosa,2,189.0,90,Register,Cash,Payment,Saravana Bhavan Corner,Chennai,0.0
2026-01-18,Sambar Rice,Rice,1,126.0,120,Register,Cash,Payment,Saravana Bhavan Corner,Chennai,0.0
2026-01-18,Rava Dosa,Dosa,1,103.95,110,Swiggy,UPI,Payment,Saravana Bhavan Corner,Chennai,0.0
2026-01-18,Veg Thali,Thali,2,340.2,180,Swiggy,UPI,Payment,Saravana Bhavan Corner,Chennai,0.0
2026-01-18,Vada (2pc),Tiffin,1,52.5,50,Swiggy,UPI,Payment,Saravana Bhavan Corner,Chennai,0.0
2026-01-18,Medu Vada Chaat,Snacks,2,147.0,70,Swiggy,UPI,Payment,Saravana Bhavan Corner,Chennai,0.0
2026-01-18,Plain Dosa,Dosa,1,73.5,70,Swiggy,UPI,Payment,Saravana Bhavan Corner,Chennai,0.0
2026-01-18,Pongal,Tiffin,2,168.0,80,Register,Card,Payment,Saravana Bhavan Corner,Chennai,0.0
2026-01-18,Vada (2pc),Tiffin,1,52.5,50,Register,Card,Payment,Saravana Bhavan Corner,Chennai,0.0
2026-01-18,Plain Dosa,Dosa,2,147.0,70,Swiggy,Card,Payment,Saravana Bhavan Corner,Chennai,0.0
2026-01-18,Filter Coffee,Beverages,1,42.0,40,Swiggy,Card,Payment,Saravana Bhavan Corner,Chennai,0.0
2026-01-18,Rava Dosa,Dosa,1,115.5,110,Swiggy,Card,Payment,Saravana Bhavan Corner,Chennai,0.0
2026-01-18,Filter Coffee,Beverages,1,42.0,40,Register,Card,Payment,Saravana Bhavan Corner,Chennai,0.0
2026-01-18,Lemon Rice,Rice,1,89.25,100,Register,Card,Payment,Saravana Bhavan Corner,Chennai,0.0
2026-01-18,Medu Vada Chaat,Snacks,1,73.5,70,Register,Card,Payment,Saravana Bhavan Corner,Chennai,0.0
2026-01-18,Mini Tiffin Thali,Thali,2,315.0,150,Register,Card,Payment,Saravana Bhavan Corner,Chennai,0.0
2026-01-18,Lemon Rice,Rice,1,105.0,100,Swiggy,UPI,Payment,Saravana Bhavan Corner,Chennai,0.0
2026-01-18,Bisi Bele Bath,Rice,1,122.85,130,Register,Cash,Payment,Saravana Bhavan Corner,Chennai,0.0
2026-01-18,Plain Dosa,Dosa,1,73.5,70,Register,Cash,Payment,Saravana Bhavan Corner,Chennai,0.0
2026-01-18,Idli Vada Combo,Tiffin,3,283.5,90,Register,Cash,Payment,Saravana Bhavan Corner,Chennai,0.0
2026-01-18,Veg Thali,Thali,2,378.0,180,Register,Card,Payment,Saravana Bhavan Corner,Chennai,0.0
2026-01-18,Masala Chai,Beverages,1,36.75,35,Swiggy,UPI,Payment,Saravana Bhavan Corner,Chennai,0.0
2026-01-18,Mysore Bonda,Snacks,2,126.0,60,Swiggy,UPI,Payment,Saravana Bhavan Corner,Chennai,0.0
2026-01-18,Plain Dosa,Dosa,1,66.15,70,Register,Cash,Payment,Saravana Bhavan Corner,Chennai,0.0
2026-01-18,Medu Vada Chaat,Snacks,2,132.3,70,Swiggy,UPI,Payment,Saravana Bhavan Corner,Chennai,0.0
2026-01-19,Sambar Rice,Rice,1,126.0,120,Register,Card,Payment,Saravana Bhavan Corner,Chennai,0.0
2026-01-19,Sambar Rice,Rice,2,252.0,120,Swiggy,Card,Payment,Saravana Bhavan Corner,Chennai,0.0
2026-01-19,Rasgulla (2pc),Desserts,2,147.0,70,Swiggy,Card,Payment,Saravana Bhavan Corner,Chennai,0.0
2026-01-19,Idli Vada Combo,Tiffin,3,283.5,90,Register,UPI,Payment,Saravana Bhavan Corner,Chennai,0.0
2026-01-19,Buttermilk,Beverages,1,31.5,30,Register,UPI,Payment,Saravana Bhavan Corner,Chennai,0.0
2026-01-19,Veg Thali,Thali,1,189.0,180,Register,Cash,Payment,Saravana Bhavan Corner,Chennai,0.0
2026-01-19,Masala Dosa,Dosa,2,189.0,90,Register,Cash,Payment,Saravana Bhavan Corner,Chennai,0.0
2026-01-19,Masala Dosa,Dosa,1,94.5,90,Register,Cash,Payment,Saravana Bhavan Corner,Chennai,0.0
2026-01-19,Masala Chai,Beverages,3,110.25,35,Swiggy,Card,Payment,Saravana Bhavan Corner,Chennai,0.0
2026-01-19,Masala Dosa,Dosa,3,283.5,90,Register,Card,Payment,Saravana Bhavan Corner,Chennai,0.0
2026-01-19,Masala Chai,Beverages,1,36.75,35,Register,UPI,Payment,Saravana Bhavan Corner,Chennai,0.0
2026-01-19,Sambar Rice,Rice,1,126.0,120,Register,UPI,Payment,Saravana Bhavan Corner,Chennai,0.0
2026-01-19,Curd Rice,Rice,2,170.1,90,Register,Cash,Payment,Saravana Bhavan Corner,Chennai,0.0
2026-01-19,Rava Dosa,Dosa,2,231.0,110,Register,Cash,Payment,Saravana Bhavan Corner,Chennai,0.0
2026-01-19,Idli Vada Combo,Tiffin,1,94.5,90,Swiggy,UPI,Payment,Saravana Bhavan Corner,Chennai,0.0
2026-01-19,Masala Dosa,Dosa,1,94.5,90,Register,Card,Payment,Saravana Bhavan Corner,Chennai,0.0
2026-01-19,Onion Uttapam,Dosa,3,283.5,100,Register,Card,Payment,Saravana Bhavan Corner,Chennai,0.0
2026-01-19,Pongal,Tiffin,1,84.0,80,Register,Card,Payment,Saravana Bhavan Corner,Chennai,0.0
2026-01-19,Bisi Bele Bath,Rice,3,409.5,130,Register,Card,Payment,Saravana Bhavan Corner,Chennai,0.0
2026-01-19,Masala Dosa,Dosa,2,189.0,90,Swiggy,UPI,Payment,Saravana Bhavan Corner,Chennai,0.0
2026-01-19,Pongal,Tiffin,1,84.0,80,Register,Cash,Payment,Saravana Bhavan Corner,Chennai,0.0
2026-01-19,Plain Dosa,Dosa,1,73.5,70,Register,Cash,Payment,Saravana Bhavan Corner,Chennai,0.0
2026-01-19,Pongal,Tiffin,3,252.0,80,Swiggy,UPI,Payment,Saravana Bhavan Corner,Chennai,0.0
2026-01-19,Vada (2pc),Tiffin,1,52.5,50,Swiggy,Card,Payment,Saravana Bhavan Corner,Chennai,0.0
2026-01-19,Curd Rice,Rice,1,94.5,90,Register,UPI,Payment,Saravana Bhavan Corner,Chennai,0.0
2026-01-19,Vada (2pc),Tiffin,1,52.5,50,Swiggy,Card,Payment,Saravana Bhavan Corner,Chennai,0.0
2026-01-19,Masala Dosa,Dosa,-1,-94.5,90,Register,Card,Refund,Saravana Bhavan Corner,Chennai,0.0
2026-01-19,Sambar Rice,Rice,1,126.0,120,Register,Cash,Payment,Saravana Bhavan Corner,Chennai,0.0
2026-01-19,Curd Rice,Rice,1,94.5,90,Register,Cash,Payment,Saravana Bhavan Corner,Chennai,0.0
2026-01-19,Curd Rice,Rice,1,94.5,90,Swiggy,UPI,Payment,Saravana Bhavan Corner,Chennai,0.0
2026-01-19,Bisi Bele Bath,Rice,1,136.5,130,Swiggy,UPI,Payment,Saravana Bhavan Corner,Chennai,0.0
2026-01-19,Masala Chai,Beverages,1,36.75,35,Register,Cash,Payment,Saravana Bhavan Corner,Chennai,0.0
2026-01-19,Veg Thali,Thali,2,378.0,180,Register,Cash,Payment,Saravana Bhavan Corner,Chennai,0.0
2026-01-19,Mysore Bonda,Snacks,1,63.0,60,Register,Cash,Payment,Saravana Bhavan Corner,Chennai,0.0
2026-01-19,Vada (2pc),Tiffin,1,44.62,50,Register,UPI,Payment,Saravana Bhavan Corner,Chennai,0.0
2026-01-19,Vada (2pc),Tiffin,1,52.5,50,Register,UPI,Payment,Saravana Bhavan Corner,Chennai,0.0
2026-01-19,Idli (4pc),Tiffin,1,63.0,60,Register,UPI,Payment,Saravana Bhavan Corner,Chennai,0.0
2026-01-19,Veg Thali,Thali,1,189.0,180,Register,UPI,Payment,Saravana Bhavan Corner,Chennai,0.0
2026-01-19,Vada (2pc),Tiffin,2,105.0,50,Register,UPI,Payment,Saravana Bhavan Corner,Chennai,0.0
2026-01-19,Onion Uttapam,Dosa,2,210.0,100,Register,UPI,Payment,Saravana Bhavan Corner,Chennai,0.0
2026-01-19,Lemon Rice,Rice,2,210.0,100,Register,UPI,Payment,Saravana Bhavan Corner,Chennai,0.0
2026-01-19,Idli (4pc),Tiffin,1,63.0,60,Swiggy,Card,Payment,Saravana Bhavan Corner,Chennai,0.0
2026-01-19,Rava Dosa,Dosa,1,115.5,110,Register,Cash,Payment,Saravana Bhavan Corner,Chennai,0.0
2026-01-19,Rava Dosa,Dosa,1,115.5,110,Register,Card,Payment,Saravana Bhavan Corner,Chennai,0.0
2026-01-19,Filter Coffee,Beverages,1,35.7,40,Swiggy,Card,Payment,Saravana Bhavan Corner,Chennai,0.0
2026-01-19,Masala Dosa,Dosa,3,283.5,90,Register,Cash,Payment,Saravana Bhavan Corner,Chennai,0.0
2026-01-19,Masala Chai,Beverages,-1,-33.08,35,Register,Card,Refund,Saravana Bhavan Corner,Chennai,0.0
2026-01-19,Plain Dosa,Dosa,-1,-73.5,70,Register,Card,Refund,Saravana Bhavan Corner,Chennai,0.0
2026-01-19,Mysore Bonda,Snacks,2,126.0,60,Register,Cash,Payment,Saravana Bhavan Corner,Chennai,0.0
2026-01-19,Vada (2pc),Tiffin,2,89.25,50,Register,Cash,Payment,Saravana Bhavan Corner,Chennai,0.0
2026-01-19,Sambar Rice,Rice,1,107.1,120,Register,Cash,Payment,Saravana Bhavan Corner,Chennai,0.0
2026-01-19,Idli Vada Combo,Tiffin,1,94.5,90,Register,Cash,Payment,Saravana Bhavan Corner,Chennai,0.0
2026-01-19,Masala Dosa,Dosa,1,94.5,90,Swiggy,Card,Payment,Saravana Bhavan Corner,Chennai,0.0
2026-01-20,Filter Coffee,Beverages,1,42.0,40,Register,Cash,Payment,Saravana Bhavan Corner,Chennai,0.0
2026-01-20,Pongal,Tiffin,1,84.0,80,Swiggy,Card,Payment,Saravana Bhavan Corner,Chennai,0.0
2026-01-20,Masala Chai,Beverages,1,36.75,35,Register,Cash,Payment,Saravana Bhavan Corner,Chennai,0.0
2026-01-20,Veg Thali,Thali,1,189.0,180,Register,Cash,Payment,Saravana Bhavan Corner,Chennai,0.0
2026-01-20,Mysore Bonda,Snacks,3,189.0,60,Register,Cash,Payment,Saravana Bhavan Corner,Chennai,0.0
2026-01-20,Mini Tiffin Thali,Thali,2,315.0,150,Register,Card,Payment,Saravana Bhavan Corner,Chennai,0.0
2026-01-20,Idli Vada Combo,Tiffin,1,94.5,90,Swiggy,Card,Payment,Saravana Bhavan Corner,Chennai,0.0
2026-01-20,Lemon Rice,Rice,1,89.25,100,Register,Cash,Payment,Saravana Bhavan Corner,Chennai,0.0
2026-01-20,Filter Coffee,Beverages,1,42.0,40,Swiggy,Card,Payment,Saravana Bhavan Corner,Chennai,0.0
2026-01-20,Bisi Bele Bath,Rice,1,122.85,130,Swiggy,Card,Payment,Saravana Bhavan Corner,Chennai,0.0
2026-01-20,Mini Tiffin Thali,Thali,1,157.5,150,Swiggy,Card,Payment,Saravana Bhavan Corner,Chennai,0.0
2026-01-20,Vada (2pc),Tiffin,1,52.5,50,Register,Cash,Payment,Saravana Bhavan Corner,Chennai,0.0
2026-01-20,Onion Uttapam,Dosa,2,210.0,100,Register,Cash,Payment,Saravana Bhavan Corner,Chennai,0.0
2026-01-20,Rava Dosa,Dosa,1,115.5,110,Register,Card,Payment,Saravana Bhavan Corner,Chennai,0.0
2026-01-20,Masala Dosa,Dosa,1,94.5,90,Swiggy,UPI,Payment,Saravana Bhavan Corner,Chennai,0.0
2026-01-20,Plain Dosa,Dosa,1,73.5,70,Register,Card,Payment,Saravana Bhavan Corner,Chennai,0.0
2026-01-20,Masala Chai,Beverages,1,36.75,35,Swiggy,UPI,Payment,Saravana Bhavan Corner,Chennai,0.0
2026-01-20,Rava Dosa,Dosa,1,115.5,110,Swiggy,UPI,Payment,Saravana Bhavan Corner,Chennai,0.0
2026-01-20,Sambar Rice,Rice,1,126.0,120,Register,Cash,Payment,Saravana Bhavan Corner,Chennai,0.0
2026-01-20,Idli (4pc),Tiffin,1,63.0,60,Register,UPI,Payment,Saravana Bhavan Corner,Chennai,0.0
2026-01-20,Filter Coffee,Beverages,1,42.0,40,Register,UPI,Payment,Saravana Bhavan Corner,Chennai,0.0
2026-01-20,Rasgulla (2pc),Desserts,1,73.5,70,Register,UPI,Payment,Saravana Bhavan Corner,Chennai,0.0
2026-01-20,Buttermilk,Beverages,1,31.5,30,Swiggy,UPI,Payment,Saravana Bhavan Corner,Chennai,0.0
2026-01-20,Onion Uttapam,Dosa,2,210.0,100,Register,Card,Payment,Saravana Bhavan Corner,Chennai,0.0
2026-01-20,Masala Chai,Beverages,1,36.75,35,Register,Card,Payment,Saravana Bhavan Corner,Chennai,0.0
2026-01-20,Veg Thali,Thali,1,189.0,180,Swiggy,Card,Payment,Saravana Bhavan Corner,Chennai,0.0
2026-01-20,Masala Chai,Beverages,1,36.75,35,Swiggy,Card,Payment,Saravana Bhavan Corner,Chennai,0.0
2026-01-20,Bisi Bele Bath,Rice,1,136.5,130,Swiggy,Card,Payment,Saravana Bhavan Corner,Chennai,0.0
2026-01-20,Idli (4pc),Tiffin,1,63.0,60,Register,Cash,Payment,Saravana Bhavan Corner,Chennai,0.0
2026-01-20,Masala Chai,Beverages,1,36.75,35,Register,Cash,Payment,Saravana Bhavan Corner,Chennai,0.0
2026-01-20,Plain Dosa,Dosa,2,147.0,70,Register,Cash,Payment,Saravana Bhavan Corner,Chennai,0.0
2026-01-20,Veg Thali,Thali,1,189.0,180,Swiggy,UPI,Payment,Saravana Bhavan Corner,Chennai,0.0
2026-01-20,Filter Coffee,Beverages,1,42.0,40,Swiggy,UPI,Payment,Saravana Bhavan Corner,Chennai,0.0
2026-01-20,Rasgulla (2pc),Desserts,1,73.5,70,Register,UPI,Payment,Saravana Bhavan Corner,Chennai,0.0
2026-01-20,Masala Dosa,Dosa,1,85.05,90,Swiggy,UPI,Payment,Saravana Bhavan Corner,Chennai,0.0
2026-01-20,Curd Rice,Rice,2,189.0,90,Swiggy,Card,Payment,Saravana Bhavan Corner,Chennai,0.0
2026-01-20,Veg Thali,Thali,1,170.1,180,Swiggy,Card,Payment,Saravana Bhavan Corner,Chennai,0.0
2026-01-20,Idli Vada Combo,Tiffin,3,283.5,90,Swiggy,UPI,Payment,Saravana Bhavan Corner,Chennai,0.0
2026-01-20,Rava Dosa,Dosa,1,115.5,110,Swiggy,UPI,Payment,Saravana Bhavan Corner,Chennai,0.0
2026-01-20,Idli Vada Combo,Tiffin,1,85.05,90,Swiggy,UPI,Payment,Saravana Bhavan Corner,Chennai,0.0
2026-01-20,Vada (2pc),Tiffin,1,52.5,50,Register,UPI,Payment,Saravana Bhavan Corner,Chennai,0.0
2026-01-20,Masala Chai,Beverages,1,36.75,35,Register,UPI,Payment,Saravana Bhavan Corner,Chennai,0.0
2026-01-20,Masala Chai,Beverages,1,36.75,35,Swiggy,Card,Payment,Saravana Bhavan Corner,Chennai,0.0
2026-01-20,Rava Dosa,Dosa,1,103.95,110,Register,UPI,Payment,Saravana Bhavan Corner,Chennai,0.0
2026-01-20,Bisi Bele Bath,Rice,2,273.0,130,Register,UPI,Payment,Saravana Bhavan Corner,Chennai,0.0
2026-01-20,Veg Thali,Thali,1,189.0,180,Register,Card,Payment,Saravana Bhavan Corner,Chennai,0.0
2026-01-20,Plain Dosa,Dosa,3,220.5,70,Register,Card,Payment,Saravana Bhavan Corner,Chennai,0.0
2026-01-20,Buttermilk,Beverages,1,31.5,30,Register,Card,Payment,Saravana Bhavan Corner,Chennai,0.0
2026-01-20,Veg Thali,Thali,1,189.0,180,Swiggy,Card,Payment,Saravana Bhavan Corner,Chennai,0.0
2026-01-20,Rava Dosa,Dosa,1,115.5,110,Register,Cash,Payment,Saravana Bhavan Corner,Chennai,0.0
2026-01-20,Pongal,Tiffin,1,84.0,80,Register,Cash,Payment,Saravana Bhavan Corner,Chennai,0.0
2026-01-20,Masala Chai,Beverages,1,36.75,35,Register,Cash,Payment,Saravana Bhavan Corner,Chennai,0.0
2026-01-20,Onion Uttapam,Dosa,2,210.0,100,Swiggy,UPI,Payment,Saravana Bhavan Corner,Chennai,0.0
2026-01-20,Masala Chai,Beverages,1,36.75,35,Swiggy,UPI,Payment,Saravana Bhavan Corner,Chennai,0.0
2026-01-20,Veg Thali,Thali,1,189.0,180,Swiggy,Card,Payment,Saravana Bhavan Corner,Chennai,0.0
2026-01-20,Filter Coffee,Beverages,1,42.0,40,Register,Cash,Payment,Saravana Bhavan Corner,Chennai,0.0
2026-01-20,Idli (4pc),Tiffin,1,63.0,60,Swiggy,UPI,Payment,Saravana Bhavan Corner,Chennai,0.0
2026-01-20,Buttermilk,Beverages,2,56.7,30,Swiggy,UPI,Payment,Saravana Bhavan Corner,Chennai,0.0
2026-01-20,Masala Dosa,Dosa,2,189.0,90,Swiggy,UPI,Payment,Saravana Bhavan Corner,Chennai,0.0
2026-01-20,Sambar Rice,Rice,2,226.8,120,Swiggy,UPI,Payment,Saravana Bhavan Corner,Chennai,0.0
2026-01-20,Masala Chai,Beverages,2,66.15,35,Swiggy,UPI,Payment,Saravana Bhavan Corner,Chennai,0.0
2026-01-20,Filter Coffee,Beverages,1,35.7,40,Swiggy,Card,Payment,Saravana Bhavan Corner,Chennai,0.0
2026-01-20,Masala Dosa,Dosa,1,94.5,90,Swiggy,Card,Payment,Saravana Bhavan Corner,Chennai,0.0
2026-01-20,Idli (4pc),Tiffin,1,56.7,60,Swiggy,UPI,Payment,Saravana Bhavan Corner,Chennai,0.0
2026-01-20,Vada (2pc),Tiffin,1,52.5,50,Swiggy,Card,Payment,Saravana Bhavan Corner,Chennai,0.0
2026-01-20,Idli Vada Combo,Tiffin,1,85.05,90,Register,UPI,Payment,Saravana Bhavan Corner,Chennai,0.0
2026-01-20,Veg Thali,Thali,1,189.0,180,Register,UPI,Payment,Saravana Bhavan Corner,Chennai,0.0
2026-01-20,Masala Dosa,Dosa,1,94.5,90,Register,UPI,Payment,Saravana Bhavan Corner,Chennai,0.0
2026-01-20,Masala Chai,Beverages,1,36.75,35,Swiggy,UPI,Payment,Saravana Bhavan Corner,Chennai,0.0
2026-01-20,Idli Vada Combo,Tiffin,3,283.5,90,Swiggy,UPI,Payment,Saravana Bhavan Corner,Chennai,0.0
2026-01-20,Pongal,Tiffin,1,84.0,80,Swiggy,Card,Payment,Saravana Bhavan Corner,Chennai,0.0
2026-01-20,Plain Dosa,Dosa,1,73.5,70,Register,Cash,Payment,Saravana Bhavan Corner,Chennai,0.0
2026-01-21,Rava Dosa,Dosa,1,115.5,110,Register,Cash,Payment,Saravana Bhavan Corner,Chennai,0.0
2026-01-21,Rava Dosa,Dosa,1,115.5,110,Register,Cash,Payment,Saravana Bhavan Corner,Chennai,0.0
2026-01-21,Veg Thali,Thali,2,378.0,180,Register,Card,Payment,Saravana Bhavan Corner,Chennai,0.0
2026-01-21,Idli Vada Combo,Tiffin,2,189.0,90,Register,Card,Payment,Saravana Bhavan Corner,Chennai,0.0
2026-01-21,Masala Dosa,Dosa,1,94.5,90,Swiggy,Card,Payment,Saravana Bhavan Corner,Chennai,0.0
2026-01-21,Masala Dosa,Dosa,2,189.0,90,Register,Cash,Payment,Saravana Bhavan Corner,Chennai,0.0
2026-01-21,Rasgulla (2pc),Desserts,2,147.0,70,Register,Cash,Payment,Saravana Bhavan Corner,Chennai,0.0
2026-01-21,Curd Rice,Rice,3,283.5,90,Register,Cash,Payment,Saravana Bhavan Corner,Chennai,0.0
2026-01-21,Lemon Rice,Rice,1,105.0,100,Register,Cash,Payment,Saravana Bhavan Corner,Chennai,0.0
2026-01-21,Onion Uttapam,Dosa,1,105.0,100,Register,Cash,Payment,Saravana Bhavan Corner,Chennai,0.0
2026-01-21,Lemon Rice,Rice,1,105.0,100,Register,Cash,Payment,Saravana Bhavan Corner,Chennai,0.0
2026-01-21,Medu Vada Chaat,Snacks,1,73.5,70,Swiggy,UPI,Payment,Saravana Bhavan Corner,Chennai,0.0
2026-01-21,Curd Rice,Rice,1,94.5,90,Register,Card,Payment,Saravana Bhavan Corner,Chennai,0.0
2026-01-21,Onion Uttapam,Dosa,2,210.0,100,Register,UPI,Payment,Saravana Bhavan Corner,Chennai,0.0
2026-01-21,Sambar Rice,Rice,1,126.0,120,Register,UPI,Payment,Saravana Bhavan Corner,Chennai,0.0
2026-01-21,Vada (2pc),Tiffin,1,52.5,50,Register,UPI,Payment,Saravana Bhavan Corner,Chennai,0.0
2026-01-21,Masala Dosa,Dosa,2,189.0,90,Swiggy,Card,Payment,Saravana Bhavan Corner,Chennai,0.0
2026-01-21,Idli Vada Combo,Tiffin,2,189.0,90,Swiggy,Card,Payment,Saravana Bhavan Corner,Chennai,0.0
2026-01-21,Vada (2pc),Tiffin,2,105.0,50,Swiggy,UPI,Payment,Saravana Bhavan Corner,Chennai,0.0
2026-01-21,Sambar Rice,Rice,1,126.0,120,Register,Card,Payment,Saravana Bhavan Corner,Chennai,0.0
2026-01-21,Filter Coffee,Beverages,2,84.0,40,Register,UPI,Payment,Saravana Bhavan Corner,Chennai,0.0
2026-01-21,Bisi Bele Bath,Rice,1,122.85,130,Register,UPI,Payment,Saravana Bhavan Corner,Chennai,0.0
2026-01-21,Curd Rice,Rice,1,94.5,90,Swiggy,UPI,Payment,Saravana Bhavan Corner,Chennai,0.0
2026-01-21,Curd Rice,Rice,3,283.5,90,Register,UPI,Payment,Saravana Bhavan Corner,Chennai,0.0
2026-01-21,Masala Dosa,Dosa,1,94.5,90,Register,UPI,Payment,Saravana Bhavan Corner,Chennai,0.0
2026-01-21,Mini Tiffin Thali,Thali,1,141.75,150,Register,Cash,Payment,Saravana Bhavan Corner,Chennai,0.0
2026-01-21,Masala Chai,Beverages,1,36.75,35,Register,Card,Payment,Saravana Bhavan Corner,Chennai,0.0
2026-01-21,Filter Coffee,Beverages,1,42.0,40,Register,Cash,Payment,Saravana Bhavan Corner,Chennai,0.0
2026-01-21,Masala Dosa,Dosa,1,94.5,90,Register,Card,Payment,Saravana Bhavan Corner,Chennai,0.0
2026-01-21,Filter Coffee,Beverages,2,84.0,40,Swiggy,Card,Payment,Saravana Bhavan Corner,Chennai,0.0
2026-01-21,Pongal,Tiffin,1,84.0,80,Swiggy,Card,Payment,Saravana Bhavan Corner,Chennai,0.0
2026-01-21,Masala Dosa,Dosa,2,189.0,90,Register,Card,Payment,Saravana Bhavan Corner,Chennai,0.0
2026-01-21,Onion Uttapam,Dosa,1,105.0,100,Register,Cash,Payment,Saravana Bhavan Corner,Chennai,0.0
2026-01-21,Veg Thali,Thali,1,189.0,180,Register,Cash,Payment,Saravana Bhavan Corner,Chennai,0.0
2026-01-21,Masala Chai,Beverages,1,33.08,35,Swiggy,Card,Payment,Saravana Bhavan Corner,Chennai,0.0
2026-01-21,Lemon Rice,Rice,1,105.0,100,Swiggy,Card,Payment,Saravana Bhavan Corner,Chennai,0.0
2026-01-21,Sambar Rice,Rice,1,126.0,120,Swiggy,Card,Payment,Saravana Bhavan Corner,Chennai,0.0
2026-01-21,Onion Uttapam,Dosa,1,105.0,100,Swiggy,UPI,Payment,Saravana Bhavan Corner,Chennai,0.0
2026-01-21,Onion Uttapam,Dosa,1,94.5,100,Swiggy,UPI,Payment,Saravana Bhavan Corner,Chennai,0.0
2026-01-21,Veg Thali,Thali,1,189.0,180,Swiggy,UPI,Payment,Saravana Bhavan Corner,Chennai,0.0
2026-01-21,Vada (2pc),Tiffin,2,105.0,50,Swiggy,UPI,Payment,Saravana Bhavan Corner,Chennai,0.0
2026-01-21,Plain Dosa,Dosa,1,73.5,70,Swiggy,UPI,Payment,Saravana Bhavan Corner,Chennai,0.0
2026-01-21,Veg Thali,Thali,1,189.0,180,Register,UPI,Payment,Saravana Bhavan Corner,Chennai,0.0
2026-01-21,Filter Coffee,Beverages,2,84.0,40,Register,Card,Payment,Saravana Bhavan Corner,Chennai,0.0
2026-01-21,Sambar Rice,Rice,2,252.0,120,Swiggy,UPI,Payment,Saravana Bhavan Corner,Chennai,0.0
2026-01-21,Filter Coffee,Beverages,1,42.0,40,Register,UPI,Payment,Saravana Bhavan Corner,Chennai,0.0
2026-01-21,Curd Rice,Rice,1,94.5,90,Register,Card,Payment,Saravana Bhavan Corner,Chennai,0.0
2026-01-21,Rava Dosa,Dosa,1,115.5,110,Swiggy,UPI,Payment,Saravana Bhavan Corner,Chennai,0.0
2026-01-21,Medu Vada Chaat,Snacks,1,73.5,70,Swiggy,UPI,Payment,Saravana Bhavan Corner,Chennai,0.0
2026-01-21,Buttermilk,Beverages,1,31.5,30,Swiggy,UPI,Payment,Saravana Bhavan Corner,Chennai,0.0
2026-01-21,Lemon Rice,Rice,1,105.0,100,Register,Cash,Payment,Saravana Bhavan Corner,Chennai,0.0
2026-01-21,Lemon Rice,Rice,1,105.0,100,Register,Card,Payment,Saravana Bhavan Corner,Chennai,0.0
2026-01-21,Masala Chai,Beverages,1,33.08,35,Register,Cash,Payment,Saravana Bhavan Corner,Chennai,0.0
2026-01-21,Curd Rice,Rice,2,189.0,90,Register,Cash,Payment,Saravana Bhavan Corner,Chennai,0.0
2026-01-21,Masala Chai,Beverages,2,62.48,35,Swiggy,UPI,Payment,Saravana Bhavan Corner,Chennai,0.0
2026-01-21,Lemon Rice,Rice,1,105.0,100,Register,Card,Payment,Saravana Bhavan Corner,Chennai,0.0
2026-01-22,Masala Dosa,Dosa,1,80.33,90,Register,UPI,Payment,Saravana Bhavan Corner,Chennai,0.0
2026-01-22,Rava Dosa,Dosa,2,231.0,110,Swiggy,UPI,Payment,Saravana Bhavan Corner,Chennai,0.0
2026-01-22,Rava Dosa,Dosa,2,231.0,110,Swiggy,UPI,Payment,Saravana Bhavan Corner,Chennai,0.0
2026-01-22,Plain Dosa,Dosa,2,147.0,70,Register,UPI,Payment,Saravana Bhavan Corner,Chennai,0.0
2026-01-22,Filter Coffee,Beverages,1,42.0,40,Swiggy,UPI,Payment,Saravana Bhavan Corner,Chennai,0.0
2026-01-22,Masala Dosa,Dosa,1,94.5,90,Swiggy,UPI,Payment,Saravana Bhavan Corner,Chennai,0.0
2026-01-22,Vada (2pc),Tiffin,1,47.25,50,Swiggy,UPI,Payment,Saravana Bhavan Corner,Chennai,0.0
2026-01-22,Plain Dosa,Dosa,2,147.0,70,Swiggy,UPI,Payment,Saravana Bhavan Corner,Chennai,0.0
2026-01-22,Filter Coffee,Beverages,2,84.0,40,Register,UPI,Payment,Saravana Bhavan Corner,Chennai,0.0
2026-01-22,Mysore Bonda,Snacks,1,63.0,60,Swiggy,Card,Payment,Saravana Bhavan Corner,Chennai,0.0
2026-01-22,Masala Chai,Beverages,1,36.75,35,Register,UPI,Payment,Saravana Bhavan Corner,Chennai,0.0
2026-01-22,Idli Vada Combo,Tiffin,2,189.0,90,Swiggy,Card,Payment,Saravana Bhavan Corner,Chennai,0.0
2026-01-22,Plain Dosa,Dosa,1,73.5,70,Register,Card,Payment,Saravana Bhavan Corner,Chennai,0.0
2026-01-22,Rasgulla (2pc),Desserts,2,147.0,70,Swiggy,Card,Payment,Saravana Bhavan Corner,Chennai,0.0
2026-01-22,Masala Dosa,Dosa,1,94.5,90,Register,Card,Payment,Saravana Bhavan Corner,Chennai,0.0
2026-01-22,Idli (4pc),Tiffin,3,189.0,60,Register,Cash,Payment,Saravana Bhavan Corner,Chennai,0.0
2026-01-22,Veg Thali,Thali,3,567.0,180,Register,Card,Payment,Saravana Bhavan Corner,Chennai,0.0
2026-01-22,Curd Rice,Rice,2,189.0,90,Register,Card,Payment,Saravana Bhavan Corner,Chennai,0.0
2026-01-22,Idli (4pc),Tiffin,1,63.0,60,Swiggy,UPI,Payment,Saravana Bhavan Corner,Chennai,0.0
2026-01-22,Filter Coffee,Beverages,1,42.0,40,Swiggy,UPI,Payment,Saravana Bhavan Corner,Chennai,0.0
2026-01-22,Vada (2pc),Tiffin,3,133.88,50,Register,Card,Payment,Saravana Bhavan Corner,Chennai,0.0
2026-01-22,Sambar Rice,Rice,1,126.0,120,Register,Card,Payment,Saravana Bhavan Corner,Chennai,0.0
2026-01-22,Idli Vada Combo,Tiffin,2,189.0,90,Swiggy,Card,Payment,Saravana Bhavan Corner,Chennai,0.0
2026-01-22,Masala Dosa,Dosa,3,283.5,90,Register,Cash,Payment,Saravana Bhavan Corner,Chennai,0.0
2026-01-22,Filter Coffee,Beverages,2,84.0,40,Swiggy,Card,Payment,Saravana Bhavan Corner,Chennai,0.0
2026-01-22,Curd Rice,Rice,3,283.5,90,Swiggy,Card,Payment,Saravana Bhavan Corner,Chennai,0.0
2026-01-22,Sambar Rice,Rice,1,107.1,120,Swiggy,Card,Payment,Saravana Bhavan Corner,Chennai,0.0
2026-01-22,Filter Coffee,Beverages,1,42.0,40,Register,Card,Payment,Saravana Bhavan Corner,Chennai,0.0
2026-01-22,Plain Dosa,Dosa,1,66.15,70,Swiggy,UPI,Payment,Saravana Bhavan Corner,Chennai,0.0
2026-01-22,Buttermilk,Beverages,2,63.0,30,Swiggy,UPI,Payment,Saravana Bhavan Corner,Chennai,0.0
2026-01-22,Curd Rice,Rice,1,94.5,90,Register,Card,Payment,Saravana Bhavan Corner,Chennai,0.0
2026-01-22,Masala Chai,Beverages,1,36.75,35,Register,UPI,Payment,Saravana Bhavan Corner,Chennai,0.0
2026-01-22,Vada (2pc),Tiffin,1,52.5,50,Register,UPI,Payment,Saravana Bhavan Corner,Chennai,0.0
2026-01-22,Pongal,Tiffin,2,142.8,80,Register,UPI,Payment,Saravana Bhavan Corner,Chennai,0.0
2026-01-22,Plain Dosa,Dosa,2,147.0,70,Swiggy,Card,Payment,Saravana Bhavan Corner,Chennai,0.0
2026-01-22,Mysore Bonda,Snacks,1,63.0,60,Swiggy,UPI,Payment,Saravana Bhavan Corner,Chennai,0.0
2026-01-22,Plain Dosa,Dosa,1,73.5,70,Swiggy,Card,Payment,Saravana Bhavan Corner,Chennai,0.0
2026-01-22,Curd Rice,Rice,3,240.98,90,Swiggy,Card,Payment,Saravana Bhavan Corner,Chennai,0.0
2026-01-22,Masala Dosa,Dosa,1,94.5,90,Swiggy,Card,Payment,Saravana Bhavan Corner,Chennai,0.0
2026-01-22,Filter Coffee,Beverages,2,84.0,40,Swiggy,Card,Payment,Saravana Bhavan Corner,Chennai,0.0
2026-01-22,Idli (4pc),Tiffin,1,63.0,60,Swiggy,Card,Payment,Saravana Bhavan Corner,Chennai,0.0
2026-01-22,Vada (2pc),Tiffin,3,157.5,50,Register,UPI,Payment,Saravana Bhavan Corner,Chennai,0.0
2026-01-22,Idli (4pc),Tiffin,1,63.0,60,Swiggy,Card,Payment,Saravana Bhavan Corner,Chennai,0.0
2026-01-22,Medu Vada Chaat,Snacks,1,62.48,70,Swiggy,Card,Payment,Saravana Bhavan Corner,Chennai,0.0
2026-01-22,Masala Chai,Beverages,1,33.08,35,Swiggy,UPI,Payment,Saravana Bhavan Corner,Chennai,0.0
2026-01-22,Bulk Catering Order,Uncategorized,2,6300.0,3000,Swiggy,UPI,Payment,Saravana Bhavan Corner,Chennai,0.0
2026-01-22,Lemon Rice,Rice,2,210.0,100,Swiggy,UPI,Payment,Saravana Bhavan Corner,Chennai,0.0
2026-01-22,Rava Dosa,Dosa,1,115.5,110,Swiggy,Card,Payment,Saravana Bhavan Corner,Chennai,0.0
2026-01-22,Mini Tiffin Thali,Thali,2,315.0,150,Register,UPI,Payment,Saravana Bhavan Corner,Chennai,0.0
2026-01-22,Sambar Rice,Rice,1,126.0,120,Swiggy,UPI,Payment,Saravana Bhavan Corner,Chennai,0.0
2026-01-22,Vada (2pc),Tiffin,1,52.5,50,Swiggy,UPI,Payment,Saravana Bhavan Corner,Chennai,0.0
2026-01-22,Idli (4pc),Tiffin,2,126.0,60,Register,Cash,Payment,Saravana Bhavan Corner,Chennai,0.0
2026-01-22,Masala Chai,Beverages,1,33.08,35,Register,Cash,Payment,Saravana Bhavan Corner,Chennai,0.0
2026-01-22,Bisi Bele Bath,Rice,3,409.5,130,Register,Card,Payment,Saravana Bhavan Corner,Chennai,0.0
2026-01-23,Lemon Rice,Rice,1,105.0,100,Register,UPI,Payment,Saravana Bhavan Corner,Chennai,0.0
2026-01-23,Onion Uttapam,Dosa,1,105.0,100,Register,UPI,Payment,Saravana Bhavan Corner,Chennai,0.0
2026-01-23,Rava Dosa,Dosa,1,115.5,110,Register,Cash,Payment,Saravana Bhavan Corner,Chennai,0.0
2026-01-23,Mysore Bonda,Snacks,1,63.0,60,Register,Cash,Payment,Saravana Bhavan Corner,Chennai,0.0
2026-01-23,Buttermilk,Beverages,2,63.0,30,Register,Cash,Payment,Saravana Bhavan Corner,Chennai,0.0
2026-01-23,Buttermilk,Beverages,1,31.5,30,Register,UPI,Payment,Saravana Bhavan Corner,Chennai,0.0
2026-01-23,Lemon Rice,Rice,2,210.0,100,Register,UPI,Payment,Saravana Bhavan Corner,Chennai,0.0
2026-01-23,Buttermilk,Beverages,2,63.0,30,Register,UPI,Payment,Saravana Bhavan Corner,Chennai,0.0
2026-01-23,Veg Thali,Thali,1,189.0,180,Register,UPI,Payment,Saravana Bhavan Corner,Chennai,0.0
2026-01-23,Sambar Rice,Rice,1,126.0,120,Swiggy,Card,Payment,Saravana Bhavan Corner,Chennai,0.0
2026-01-23,Lemon Rice,Rice,1,105.0,100,Register,UPI,Payment,Saravana Bhavan Corner,Chennai,0.0
2026-01-23,Idli Vada Combo,Tiffin,1,94.5,90,Register,UPI,Payment,Saravana Bhavan Corner,Chennai,0.0
2026-01-23,Idli (4pc),Tiffin,1,63.0,60,Register,Card,Payment,Saravana Bhavan Corner,Chennai,0.0
2026-01-23,Idli Vada Combo,Tiffin,3,255.15,90,Register,Card,Payment,Saravana Bhavan Corner,Chennai,0.0
2026-01-23,Plain Dosa,Dosa,1,73.5,70,Register,Card,Payment,Saravana Bhavan Corner,Chennai,0.0
2026-01-23,Sambar Rice,Rice,2,214.2,120,Register,Card,Payment,Saravana Bhavan Corner,Chennai,0.0
2026-01-23,Idli (4pc),Tiffin,1,63.0,60,Register,Card,Payment,Saravana Bhavan Corner,Chennai,0.0
2026-01-23,Lemon Rice,Rice,1,94.5,100,Register,UPI,Payment,Saravana Bhavan Corner,Chennai,0.0
2026-01-23,Idli Vada Combo,Tiffin,1,94.5,90,Register,Cash,Payment,Saravana Bhavan Corner,Chennai,0.0
2026-01-23,Rava Dosa,Dosa,1,115.5,110,Register,Card,Payment,Saravana Bhavan Corner,Chennai,0.0
2026-01-23,Masala Dosa,Dosa,3,283.5,90,Register,Cash,Payment,Saravana Bhavan Corner,Chennai,0.0
2026-01-23,Plain Dosa,Dosa,1,73.5,70,Register,Card,Payment,Saravana Bhavan Corner,Chennai,0.0
2026-01-23,Filter Coffee,Beverages,1,42.0,40,Register,Card,Payment,Saravana Bhavan Corner,Chennai,0.0
2026-01-23,Idli (4pc),Tiffin,3,170.1,60,Register,Cash,Payment,Saravana Bhavan Corner,Chennai,0.0
2026-01-23,Idli (4pc),Tiffin,1,63.0,60,Register,Cash,Payment,Saravana Bhavan Corner,Chennai,0.0
2026-01-23,Mini Tiffin Thali,Thali,1,157.5,150,Swiggy,Card,Payment,Saravana Bhavan Corner,Chennai,0.0
2026-01-23,Sambar Rice,Rice,1,113.4,120,Swiggy,Card,Payment,Saravana Bhavan Corner,Chennai,0.0
2026-01-23,Rava Dosa,Dosa,1,115.5,110,Register,Cash,Payment,Saravana Bhavan Corner,Chennai,0.0
2026-01-23,Rasgulla (2pc),Desserts,1,73.5,70,Register,Cash,Payment,Saravana Bhavan Corner,Chennai,0.0
2026-01-23,Buttermilk,Beverages,1,31.5,30,Register,Cash,Payment,Saravana Bhavan Corner,Chennai,0.0
2026-01-23,Veg Thali,Thali,1,189.0,180,Register,Card,Payment,Saravana Bhavan Corner,Chennai,0.0
2026-01-23,Filter Coffee,Beverages,2,84.0,40,Register,UPI,Payment,Saravana Bhavan Corner,Chennai,0.0
2026-01-23,Idli (4pc),Tiffin,2,126.0,60,Register,UPI,Payment,Saravana Bhavan Corner,Chennai,0.0
2026-01-23,Medu Vada Chaat,Snacks,3,220.5,70,Register,Card,Payment,Saravana Bhavan Corner,Chennai,0.0
2026-01-23,Buttermilk,Beverages,2,63.0,30,Register,Card,Payment,Saravana Bhavan Corner,Chennai,0.0
2026-01-23,Mysore Bonda,Snacks,1,53.55,60,Register,Card,Payment,Saravana Bhavan Corner,Chennai,0.0
2026-01-23,Filter Coffee,Beverages,1,42.0,40,Swiggy,Card,Payment,Saravana Bhavan Corner,Chennai,0.0
2026-01-23,Idli Vada Combo,Tiffin,1,94.5,90,Swiggy,Card,Payment,Saravana Bhavan Corner,Chennai,0.0
2026-01-23,Medu Vada Chaat,Snacks,1,73.5,70,Register,UPI,Payment,Saravana Bhavan Corner,Chennai,0.0
2026-01-23,Idli Vada Combo,Tiffin,1,94.5,90,Register,UPI,Payment,Saravana Bhavan Corner,Chennai,0.0
2026-01-23,Mysore Bonda,Snacks,1,63.0,60,Register,UPI,Payment,Saravana Bhavan Corner,Chennai,0.0
2026-01-23,Rava Dosa,Dosa,2,231.0,110,Swiggy,UPI,Payment,Saravana Bhavan Corner,Chennai,0.0
2026-01-23,Medu Vada Chaat,Snacks,1,73.5,70,Swiggy,UPI,Payment,Saravana Bhavan Corner,Chennai,0.0
2026-01-23,Rava Dosa,Dosa,2,231.0,110,Swiggy,UPI,Payment,Saravana Bhavan Corner,Chennai,0.0
2026-01-23,Bisi Bele Bath,Rice,1,136.5,130,Register,UPI,Payment,Saravana Bhavan Corner,Chennai,0.0
2026-01-23,Sambar Rice,Rice,1,126.0,120,Swiggy,UPI,Payment,Saravana Bhavan Corner,Chennai,0.0
2026-01-23,Veg Thali,Thali,1,189.0,180,Swiggy,UPI,Payment,Saravana Bhavan Corner,Chennai,0.0
2026-01-23,Rasgulla (2pc),Desserts,1,73.5,70,Swiggy,Card,Payment,Saravana Bhavan Corner,Chennai,0.0
2026-01-23,Sambar Rice,Rice,1,126.0,120,Swiggy,Card,Payment,Saravana Bhavan Corner,Chennai,0.0
2026-01-23,Filter Coffee,Beverages,1,42.0,40,Swiggy,Card,Payment,Saravana Bhavan Corner,Chennai,0.0
2026-01-23,Curd Rice,Rice,1,94.5,90,Register,UPI,Payment,Saravana Bhavan Corner,Chennai,0.0
2026-01-23,Idli (4pc),Tiffin,3,189.0,60,Register,UPI,Payment,Saravana Bhavan Corner,Chennai,0.0
2026-01-23,Filter Coffee,Beverages,1,42.0,40,Register,UPI,Payment,Saravana Bhavan Corner,Chennai,0.0
2026-01-23,Bisi Bele Bath,Rice,1,136.5,130,Swiggy,UPI,Payment,Saravana Bhavan Corner,Chennai,0.0
2026-01-23,Curd Rice,Rice,2,160.65,90,Swiggy,UPI,Payment,Saravana Bhavan Corner,Chennai,0.0
2026-01-23,Curd Rice,Rice,1,94.5,90,Swiggy,UPI,Payment,Saravana Bhavan Corner,Chennai,0.0
2026-01-23,Mysore Bonda,Snacks,2,126.0,60,Swiggy,Card,Payment,Saravana Bhavan Corner,Chennai,0.0
2026-01-23,Plain Dosa,Dosa,2,147.0,70,Register,UPI,Payment,Saravana Bhavan Corner,Chennai,0.0
2026-01-23,Mini Tiffin Thali,Thali,1,157.5,150,Register,UPI,Payment,Saravana Bhavan Corner,Chennai,0.0
2026-01-23,Rava Dosa,Dosa,1,115.5,110,Register,UPI,Payment,Saravana Bhavan Corner,Chennai,0.0
2026-01-23,Idli (4pc),Tiffin,2,126.0,60,Register,UPI,Payment,Saravana Bhavan Corner,Chennai,0.0
2026-01-23,Veg Thali,Thali,1,189.0,180,Swiggy,UPI,Payment,Saravana Bhavan Corner,Chennai,0.0
2026-01-23,Curd Rice,Rice,1,94.5,90,Swiggy,UPI,Payment,Saravana Bhavan Corner,Chennai,0.0
2026-01-23,Veg Thali,Thali,1,160.65,180,Register,UPI,Payment,Saravana Bhavan Corner,Chennai,0.0
2026-01-23,Mini Tiffin Thali,Thali,1,157.5,150,Swiggy,UPI,Payment,Saravana Bhavan Corner,Chennai,0.0
2026-01-23,Plain Dosa,Dosa,1,73.5,70,Register,Cash,Payment,Saravana Bhavan Corner,Chennai,0.0
2026-01-23,Curd Rice,Rice,2,189.0,90,Register,Card,Payment,Saravana Bhavan Corner,Chennai,0.0
2026-01-23,Buttermilk,Beverages,1,31.5,30,Register,UPI,Payment,Saravana Bhavan Corner,Chennai,0.0
2026-01-23,Idli Vada Combo,Tiffin,1,94.5,90,Register,Card,Payment,Saravana Bhavan Corner,Chennai,0.0
2026-01-23,Idli (4pc),Tiffin,1,63.0,60,Register,Card,Payment,Saravana Bhavan Corner,Chennai,0.0
2026-01-23,Filter Coffee,Beverages,3,126.0,40,Register,UPI,Payment,Saravana Bhavan Corner,Chennai,0.0
2026-01-23,Sambar Rice,Rice,1,126.0,120,Register,UPI,Payment,Saravana Bhavan Corner,Chennai,0.0
2026-01-23,Plain Dosa,Dosa,1,73.5,70,Register,UPI,Payment,Saravana Bhavan Corner,Chennai,0.0
2026-01-23,Idli Vada Combo,Tiffin,1,80.33,90,Swiggy,Card,Payment,Saravana Bhavan Corner,Chennai,0.0
2026-01-23,Curd Rice,Rice,2,189.0,90,Swiggy,Card,Payment,Saravana Bhavan Corner,Chennai,0.0
2026-01-23,Vada (2pc),Tiffin,1,44.62,50,Swiggy,UPI,Payment,Saravana Bhavan Corner,Chennai,0.0
2026-01-23,Filter Coffee,Beverages,1,42.0,40,Register,UPI,Payment,Saravana Bhavan Corner,Chennai,0.0
2026-01-23,Veg Thali,Thali,2,378.0,180,Register,Cash,Payment,Saravana Bhavan Corner,Chennai,0.0
2026-01-23,Idli Vada Combo,Tiffin,1,94.5,90,Register,UPI,Payment,Saravana Bhavan Corner,Chennai,0.0
2026-01-23,Plain Dosa,Dosa,3,198.45,70,Register,UPI,Payment,Saravana Bhavan Corner,Chennai,0.0
2026-01-23,Rava Dosa,Dosa,1,115.5,110,Register,Card,Payment,Saravana Bhavan Corner,Chennai,0.0
2026-01-23,Veg Thali,Thali,2,378.0,180,Register,Card,Payment,Saravana Bhavan Corner,Chennai,0.0
2026-01-23,Idli (4pc),Tiffin,1,63.0,60,Register,Card,Payment,Saravana Bhavan Corner,Chennai,0.0
2026-01-23,Plain Dosa,Dosa,2,132.3,70,Register,Cash,Payment,Saravana Bhavan Corner,Chennai,0.0
2026-01-23,Pongal,Tiffin,1,84.0,80,Register,Cash,Payment,Saravana Bhavan Corner,Chennai,0.0
2026-01-24,Vada (2pc),Tiffin,2,105.0,50,Register,Card,Payment,Saravana Bhavan Corner,Chennai,0.0
2026-01-24,Rasgulla (2pc),Desserts,1,73.5,70,Register,Card,Payment,Saravana Bhavan Corner,Chennai,0.0
2026-01-24,Vada (2pc),Tiffin,1,52.5,50,Register,Card,Payment,Saravana Bhavan Corner,Chennai,0.0
2026-01-24,Veg Thali,Thali,-1,-170.1,180,Register,Cash,Refund,Saravana Bhavan Corner,Chennai,0.0
2026-01-24,Masala Chai,Beverages,1,36.75,35,Swiggy,Card,Payment,Saravana Bhavan Corner,Chennai,0.0
2026-01-24,Masala Dosa,Dosa,1,94.5,90,Swiggy,Card,Payment,Saravana Bhavan Corner,Chennai,0.0
2026-01-24,Idli Vada Combo,Tiffin,-1,-94.5,90,Register,Cash,Refund,Saravana Bhavan Corner,Chennai,0.0
2026-01-24,Idli (4pc),Tiffin,2,126.0,60,Register,UPI,Payment,Saravana Bhavan Corner,Chennai,0.0
2026-01-24,Plain Dosa,Dosa,1,73.5,70,Swiggy,Card,Payment,Saravana Bhavan Corner,Chennai,0.0
2026-01-24,Masala Dosa,Dosa,1,94.5,90,Register,Card,Payment,Saravana Bhavan Corner,Chennai,0.0
2026-01-24,Mini Tiffin Thali,Thali,2,315.0,150,Swiggy,UPI,Payment,Saravana Bhavan Corner,Chennai,0.0
2026-01-24,Mysore Bonda,Snacks,1,63.0,60,Register,Card,Payment,Saravana Bhavan Corner,Chennai,0.0
2026-01-24,Plain Dosa,Dosa,1,73.5,70,Register,Card,Payment,Saravana Bhavan Corner,Chennai,0.0
2026-01-24,Buttermilk,Beverages,1,31.5,30,Register,UPI,Payment,Saravana Bhavan Corner,Chennai,0.0
2026-01-24,Plain Dosa,Dosa,2,147.0,70,Register,Cash,Payment,Saravana Bhavan Corner,Chennai,0.0
2026-01-24,Filter Coffee,Beverages,1,42.0,40,Register,Cash,Payment,Saravana Bhavan Corner,Chennai,0.0
2026-01-24,Veg Thali,Thali,2,378.0,180,Swiggy,UPI,Payment,Saravana Bhavan Corner,Chennai,0.0
2026-01-24,Idli Vada Combo,Tiffin,1,94.5,90,Swiggy,UPI,Payment,Saravana Bhavan Corner,Chennai,0.0
2026-01-24,Mysore Bonda,Snacks,1,63.0,60,Swiggy,UPI,Payment,Saravana Bhavan Corner,Chennai,0.0
2026-01-24,Curd Rice,Rice,-1,-94.5,90,Register,Cash,Refund,Saravana Bhavan Corner,Chennai,0.0
2026-01-24,Rasgulla (2pc),Desserts,1,73.5,70,Register,Card,Payment,Saravana Bhavan Corner,Chennai,0.0
2026-01-24,Filter Coffee,Beverages,2,84.0,40,Swiggy,Card,Payment,Saravana Bhavan Corner,Chennai,0.0
2026-01-24,Vada (2pc),Tiffin,1,44.62,50,Swiggy,Card,Payment,Saravana Bhavan Corner,Chennai,0.0
2026-01-24,Onion Uttapam,Dosa,1,89.25,100,Register,UPI,Payment,Saravana Bhavan Corner,Chennai,0.0
2026-01-24,Plain Dosa,Dosa,1,73.5,70,Swiggy,Card,Payment,Saravana Bhavan Corner,Chennai,0.0
2026-01-24,Idli (4pc),Tiffin,1,63.0,60,Swiggy,Card,Payment,Saravana Bhavan Corner,Chennai,0.0
2026-01-24,Idli (4pc),Tiffin,2,126.0,60,Register,UPI,Payment,Saravana Bhavan Corner,Chennai,0.0
2026-01-24,Curd Rice,Rice,1,94.5,90,Swiggy,Card,Payment,Saravana Bhavan Corner,Chennai,0.0
2026-01-24,Filter Coffee,Beverages,1,42.0,40,Swiggy,Card,Payment,Saravana Bhavan Corner,Chennai,0.0
2026-01-24,Medu Vada Chaat,Snacks,2,132.3,70,Swiggy,Card,Payment,Saravana Bhavan Corner,Chennai,0.0
2026-01-24,Pongal,Tiffin,1,84.0,80,Register,UPI,Payment,Saravana Bhavan Corner,Chennai,0.0
2026-01-24,Masala Chai,Beverages,2,73.5,35,Swiggy,Card,Payment,Saravana Bhavan Corner,Chennai,0.0
2026-01-24,Idli Vada Combo,Tiffin,3,240.98,90,Swiggy,Card,Payment,Saravana Bhavan Corner,Chennai,0.0
2026-01-24,Rava Dosa,Dosa,1,115.5,110,Swiggy,Card,Payment,Saravana Bhavan Corner,Chennai,0.0
2026-01-24,Idli (4pc),Tiffin,1,63.0,60,Swiggy,Card,Payment,Saravana Bhavan Corner,Chennai,0.0
2026-01-24,Masala Dosa,Dosa,2,189.0,90,Swiggy,UPI,Payment,Saravana Bhavan Corner,Chennai,0.0
2026-01-24,Pongal,Tiffin,1,75.6,80,Swiggy,UPI,Payment,Saravana Bhavan Corner,Chennai,0.0
2026-01-24,Filter Coffee,Beverages,2,84.0,40,Register,Cash,Payment,Saravana Bhavan Corner,Chennai,0.0
2026-01-24,Mysore Bonda,Snacks,1,63.0,60,Register,UPI,Payment,Saravana Bhavan Corner,Chennai,0.0
2026-01-24,Masala Dosa,Dosa,1,94.5,90,Register,UPI,Payment,Saravana Bhavan Corner,Chennai,0.0
2026-01-24,Rava Dosa,Dosa,2,207.9,110,Register,Card,Payment,Saravana Bhavan Corner,Chennai,0.0
2026-01-24,Idli (4pc),Tiffin,1,63.0,60,Register,Card,Payment,Saravana Bhavan Corner,Chennai,0.0
2026-01-24,Veg Thali,Thali,1,170.1,180,Register,Card,Payment,Saravana Bhavan Corner,Chennai,0.0
2026-01-24,Medu Vada Chaat,Snacks,2,147.0,70,Register,UPI,Payment,Saravana Bhavan Corner,Chennai,0.0
2026-01-24,Plain Dosa,Dosa,1,73.5,70,Swiggy,Card,Payment,Saravana Bhavan Corner,Chennai,0.0
2026-01-24,Curd Rice,Rice,2,189.0,90,Register,UPI,Payment,Saravana Bhavan Corner,Chennai,0.0
2026-01-24,Masala Dosa,Dosa,1,94.5,90,Register,UPI,Payment,Saravana Bhavan Corner,Chennai,0.0
2026-01-24,Idli Vada Combo,Tiffin,2,189.0,90,Swiggy,Card,Payment,Saravana Bhavan Corner,Chennai,0.0
2026-01-24,Sambar Rice,Rice,1,126.0,120,Register,Cash,Payment,Saravana Bhavan Corner,Chennai,0.0
2026-01-24,Masala Chai,Beverages,2,66.15,35,Register,Cash,Payment,Saravana Bhavan Corner,Chennai,0.0
2026-01-24,Filter Coffee,Beverages,1,42.0,40,Swiggy,UPI,Payment,Saravana Bhavan Corner,Chennai,0.0
2026-01-24,Plain Dosa,Dosa,2,147.0,70,Swiggy,UPI,Payment,Saravana Bhavan Corner,Chennai,0.0
2026-01-24,Buttermilk,Beverages,1,31.5,30,Register,UPI,Payment,Saravana Bhavan Corner,Chennai,0.0
2026-01-24,Veg Thali,Thali,1,189.0,180,Register,Card,Payment,Saravana Bhavan Corner,Chennai,0.0
2026-01-24,Masala Chai,Beverages,2,73.5,35,Register,Cash,Payment,Saravana Bhavan Corner,Chennai,0.0
2026-01-24,Lemon Rice,Rice,2,178.5,100,Register,Card,Payment,Saravana Bhavan Corner,Chennai,0.0
2026-01-24,Buttermilk,Beverages,1,28.35,30,Register,Card,Payment,Saravana Bhavan Corner,Chennai,0.0
2026-01-24,Plain Dosa,Dosa,2,147.0,70,Swiggy,UPI,Payment,Saravana Bhavan Corner,Chennai,0.0
2026-01-24,Rasgulla (2pc),Desserts,1,62.48,70,Register,Card,Payment,Saravana Bhavan Corner,Chennai,0.0
2026-01-24,Curd Rice,Rice,1,94.5,90,Register,Cash,Payment,Saravana Bhavan Corner,Chennai,0.0
2026-01-24,Idli Vada Combo,Tiffin,1,85.05,90,Register,Cash,Payment,Saravana Bhavan Corner,Chennai,0.0
2026-01-24,Buttermilk,Beverages,3,94.5,30,Register,Cash,Payment,Saravana Bhavan Corner,Chennai,0.0
2026-01-24,Bisi Bele Bath,Rice,1,136.5,130,Register,Cash,Payment,Saravana Bhavan Corner,Chennai,0.0
2026-01-24,Rava Dosa,Dosa,1,115.5,110,Register,Card,Payment,Saravana Bhavan Corner,Chennai,0.0
2026-01-24,Rasgulla (2pc),Desserts,1,73.5,70,Register,Card,Payment,Saravana Bhavan Corner,Chennai,0.0
2026-01-24,Masala Dosa,Dosa,2,189.0,90,Register,Cash,Payment,Saravana Bhavan Corner,Chennai,0.0
2026-01-24,Sambar Rice,Rice,3,378.0,120,Register,Cash,Payment,Saravana Bhavan Corner,Chennai,0.0
2026-01-24,Lemon Rice,Rice,1,89.25,100,Register,UPI,Payment,Saravana Bhavan Corner,Chennai,0.0
2026-01-24,Veg Thali,Thali,2,378.0,180,Register,UPI,Payment,Saravana Bhavan Corner,Chennai,0.0
2026-01-24,Masala Dosa,Dosa,2,189.0,90,Swiggy,UPI,Payment,Saravana Bhavan Corner,Chennai,0.0
2026-01-24,Sambar Rice,Rice,1,126.0,120,Register,UPI,Payment,Saravana Bhavan Corner,Chennai,0.0
2026-01-24,Vada (2pc),Tiffin,3,157.5,50,Register,Cash,Payment,Saravana Bhavan Corner,Chennai,0.0
2026-01-24,Vada (2pc),Tiffin,3,157.5,50,Swiggy,UPI,Payment,Saravana Bhavan Corner,Chennai,0.0
2026-01-24,Lemon Rice,Rice,3,315.0,100,Swiggy,Card,Payment,Saravana Bhavan Corner,Chennai,0.0
2026-01-24,Idli (4pc),Tiffin,1,63.0,60,Swiggy,Card,Payment,Saravana Bhavan Corner,Chennai,0.0
2026-01-24,Veg Thali,Thali,1,189.0,180,Register,UPI,Payment,Saravana Bhavan Corner,Chennai,0.0
2026-01-24,Buttermilk,Beverages,1,31.5,30,Register,UPI,Payment,Saravana Bhavan Corner,Chennai,0.0
2026-01-24,Bisi Bele Bath,Rice,3,409.5,130,Register,UPI,Payment,Saravana Bhavan Corner,Chennai,0.0
2026-01-24,Plain Dosa,Dosa,2,147.0,70,Swiggy,Card,Payment,Saravana Bhavan Corner,Chennai,0.0
2026-01-24,Sambar Rice,Rice,2,252.0,120,Swiggy,UPI,Payment,Saravana Bhavan Corner,Chennai,0.0
2026-01-24,Bisi Bele Bath,Rice,1,136.5,130,Swiggy,UPI,Payment,Saravana Bhavan Corner,Chennai,0.0
2026-01-24,Masala Dosa,Dosa,2,189.0,90,Swiggy,Card,Payment,Saravana Bhavan Corner,Chennai,0.0
2026-01-24,Masala Dosa,Dosa,1,94.5,90,Swiggy,Card,Payment,Saravana Bhavan Corner,Chennai,0.0
2026-01-24,Idli (4pc),Tiffin,1,63.0,60,Register,Cash,Payment,Saravana Bhavan Corner,Chennai,0.0
2026-01-24,Mysore Bonda,Snacks,1,63.0,60,Swiggy,Card,Payment,Saravana Bhavan Corner,Chennai,0.0
2026-01-24,Masala Dosa,Dosa,3,283.5,90,Register,Cash,Payment,Saravana Bhavan Corner,Chennai,0.0
2026-01-24,Vada (2pc),Tiffin,1,52.5,50,Register,Cash,Payment,Saravana Bhavan Corner,Chennai,0.0
2026-01-24,Veg Thali,Thali,1,189.0,180,Register,Cash,Payment,Saravana Bhavan Corner,Chennai,0.0
2026-01-24,Buttermilk,Beverages,2,63.0,30,Register,Cash,Payment,Saravana Bhavan Corner,Chennai,0.0
2026-01-24,Sambar Rice,Rice,1,126.0,120,Register,Cash,Payment,Saravana Bhavan Corner,Chennai,0.0
2026-01-24,Vada (2pc),Tiffin,1,52.5,50,Swiggy,Card,Payment,Saravana Bhavan Corner,Chennai,0.0
2026-01-24,Veg Thali,Thali,1,189.0,180,Register,Cash,Payment,Saravana Bhavan Corner,Chennai,0.0
2026-01-24,Veg Thali,Thali,1,189.0,180,Register,UPI,Payment,Saravana Bhavan Corner,Chennai,0.0
2026-01-24,Mysore Bonda,Snacks,2,126.0,60,Register,Cash,Payment,Saravana Bhavan Corner,Chennai,0.0
2026-01-25,Rava Dosa,Dosa,3,346.5,110,Register,Cash,Payment,Saravana Bhavan Corner,Chennai,0.0
2026-01-25,Rasgulla (2pc),Desserts,2,147.0,70,Register,Cash,Payment,Saravana Bhavan Corner,Chennai,0.0
2026-01-25,Rasgulla (2pc),Desserts,1,73.5,70,Swiggy,UPI,Payment,Saravana Bhavan Corner,Chennai,0.0
2026-01-25,Buttermilk,Beverages,2,63.0,30,Register,Cash,Payment,Saravana Bhavan Corner,Chennai,0.0
2026-01-25,Rasgulla (2pc),Desserts,2,147.0,70,Register,UPI,Payment,Saravana Bhavan Corner,Chennai,0.0
2026-01-25,Idli (4pc),Tiffin,1,63.0,60,Register,UPI,Payment,Saravana Bhavan Corner,Chennai,0.0
2026-01-25,Masala Dosa,Dosa,1,94.5,90,Register,UPI,Payment,Saravana Bhavan Corner,Chennai,0.0
2026-01-25,Plain Dosa,Dosa,1,73.5,70,Register,UPI,Payment,Saravana Bhavan Corner,Chennai,0.0
2026-01-25,Masala Chai,Beverages,1,36.75,35,Swiggy,UPI,Payment,Saravana Bhavan Corner,Chennai,0.0
2026-01-25,Plain Dosa,Dosa,3,220.5,70,Swiggy,UPI,Payment,Saravana Bhavan Corner,Chennai,0.0
2026-01-25,Medu Vada Chaat,Snacks,1,73.5,70,Swiggy,UPI,Payment,Saravana Bhavan Corner,Chennai,0.0
2026-01-25,Curd Rice,Rice,1,94.5,90,Swiggy,UPI,Payment,Saravana Bhavan Corner,Chennai,0.0
2026-01-25,Filter Coffee,Beverages,1,42.0,40,Swiggy,Card,Payment,Saravana Bhavan Corner,Chennai,0.0
2026-01-25,Rasgulla (2pc),Desserts,3,220.5,70,Swiggy,Card,Payment,Saravana Bhavan Corner,Chennai,0.0
2026-01-25,Curd Rice,Rice,1,94.5,90,Swiggy,Card,Payment,Saravana Bhavan Corner,Chennai,0.0
2026-01-25,Onion Uttapam,Dosa,1,94.5,100,Register,Cash,Payment,Saravana Bhavan Corner,Chennai,0.0
2026-01-25,Sambar Rice,Rice,1,126.0,120,Swiggy,Card,Payment,Saravana Bhavan Corner,Chennai,0.0
2026-01-25,Rasgulla (2pc),Desserts,2,124.95,70,Swiggy,UPI,Payment,Saravana Bhavan Corner,Chennai,0.0
2026-01-25,Masala Chai,Beverages,2,73.5,35,Register,UPI,Payment,Saravana Bhavan Corner,Chennai,0.0
2026-01-25,Idli Vada Combo,Tiffin,2,189.0,90,Swiggy,UPI,Payment,Saravana Bhavan Corner,Chennai,0.0
2026-01-25,Sambar Rice,Rice,3,378.0,120,Swiggy,Card,Payment,Saravana Bhavan Corner,Chennai,0.0
2026-01-25,Curd Rice,Rice,1,94.5,90,Swiggy,UPI,Payment,Saravana Bhavan Corner,Chennai,0.0
2026-01-25,Idli Vada Combo,Tiffin,3,283.5,90,Register,Card,Payment,Saravana Bhavan Corner,Chennai,0.0
2026-01-25,Curd Rice,Rice,3,283.5,90,Register,Card,Payment,Saravana Bhavan Corner,Chennai,0.0
2026-01-25,Curd Rice,Rice,2,189.0,90,Register,Card,Payment,Saravana Bhavan Corner,Chennai,0.0
2026-01-25,Sambar Rice,Rice,1,113.4,120,Register,Card,Payment,Saravana Bhavan Corner,Chennai,0.0
2026-01-25,Masala Chai,Beverages,1,36.75,35,Register,Card,Payment,Saravana Bhavan Corner,Chennai,0.0
2026-01-25,Filter Coffee,Beverages,1,42.0,40,Register,Card,Payment,Saravana Bhavan Corner,Chennai,0.0
2026-01-25,Onion Uttapam,Dosa,1,94.5,100,Swiggy,Card,Payment,Saravana Bhavan Corner,Chennai,0.0
2026-01-25,Sambar Rice,Rice,1,126.0,120,Swiggy,Card,Payment,Saravana Bhavan Corner,Chennai,0.0
2026-01-25,Veg Thali,Thali,1,189.0,180,Swiggy,Card,Payment,Saravana Bhavan Corner,Chennai,0.0
2026-01-25,Onion Uttapam,Dosa,2,210.0,100,Register,Card,Payment,Saravana Bhavan Corner,Chennai,0.0
2026-01-25,Idli (4pc),Tiffin,1,63.0,60,Register,UPI,Payment,Saravana Bhavan Corner,Chennai,0.0
2026-01-25,Plain Dosa,Dosa,1,73.5,70,Register,UPI,Payment,Saravana Bhavan Corner,Chennai,0.0
2026-01-25,Rava Dosa,Dosa,1,115.5,110,Register,UPI,Payment,Saravana Bhavan Corner,Chennai,0.0
2026-01-25,Sambar Rice,Rice,2,252.0,120,Register,UPI,Payment,Saravana Bhavan Corner,Chennai,0.0
2026-01-25,Mini Tiffin Thali,Thali,1,157.5,150,Register,UPI,Payment,Saravana Bhavan Corner,Chennai,0.0
2026-01-25,Mysore Bonda,Snacks,2,126.0,60,Register,UPI,Payment,Saravana Bhavan Corner,Chennai,0.0
2026-01-25,Onion Uttapam,Dosa,1,105.0,100,Swiggy,Card,Payment,Saravana Bhavan Corner,Chennai,0.0
2026-01-25,Rasgulla (2pc),Desserts,2,147.0,70,Swiggy,Card,Payment,Saravana Bhavan Corner,Chennai,0.0
2026-01-25,Mini Tiffin Thali,Thali,1,157.5,150,Swiggy,Card,Payment,Saravana Bhavan Corner,Chennai,0.0
2026-01-25,Buttermilk,Beverages,1,31.5,30,Register,Cash,Payment,Saravana Bhavan Corner,Chennai,0.0
2026-01-25,Sambar Rice,Rice,2,252.0,120,Register,Cash,Payment,Saravana Bhavan Corner,Chennai,0.0
2026-01-25,Filter Coffee,Beverages,1,42.0,40,Register,UPI,Payment,Saravana Bhavan Corner,Chennai,0.0
2026-01-25,Buttermilk,Beverages,1,31.5,30,Register,Cash,Payment,Saravana Bhavan Corner,Chennai,0.0
2026-01-25,Sambar Rice,Rice,1,107.1,120,Swiggy,UPI,Payment,Saravana Bhavan Corner,Chennai,0.0
2026-01-25,Filter Coffee,Beverages,3,126.0,40,Swiggy,UPI,Payment,Saravana Bhavan Corner,Chennai,0.0
2026-01-25,Masala Dosa,Dosa,1,94.5,90,Swiggy,UPI,Payment,Saravana Bhavan Corner,Chennai,0.0
2026-01-25,Masala Dosa,Dosa,1,94.5,90,Swiggy,Card,Payment,Saravana Bhavan Corner,Chennai,0.0
2026-01-25,Onion Uttapam,Dosa,1,105.0,100,Register,Card,Payment,Saravana Bhavan Corner,Chennai,0.0
2026-01-25,Filter Coffee,Beverages,2,84.0,40,Swiggy,UPI,Payment,Saravana Bhavan Corner,Chennai,0.0
2026-01-25,Bisi Bele Bath,Rice,1,136.5,130,Swiggy,UPI,Payment,Saravana Bhavan Corner,Chennai,0.0
2026-01-25,Mini Tiffin Thali,Thali,1,157.5,150,Swiggy,UPI,Payment,Saravana Bhavan Corner,Chennai,0.0
2026-01-25,Curd Rice,Rice,1,80.33,90,Swiggy,UPI,Payment,Saravana Bhavan Corner,Chennai,0.0
2026-01-25,Filter Coffee,Beverages,1,42.0,40,Swiggy,UPI,Payment,Saravana Bhavan Corner,Chennai,0.0
2026-01-25,Buttermilk,Beverages,1,31.5,30,Register,Cash,Payment,Saravana Bhavan Corner,Chennai,0.0
2026-01-25,Masala Chai,Beverages,1,36.75,35,Register,Cash,Payment,Saravana Bhavan Corner,Chennai,0.0
2026-01-25,Filter Coffee,Beverages,1,35.7,40,Register,Cash,Payment,Saravana Bhavan Corner,Chennai,0.0
2026-01-25,Curd Rice,Rice,1,94.5,90,Register,Cash,Payment,Saravana Bhavan Corner,Chennai,0.0
2026-01-25,Buttermilk,Beverages,2,63.0,30,Register,Cash,Payment,Saravana Bhavan Corner,Chennai,0.0
2026-01-25,Rasgulla (2pc),Desserts,1,73.5,70,Swiggy,UPI,Payment,Saravana Bhavan Corner,Chennai,0.0
2026-01-25,Buttermilk,Beverages,1,31.5,30,Swiggy,UPI,Payment,Saravana Bhavan Corner,Chennai,0.0
2026-01-25,Medu Vada Chaat,Snacks,1,73.5,70,Register,Card,Payment,Saravana Bhavan Corner,Chennai,0.0
2026-01-25,Masala Chai,Beverages,2,73.5,35,Swiggy,UPI,Payment,Saravana Bhavan Corner,Chennai,0.0
2026-01-25,Buttermilk,Beverages,1,26.78,30,Register,Cash,Payment,Saravana Bhavan Corner,Chennai,0.0
2026-01-25,Idli Vada Combo,Tiffin,1,94.5,90,Register,UPI,Payment,Saravana Bhavan Corner,Chennai,0.0
2026-01-25,Rasgulla (2pc),Desserts,2,147.0,70,Register,Cash,Payment,Saravana Bhavan Corner,Chennai,0.0
2026-01-25,Masala Dosa,Dosa,1,80.33,90,Register,Cash,Payment,Saravana Bhavan Corner,Chennai,0.0
2026-01-25,Rava Dosa,Dosa,1,115.5,110,Register,Cash,Payment,Saravana Bhavan Corner,Chennai,0.0
2026-01-25,Rava Dosa,Dosa,2,231.0,110,Register,Cash,Payment,Saravana Bhavan Corner,Chennai,0.0
2026-01-25,Rava Dosa,Dosa,2,231.0,110,Swiggy,UPI,Payment,Saravana Bhavan Corner,Chennai,0.0
2026-01-25,Bisi Bele Bath,Rice,1,136.5,130,Swiggy,UPI,Payment,Saravana Bhavan Corner,Chennai,0.0
2026-01-25,Veg Thali,Thali,1,189.0,180,Register,Card,Payment,Saravana Bhavan Corner,Chennai,0.0
2026-01-25,Rava Dosa,Dosa,1,115.5,110,Swiggy,UPI,Payment,Saravana Bhavan Corner,Chennai,0.0
2026-01-25,Rasgulla (2pc),Desserts,1,66.15,70,Register,Card,Payment,Saravana Bhavan Corner,Chennai,0.0
2026-01-25,Sambar Rice,Rice,2,252.0,120,Register,UPI,Payment,Saravana Bhavan Corner,Chennai,0.0
2026-01-25,Filter Coffee,Beverages,1,42.0,40,Register,UPI,Payment,Saravana Bhavan Corner,Chennai,0.0
2026-01-25,Idli Vada Combo,Tiffin,1,94.5,90,Register,Card,Payment,Saravana Bhavan Corner,Chennai,0.0
2026-01-25,Masala Dosa,Dosa,2,189.0,90,Register,Card,Payment,Saravana Bhavan Corner,Chennai,0.0
2026-01-25,Mysore Bonda,Snacks,2,126.0,60,Swiggy,UPI,Payment,Saravana Bhavan Corner,Chennai,0.0
2026-01-25,Sambar Rice,Rice,2,252.0,120,Swiggy,UPI,Payment,Saravana Bhavan Corner,Chennai,0.0
2026-01-25,Veg Thali,Thali,2,378.0,180,Register,Card,Payment,Saravana Bhavan Corner,Chennai,0.0
2026-01-26,Masala Chai,Beverages,1,36.75,35,Register,UPI,Payment,Saravana Bhavan Corner,Chennai,0.0
2026-01-26,Masala Dosa,Dosa,1,94.5,90,Register,UPI,Payment,Saravana Bhavan Corner,Chennai,0.0
2026-01-26,Rasgulla (2pc),Desserts,3,220.5,70,Register,UPI,Payment,Saravana Bhavan Corner,Chennai,0.0
2026-01-26,Sambar Rice,Rice,1,126.0,120,Register,UPI,Payment,Saravana Bhavan Corner,Chennai,0.0
2026-01-26,Masala Dosa,Dosa,1,94.5,90,Swiggy,UPI,Payment,Saravana Bhavan Corner,Chennai,0.0
2026-01-26,Bulk Catering Order,Uncategorized,1,3150.0,3000,Register,Card,Payment,Saravana Bhavan Corner,Chennai,0.0
2026-01-26,Idli (4pc),Tiffin,2,126.0,60,Register,UPI,Payment,Saravana Bhavan Corner,Chennai,0.0
2026-01-26,Rava Dosa,Dosa,1,115.5,110,Register,UPI,Payment,Saravana Bhavan Corner,Chennai,0.0
2026-01-26,Onion Uttapam,Dosa,1,105.0,100,Register,Cash,Payment,Saravana Bhavan Corner,Chennai,0.0
2026-01-26,Onion Uttapam,Dosa,1,105.0,100,Swiggy,Card,Payment,Saravana Bhavan Corner,Chennai,0.0
2026-01-26,Veg Thali,Thali,3,567.0,180,Swiggy,Card,Payment,Saravana Bhavan Corner,Chennai,0.0
2026-01-26,Vada (2pc),Tiffin,2,105.0,50,Swiggy,Card,Payment,Saravana Bhavan Corner,Chennai,0.0
2026-01-26,Buttermilk,Beverages,3,94.5,30,Register,Cash,Payment,Saravana Bhavan Corner,Chennai,0.0
2026-01-26,Plain Dosa,Dosa,2,147.0,70,Register,Cash,Payment,Saravana Bhavan Corner,Chennai,0.0
2026-01-26,Plain Dosa,Dosa,2,147.0,70,Register,Card,Payment,Saravana Bhavan Corner,Chennai,0.0
2026-01-26,Onion Uttapam,Dosa,1,105.0,100,Register,Cash,Payment,Saravana Bhavan Corner,Chennai,0.0
2026-01-26,Rasgulla (2pc),Desserts,1,73.5,70,Swiggy,Card,Payment,Saravana Bhavan Corner,Chennai,0.0
2026-01-26,Buttermilk,Beverages,1,31.5,30,Swiggy,Card,Payment,Saravana Bhavan Corner,Chennai,0.0
2026-01-26,Masala Chai,Beverages,1,33.08,35,Swiggy,Card,Payment,Saravana Bhavan Corner,Chennai,0.0
2026-01-26,Idli Vada Combo,Tiffin,2,189.0,90,Register,Card,Payment,Saravana Bhavan Corner,Chennai,0.0
2026-01-26,Masala Dosa,Dosa,1,94.5,90,Swiggy,Card,Payment,Saravana Bhavan Corner,Chennai,0.0
2026-01-26,Masala Chai,Beverages,1,33.08,35,Register,Cash,Payment,Saravana Bhavan Corner,Chennai,0.0
2026-01-26,Masala Chai,Beverages,3,110.25,35,Swiggy,Card,Payment,Saravana Bhavan Corner,Chennai,0.0
2026-01-26,Sambar Rice,Rice,1,126.0,120,Swiggy,Card,Payment,Saravana Bhavan Corner,Chennai,0.0
2026-01-26,Idli Vada Combo,Tiffin,3,240.98,90,Register,Card,Payment,Saravana Bhavan Corner,Chennai,0.0
2026-01-26,Filter Coffee,Beverages,1,42.0,40,Register,Card,Payment,Saravana Bhavan Corner,Chennai,0.0
2026-01-26,Rasgulla (2pc),Desserts,1,73.5,70,Swiggy,UPI,Payment,Saravana Bhavan Corner,Chennai,0.0
2026-01-26,Pongal,Tiffin,1,75.6,80,Swiggy,UPI,Payment,Saravana Bhavan Corner,Chennai,0.0
2026-01-26,Filter Coffee,Beverages,1,42.0,40,Swiggy,UPI,Payment,Saravana Bhavan Corner,Chennai,0.0
2026-01-26,Lemon Rice,Rice,2,210.0,100,Swiggy,Card,Payment,Saravana Bhavan Corner,Chennai,0.0
2026-01-26,Masala Dosa,Dosa,2,189.0,90,Register,UPI,Payment,Saravana Bhavan Corner,Chennai,0.0
2026-01-26,Filter Coffee,Beverages,2,84.0,40,Register,UPI,Payment,Saravana Bhavan Corner,Chennai,0.0
2026-01-26,Masala Dosa,Dosa,1,94.5,90,Register,UPI,Payment,Saravana Bhavan Corner,Chennai,0.0
2026-01-26,Curd Rice,Rice,1,94.5,90,Register,UPI,Payment,Saravana Bhavan Corner,Chennai,0.0
2026-01-26,Plain Dosa,Dosa,2,147.0,70,Register,UPI,Payment,Saravana Bhavan Corner,Chennai,0.0
2026-01-26,Vada (2pc),Tiffin,2,94.5,50,Register,Card,Payment,Saravana Bhavan Corner,Chennai,0.0
2026-01-26,Curd Rice,Rice,3,283.5,90,Register,Card,Payment,Saravana Bhavan Corner,Chennai,0.0
2026-01-26,Vada (2pc),Tiffin,1,52.5,50,Swiggy,Card,Payment,Saravana Bhavan Corner,Chennai,0.0
2026-01-26,Onion Uttapam,Dosa,2,210.0,100,Swiggy,Card,Payment,Saravana Bhavan Corner,Chennai,0.0
2026-01-26,Filter Coffee,Beverages,2,84.0,40,Register,UPI,Payment,Saravana Bhavan Corner,Chennai,0.0
2026-01-26,Sambar Rice,Rice,1,113.4,120,Swiggy,Card,Payment,Saravana Bhavan Corner,Chennai,0.0
2026-01-26,Mini Tiffin Thali,Thali,1,157.5,150,Swiggy,UPI,Payment,Saravana Bhavan Corner,Chennai,0.0
2026-01-26,Mini Tiffin Thali,Thali,2,315.0,150,Register,Card,Payment,Saravana Bhavan Corner,Chennai,0.0
2026-01-26,Filter Coffee,Beverages,1,37.8,40,Swiggy,Card,Payment,Saravana Bhavan Corner,Chennai,0.0
2026-01-26,Filter Coffee,Beverages,1,42.0,40,Swiggy,Card,Payment,Saravana Bhavan Corner,Chennai,0.0
2026-01-26,Veg Thali,Thali,1,189.0,180,Swiggy,Card,Payment,Saravana Bhavan Corner,Chennai,0.0
2026-01-26,Masala Chai,Beverages,3,110.25,35,Swiggy,Card,Payment,Saravana Bhavan Corner,Chennai,0.0
2026-01-26,Lemon Rice,Rice,1,105.0,100,Register,Card,Payment,Saravana Bhavan Corner,Chennai,0.0
2026-01-26,Pongal,Tiffin,2,168.0,80,Register,Card,Payment,Saravana Bhavan Corner,Chennai,0.0
2026-01-26,Mini Tiffin Thali,Thali,1,157.5,150,Register,Card,Payment,Saravana Bhavan Corner,Chennai,0.0
2026-01-26,Idli Vada Combo,Tiffin,1,80.33,90,Register,Card,Payment,Saravana Bhavan Corner,Chennai,0.0
2026-01-26,Sambar Rice,Rice,3,378.0,120,Register,Card,Payment,Saravana Bhavan Corner,Chennai,0.0
2026-01-26,Buttermilk,Beverages,2,63.0,30,Register,Card,Payment,Saravana Bhavan Corner,Chennai,0.0
2026-01-26,Onion Uttapam,Dosa,1,105.0,100,Register,Cash,Payment,Saravana Bhavan Corner,Chennai,0.0
2026-01-26,Buttermilk,Beverages,1,31.5,30,Register,Cash,Payment,Saravana Bhavan Corner,Chennai,0.0
2026-01-26,Buttermilk,Beverages,1,31.5,30,Register,Card,Payment,Saravana Bhavan Corner,Chennai,0.0
2026-01-26,Idli (4pc),Tiffin,1,63.0,60,Register,Card,Payment,Saravana Bhavan Corner,Chennai,0.0
2026-01-26,Curd Rice,Rice,1,94.5,90,Swiggy,UPI,Payment,Saravana Bhavan Corner,Chennai,0.0
2026-01-26,Filter Coffee,Beverages,3,126.0,40,Register,Cash,Payment,Saravana Bhavan Corner,Chennai,0.0
2026-01-26,Sambar Rice,Rice,3,340.2,120,Swiggy,Card,Payment,Saravana Bhavan Corner,Chennai,0.0
2026-01-26,Mysore Bonda,Snacks,1,63.0,60,Swiggy,Card,Payment,Saravana Bhavan Corner,Chennai,0.0
2026-01-26,Idli Vada Combo,Tiffin,1,85.05,90,Swiggy,Card,Payment,Saravana Bhavan Corner,Chennai,0.0
2026-01-26,Plain Dosa,Dosa,1,73.5,70,Register,Card,Payment,Saravana Bhavan Corner,Chennai,0.0
2026-01-26,Rasgulla (2pc),Desserts,3,220.5,70,Swiggy,UPI,Payment,Saravana Bhavan Corner,Chennai,0.0
2026-01-26,Veg Thali,Thali,2,378.0,180,Swiggy,UPI,Payment,Saravana Bhavan Corner,Chennai,0.0
2026-01-26,Mini Tiffin Thali,Thali,3,472.5,150,Register,Card,Payment,Saravana Bhavan Corner,Chennai,0.0
2026-01-26,Rava Dosa,Dosa,2,231.0,110,Swiggy,UPI,Payment,Saravana Bhavan Corner,Chennai,0.0
2026-01-26,Veg Thali,Thali,1,189.0,180,Swiggy,UPI,Payment,Saravana Bhavan Corner,Chennai,0.0
2026-01-26,Vada (2pc),Tiffin,1,44.62,50,Swiggy,UPI,Payment,Saravana Bhavan Corner,Chennai,0.0
2026-01-26,Veg Thali,Thali,1,160.65,180,Register,UPI,Payment,Saravana Bhavan Corner,Chennai,0.0
2026-01-26,Filter Coffee,Beverages,1,42.0,40,Register,UPI,Payment,Saravana Bhavan Corner,Chennai,0.0
2026-01-26,Idli (4pc),Tiffin,2,113.4,60,Register,UPI,Payment,Saravana Bhavan Corner,Chennai,0.0
2026-01-26,Curd Rice,Rice,3,283.5,90,Register,UPI,Payment,Saravana Bhavan Corner,Chennai,0.0
2026-01-26,Onion Uttapam,Dosa,1,105.0,100,Swiggy,UPI,Payment,Saravana Bhavan Corner,Chennai,0.0
2026-01-26,Filter Coffee,Beverages,1,42.0,40,Register,Cash,Payment,Saravana Bhavan Corner,Chennai,0.0
2026-01-26,Idli (4pc),Tiffin,1,63.0,60,Register,Cash,Payment,Saravana Bhavan Corner,Chennai,0.0
2026-01-26,Rava Dosa,Dosa,1,115.5,110,Register,Cash,Payment,Saravana Bhavan Corner,Chennai,0.0
2026-01-26,Idli Vada Combo,Tiffin,1,94.5,90,Swiggy,Card,Payment,Saravana Bhavan Corner,Chennai,0.0
2026-01-26,Sambar Rice,Rice,1,113.4,120,Swiggy,Card,Payment,Saravana Bhavan Corner,Chennai,0.0
2026-01-26,Veg Thali,Thali,1,189.0,180,Swiggy,UPI,Payment,Saravana Bhavan Corner,Chennai,0.0
2026-01-26,Lemon Rice,Rice,2,210.0,100,Swiggy,UPI,Payment,Saravana Bhavan Corner,Chennai,0.0
2026-01-26,Veg Thali,Thali,1,189.0,180,Register,Cash,Payment,Saravana Bhavan Corner,Chennai,0.0
2026-01-26,Rasgulla (2pc),Desserts,1,73.5,70,Swiggy,UPI,Payment,Saravana Bhavan Corner,Chennai,0.0
2026-01-27,Vada (2pc),Tiffin,1,52.5,50,Register,Card,Payment,Saravana Bhavan Corner,Chennai,0.0
2026-01-27,Vada (2pc),Tiffin,2,105.0,50,Register,Card,Payment,Saravana Bhavan Corner,Chennai,0.0
2026-01-27,Mini Tiffin Thali,Thali,1,157.5,150,Register,Cash,Payment,Saravana Bhavan Corner,Chennai,0.0
2026-01-27,Vada (2pc),Tiffin,2,105.0,50,Register,Cash,Payment,Saravana Bhavan Corner,Chennai,0.0
2026-01-27,Mini Tiffin Thali,Thali,1,157.5,150,Register,Cash,Payment,Saravana Bhavan Corner,Chennai,0.0
2026-01-27,Onion Uttapam,Dosa,2,210.0,100,Register,Cash,Payment,Saravana Bhavan Corner,Chennai,0.0
2026-01-27,Idli Vada Combo,Tiffin,1,94.5,90,Register,UPI,Payment,Saravana Bhavan Corner,Chennai,0.0
2026-01-27,Filter Coffee,Beverages,1,42.0,40,Register,Card,Payment,Saravana Bhavan Corner,Chennai,0.0
2026-01-27,Sambar Rice,Rice,2,252.0,120,Register,Card,Payment,Saravana Bhavan Corner,Chennai,0.0
2026-01-27,Mini Tiffin Thali,Thali,1,157.5,150,Register,UPI,Payment,Saravana Bhavan Corner,Chennai,0.0
2026-01-27,Idli Vada Combo,Tiffin,2,189.0,90,Register,Cash,Payment,Saravana Bhavan Corner,Chennai,0.0
2026-01-27,Sambar Rice,Rice,1,126.0,120,Swiggy,UPI,Payment,Saravana Bhavan Corner,Chennai,0.0
2026-01-27,Lemon Rice,Rice,1,105.0,100,Register,Cash,Payment,Saravana Bhavan Corner,Chennai,0.0
2026-01-27,Idli (4pc),Tiffin,3,189.0,60,Register,Card,Payment,Saravana Bhavan Corner,Chennai,0.0
2026-01-27,Mysore Bonda,Snacks,1,56.7,60,Swiggy,UPI,Payment,Saravana Bhavan Corner,Chennai,0.0
2026-01-27,Veg Thali,Thali,2,378.0,180,Register,Cash,Payment,Saravana Bhavan Corner,Chennai,0.0
2026-01-27,Masala Chai,Beverages,2,73.5,35,Register,Cash,Payment,Saravana Bhavan Corner,Chennai,0.0
2026-01-27,Filter Coffee,Beverages,1,42.0,40,Register,Cash,Payment,Saravana Bhavan Corner,Chennai,0.0
2026-01-27,Mini Tiffin Thali,Thali,2,283.5,150,Register,Cash,Payment,Saravana Bhavan Corner,Chennai,0.0
2026-01-27,Veg Thali,Thali,1,189.0,180,Register,Cash,Payment,Saravana Bhavan Corner,Chennai,0.0
2026-01-27,Masala Dosa,Dosa,1,94.5,90,Register,Card,Payment,Saravana Bhavan Corner,Chennai,0.0
2026-01-27,Idli Vada Combo,Tiffin,1,80.33,90,Register,Card,Payment,Saravana Bhavan Corner,Chennai,0.0
2026-01-27,Plain Dosa,Dosa,1,73.5,70,Register,Cash,Payment,Saravana Bhavan Corner,Chennai,0.0
2026-01-27,Lemon Rice,Rice,1,105.0,100,Register,Cash,Payment,Saravana Bhavan Corner,Chennai,0.0
2026-01-27,Filter Coffee,Beverages,1,42.0,40,Register,Cash,Payment,Saravana Bhavan Corner,Chennai,0.0
2026-01-27,Filter Coffee,Beverages,3,126.0,40,Register,UPI,Payment,Saravana Bhavan Corner,Chennai,0.0
2026-01-27,Vada (2pc),Tiffin,2,105.0,50,Register,UPI,Payment,Saravana Bhavan Corner,Chennai,0.0
2026-01-27,Medu Vada Chaat,Snacks,2,147.0,70,Register,Card,Payment,Saravana Bhavan Corner,Chennai,0.0
2026-01-27,Bisi Bele Bath,Rice,1,136.5,130,Register,Card,Payment,Saravana Bhavan Corner,Chennai,0.0
2026-01-27,Lemon Rice,Rice,1,105.0,100,Register,Card,Payment,Saravana Bhavan Corner,Chennai,0.0
2026-01-27,Bisi Bele Bath,Rice,1,136.5,130,Register,Card,Payment,Saravana Bhavan Corner,Chennai,0.0
2026-01-27,Masala Dosa,Dosa,1,80.33,90,Register,Cash,Payment,Saravana Bhavan Corner,Chennai,0.0
2026-01-27,Mysore Bonda,Snacks,1,63.0,60,Register,Card,Payment,Saravana Bhavan Corner,Chennai,0.0
2026-01-27,Idli Vada Combo,Tiffin,1,94.5,90,Register,Cash,Payment,Saravana Bhavan Corner,Chennai,0.0
2026-01-27,Filter Coffee,Beverages,1,42.0,40,Register,Card,Payment,Saravana Bhavan Corner,Chennai,0.0
2026-01-27,Rasgulla (2pc),Desserts,1,73.5,70,Swiggy,Card,Payment,Saravana Bhavan Corner,Chennai,0.0
2026-01-27,Buttermilk,Beverages,1,31.5,30,Register,Cash,Payment,Saravana Bhavan Corner,Chennai,0.0
2026-01-27,Vada (2pc),Tiffin,1,52.5,50,Register,Card,Payment,Saravana Bhavan Corner,Chennai,0.0
2026-01-27,Masala Dosa,Dosa,1,94.5,90,Register,Card,Payment,Saravana Bhavan Corner,Chennai,0.0
2026-01-27,Veg Thali,Thali,2,378.0,180,Register,Card,Payment,Saravana Bhavan Corner,Chennai,0.0
2026-01-27,Filter Coffee,Beverages,3,126.0,40,Register,UPI,Payment,Saravana Bhavan Corner,Chennai,0.0
2026-01-27,Vada (2pc),Tiffin,1,52.5,50,Register,UPI,Payment,Saravana Bhavan Corner,Chennai,0.0
2026-01-27,Masala Chai,Beverages,2,73.5,35,Register,UPI,Payment,Saravana Bhavan Corner,Chennai,0.0
2026-01-27,Bisi Bele Bath,Rice,1,136.5,130,Register,Card,Payment,Saravana Bhavan Corner,Chennai,0.0
2026-01-27,Vada (2pc),Tiffin,1,52.5,50,Register,Card,Payment,Saravana Bhavan Corner,Chennai,0.0
2026-01-27,Pongal,Tiffin,1,84.0,80,Register,Card,Payment,Saravana Bhavan Corner,Chennai,0.0
2026-01-27,Mysore Bonda,Snacks,2,126.0,60,Register,Card,Payment,Saravana Bhavan Corner,Chennai,0.0
2026-01-27,Filter Coffee,Beverages,3,126.0,40,Register,Card,Payment,Saravana Bhavan Corner,Chennai,0.0
2026-01-27,Idli (4pc),Tiffin,1,63.0,60,Register,Card,Payment,Saravana Bhavan Corner,Chennai,0.0
2026-01-27,Masala Chai,Beverages,2,73.5,35,Register,UPI,Payment,Saravana Bhavan Corner,Chennai,0.0
2026-01-27,Filter Coffee,Beverages,1,42.0,40,Register,UPI,Payment,Saravana Bhavan Corner,Chennai,0.0
2026-01-27,Masala Dosa,Dosa,1,94.5,90,Register,Card,Payment,Saravana Bhavan Corner,Chennai,0.0
2026-01-27,Masala Chai,Beverages,2,73.5,35,Register,Card,Payment,Saravana Bhavan Corner,Chennai,0.0
2026-01-27,Filter Coffee,Beverages,3,126.0,40,Register,Card,Payment,Saravana Bhavan Corner,Chennai,0.0
2026-01-27,Masala Dosa,Dosa,1,94.5,90,Register,UPI,Payment,Saravana Bhavan Corner,Chennai,0.0
2026-01-27,Curd Rice,Rice,3,283.5,90,Register,UPI,Payment,Saravana Bhavan Corner,Chennai,0.0
2026-01-27,Vada (2pc),Tiffin,1,52.5,50,Register,UPI,Payment,Saravana Bhavan Corner,Chennai,0.0
2026-01-27,Sambar Rice,Rice,2,214.2,120,Swiggy,Card,Payment,Saravana Bhavan Corner,Chennai,0.0
2026-01-27,Idli (4pc),Tiffin,2,126.0,60,Swiggy,Card,Payment,Saravana Bhavan Corner,Chennai,0.0
2026-01-27,Masala Dosa,Dosa,2,189.0,90,Swiggy,Card,Payment,Saravana Bhavan Corner,Chennai,0.0
2026-01-27,Medu Vada Chaat,Snacks,1,73.5,70,Swiggy,UPI,Payment,Saravana Bhavan Corner,Chennai,0.0
2026-01-27,Buttermilk,Beverages,1,31.5,30,Register,UPI,Payment,Saravana Bhavan Corner,Chennai,0.0
2026-01-27,Lemon Rice,Rice,1,94.5,100,Register,UPI,Payment,Saravana Bhavan Corner,Chennai,0.0
2026-01-27,Sambar Rice,Rice,2,214.2,120,Register,UPI,Payment,Saravana Bhavan Corner,Chennai,0.0
2026-01-27,Plain Dosa,Dosa,2,147.0,70,Register,UPI,Payment,Saravana Bhavan Corner,Chennai,0.0
2026-01-27,Vada (2pc),Tiffin,1,52.5,50,Register,UPI,Payment,Saravana Bhavan Corner,Chennai,0.0
2026-01-27,Idli Vada Combo,Tiffin,1,94.5,90,Register,UPI,Payment,Saravana Bhavan Corner,Chennai,0.0
2026-01-27,Medu Vada Chaat,Snacks,2,132.3,70,Swiggy,Card,Payment,Saravana Bhavan Corner,Chennai,0.0
2026-01-28,Mini Tiffin Thali,Thali,1,157.5,150,Register,Cash,Payment,Saravana Bhavan Corner,Chennai,0.0
2026-01-28,Veg Thali,Thali,1,189.0,180,Register,Cash,Payment,Saravana Bhavan Corner,Chennai,0.0
2026-01-28,Vada (2pc),Tiffin,1,52.5,50,Swiggy,Card,Payment,Saravana Bhavan Corner,Chennai,0.0
2026-01-28,Sambar Rice,Rice,1,126.0,120,Swiggy,Card,Payment,Saravana Bhavan Corner,Chennai,0.0
2026-01-28,Idli Vada Combo,Tiffin,1,94.5,90,Register,Cash,Payment,Saravana Bhavan Corner,Chennai,0.0
2026-01-28,Masala Dosa,Dosa,1,94.5,90,Register,Cash,Payment,Saravana Bhavan Corner,Chennai,0.0
2026-01-28,Masala Chai,Beverages,1,36.75,35,Register,Cash,Payment,Saravana Bhavan Corner,Chennai,0.0
2026-01-28,Masala Chai,Beverages,1,36.75,35,Register,Card,Payment,Saravana Bhavan Corner,Chennai,0.0
2026-01-28,Mysore Bonda,Snacks,1,63.0,60,Register,Cash,Payment,Saravana Bhavan Corner,Chennai,0.0
2026-01-28,Masala Dosa,Dosa,2,160.65,90,Register,Card,Payment,Saravana Bhavan Corner,Chennai,0.0
2026-01-28,Curd Rice,Rice,2,189.0,90,Swiggy,Card,Payment,Saravana Bhavan Corner,Chennai,0.0
2026-01-28,Filter Coffee,Beverages,1,35.7,40,Register,UPI,Payment,Saravana Bhavan Corner,Chennai,0.0
2026-01-28,Bisi Bele Bath,Rice,1,136.5,130,Swiggy,Card,Payment,Saravana Bhavan Corner,Chennai,0.0
2026-01-28,Filter Coffee,Beverages,1,42.0,40,Register,UPI,Payment,Saravana Bhavan Corner,Chennai,0.0
2026-01-28,Plain Dosa,Dosa,2,147.0,70,Register,UPI,Payment,Saravana Bhavan Corner,Chennai,0.0
2026-01-28,Onion Uttapam,Dosa,1,94.5,100,Register,UPI,Payment,Saravana Bhavan Corner,Chennai,0.0
2026-01-28,Buttermilk,Beverages,1,31.5,30,Register,UPI,Payment,Saravana Bhavan Corner,Chennai,0.0
2026-01-28,Mini Tiffin Thali,Thali,2,315.0,150,Register,UPI,Payment,Saravana Bhavan Corner,Chennai,0.0
2026-01-28,Masala Dosa,Dosa,1,94.5,90,Register,UPI,Payment,Saravana Bhavan Corner,Chennai,0.0
2026-01-28,Rasgulla (2pc),Desserts,1,73.5,70,Swiggy,Card,Payment,Saravana Bhavan Corner,Chennai,0.0
2026-01-28,Veg Thali,Thali,2,378.0,180,Register,Card,Payment,Saravana Bhavan Corner,Chennai,0.0
2026-01-28,Buttermilk,Beverages,2,63.0,30,Swiggy,UPI,Payment,Saravana Bhavan Corner,Chennai,0.0
2026-01-28,Filter Coffee,Beverages,1,42.0,40,Swiggy,UPI,Payment,Saravana Bhavan Corner,Chennai,0.0
2026-01-28,Masala Dosa,Dosa,1,94.5,90,Swiggy,UPI,Payment,Saravana Bhavan Corner,Chennai,0.0
2026-01-28,Masala Dosa,Dosa,1,85.05,90,Register,Cash,Payment,Saravana Bhavan Corner,Chennai,0.0
2026-01-28,Mini Tiffin Thali,Thali,1,157.5,150,Swiggy,UPI,Payment,Saravana Bhavan Corner,Chennai,0.0
2026-01-28,Idli (4pc),Tiffin,1,63.0,60,Register,UPI,Payment,Saravana Bhavan Corner,Chennai,0.0
2026-01-28,Sambar Rice,Rice,2,252.0,120,Swiggy,UPI,Payment,Saravana Bhavan Corner,Chennai,0.0
2026-01-28,Masala Chai,Beverages,1,36.75,35,Swiggy,UPI,Payment,Saravana Bhavan Corner,Chennai,0.0
2026-01-28,Filter Coffee,Beverages,1,42.0,40,Register,Cash,Payment,Saravana Bhavan Corner,Chennai,0.0
2026-01-28,Pongal,Tiffin,2,168.0,80,Register,Cash,Payment,Saravana Bhavan Corner,Chennai,0.0
2026-01-28,Mini Tiffin Thali,Thali,1,157.5,150,Register,Card,Payment,Saravana Bhavan Corner,Chennai,0.0
2026-01-28,Filter Coffee,Beverages,1,42.0,40,Register,Card,Payment,Saravana Bhavan Corner,Chennai,0.0
2026-01-28,Buttermilk,Beverages,1,31.5,30,Register,Card,Payment,Saravana Bhavan Corner,Chennai,0.0
2026-01-28,Masala Dosa,Dosa,1,94.5,90,Register,Cash,Payment,Saravana Bhavan Corner,Chennai,0.0
2026-01-28,Masala Dosa,Dosa,1,94.5,90,Register,Cash,Payment,Saravana Bhavan Corner,Chennai,0.0
2026-01-28,Onion Uttapam,Dosa,1,105.0,100,Swiggy,Card,Payment,Saravana Bhavan Corner,Chennai,0.0
2026-01-28,Idli (4pc),Tiffin,1,53.55,60,Swiggy,UPI,Payment,Saravana Bhavan Corner,Chennai,0.0
2026-01-28,Masala Chai,Beverages,1,36.75,35,Swiggy,UPI,Payment,Saravana Bhavan Corner,Chennai,0.0
2026-01-28,Idli Vada Combo,Tiffin,2,189.0,90,Swiggy,UPI,Payment,Saravana Bhavan Corner,Chennai,0.0
2026-01-28,Masala Chai,Beverages,1,36.75,35,Swiggy,UPI,Payment,Saravana Bhavan Corner,Chennai,0.0
2026-01-28,Curd Rice,Rice,3,283.5,90,Swiggy,UPI,Payment,Saravana Bhavan Corner,Chennai,0.0
2026-01-28,Mysore Bonda,Snacks,2,113.4,60,Register,Card,Payment,Saravana Bhavan Corner,Chennai,0.0
2026-01-28,Curd Rice,Rice,1,94.5,90,Register,Card,Payment,Saravana Bhavan Corner,Chennai,0.0
2026-01-28,Plain Dosa,Dosa,1,73.5,70,Register,Card,Payment,Saravana Bhavan Corner,Chennai,0.0
2026-01-28,Curd Rice,Rice,1,94.5,90,Swiggy,UPI,Payment,Saravana Bhavan Corner,Chennai,0.0
2026-01-28,Mysore Bonda,Snacks,1,56.7,60,Swiggy,UPI,Payment,Saravana Bhavan Corner,Chennai,0.0
2026-01-28,Mini Tiffin Thali,Thali,3,472.5,150,Register,UPI,Payment,Saravana Bhavan Corner,Chennai,0.0
2026-01-28,Vada (2pc),Tiffin,1,52.5,50,Register,UPI,Payment,Saravana Bhavan Corner,Chennai,0.0
2026-01-28,Mini Tiffin Thali,Thali,2,267.75,150,Swiggy,UPI,Payment,Saravana Bhavan Corner,Chennai,0.0
2026-01-28,Masala Dosa,Dosa,3,255.15,90,Register,Card,Payment,Saravana Bhavan Corner,Chennai,0.0
2026-01-28,Lemon Rice,Rice,2,178.5,100,Swiggy,UPI,Payment,Saravana Bhavan Corner,Chennai,0.0
2026-01-28,Veg Thali,Thali,2,321.3,180,Swiggy,UPI,Payment,Saravana Bhavan Corner,Chennai,0.0
2026-01-28,Mysore Bonda,Snacks,3,189.0,60,Swiggy,UPI,Payment,Saravana Bhavan Corner,Chennai,0.0
2026-01-28,Mini Tiffin Thali,Thali,3,472.5,150,Register,Card,Payment,Saravana Bhavan Corner,Chennai,0.0
2026-01-28,Plain Dosa,Dosa,1,73.5,70,Register,Card,Payment,Saravana Bhavan Corner,Chennai,0.0
2026-01-29,Filter Coffee,Beverages,1,42.0,40,Register,UPI,Payment,Saravana Bhavan Corner,Chennai,0.0
2026-01-29,Plain Dosa,Dosa,2,147.0,70,Register,UPI,Payment,Saravana Bhavan Corner,Chennai,0.0
2026-01-29,Vada (2pc),Tiffin,3,157.5,50,Register,UPI,Payment,Saravana Bhavan Corner,Chennai,0.0
2026-01-29,Idli (4pc),Tiffin,1,53.55,60,Register,UPI,Payment,Saravana Bhavan Corner,Chennai,0.0
2026-01-29,Rava Dosa,Dosa,1,115.5,110,Register,Cash,Payment,Saravana Bhavan Corner,Chennai,0.0
2026-01-29,Vada (2pc),Tiffin,3,157.5,50,Register,Cash,Payment,Saravana Bhavan Corner,Chennai,0.0
2026-01-29,Bisi Bele Bath,Rice,1,136.5,130,Register,Card,Payment,Saravana Bhavan Corner,Chennai,0.0
2026-01-29,Rasgulla (2pc),Desserts,2,147.0,70,Register,Card,Payment,Saravana Bhavan Corner,Chennai,0.0
2026-01-29,Pongal,Tiffin,3,252.0,80,Swiggy,Card,Payment,Saravana Bhavan Corner,Chennai,0.0
2026-01-29,Rava Dosa,Dosa,1,115.5,110,Register,Cash,Payment,Saravana Bhavan Corner,Chennai,0.0
2026-01-29,Masala Dosa,Dosa,1,80.33,90,Swiggy,Card,Payment,Saravana Bhavan Corner,Chennai,0.0
2026-01-29,Masala Dosa,Dosa,1,94.5,90,Register,Cash,Payment,Saravana Bhavan Corner,Chennai,0.0
2026-01-29,Idli Vada Combo,Tiffin,1,94.5,90,Swiggy,UPI,Payment,Saravana Bhavan Corner,Chennai,0.0
2026-01-29,Bisi Bele Bath,Rice,2,273.0,130,Register,Cash,Payment,Saravana Bhavan Corner,Chennai,0.0
2026-01-29,Plain Dosa,Dosa,1,62.48,70,Register,Cash,Payment,Saravana Bhavan Corner,Chennai,0.0
2026-01-29,Plain Dosa,Dosa,2,147.0,70,Register,Cash,Payment,Saravana Bhavan Corner,Chennai,0.0
2026-01-29,Idli (4pc),Tiffin,1,56.7,60,Swiggy,Card,Payment,Saravana Bhavan Corner,Chennai,0.0
2026-01-29,Curd Rice,Rice,2,189.0,90,Register,UPI,Payment,Saravana Bhavan Corner,Chennai,0.0
2026-01-29,Buttermilk,Beverages,1,31.5,30,Register,UPI,Payment,Saravana Bhavan Corner,Chennai,0.0
2026-01-29,Bisi Bele Bath,Rice,1,136.5,130,Register,UPI,Payment,Saravana Bhavan Corner,Chennai,0.0
2026-01-29,Pongal,Tiffin,2,168.0,80,Swiggy,Card,Payment,Saravana Bhavan Corner,Chennai,0.0
2026-01-29,Filter Coffee,Beverages,1,35.7,40,Register,Card,Payment,Saravana Bhavan Corner,Chennai,0.0
2026-01-29,Buttermilk,Beverages,1,31.5,30,Swiggy,UPI,Payment,Saravana Bhavan Corner,Chennai,0.0
2026-01-29,Buttermilk,Beverages,2,63.0,30,Register,Card,Payment,Saravana Bhavan Corner,Chennai,0.0
2026-01-29,Idli Vada Combo,Tiffin,1,94.5,90,Register,UPI,Payment,Saravana Bhavan Corner,Chennai,0.0
2026-01-29,Medu Vada Chaat,Snacks,1,73.5,70,Register,Cash,Payment,Saravana Bhavan Corner,Chennai,0.0
2026-01-29,Masala Dosa,Dosa,1,94.5,90,Register,Cash,Payment,Saravana Bhavan Corner,Chennai,0.0
2026-01-29,Veg Thali,Thali,1,189.0,180,Register,Cash,Payment,Saravana Bhavan Corner,Chennai,0.0
2026-01-29,Sambar Rice,Rice,2,252.0,120,Register,Cash,Payment,Saravana Bhavan Corner,Chennai,0.0
2026-01-29,Masala Dosa,Dosa,1,94.5,90,Swiggy,Card,Payment,Saravana Bhavan Corner,Chennai,0.0
2026-01-29,Masala Dosa,Dosa,1,94.5,90,Swiggy,Card,Payment,Saravana Bhavan Corner,Chennai,0.0
2026-01-29,Masala Dosa,Dosa,2,189.0,90,Swiggy,UPI,Payment,Saravana Bhavan Corner,Chennai,0.0
2026-01-29,Mysore Bonda,Snacks,3,189.0,60,Swiggy,UPI,Payment,Saravana Bhavan Corner,Chennai,0.0
2026-01-29,Idli (4pc),Tiffin,1,63.0,60,Swiggy,UPI,Payment,Saravana Bhavan Corner,Chennai,0.0
2026-01-29,Buttermilk,Beverages,1,31.5,30,Register,UPI,Payment,Saravana Bhavan Corner,Chennai,0.0
2026-01-29,Curd Rice,Rice,3,283.5,90,Register,UPI,Payment,Saravana Bhavan Corner,Chennai,0.0
2026-01-29,Filter Coffee,Beverages,1,35.7,40,Register,Cash,Payment,Saravana Bhavan Corner,Chennai,0.0
2026-01-29,Idli (4pc),Tiffin,2,126.0,60,Swiggy,UPI,Payment,Saravana Bhavan Corner,Chennai,0.0
2026-01-29,Idli (4pc),Tiffin,2,126.0,60,Register,UPI,Payment,Saravana Bhavan Corner,Chennai,0.0
2026-01-29,Idli (4pc),Tiffin,1,63.0,60,Register,UPI,Payment,Saravana Bhavan Corner,Chennai,0.0
2026-01-29,Pongal,Tiffin,1,84.0,80,Register,UPI,Payment,Saravana Bhavan Corner,Chennai,0.0
2026-01-29,Mini Tiffin Thali,Thali,1,157.5,150,Register,UPI,Payment,Saravana Bhavan Corner,Chennai,0.0
2026-01-29,Masala Chai,Beverages,1,36.75,35,Register,UPI,Payment,Saravana Bhavan Corner,Chennai,0.0
2026-01-29,Masala Dosa,Dosa,1,94.5,90,Register,UPI,Payment,Saravana Bhavan Corner,Chennai,0.0
2026-01-29,Masala Dosa,Dosa,1,94.5,90,Register,UPI,Payment,Saravana Bhavan Corner,Chennai,0.0
2026-01-29,Onion Uttapam,Dosa,1,89.25,100,Register,UPI,Payment,Saravana Bhavan Corner,Chennai,0.0
2026-01-29,Idli Vada Combo,Tiffin,1,94.5,90,Swiggy,UPI,Payment,Saravana Bhavan Corner,Chennai,0.0
2026-01-29,Idli (4pc),Tiffin,2,126.0,60,Register,UPI,Payment,Saravana Bhavan Corner,Chennai,0.0
2026-01-30,Filter Coffee,Beverages,1,35.7,40,Swiggy,UPI,Payment,Saravana Bhavan Corner,Chennai,0.0
2026-01-30,Lemon Rice,Rice,2,210.0,100,Register,UPI,Payment,Saravana Bhavan Corner,Chennai,0.0
2026-01-30,Rava Dosa,Dosa,1,115.5,110,Register,Cash,Payment,Saravana Bhavan Corner,Chennai,0.0
2026-01-30,Mini Tiffin Thali,Thali,1,157.5,150,Register,Cash,Payment,Saravana Bhavan Corner,Chennai,0.0
2026-01-30,Idli (4pc),Tiffin,1,56.7,60,Register,Cash,Payment,Saravana Bhavan Corner,Chennai,0.0
2026-01-30,Filter Coffee,Beverages,1,42.0,40,Register,UPI,Payment,Saravana Bhavan Corner,Chennai,0.0
2026-01-30,Mini Tiffin Thali,Thali,2,315.0,150,Register,UPI,Payment,Saravana Bhavan Corner,Chennai,0.0
2026-01-30,Filter Coffee,Beverages,1,42.0,40,Register,UPI,Payment,Saravana Bhavan Corner,Chennai,0.0
2026-01-30,Filter Coffee,Beverages,1,42.0,40,Register,UPI,Payment,Saravana Bhavan Corner,Chennai,0.0
2026-01-30,Rava Dosa,Dosa,2,231.0,110,Swiggy,UPI,Payment,Saravana Bhavan Corner,Chennai,0.0
2026-01-30,Mini Tiffin Thali,Thali,1,157.5,150,Swiggy,UPI,Payment,Saravana Bhavan Corner,Chennai,0.0
2026-01-30,Onion Uttapam,Dosa,3,267.75,100,Register,Cash,Payment,Saravana Bhavan Corner,Chennai,0.0
2026-01-30,Masala Chai,Beverages,1,36.75,35,Register,Cash,Payment,Saravana Bhavan Corner,Chennai,0.0
2026-01-30,Filter Coffee,Beverages,1,42.0,40,Swiggy,Card,Payment,Saravana Bhavan Corner,Chennai,0.0
2026-01-30,Pongal,Tiffin,1,84.0,80,Swiggy,Card,Payment,Saravana Bhavan Corner,Chennai,0.0
2026-01-30,Rasgulla (2pc),Desserts,1,73.5,70,Swiggy,Card,Payment,Saravana Bhavan Corner,Chennai,0.0
2026-01-30,Rava Dosa,Dosa,1,115.5,110,Swiggy,Card,Payment,Saravana Bhavan Corner,Chennai,0.0
2026-01-30,Vada (2pc),Tiffin,2,105.0,50,Register,UPI,Payment,Saravana Bhavan Corner,Chennai,0.0
2026-01-30,Onion Uttapam,Dosa,1,105.0,100,Swiggy,UPI,Payment,Saravana Bhavan Corner,Chennai,0.0
2026-01-30,Rava Dosa,Dosa,1,115.5,110,Swiggy,Card,Payment,Saravana Bhavan Corner,Chennai,0.0
2026-01-30,Filter Coffee,Beverages,1,37.8,40,Register,Cash,Payment,Saravana Bhavan Corner,Chennai,0.0
2026-01-30,Veg Thali,Thali,2,321.3,180,Swiggy,Card,Payment,Saravana Bhavan Corner,Chennai,0.0
2026-01-30,Idli (4pc),Tiffin,2,126.0,60,Register,Cash,Payment,Saravana Bhavan Corner,Chennai,0.0
2026-01-30,Buttermilk,Beverages,1,31.5,30,Register,Cash,Payment,Saravana Bhavan Corner,Chennai,0.0
2026-01-30,Rava Dosa,Dosa,1,103.95,110,Register,UPI,Payment,Saravana Bhavan Corner,Chennai,0.0
2026-01-30,Rava Dosa,Dosa,1,103.95,110,Register,UPI,Payment,Saravana Bhavan Corner,Chennai,0.0
2026-01-30,Onion Uttapam,Dosa,1,105.0,100,Register,UPI,Payment,Saravana Bhavan Corner,Chennai,0.0
2026-01-30,Mini Tiffin Thali,Thali,2,315.0,150,Register,Cash,Payment,Saravana Bhavan Corner,Chennai,0.0
2026-01-30,Rava Dosa,Dosa,2,231.0,110,Register,Cash,Payment,Saravana Bhavan Corner,Chennai,0.0
2026-01-30,Lemon Rice,Rice,2,210.0,100,Register,Cash,Payment,Saravana Bhavan Corner,Chennai,0.0
2026-01-30,Masala Dosa,Dosa,2,189.0,90,Register,Cash,Payment,Saravana Bhavan Corner,Chennai,0.0
2026-01-30,Mysore Bonda,Snacks,1,63.0,60,Register,Cash,Payment,Saravana Bhavan Corner,Chennai,0.0
2026-01-30,Plain Dosa,Dosa,2,147.0,70,Swiggy,UPI,Payment,Saravana Bhavan Corner,Chennai,0.0
2026-01-30,Mysore Bonda,Snacks,1,63.0,60,Register,Cash,Payment,Saravana Bhavan Corner,Chennai,0.0
2026-01-30,Lemon Rice,Rice,1,105.0,100,Register,UPI,Payment,Saravana Bhavan Corner,Chennai,0.0
2026-01-30,Medu Vada Chaat,Snacks,1,66.15,70,Register,UPI,Payment,Saravana Bhavan Corner,Chennai,0.0
2026-01-30,Bisi Bele Bath,Rice,3,409.5,130,Register,Cash,Payment,Saravana Bhavan Corner,Chennai,0.0
2026-01-30,Filter Coffee,Beverages,1,42.0,40,Register,Cash,Payment,Saravana Bhavan Corner,Chennai,0.0
2026-01-30,Veg Thali,Thali,2,378.0,180,Register,UPI,Payment,Saravana Bhavan Corner,Chennai,0.0
2026-01-30,Lemon Rice,Rice,2,210.0,100,Register,UPI,Payment,Saravana Bhavan Corner,Chennai,0.0
2026-01-30,Idli (4pc),Tiffin,1,63.0,60,Register,UPI,Payment,Saravana Bhavan Corner,Chennai,0.0
2026-01-30,Vada (2pc),Tiffin,3,157.5,50,Swiggy,Card,Payment,Saravana Bhavan Corner,Chennai,0.0
2026-01-30,Filter Coffee,Beverages,1,42.0,40,Swiggy,Card,Payment,Saravana Bhavan Corner,Chennai,0.0
2026-01-30,Pongal,Tiffin,1,84.0,80,Swiggy,Card,Payment,Saravana Bhavan Corner,Chennai,0.0
2026-01-30,Bulk Catering Order,Uncategorized,2,6300.0,3000,Swiggy,Card,Payment,Saravana Bhavan Corner,Chennai,0.0
2026-01-30,Idli Vada Combo,Tiffin,1,94.5,90,Register,UPI,Payment,Saravana Bhavan Corner,Chennai,0.0
2026-01-30,Vada (2pc),Tiffin,1,52.5,50,Register,UPI,Payment,Saravana Bhavan Corner,Chennai,0.0
2026-01-30,Mysore Bonda,Snacks,2,126.0,60,Register,Cash,Payment,Saravana Bhavan Corner,Chennai,0.0
2026-01-30,Mysore Bonda,Snacks,3,189.0,60,Register,Cash,Payment,Saravana Bhavan Corner,Chennai,0.0
2026-01-30,Bisi Bele Bath,Rice,1,136.5,130,Register,Cash,Payment,Saravana Bhavan Corner,Chennai,0.0
2026-01-30,Sambar Rice,Rice,1,126.0,120,Register,Cash,Payment,Saravana Bhavan Corner,Chennai,0.0
2026-01-30,Rasgulla (2pc),Desserts,1,73.5,70,Swiggy,Card,Payment,Saravana Bhavan Corner,Chennai,0.0
2026-01-30,Vada (2pc),Tiffin,2,105.0,50,Swiggy,Card,Payment,Saravana Bhavan Corner,Chennai,0.0
2026-01-30,Idli Vada Combo,Tiffin,1,94.5,90,Register,UPI,Payment,Saravana Bhavan Corner,Chennai,0.0
2026-01-30,Sambar Rice,Rice,3,378.0,120,Swiggy,Card,Payment,Saravana Bhavan Corner,Chennai,0.0
2026-01-30,Filter Coffee,Beverages,1,37.8,40,Swiggy,Card,Payment,Saravana Bhavan Corner,Chennai,0.0
2026-01-30,Onion Uttapam,Dosa,1,105.0,100,Swiggy,Card,Payment,Saravana Bhavan Corner,Chennai,0.0
2026-01-30,Lemon Rice,Rice,1,105.0,100,Swiggy,Card,Payment,Saravana Bhavan Corner,Chennai,0.0
2026-01-30,Filter Coffee,Beverages,1,42.0,40,Swiggy,Card,Payment,Saravana Bhavan Corner,Chennai,0.0
2026-01-30,Plain Dosa,Dosa,1,73.5,70,Swiggy,Card,Payment,Saravana Bhavan Corner,Chennai,0.0
2026-01-30,Bisi Bele Bath,Rice,2,273.0,130,Register,Cash,Payment,Saravana Bhavan Corner,Chennai,0.0
2026-01-30,Vada (2pc),Tiffin,1,52.5,50,Register,Cash,Payment,Saravana Bhavan Corner,Chennai,0.0
2026-01-30,Idli (4pc),Tiffin,1,63.0,60,Swiggy,Card,Payment,Saravana Bhavan Corner,Chennai,0.0
2026-01-30,Idli (4pc),Tiffin,1,56.7,60,Swiggy,Card,Payment,Saravana Bhavan Corner,Chennai,0.0
2026-01-30,Idli Vada Combo,Tiffin,2,189.0,90,Swiggy,Card,Payment,Saravana Bhavan Corner,Chennai,0.0
2026-01-30,Masala Dosa,Dosa,1,94.5,90,Swiggy,Card,Payment,Saravana Bhavan Corner,Chennai,0.0
2026-01-30,Veg Thali,Thali,2,321.3,180,Swiggy,Card,Payment,Saravana Bhavan Corner,Chennai,0.0
2026-01-30,Masala Chai,Beverages,2,73.5,35,Register,Cash,Payment,Saravana Bhavan Corner,Chennai,0.0
2026-01-30,Veg Thali,Thali,1,189.0,180,Swiggy,Card,Payment,Saravana Bhavan Corner,Chennai,0.0
2026-01-30,Sambar Rice,Rice,1,126.0,120,Register,Cash,Payment,Saravana Bhavan Corner,Chennai,0.0
2026-01-30,Idli (4pc),Tiffin,2,126.0,60,Register,Cash,Payment,Saravana Bhavan Corner,Chennai,0.0
2026-01-30,Veg Thali,Thali,2,378.0,180,Swiggy,UPI,Payment,Saravana Bhavan Corner,Chennai,0.0
2026-01-30,Veg Thali,Thali,2,378.0,180,Swiggy,UPI,Payment,Saravana Bhavan Corner,Chennai,0.0
2026-01-30,Plain Dosa,Dosa,1,73.5,70,Swiggy,UPI,Payment,Saravana Bhavan Corner,Chennai,0.0
2026-01-30,Veg Thali,Thali,1,170.1,180,Swiggy,UPI,Payment,Saravana Bhavan Corner,Chennai,0.0
2026-01-30,Plain Dosa,Dosa,1,73.5,70,Swiggy,UPI,Payment,Saravana Bhavan Corner,Chennai,0.0
2026-01-30,Idli Vada Combo,Tiffin,1,85.05,90,Register,UPI,Payment,Saravana Bhavan Corner,Chennai,0.0
2026-01-30,Onion Uttapam,Dosa,2,210.0,100,Register,UPI,Payment,Saravana Bhavan Corner,Chennai,0.0
2026-01-30,Plain Dosa,Dosa,2,147.0,70,Register,UPI,Payment,Saravana Bhavan Corner,Chennai,0.0
2026-01-30,Veg Thali,Thali,1,189.0,180,Swiggy,Card,Payment,Saravana Bhavan Corner,Chennai,0.0
2026-01-30,Vada (2pc),Tiffin,3,157.5,50,Swiggy,Card,Payment,Saravana Bhavan Corner,Chennai,0.0
2026-01-30,Curd Rice,Rice,1,94.5,90,Swiggy,Card,Payment,Saravana Bhavan Corner,Chennai,0.0
2026-01-30,Masala Dosa,Dosa,2,189.0,90,Swiggy,Card,Payment,Saravana Bhavan Corner,Chennai,0.0
2026-01-30,Idli Vada Combo,Tiffin,1,94.5,90,Swiggy,Card,Payment,Saravana Bhavan Corner,Chennai,0.0
2026-01-30,Medu Vada Chaat,Snacks,1,73.5,70,Register,UPI,Payment,Saravana Bhavan Corner,Chennai,0.0
2026-01-30,Bisi Bele Bath,Rice,1,136.5,130,Swiggy,UPI,Payment,Saravana Bhavan Corner,Chennai,0.0
2026-01-30,Onion Uttapam,Dosa,2,210.0,100,Register,UPI,Payment,Saravana Bhavan Corner,Chennai,0.0
2026-01-31,Lemon Rice,Rice,1,105.0,100,Register,Cash,Payment,Saravana Bhavan Corner,Chennai,0.0
2026-01-31,Sambar Rice,Rice,1,126.0,120,Swiggy,UPI,Payment,Saravana Bhavan Corner,Chennai,0.0
2026-01-31,Vada (2pc),Tiffin,1,52.5,50,Swiggy,UPI,Payment,Saravana Bhavan Corner,Chennai,0.0
2026-01-31,Filter Coffee,Beverages,2,84.0,40,Swiggy,UPI,Payment,Saravana Bhavan Corner,Chennai,0.0
2026-01-31,Masala Dosa,Dosa,2,189.0,90,Swiggy,UPI,Payment,Saravana Bhavan Corner,Chennai,0.0
2026-01-31,Onion Uttapam,Dosa,1,89.25,100,Swiggy,Card,Payment,Saravana Bhavan Corner,Chennai,0.0
2026-01-31,Plain Dosa,Dosa,1,73.5,70,Register,Card,Payment,Saravana Bhavan Corner,Chennai,0.0
2026-01-31,Masala Dosa,Dosa,2,189.0,90,Register,Card,Payment,Saravana Bhavan Corner,Chennai,0.0
2026-01-31,Idli (4pc),Tiffin,2,126.0,60,Swiggy,Card,Payment,Saravana Bhavan Corner,Chennai,0.0
2026-01-31,Masala Dosa,Dosa,2,189.0,90,Swiggy,Card,Payment,Saravana Bhavan Corner,Chennai,0.0
2026-01-31,Idli (4pc),Tiffin,2,126.0,60,Register,UPI,Payment,Saravana Bhavan Corner,Chennai,0.0
2026-01-31,Vada (2pc),Tiffin,1,52.5,50,Register,Cash,Payment,Saravana Bhavan Corner,Chennai,0.0
2026-01-31,Sambar Rice,Rice,1,126.0,120,Register,UPI,Payment,Saravana Bhavan Corner,Chennai,0.0
2026-01-31,Masala Chai,Beverages,2,66.15,35,Swiggy,Card,Payment,Saravana Bhavan Corner,Chennai,0.0
2026-01-31,Sambar Rice,Rice,2,252.0,120,Register,Cash,Payment,Saravana Bhavan Corner,Chennai,0.0
2026-01-31,Onion Uttapam,Dosa,3,315.0,100,Register,UPI,Payment,Saravana Bhavan Corner,Chennai,0.0
2026-01-31,Idli Vada Combo,Tiffin,1,94.5,90,Register,UPI,Payment,Saravana Bhavan Corner,Chennai,0.0
2026-01-31,Vada (2pc),Tiffin,1,52.5,50,Register,UPI,Payment,Saravana Bhavan Corner,Chennai,0.0
2026-01-31,Rava Dosa,Dosa,1,115.5,110,Register,UPI,Payment,Saravana Bhavan Corner,Chennai,0.0
2026-01-31,Masala Dosa,Dosa,1,94.5,90,Register,Card,Payment,Saravana Bhavan Corner,Chennai,0.0
2026-01-31,Plain Dosa,Dosa,1,73.5,70,Register,Card,Payment,Saravana Bhavan Corner,Chennai,0.0
2026-01-31,Idli Vada Combo,Tiffin,3,283.5,90,Register,Card,Payment,Saravana Bhavan Corner,Chennai,0.0
2026-01-31,Idli (4pc),Tiffin,1,63.0,60,Register,Card,Payment,Saravana Bhavan Corner,Chennai,0.0
2026-01-31,Masala Chai,Beverages,2,73.5,35,Register,Cash,Payment,Saravana Bhavan Corner,Chennai,0.0
2026-01-31,Filter Coffee,Beverages,1,42.0,40,Register,UPI,Payment,Saravana Bhavan Corner,Chennai,0.0
2026-01-31,Veg Thali,Thali,1,189.0,180,Register,UPI,Payment,Saravana Bhavan Corner,Chennai,0.0
2026-01-31,Idli (4pc),Tiffin,3,189.0,60,Register,Card,Payment,Saravana Bhavan Corner,Chennai,0.0
2026-01-31,Filter Coffee,Beverages,1,37.8,40,Register,Card,Payment,Saravana Bhavan Corner,Chennai,0.0
2026-01-31,Bisi Bele Bath,Rice,2,245.7,130,Swiggy,Card,Payment,Saravana Bhavan Corner,Chennai,0.0
2026-01-31,Onion Uttapam,Dosa,1,105.0,100,Swiggy,Card,Payment,Saravana Bhavan Corner,Chennai,0.0
2026-01-31,Rava Dosa,Dosa,3,346.5,110,Swiggy,Card,Payment,Saravana Bhavan Corner,Chennai,0.0
2026-01-31,Mini Tiffin Thali,Thali,1,157.5,150,Register,UPI,Payment,Saravana Bhavan Corner,Chennai,0.0
2026-01-31,Idli (4pc),Tiffin,1,63.0,60,Swiggy,UPI,Payment,Saravana Bhavan Corner,Chennai,0.0
2026-01-31,Lemon Rice,Rice,1,105.0,100,Register,Card,Payment,Saravana Bhavan Corner,Chennai,0.0
2026-01-31,Pongal,Tiffin,1,84.0,80,Swiggy,UPI,Payment,Saravana Bhavan Corner,Chennai,0.0
2026-01-31,Plain Dosa,Dosa,1,66.15,70,Register,Cash,Payment,Saravana Bhavan Corner,Chennai,0.0
2026-01-31,Onion Uttapam,Dosa,2,210.0,100,Register,UPI,Payment,Saravana Bhavan Corner,Chennai,0.0
2026-01-31,Onion Uttapam,Dosa,2,210.0,100,Register,Card,Payment,Saravana Bhavan Corner,Chennai,0.0
2026-01-31,Rasgulla (2pc),Desserts,1,73.5,70,Register,Card,Payment,Saravana Bhavan Corner,Chennai,0.0
2026-01-31,Veg Thali,Thali,1,189.0,180,Register,UPI,Payment,Saravana Bhavan Corner,Chennai,0.0
2026-01-31,Idli Vada Combo,Tiffin,1,94.5,90,Register,UPI,Payment,Saravana Bhavan Corner,Chennai,0.0
2026-01-31,Masala Dosa,Dosa,1,94.5,90,Register,UPI,Payment,Saravana Bhavan Corner,Chennai,0.0
2026-01-31,Onion Uttapam,Dosa,1,105.0,100,Register,UPI,Payment,Saravana Bhavan Corner,Chennai,0.0
2026-01-31,Masala Dosa,Dosa,2,189.0,90,Register,UPI,Payment,Saravana Bhavan Corner,Chennai,0.0
2026-01-31,Curd Rice,Rice,1,85.05,90,Register,UPI,Payment,Saravana Bhavan Corner,Chennai,0.0
2026-01-31,Plain Dosa,Dosa,1,73.5,70,Register,Card,Payment,Saravana Bhavan Corner,Chennai,0.0
2026-01-31,Medu Vada Chaat,Snacks,1,73.5,70,Register,Card,Payment,Saravana Bhavan Corner,Chennai,0.0
2026-01-31,Masala Dosa,Dosa,2,189.0,90,Register,Card,Payment,Saravana Bhavan Corner,Chennai,0.0
2026-01-31,Idli Vada Combo,Tiffin,2,189.0,90,Register,UPI,Payment,Saravana Bhavan Corner,Chennai,0.0
2026-01-31,Veg Thali,Thali,3,567.0,180,Register,Card,Payment,Saravana Bhavan Corner,Chennai,0.0
2026-01-31,Idli (4pc),Tiffin,1,63.0,60,Swiggy,Card,Payment,Saravana Bhavan Corner,Chennai,0.0
2026-01-31,Pongal,Tiffin,1,84.0,80,Register,Card,Payment,Saravana Bhavan Corner,Chennai,0.0
2026-01-31,Masala Dosa,Dosa,1,94.5,90,Swiggy,UPI,Payment,Saravana Bhavan Corner,Chennai,0.0
2026-01-31,Filter Coffee,Beverages,1,42.0,40,Register,UPI,Payment,Saravana Bhavan Corner,Chennai,0.0
2026-01-31,Masala Chai,Beverages,2,73.5,35,Register,UPI,Payment,Saravana Bhavan Corner,Chennai,0.0
2026-01-31,Filter Coffee,Beverages,2,84.0,40,Register,UPI,Payment,Saravana Bhavan Corner,Chennai,0.0
2026-01-31,Rava Dosa,Dosa,1,115.5,110,Register,Card,Payment,Saravana Bhavan Corner,Chennai,0.0
2026-01-31,Filter Coffee,Beverages,1,42.0,40,Register,Card,Payment,Saravana Bhavan Corner,Chennai,0.0
2026-01-31,Masala Dosa,Dosa,2,189.0,90,Swiggy,UPI,Payment,Saravana Bhavan Corner,Chennai,0.0
2026-01-31,Veg Thali,Thali,1,189.0,180,Register,Card,Payment,Saravana Bhavan Corner,Chennai,0.0
2026-01-31,Rasgulla (2pc),Desserts,1,73.5,70,Register,Card,Payment,Saravana Bhavan Corner,Chennai,0.0
2026-01-31,Rasgulla (2pc),Desserts,1,73.5,70,Register,Card,Payment,Saravana Bhavan Corner,Chennai,0.0
2026-01-31,Masala Dosa,Dosa,1,94.5,90,Register,Card,Payment,Saravana Bhavan Corner,Chennai,0.0
2026-01-31,Idli (4pc),Tiffin,2,126.0,60,Register,Card,Payment,Saravana Bhavan Corner,Chennai,0.0
2026-01-31,Idli Vada Combo,Tiffin,1,94.5,90,Register,Card,Payment,Saravana Bhavan Corner,Chennai,0.0
2026-01-31,Bisi Bele Bath,Rice,1,136.5,130,Register,Card,Payment,Saravana Bhavan Corner,Chennai,0.0
2026-01-31,Rasgulla (2pc),Desserts,1,73.5,70,Register,Card,Payment,Saravana Bhavan Corner,Chennai,0.0
2026-01-31,Buttermilk,Beverages,3,85.05,30,Register,Cash,Payment,Saravana Bhavan Corner,Chennai,0.0
2026-01-31,Buttermilk,Beverages,1,31.5,30,Register,Card,Payment,Saravana Bhavan Corner,Chennai,0.0
2026-01-31,Rasgulla (2pc),Desserts,2,147.0,70,Register,Cash,Payment,Saravana Bhavan Corner,Chennai,0.0
2026-01-31,Filter Coffee,Beverages,2,84.0,40,Register,Cash,Payment,Saravana Bhavan Corner,Chennai,0.0
2026-01-31,Curd Rice,Rice,2,189.0,90,Register,Cash,Payment,Saravana Bhavan Corner,Chennai,0.0
2026-01-31,Vada (2pc),Tiffin,1,52.5,50,Register,Cash,Payment,Saravana Bhavan Corner,Chennai,0.0
2026-01-31,Rasgulla (2pc),Desserts,1,73.5,70,Register,Card,Payment,Saravana Bhavan Corner,Chennai,0.0
2026-01-31,Mysore Bonda,Snacks,1,63.0,60,Register,Card,Payment,Saravana Bhavan Corner,Chennai,0.0
2026-01-31,Masala Dosa,Dosa,1,94.5,90,Register,Card,Payment,Saravana Bhavan Corner,Chennai,0.0
2026-01-31,Plain Dosa,Dosa,1,73.5,70,Register,Card,Payment,Saravana Bhavan Corner,Chennai,0.0
2026-01-31,Veg Thali,Thali,2,378.0,180,Register,Cash,Payment,Saravana Bhavan Corner,Chennai,0.0
2026-01-31,Pongal,Tiffin,1,84.0,80,Register,Cash,Payment,Saravana Bhavan Corner,Chennai,0.0
2026-01-31,Buttermilk,Beverages,2,63.0,30,Swiggy,UPI,Payment,Saravana Bhavan Corner,Chennai,0.0
2026-01-31,Onion Uttapam,Dosa,1,105.0,100,Register,Cash,Payment,Saravana Bhavan Corner,Chennai,0.0
2026-01-31,Masala Dosa,Dosa,1,94.5,90,Swiggy,UPI,Payment,Saravana Bhavan Corner,Chennai,0.0
2026-01-31,Veg Thali,Thali,1,189.0,180,Swiggy,UPI,Payment,Saravana Bhavan Corner,Chennai,0.0
2026-01-31,Idli Vada Combo,Tiffin,1,80.33,90,Swiggy,UPI,Payment,Saravana Bhavan Corner,Chennai,0.0
2026-01-31,Idli Vada Combo,Tiffin,1,94.5,90,Register,UPI,Payment,Saravana Bhavan Corner,Chennai,0.0
2026-01-31,Masala Dosa,Dosa,1,94.5,90,Register,Card,Payment,Saravana Bhavan Corner,Chennai,0.0
2026-01-31,Idli Vada Combo,Tiffin,2,189.0,90,Swiggy,UPI,Payment,Saravana Bhavan Corner,Chennai,0.0
2026-01-31,Filter Coffee,Beverages,2,84.0,40,Register,Cash,Payment,Saravana Bhavan Corner,Chennai,0.0
2026-01-31,Curd Rice,Rice,1,94.5,90,Register,Card,Payment,Saravana Bhavan Corner,Chennai,0.0
2026-01-31,Rava Dosa,Dosa,2,207.9,110,Register,Card,Payment,Saravana Bhavan Corner,Chennai,0.0
2026-01-31,Veg Thali,Thali,1,189.0,180,Register,Card,Payment,Saravana Bhavan Corner,Chennai,0.0
2026-01-31,Veg Thali,Thali,1,189.0,180,Register,Cash,Payment,Saravana Bhavan Corner,Chennai,0.0
2026-01-31,Onion Uttapam,Dosa,2,210.0,100,Register,Cash,Payment,Saravana Bhavan Corner,Chennai,0.0
2026-01-31,Idli (4pc),Tiffin,1,63.0,60,Swiggy,UPI,Payment,Saravana Bhavan Corner,Chennai,0.0
2026-01-31,Mini Tiffin Thali,Thali,1,133.88,150,Register,Cash,Payment,Saravana Bhavan Corner,Chennai,0.0
2026-01-31,Rava Dosa,Dosa,1,103.95,110,Register,UPI,Payment,Saravana Bhavan Corner,Chennai,0.0
2026-01-31,Buttermilk,Beverages,1,26.78,30,Register,UPI,Payment,Saravana Bhavan Corner,Chennai,0.0
2026-01-31,Curd Rice,Rice,2,189.0,90,Swiggy,UPI,Payment,Saravana Bhavan Corner,Chennai,0.0
2026-01-31,Sambar Rice,Rice,2,252.0,120,Swiggy,UPI,Payment,Saravana Bhavan Corner,Chennai,0.0
2026-01-31,Masala Dosa,Dosa,1,94.5,90,Swiggy,UPI,Payment,Saravana Bhavan Corner,Chennai,0.0
2026-01-31,Idli Vada Combo,Tiffin,2,189.0,90,Swiggy,UPI,Payment,Saravana Bhavan Corner,Chennai,0.0
2026-01-31,Medu Vada Chaat,Snacks,1,73.5,70,Register,Card,Payment,Saravana Bhavan Corner,Chennai,0.0
2026-01-31,Filter Coffee,Beverages,1,42.0,40,Swiggy,UPI,Payment,Saravana Bhavan Corner,Chennai,0.0
2026-01-31,Masala Chai,Beverages,1,36.75,35,Register,Card,Payment,Saravana Bhavan Corner,Chennai,0.0
2026-01-31,Sambar Rice,Rice,2,252.0,120,Register,Cash,Payment,Saravana Bhavan Corner,Chennai,0.0
2026-01-31,Pongal,Tiffin,2,168.0,80,Register,Cash,Payment,Saravana Bhavan Corner,Chennai,0.0
2026-01-31,Plain Dosa,Dosa,1,73.5,70,Swiggy,Card,Payment,Saravana Bhavan Corner,Chennai,0.0
2026-01-31,Curd Rice,Rice,3,283.5,90,Register,Cash,Payment,Saravana Bhavan Corner,Chennai,0.0
2026-01-31,Idli (4pc),Tiffin,1,63.0,60,Register,Cash,Payment,Saravana Bhavan Corner,Chennai,0.0
2026-01-31,Bisi Bele Bath,Rice,2,273.0,130,Swiggy,UPI,Payment,Saravana Bhavan Corner,Chennai,0.0
2026-01-31,Idli Vada Combo,Tiffin,2,189.0,90,Swiggy,UPI,Payment,Saravana Bhavan Corner,Chennai,0.0
2026-01-31,Rava Dosa,Dosa,2,231.0,110,Swiggy,UPI,Payment,Saravana Bhavan Corner,Chennai,0.0
2026-01-31,Masala Dosa,Dosa,2,189.0,90,Register,Card,Payment,Saravana Bhavan Corner,Chennai,0.0
2026-01-31,Plain Dosa,Dosa,1,73.5,70,Register,Card,Payment,Saravana Bhavan Corner,Chennai,0.0
2026-01-31,Buttermilk,Beverages,2,56.7,30,Swiggy,Card,Payment,Saravana Bhavan Corner,Chennai,0.0
2026-01-31,Mini Tiffin Thali,Thali,3,401.62,150,Swiggy,Card,Payment,Saravana Bhavan Corner,Chennai,0.0
2026-01-31,Veg Thali,Thali,1,189.0,180,Swiggy,Card,Payment,Saravana Bhavan Corner,Chennai,0.0
2026-01-31,Masala Chai,Beverages,1,36.75,35,Swiggy,Card,Payment,Saravana Bhavan Corner,Chennai,0.0
2026-01-31,Filter Coffee,Beverages,2,84.0,40,Register,Card,Payment,Saravana Bhavan Corner,Chennai,0.0
2026-01-31,Medu Vada Chaat,Snacks,1,62.48,70,Register,Card,Payment,Saravana Bhavan Corner,Chennai,0.0
2026-01-31,Mysore Bonda,Snacks,3,189.0,60,Register,Card,Payment,Saravana Bhavan Corner,Chennai,0.0
2026-01-31,Bisi Bele Bath,Rice,1,136.5,130,Swiggy,UPI,Payment,Saravana Bhavan Corner,Chennai,0.0
2026-01-31,Masala Dosa,Dosa,2,189.0,90,Register,Cash,Payment,Saravana Bhavan Corner,Chennai,0.0
2026-01-31,Vada (2pc),Tiffin,2,89.25,50,Register,UPI,Payment,Saravana Bhavan Corner,Chennai,0.0
2026-01-31,Curd Rice,Rice,2,189.0,90,Register,UPI,Payment,Saravana Bhavan Corner,Chennai,0.0
2026-01-31,Onion Uttapam,Dosa,1,89.25,100,Swiggy,UPI,Payment,Saravana Bhavan Corner,Chennai,0.0
2026-01-31,Filter Coffee,Beverages,1,42.0,40,Swiggy,UPI,Payment,Saravana Bhavan Corner,Chennai,0.0
2026-01-31,Sambar Rice,Rice,2,252.0,120,Swiggy,UPI,Payment,Saravana Bhavan Corner,Chennai,0.0
2026-01-31,Filter Coffee,Beverages,1,42.0,40,Register,Card,Payment,Saravana Bhavan Corner,Chennai,0.0
2026-01-31,Onion Uttapam,Dosa,1,89.25,100,Register,Cash,Payment,Saravana Bhavan Corner,Chennai,0.0
2026-01-31,Idli (4pc),Tiffin,1,63.0,60,Register,Cash,Payment,Saravana Bhavan Corner,Chennai,0.0
2026-01-31,Filter Coffee,Beverages,1,35.7,40,Register,Card,Payment,Saravana Bhavan Corner,Chennai,0.0
2026-01-31,Onion Uttapam,Dosa,1,105.0,100,Register,Card,Payment,Saravana Bhavan Corner,Chennai,0.0
2026-01-31,Idli (4pc),Tiffin,1,53.55,60,Register,Card,Payment,Saravana Bhavan Corner,Chennai,0.0
2026-01-31,Idli (4pc),Tiffin,2,107.1,60,Register,Card,Payment,Saravana Bhavan Corner,Chennai,0.0
2026-01-31,Buttermilk,Beverages,1,31.5,30,Register,Card,Payment,Saravana Bhavan Corner,Chennai,0.0
2026-01-31,Rava Dosa,Dosa,1,103.95,110,Register,Cash,Payment,Saravana Bhavan Corner,Chennai,0.0
2026-02-01,Lemon Rice,Rice,1,105.0,100,Swiggy,Card,Payment,Saravana Bhavan Corner,Chennai,0.0
2026-02-01,Filter Coffee,Beverages,2,84.0,40,Register,Cash,Payment,Saravana Bhavan Corner,Chennai,0.0
2026-02-01,Filter Coffee,Beverages,1,42.0,40,Swiggy,Card,Payment,Saravana Bhavan Corner,Chennai,0.0
2026-02-01,Vada (2pc),Tiffin,1,52.5,50,Register,Cash,Payment,Saravana Bhavan Corner,Chennai,0.0
2026-02-01,Mini Tiffin Thali,Thali,2,315.0,150,Register,Card,Payment,Saravana Bhavan Corner,Chennai,0.0
2026-02-01,Sambar Rice,Rice,1,126.0,120,Swiggy,Card,Payment,Saravana Bhavan Corner,Chennai,0.0
2026-02-01,Idli Vada Combo,Tiffin,1,94.5,90,Swiggy,Card,Payment,Saravana Bhavan Corner,Chennai,0.0
2026-02-01,Plain Dosa,Dosa,1,73.5,70,Swiggy,UPI,Payment,Saravana Bhavan Corner,Chennai,0.0
2026-02-01,Plain Dosa,Dosa,1,73.5,70,Swiggy,Card,Payment,Saravana Bhavan Corner,Chennai,0.0
2026-02-01,Filter Coffee,Beverages,1,42.0,40,Register,Cash,Payment,Saravana Bhavan Corner,Chennai,0.0
2026-02-01,Idli Vada Combo,Tiffin,1,94.5,90,Register,Cash,Payment,Saravana Bhavan Corner,Chennai,0.0
2026-02-01,Pongal,Tiffin,2,168.0,80,Register,Cash,Payment,Saravana Bhavan Corner,Chennai,0.0
2026-02-01,Masala Chai,Beverages,1,36.75,35,Register,Cash,Payment,Saravana Bhavan Corner,Chennai,0.0
2026-02-01,Idli Vada Combo,Tiffin,2,170.1,90,Swiggy,Card,Payment,Saravana Bhavan Corner,Chennai,0.0
2026-02-01,Masala Chai,Beverages,3,110.25,35,Register,Card,Payment,Saravana Bhavan Corner,Chennai,0.0
2026-02-01,Rasgulla (2pc),Desserts,2,147.0,70,Swiggy,Card,Payment,Saravana Bhavan Corner,Chennai,0.0
2026-02-01,Veg Thali,Thali,1,189.0,180,Swiggy,Card,Payment,Saravana Bhavan Corner,Chennai,0.0
2026-02-01,Veg Thali,Thali,2,378.0,180,Swiggy,UPI,Payment,Saravana Bhavan Corner,Chennai,0.0
2026-02-01,Plain Dosa,Dosa,1,73.5,70,Register,UPI,Payment,Saravana Bhavan Corner,Chennai,0.0
2026-02-01,Medu Vada Chaat,Snacks,1,73.5,70,Swiggy,Card,Payment,Saravana Bhavan Corner,Chennai,0.0
2026-02-01,Vada (2pc),Tiffin,3,157.5,50,Swiggy,Card,Payment,Saravana Bhavan Corner,Chennai,0.0
2026-02-01,Veg Thali,Thali,1,170.1,180,Swiggy,Card,Payment,Saravana Bhavan Corner,Chennai,0.0
2026-02-01,Masala Chai,Beverages,1,36.75,35,Swiggy,Card,Payment,Saravana Bhavan Corner,Chennai,0.0
2026-02-01,Sambar Rice,Rice,1,126.0,120,Swiggy,UPI,Payment,Saravana Bhavan Corner,Chennai,0.0
2026-02-01,Plain Dosa,Dosa,1,73.5,70,Swiggy,Card,Payment,Saravana Bhavan Corner,Chennai,0.0
2026-02-01,Sambar Rice,Rice,1,126.0,120,Swiggy,Card,Payment,Saravana Bhavan Corner,Chennai,0.0
2026-02-01,Veg Thali,Thali,1,189.0,180,Register,UPI,Payment,Saravana Bhavan Corner,Chennai,0.0
2026-02-01,Mysore Bonda,Snacks,1,63.0,60,Register,UPI,Payment,Saravana Bhavan Corner,Chennai,0.0
2026-02-01,Masala Dosa,Dosa,1,94.5,90,Register,UPI,Payment,Saravana Bhavan Corner,Chennai,0.0
2026-02-01,Curd Rice,Rice,1,94.5,90,Register,UPI,Payment,Saravana Bhavan Corner,Chennai,0.0
2026-02-01,Vada (2pc),Tiffin,2,105.0,50,Register,UPI,Payment,Saravana Bhavan Corner,Chennai,0.0
2026-02-01,Mini Tiffin Thali,Thali,3,472.5,150,Register,UPI,Payment,Saravana Bhavan Corner,Chennai,0.0
2026-02-01,Onion Uttapam,Dosa,1,105.0,100,Register,Card,Payment,Saravana Bhavan Corner,Chennai,0.0
2026-02-01,Buttermilk,Beverages,1,31.5,30,Register,Card,Payment,Saravana Bhavan Corner,Chennai,0.0
2026-02-01,Lemon Rice,Rice,2,210.0,100,Register,UPI,Payment,Saravana Bhavan Corner,Chennai,0.0
2026-02-01,Plain Dosa,Dosa,2,147.0,70,Register,UPI,Payment,Saravana Bhavan Corner,Chennai,0.0
2026-02-01,Plain Dosa,Dosa,2,147.0,70,Swiggy,Card,Payment,Saravana Bhavan Corner,Chennai,0.0
2026-02-01,Veg Thali,Thali,1,189.0,180,Register,UPI,Payment,Saravana Bhavan Corner,Chennai,0.0
2026-02-01,Veg Thali,Thali,1,189.0,180,Swiggy,Card,Payment,Saravana Bhavan Corner,Chennai,0.0
2026-02-01,Pongal,Tiffin,2,168.0,80,Register,Cash,Payment,Saravana Bhavan Corner,Chennai,0.0
2026-02-01,Buttermilk,Beverages,1,28.35,30,Register,Cash,Payment,Saravana Bhavan Corner,Chennai,0.0
2026-02-01,Idli (4pc),Tiffin,1,56.7,60,Swiggy,UPI,Payment,Saravana Bhavan Corner,Chennai,0.0
2026-02-01,Vada (2pc),Tiffin,1,52.5,50,Swiggy,UPI,Payment,Saravana Bhavan Corner,Chennai,0.0
2026-02-01,Plain Dosa,Dosa,1,73.5,70,Swiggy,Card,Payment,Saravana Bhavan Corner,Chennai,0.0
2026-02-01,Mini Tiffin Thali,Thali,3,472.5,150,Swiggy,Card,Payment,Saravana Bhavan Corner,Chennai,0.0
2026-02-01,Idli Vada Combo,Tiffin,1,94.5,90,Swiggy,Card,Payment,Saravana Bhavan Corner,Chennai,0.0
2026-02-01,Medu Vada Chaat,Snacks,1,73.5,70,Swiggy,Card,Payment,Saravana Bhavan Corner,Chennai,0.0
2026-02-01,Plain Dosa,Dosa,1,73.5,70,Register,Cash,Payment,Saravana Bhavan Corner,Chennai,0.0
2026-02-01,Filter Coffee,Beverages,1,42.0,40,Register,Cash,Payment,Saravana Bhavan Corner,Chennai,0.0
2026-02-01,Masala Dosa,Dosa,2,189.0,90,Register,Card,Payment,Saravana Bhavan Corner,Chennai,0.0
2026-02-01,Mysore Bonda,Snacks,1,63.0,60,Register,Card,Payment,Saravana Bhavan Corner,Chennai,0.0
2026-02-01,Masala Dosa,Dosa,2,189.0,90,Register,Cash,Payment,Saravana Bhavan Corner,Chennai,0.0
2026-02-01,Vada (2pc),Tiffin,1,44.62,50,Register,Cash,Payment,Saravana Bhavan Corner,Chennai,0.0
2026-02-01,Masala Chai,Beverages,1,36.75,35,Register,Cash,Payment,Saravana Bhavan Corner,Chennai,0.0
2026-02-01,Onion Uttapam,Dosa,1,105.0,100,Swiggy,Card,Payment,Saravana Bhavan Corner,Chennai,0.0
2026-02-01,Lemon Rice,Rice,2,189.0,100,Register,Cash,Payment,Saravana Bhavan Corner,Chennai,0.0
2026-02-01,Plain Dosa,Dosa,1,73.5,70,Register,Cash,Payment,Saravana Bhavan Corner,Chennai,0.0
2026-02-01,Masala Chai,Beverages,1,31.24,35,Register,Cash,Payment,Saravana Bhavan Corner,Chennai,0.0
2026-02-01,Sambar Rice,Rice,3,378.0,120,Swiggy,Card,Payment,Saravana Bhavan Corner,Chennai,0.0
2026-02-01,Plain Dosa,Dosa,1,73.5,70,Swiggy,Card,Payment,Saravana Bhavan Corner,Chennai,0.0
2026-02-01,Mini Tiffin Thali,Thali,2,267.75,150,Swiggy,UPI,Payment,Saravana Bhavan Corner,Chennai,0.0
2026-02-01,Idli (4pc),Tiffin,1,53.55,60,Swiggy,UPI,Payment,Saravana Bhavan Corner,Chennai,0.0
2026-02-01,Medu Vada Chaat,Snacks,1,73.5,70,Swiggy,Card,Payment,Saravana Bhavan Corner,Chennai,0.0
2026-02-01,Masala Chai,Beverages,2,66.15,35,Swiggy,Card,Payment,Saravana Bhavan Corner,Chennai,0.0
2026-02-01,Lemon Rice,Rice,2,210.0,100,Swiggy,Card,Payment,Saravana Bhavan Corner,Chennai,0.0
2026-02-01,Veg Thali,Thali,1,189.0,180,Swiggy,Card,Payment,Saravana Bhavan Corner,Chennai,0.0
2026-02-01,Onion Uttapam,Dosa,1,105.0,100,Register,Card,Payment,Saravana Bhavan Corner,Chennai,0.0
2026-02-01,Lemon Rice,Rice,1,105.0,100,Register,Cash,Payment,Saravana Bhavan Corner,Chennai,0.0
2026-02-01,Mini Tiffin Thali,Thali,2,315.0,150,Register,Card,Payment,Saravana Bhavan Corner,Chennai,0.0
2026-02-01,Veg Thali,Thali,1,189.0,180,Register,Card,Payment,Saravana Bhavan Corner,Chennai,0.0
2026-02-01,Masala Chai,Beverages,1,36.75,35,Register,Card,Payment,Saravana Bhavan Corner,Chennai,0.0
2026-02-01,Sambar Rice,Rice,1,113.4,120,Swiggy,Card,Payment,Saravana Bhavan Corner,Chennai,0.0
2026-02-01,Sambar Rice,Rice,3,378.0,120,Swiggy,Card,Payment,Saravana Bhavan Corner,Chennai,0.0
2026-02-01,Pongal,Tiffin,1,84.0,80,Swiggy,Card,Payment,Saravana Bhavan Corner,Chennai,0.0
2026-02-01,Sambar Rice,Rice,1,126.0,120,Swiggy,Card,Payment,Saravana Bhavan Corner,Chennai,0.0
2026-02-01,Masala Dosa,Dosa,1,94.5,90,Register,Card,Payment,Saravana Bhavan Corner,Chennai,0.0
2026-02-01,Masala Dosa,Dosa,2,189.0,90,Swiggy,Card,Payment,Saravana Bhavan Corner,Chennai,0.0
2026-02-02,Buttermilk,Beverages,1,31.5,30,Register,Cash,Payment,Saravana Bhavan Corner,Chennai,0.0
2026-02-02,Idli (4pc),Tiffin,1,56.7,60,Register,Cash,Payment,Saravana Bhavan Corner,Chennai,0.0
2026-02-02,Sambar Rice,Rice,3,378.0,120,Swiggy,UPI,Payment,Saravana Bhavan Corner,Chennai,0.0
2026-02-02,Masala Dosa,Dosa,2,160.65,90,Swiggy,Card,Payment,Saravana Bhavan Corner,Chennai,0.0
2026-02-02,Masala Dosa,Dosa,3,283.5,90,Swiggy,Card,Payment,Saravana Bhavan Corner,Chennai,0.0
2026-02-02,Pongal,Tiffin,1,84.0,80,Register,Card,Payment,Saravana Bhavan Corner,Chennai,0.0
2026-02-02,Mini Tiffin Thali,Thali,1,133.88,150,Register,Card,Payment,Saravana Bhavan Corner,Chennai,0.0
2026-02-02,Medu Vada Chaat,Snacks,2,132.3,70,Register,Card,Payment,Saravana Bhavan Corner,Chennai,0.0
2026-02-02,Medu Vada Chaat,Snacks,2,147.0,70,Register,Card,Payment,Saravana Bhavan Corner,Chennai,0.0
2026-02-02,Lemon Rice,Rice,1,105.0,100,Swiggy,UPI,Payment,Saravana Bhavan Corner,Chennai,0.0
2026-02-02,Buttermilk,Beverages,1,31.5,30,Swiggy,UPI,Payment,Saravana Bhavan Corner,Chennai,0.0
2026-02-02,Vada (2pc),Tiffin,1,52.5,50,Swiggy,UPI,Payment,Saravana Bhavan Corner,Chennai,0.0
2026-02-02,Curd Rice,Rice,1,94.5,90,Swiggy,Card,Payment,Saravana Bhavan Corner,Chennai,0.0
2026-02-02,Idli (4pc),Tiffin,1,63.0,60,Swiggy,UPI,Payment,Saravana Bhavan Corner,Chennai,0.0
2026-02-02,Rava Dosa,Dosa,1,115.5,110,Register,UPI,Payment,Saravana Bhavan Corner,Chennai,0.0
2026-02-02,Bisi Bele Bath,Rice,1,116.03,130,Register,UPI,Payment,Saravana Bhavan Corner,Chennai,0.0
2026-02-02,Idli (4pc),Tiffin,3,160.65,60,Register,UPI,Payment,Saravana Bhavan Corner,Chennai,0.0
2026-02-02,Curd Rice,Rice,1,94.5,90,Register,UPI,Payment,Saravana Bhavan Corner,Chennai,0.0
2026-02-02,Filter Coffee,Beverages,1,42.0,40,Register,Cash,Payment,Saravana Bhavan Corner,Chennai,0.0
2026-02-02,Masala Chai,Beverages,2,73.5,35,Register,Cash,Payment,Saravana Bhavan Corner,Chennai,0.0
2026-02-02,Mini Tiffin Thali,Thali,1,157.5,150,Register,Cash,Payment,Saravana Bhavan Corner,Chennai,0.0
2026-02-02,Filter Coffee,Beverages,2,84.0,40,Register,Cash,Payment,Saravana Bhavan Corner,Chennai,0.0
2026-02-02,Masala Chai,Beverages,2,73.5,35,Register,UPI,Payment,Saravana Bhavan Corner,Chennai,0.0
2026-02-02,Masala Dosa,Dosa,2,189.0,90,Swiggy,Card,Payment,Saravana Bhavan Corner,Chennai,0.0
2026-02-02,Bisi Bele Bath,Rice,1,136.5,130,Swiggy,UPI,Payment,Saravana Bhavan Corner,Chennai,0.0
2026-02-02,Sambar Rice,Rice,1,113.4,120,Swiggy,UPI,Payment,Saravana Bhavan Corner,Chennai,0.0
2026-02-02,Filter Coffee,Beverages,2,84.0,40,Swiggy,UPI,Payment,Saravana Bhavan Corner,Chennai,0.0
2026-02-02,Lemon Rice,Rice,1,105.0,100,Swiggy,UPI,Payment,Saravana Bhavan Corner,Chennai,0.0
2026-02-02,Masala Chai,Beverages,1,36.75,35,Swiggy,UPI,Payment,Saravana Bhavan Corner,Chennai,0.0
2026-02-02,Lemon Rice,Rice,1,94.5,100,Swiggy,UPI,Payment,Saravana Bhavan Corner,Chennai,0.0
2026-02-02,Idli (4pc),Tiffin,1,63.0,60,Register,Cash,Payment,Saravana Bhavan Corner,Chennai,0.0
2026-02-02,Curd Rice,Rice,1,80.33,90,Swiggy,UPI,Payment,Saravana Bhavan Corner,Chennai,0.0
2026-02-02,Rava Dosa,Dosa,2,231.0,110,Swiggy,Card,Payment,Saravana Bhavan Corner,Chennai,0.0
2026-02-02,Veg Thali,Thali,1,189.0,180,Swiggy,UPI,Payment,Saravana Bhavan Corner,Chennai,0.0
2026-02-02,Curd Rice,Rice,1,94.5,90,Register,Card,Payment,Saravana Bhavan Corner,Chennai,0.0
2026-02-02,Plain Dosa,Dosa,1,73.5,70,Register,Card,Payment,Saravana Bhavan Corner,Chennai,0.0
2026-02-02,Bisi Bele Bath,Rice,1,136.5,130,Swiggy,Card,Payment,Saravana Bhavan Corner,Chennai,0.0
2026-02-02,Curd Rice,Rice,3,283.5,90,Swiggy,Card,Payment,Saravana Bhavan Corner,Chennai,0.0
2026-02-02,Veg Thali,Thali,2,378.0,180,Swiggy,Card,Payment,Saravana Bhavan Corner,Chennai,0.0
2026-02-02,Veg Thali,Thali,1,189.0,180,Swiggy,Card,Payment,Saravana Bhavan Corner,Chennai,0.0
2026-02-02,Plain Dosa,Dosa,2,147.0,70,Swiggy,Card,Payment,Saravana Bhavan Corner,Chennai,0.0
2026-02-02,Idli Vada Combo,Tiffin,1,80.33,90,Swiggy,UPI,Payment,Saravana Bhavan Corner,Chennai,0.0
2026-02-02,Plain Dosa,Dosa,1,73.5,70,Swiggy,UPI,Payment,Saravana Bhavan Corner,Chennai,0.0
2026-02-02,Buttermilk,Beverages,1,31.5,30,Swiggy,UPI,Payment,Saravana Bhavan Corner,Chennai,0.0
2026-02-02,Curd Rice,Rice,1,94.5,90,Register,UPI,Payment,Saravana Bhavan Corner,Chennai,0.0
2026-02-02,Sambar Rice,Rice,2,252.0,120,Register,UPI,Payment,Saravana Bhavan Corner,Chennai,0.0
2026-02-02,Curd Rice,Rice,2,189.0,90,Register,UPI,Payment,Saravana Bhavan Corner,Chennai,0.0
2026-02-02,Veg Thali,Thali,2,321.3,180,Swiggy,Card,Payment,Saravana Bhavan Corner,Chennai,0.0
2026-02-02,Idli Vada Combo,Tiffin,1,94.5,90,Register,UPI,Payment,Saravana Bhavan Corner,Chennai,0.0
2026-02-02,Curd Rice,Rice,1,94.5,90,Swiggy,Card,Payment,Saravana Bhavan Corner,Chennai,0.0
2026-02-02,Idli (4pc),Tiffin,1,63.0,60,Register,UPI,Payment,Saravana Bhavan Corner,Chennai,0.0
2026-02-02,Buttermilk,Beverages,1,31.5,30,Swiggy,Card,Payment,Saravana Bhavan Corner,Chennai,0.0
2026-02-02,Idli (4pc),Tiffin,1,63.0,60,Register,Cash,Payment,Saravana Bhavan Corner,Chennai,0.0
2026-02-02,Masala Dosa,Dosa,1,94.5,90,Register,Cash,Payment,Saravana Bhavan Corner,Chennai,0.0
2026-02-02,Veg Thali,Thali,1,189.0,180,Swiggy,Card,Payment,Saravana Bhavan Corner,Chennai,0.0
2026-02-02,Lemon Rice,Rice,3,315.0,100,Register,UPI,Payment,Saravana Bhavan Corner,Chennai,0.0
2026-02-02,Buttermilk,Beverages,2,63.0,30,Swiggy,Card,Payment,Saravana Bhavan Corner,Chennai,0.0
2026-02-02,Idli Vada Combo,Tiffin,1,94.5,90,Swiggy,UPI,Payment,Saravana Bhavan Corner,Chennai,0.0
2026-02-02,Vada (2pc),Tiffin,1,52.5,50,Register,UPI,Payment,Saravana Bhavan Corner,Chennai,0.0
2026-02-02,Mysore Bonda,Snacks,2,126.0,60,Swiggy,Card,Payment,Saravana Bhavan Corner,Chennai,0.0
2026-02-02,Onion Uttapam,Dosa,2,210.0,100,Swiggy,Card,Payment,Saravana Bhavan Corner,Chennai,0.0
2026-02-02,Buttermilk,Beverages,1,31.5,30,Swiggy,Card,Payment,Saravana Bhavan Corner,Chennai,0.0
2026-02-02,Curd Rice,Rice,1,94.5,90,Swiggy,UPI,Payment,Saravana Bhavan Corner,Chennai,0.0
2026-02-03,Sambar Rice,Rice,1,126.0,120,Swiggy,Card,Payment,Saravana Bhavan Corner,Chennai,0.0
2026-02-03,Plain Dosa,Dosa,2,147.0,70,Swiggy,UPI,Payment,Saravana Bhavan Corner,Chennai,0.0
2026-02-03,Mysore Bonda,Snacks,1,63.0,60,Register,UPI,Payment,Saravana Bhavan Corner,Chennai,0.0
2026-02-03,Masala Chai,Beverages,1,33.08,35,Swiggy,UPI,Payment,Saravana Bhavan Corner,Chennai,0.0
2026-02-03,Rava Dosa,Dosa,1,115.5,110,Swiggy,Card,Payment,Saravana Bhavan Corner,Chennai,0.0
2026-02-03,Rava Dosa,Dosa,2,231.0,110,Register,Cash,Payment,Saravana Bhavan Corner,Chennai,0.0
2026-02-03,Idli Vada Combo,Tiffin,1,94.5,90,Swiggy,Card,Payment,Saravana Bhavan Corner,Chennai,0.0
2026-02-03,Lemon Rice,Rice,1,94.5,100,Register,Cash,Payment,Saravana Bhavan Corner,Chennai,0.0
2026-02-03,Idli (4pc),Tiffin,1,63.0,60,Register,UPI,Payment,Saravana Bhavan Corner,Chennai,0.0
2026-02-03,Masala Dosa,Dosa,1,94.5,90,Register,UPI,Payment,Saravana Bhavan Corner,Chennai,0.0
2026-02-03,Onion Uttapam,Dosa,1,94.5,100,Swiggy,Card,Payment,Saravana Bhavan Corner,Chennai,0.0
2026-02-03,Rasgulla (2pc),Desserts,1,73.5,70,Swiggy,Card,Payment,Saravana Bhavan Corner,Chennai,0.0
2026-02-03,Buttermilk,Beverages,3,94.5,30,Register,Cash,Payment,Saravana Bhavan Corner,Chennai,0.0
2026-02-03,Masala Chai,Beverages,1,36.75,35,Register,Card,Payment,Saravana Bhavan Corner,Chennai,0.0
2026-02-03,Sambar Rice,Rice,1,126.0,120,Register,Cash,Payment,Saravana Bhavan Corner,Chennai,0.0
2026-02-03,Rasgulla (2pc),Desserts,1,73.5,70,Swiggy,Card,Payment,Saravana Bhavan Corner,Chennai,0.0
2026-02-03,Filter Coffee,Beverages,1,42.0,40,Register,Cash,Payment,Saravana Bhavan Corner,Chennai,0.0
2026-02-03,Vada (2pc),Tiffin,2,105.0,50,Register,Card,Payment,Saravana Bhavan Corner,Chennai,0.0
2026-02-03,Masala Dosa,Dosa,2,189.0,90,Swiggy,Card,Payment,Saravana Bhavan Corner,Chennai,0.0
2026-02-03,Curd Rice,Rice,1,94.5,90,Register,Card,Payment,Saravana Bhavan Corner,Chennai,0.0
2026-02-03,Plain Dosa,Dosa,2,124.95,70,Register,Card,Payment,Saravana Bhavan Corner,Chennai,0.0
2026-02-03,Filter Coffee,Beverages,3,126.0,40,Register,Card,Payment,Saravana Bhavan Corner,Chennai,0.0
2026-02-03,Masala Dosa,Dosa,1,94.5,90,Register,UPI,Payment,Saravana Bhavan Corner,Chennai,0.0
2026-02-03,Onion Uttapam,Dosa,3,267.75,100,Swiggy,Card,Payment,Saravana Bhavan Corner,Chennai,0.0
2026-02-03,Vada (2pc),Tiffin,3,141.75,50,Swiggy,Card,Payment,Saravana Bhavan Corner,Chennai,0.0
2026-02-03,Idli Vada Combo,Tiffin,2,189.0,90,Swiggy,Card,Payment,Saravana Bhavan Corner,Chennai,0.0
2026-02-03,Masala Dosa,Dosa,2,189.0,90,Swiggy,Card,Payment,Saravana Bhavan Corner,Chennai,0.0
2026-02-03,Veg Thali,Thali,2,378.0,180,Swiggy,Card,Payment,Saravana Bhavan Corner,Chennai,0.0
2026-02-03,Rasgulla (2pc),Desserts,2,147.0,70,Swiggy,UPI,Payment,Saravana Bhavan Corner,Chennai,0.0
2026-02-03,Vada (2pc),Tiffin,1,52.5,50,Swiggy,UPI,Payment,Saravana Bhavan Corner,Chennai,0.0
2026-02-03,Vada (2pc),Tiffin,1,52.5,50,Swiggy,Card,Payment,Saravana Bhavan Corner,Chennai,0.0
2026-02-03,Rava Dosa,Dosa,1,115.5,110,Swiggy,Card,Payment,Saravana Bhavan Corner,Chennai,0.0
2026-02-03,Masala Dosa,Dosa,2,189.0,90,Swiggy,Card,Payment,Saravana Bhavan Corner,Chennai,0.0
2026-02-03,Mysore Bonda,Snacks,1,63.0,60,Swiggy,Card,Payment,Saravana Bhavan Corner,Chennai,0.0
2026-02-03,Onion Uttapam,Dosa,2,210.0,100,Swiggy,Card,Payment,Saravana Bhavan Corner,Chennai,0.0
2026-02-03,Sambar Rice,Rice,1,126.0,120,Register,Card,Payment,Saravana Bhavan Corner,Chennai,0.0
2026-02-03,Veg Thali,Thali,1,189.0,180,Register,UPI,Payment,Saravana Bhavan Corner,Chennai,0.0
2026-02-03,Filter Coffee,Beverages,1,42.0,40,Register,Card,Payment,Saravana Bhavan Corner,Chennai,0.0
2026-02-03,Masala Dosa,Dosa,2,189.0,90,Register,Card,Payment,Saravana Bhavan Corner,Chennai,0.0
2026-02-03,Vada (2pc),Tiffin,2,105.0,50,Register,Card,Payment,Saravana Bhavan Corner,Chennai,0.0
2026-02-03,Veg Thali,Thali,2,378.0,180,Register,Cash,Payment,Saravana Bhavan Corner,Chennai,0.0
2026-02-03,Masala Chai,Beverages,1,36.75,35,Register,Cash,Payment,Saravana Bhavan Corner,Chennai,0.0
2026-02-03,Mini Tiffin Thali,Thali,3,472.5,150,Register,Cash,Payment,Saravana Bhavan Corner,Chennai,0.0
2026-02-03,Idli Vada Combo,Tiffin,1,94.5,90,Register,Cash,Payment,Saravana Bhavan Corner,Chennai,0.0
2026-02-03,Masala Chai,Beverages,1,36.75,35,Register,UPI,Payment,Saravana Bhavan Corner,Chennai,0.0
2026-02-03,Idli (4pc),Tiffin,1,63.0,60,Register,UPI,Payment,Saravana Bhavan Corner,Chennai,0.0
2026-02-03,Onion Uttapam,Dosa,2,210.0,100,Register,Card,Payment,Saravana Bhavan Corner,Chennai,0.0
2026-02-03,Plain Dosa,Dosa,1,73.5,70,Register,Card,Payment,Saravana Bhavan Corner,Chennai,0.0
2026-02-03,Masala Dosa,Dosa,2,189.0,90,Register,UPI,Payment,Saravana Bhavan Corner,Chennai,0.0
2026-02-03,Onion Uttapam,Dosa,1,94.5,100,Register,UPI,Payment,Saravana Bhavan Corner,Chennai,0.0
2026-02-03,Buttermilk,Beverages,1,31.5,30,Register,UPI,Payment,Saravana Bhavan Corner,Chennai,0.0
2026-02-03,Masala Dosa,Dosa,3,255.15,90,Register,UPI,Payment,Saravana Bhavan Corner,Chennai,0.0
2026-02-03,Bisi Bele Bath,Rice,1,136.5,130,Register,UPI,Payment,Saravana Bhavan Corner,Chennai,0.0
2026-02-03,Veg Thali,Thali,-1,-189.0,180,Register,Cash,Refund,Saravana Bhavan Corner,Chennai,0.0
2026-02-03,Bisi Bele Bath,Rice,-1,-136.5,130,Register,Cash,Refund,Saravana Bhavan Corner,Chennai,0.0
2026-02-03,Lemon Rice,Rice,2,189.0,100,Register,UPI,Payment,Saravana Bhavan Corner,Chennai,0.0
2026-02-03,Lemon Rice,Rice,1,94.5,100,Register,UPI,Payment,Saravana Bhavan Corner,Chennai,0.0
2026-02-03,Filter Coffee,Beverages,1,42.0,40,Register,UPI,Payment,Saravana Bhavan Corner,Chennai,0.0
2026-02-03,Masala Dosa,Dosa,1,94.5,90,Register,Card,Payment,Saravana Bhavan Corner,Chennai,0.0
2026-02-03,Curd Rice,Rice,1,94.5,90,Register,Cash,Payment,Saravana Bhavan Corner,Chennai,0.0
2026-02-03,Filter Coffee,Beverages,2,84.0,40,Register,Cash,Payment,Saravana Bhavan Corner,Chennai,0.0
2026-02-03,Curd Rice,Rice,1,94.5,90,Swiggy,UPI,Payment,Saravana Bhavan Corner,Chennai,0.0
2026-02-03,Filter Coffee,Beverages,1,42.0,40,Swiggy,UPI,Payment,Saravana Bhavan Corner,Chennai,0.0
2026-02-03,Pongal,Tiffin,1,84.0,80,Swiggy,Card,Payment,Saravana Bhavan Corner,Chennai,0.0
2026-02-03,Lemon Rice,Rice,1,105.0,100,Swiggy,Card,Payment,Saravana Bhavan Corner,Chennai,0.0
2026-02-03,Vada (2pc),Tiffin,2,105.0,50,Swiggy,UPI,Payment,Saravana Bhavan Corner,Chennai,0.0
2026-02-03,Idli (4pc),Tiffin,1,63.0,60,Swiggy,UPI,Payment,Saravana Bhavan Corner,Chennai,0.0
2026-02-03,Filter Coffee,Beverages,1,42.0,40,Register,Cash,Payment,Saravana Bhavan Corner,Chennai,0.0
2026-02-03,Buttermilk,Beverages,1,31.5,30,Register,Cash,Payment,Saravana Bhavan Corner,Chennai,0.0
2026-02-03,Medu Vada Chaat,Snacks,1,73.5,70,Register,Cash,Payment,Saravana Bhavan Corner,Chennai,0.0
2026-02-03,Veg Thali,Thali,3,567.0,180,Register,Card,Payment,Saravana Bhavan Corner,Chennai,0.0
2026-02-03,Idli Vada Combo,Tiffin,1,80.33,90,Register,Cash,Payment,Saravana Bhavan Corner,Chennai,0.0
2026-02-03,Rasgulla (2pc),Desserts,2,147.0,70,Swiggy,UPI,Payment,Saravana Bhavan Corner,Chennai,0.0
2026-02-03,Idli Vada Combo,Tiffin,2,189.0,90,Register,UPI,Payment,Saravana Bhavan Corner,Chennai,0.0
2026-02-04,Idli (4pc),Tiffin,2,126.0,60,Register,Cash,Payment,Saravana Bhavan Corner,Chennai,0.0
2026-02-04,Idli Vada Combo,Tiffin,1,85.05,90,Register,UPI,Payment,Saravana Bhavan Corner,Chennai,0.0
2026-02-04,Sambar Rice,Rice,1,126.0,120,Register,UPI,Payment,Saravana Bhavan Corner,Chennai,0.0
2026-02-04,Masala Dosa,Dosa,1,80.33,90,Register,Cash,Payment,Saravana Bhavan Corner,Chennai,0.0
2026-02-04,Veg Thali,Thali,1,189.0,180,Register,Cash,Payment,Saravana Bhavan Corner,Chennai,0.0
2026-02-04,Idli Vada Combo,Tiffin,1,94.5,90,Swiggy,Card,Payment,Saravana Bhavan Corner,Chennai,0.0
2026-02-04,Masala Dosa,Dosa,1,94.5,90,Register,Cash,Payment,Saravana Bhavan Corner,Chennai,0.0
2026-02-04,Buttermilk,Beverages,3,94.5,30,Register,UPI,Payment,Saravana Bhavan Corner,Chennai,0.0
2026-02-04,Bisi Bele Bath,Rice,1,136.5,130,Swiggy,Card,Payment,Saravana Bhavan Corner,Chennai,0.0
2026-02-04,Curd Rice,Rice,1,94.5,90,Register,Cash,Payment,Saravana Bhavan Corner,Chennai,0.0
2026-02-04,Veg Thali,Thali,2,378.0,180,Register,Card,Payment,Saravana Bhavan Corner,Chennai,0.0
2026-02-04,Vada (2pc),Tiffin,1,52.5,50,Register,Cash,Payment,Saravana Bhavan Corner,Chennai,0.0
2026-02-04,Onion Uttapam,Dosa,3,315.0,100,Register,UPI,Payment,Saravana Bhavan Corner,Chennai,0.0
2026-02-04,Bisi Bele Bath,Rice,1,136.5,130,Register,Card,Payment,Saravana Bhavan Corner,Chennai,0.0
2026-02-04,Plain Dosa,Dosa,1,73.5,70,Register,UPI,Payment,Saravana Bhavan Corner,Chennai,0.0
2026-02-04,Pongal,Tiffin,3,252.0,80,Register,Cash,Payment,Saravana Bhavan Corner,Chennai,0.0
2026-02-04,Idli Vada Combo,Tiffin,1,94.5,90,Register,Cash,Payment,Saravana Bhavan Corner,Chennai,0.0
2026-02-04,Filter Coffee,Beverages,3,113.4,40,Register,Cash,Payment,Saravana Bhavan Corner,Chennai,0.0
2026-02-04,Filter Coffee,Beverages,1,35.7,40,Register,Card,Payment,Saravana Bhavan Corner,Chennai,0.0
2026-02-04,Buttermilk,Beverages,1,31.5,30,Swiggy,Card,Payment,Saravana Bhavan Corner,Chennai,0.0
2026-02-04,Plain Dosa,Dosa,1,73.5,70,Register,Cash,Payment,Saravana Bhavan Corner,Chennai,0.0
2026-02-04,Filter Coffee,Beverages,1,42.0,40,Register,Cash,Payment,Saravana Bhavan Corner,Chennai,0.0
2026-02-04,Onion Uttapam,Dosa,2,210.0,100,Register,Cash,Payment,Saravana Bhavan Corner,Chennai,0.0
2026-02-04,Veg Thali,Thali,1,170.1,180,Register,UPI,Payment,Saravana Bhavan Corner,Chennai,0.0
2026-02-04,Filter Coffee,Beverages,1,42.0,40,Register,UPI,Payment,Saravana Bhavan Corner,Chennai,0.0
2026-02-04,Bisi Bele Bath,Rice,2,273.0,130,Swiggy,Card,Payment,Saravana Bhavan Corner,Chennai,0.0
2026-02-04,Plain Dosa,Dosa,1,73.5,70,Register,UPI,Payment,Saravana Bhavan Corner,Chennai,0.0
2026-02-04,Masala Dosa,Dosa,1,94.5,90,Register,UPI,Payment,Saravana Bhavan Corner,Chennai,0.0
2026-02-04,Onion Uttapam,Dosa,1,105.0,100,Register,Cash,Payment,Saravana Bhavan Corner,Chennai,0.0
2026-02-04,Pongal,Tiffin,1,84.0,80,Register,Cash,Payment,Saravana Bhavan Corner,Chennai,0.0
2026-02-04,Filter Coffee,Beverages,2,84.0,40,Register,Cash,Payment,Saravana Bhavan Corner,Chennai,0.0
2026-02-04,Lemon Rice,Rice,3,315.0,100,Register,Card,Payment,Saravana Bhavan Corner,Chennai,0.0
2026-02-04,Masala Chai,Beverages,1,36.75,35,Register,Card,Payment,Saravana Bhavan Corner,Chennai,0.0
2026-02-04,Idli (4pc),Tiffin,1,63.0,60,Register,Card,Payment,Saravana Bhavan Corner,Chennai,0.0
2026-02-04,Sambar Rice,Rice,1,126.0,120,Register,Cash,Payment,Saravana Bhavan Corner,Chennai,0.0
2026-02-04,Plain Dosa,Dosa,1,73.5,70,Swiggy,Card,Payment,Saravana Bhavan Corner,Chennai,0.0
2026-02-04,Onion Uttapam,Dosa,1,105.0,100,Swiggy,UPI,Payment,Saravana Bhavan Corner,Chennai,0.0
2026-02-04,Masala Dosa,Dosa,1,94.5,90,Register,Card,Payment,Saravana Bhavan Corner,Chennai,0.0
2026-02-04,Vada (2pc),Tiffin,1,52.5,50,Register,Card,Payment,Saravana Bhavan Corner,Chennai,0.0
2026-02-04,Masala Chai,Beverages,1,36.75,35,Register,Cash,Payment,Saravana Bhavan Corner,Chennai,0.0
2026-02-04,Curd Rice,Rice,1,94.5,90,Swiggy,UPI,Payment,Saravana Bhavan Corner,Chennai,0.0
2026-02-04,Veg Thali,Thali,2,378.0,180,Register,Card,Payment,Saravana Bhavan Corner,Chennai,0.0
2026-02-04,Sambar Rice,Rice,1,126.0,120,Register,Card,Payment,Saravana Bhavan Corner,Chennai,0.0
2026-02-04,Plain Dosa,Dosa,1,73.5,70,Register,Card,Payment,Saravana Bhavan Corner,Chennai,0.0
2026-02-04,Rava Dosa,Dosa,1,115.5,110,Register,Card,Payment,Saravana Bhavan Corner,Chennai,0.0
2026-02-04,Veg Thali,Thali,1,189.0,180,Swiggy,UPI,Payment,Saravana Bhavan Corner,Chennai,0.0
2026-02-05,Veg Thali,Thali,2,378.0,180,Register,Card,Payment,Saravana Bhavan Corner,Chennai,0.0
2026-02-05,Vada (2pc),Tiffin,1,52.5,50,Swiggy,UPI,Payment,Saravana Bhavan Corner,Chennai,0.0
2026-02-05,Curd Rice,Rice,1,94.5,90,Swiggy,UPI,Payment,Saravana Bhavan Corner,Chennai,0.0
2026-02-05,Masala Chai,Beverages,2,73.5,35,Swiggy,UPI,Payment,Saravana Bhavan Corner,Chennai,0.0
2026-02-05,Vada (2pc),Tiffin,2,105.0,50,Swiggy,UPI,Payment,Saravana Bhavan Corner,Chennai,0.0
2026-02-05,Masala Dosa,Dosa,1,94.5,90,Swiggy,UPI,Payment,Saravana Bhavan Corner,Chennai,0.0
2026-02-05,Masala Chai,Beverages,1,33.08,35,Swiggy,UPI,Payment,Saravana Bhavan Corner,Chennai,0.0
2026-02-05,Plain Dosa,Dosa,1,73.5,70,Swiggy,UPI,Payment,Saravana Bhavan Corner,Chennai,0.0
2026-02-05,Veg Thali,Thali,2,378.0,180,Swiggy,Card,Payment,Saravana Bhavan Corner,Chennai,0.0
2026-02-05,Pongal,Tiffin,1,71.4,80,Swiggy,UPI,Payment,Saravana Bhavan Corner,Chennai,0.0
2026-02-05,Rasgulla (2pc),Desserts,1,73.5,70,Swiggy,UPI,Payment,Saravana Bhavan Corner,Chennai,0.0
2026-02-05,Filter Coffee,Beverages,-1,-42.0,40,Swiggy,Card,Refund,Saravana Bhavan Corner,Chennai,0.0
2026-02-05,Veg Thali,Thali,-1,-189.0,180,Swiggy,Card,Refund,Saravana Bhavan Corner,Chennai,0.0
2026-02-05,Plain Dosa,Dosa,-1,-73.5,70,Swiggy,Card,Refund,Saravana Bhavan Corner,Chennai,0.0
2026-02-05,Idli (4pc),Tiffin,2,113.4,60,Swiggy,Card,Payment,Saravana Bhavan Corner,Chennai,0.0
2026-02-05,Bisi Bele Bath,Rice,1,136.5,130,Swiggy,Card,Payment,Saravana Bhavan Corner,Chennai,0.0
2026-02-05,Filter Coffee,Beverages,1,42.0,40,Register,Card,Payment,Saravana Bhavan Corner,Chennai,0.0
2026-02-05,Rava Dosa,Dosa,1,115.5,110,Swiggy,Card,Payment,Saravana Bhavan Corner,Chennai,0.0
2026-02-05,Sambar Rice,Rice,1,126.0,120,Register,UPI,Payment,Saravana Bhavan Corner,Chennai,0.0
2026-02-05,Pongal,Tiffin,1,71.4,80,Swiggy,UPI,Payment,Saravana Bhavan Corner,Chennai,0.0
2026-02-05,Bisi Bele Bath,Rice,1,136.5,130,Register,UPI,Payment,Saravana Bhavan Corner,Chennai,0.0
2026-02-05,Filter Coffee,Beverages,1,42.0,40,Register,UPI,Payment,Saravana Bhavan Corner,Chennai,0.0
2026-02-05,Masala Dosa,Dosa,1,94.5,90,Swiggy,UPI,Payment,Saravana Bhavan Corner,Chennai,0.0
2026-02-05,Vada (2pc),Tiffin,2,94.5,50,Swiggy,UPI,Payment,Saravana Bhavan Corner,Chennai,0.0
2026-02-05,Masala Dosa,Dosa,1,94.5,90,Register,UPI,Payment,Saravana Bhavan Corner,Chennai,0.0
2026-02-05,Vada (2pc),Tiffin,3,157.5,50,Register,UPI,Payment,Saravana Bhavan Corner,Chennai,0.0
2026-02-05,Masala Dosa,Dosa,1,94.5,90,Register,UPI,Payment,Saravana Bhavan Corner,Chennai,0.0
2026-02-05,Masala Dosa,Dosa,1,94.5,90,Swiggy,Card,Payment,Saravana Bhavan Corner,Chennai,0.0
2026-02-05,Masala Dosa,Dosa,2,170.1,90,Register,UPI,Payment,Saravana Bhavan Corner,Chennai,0.0
2026-02-05,Medu Vada Chaat,Snacks,1,73.5,70,Register,UPI,Payment,Saravana Bhavan Corner,Chennai,0.0
2026-02-05,Plain Dosa,Dosa,3,220.5,70,Swiggy,Card,Payment,Saravana Bhavan Corner,Chennai,0.0
2026-02-05,Masala Dosa,Dosa,1,94.5,90,Swiggy,Card,Payment,Saravana Bhavan Corner,Chennai,0.0
2026-02-05,Filter Coffee,Beverages,1,42.0,40,Register,Cash,Payment,Saravana Bhavan Corner,Chennai,0.0
2026-02-05,Onion Uttapam,Dosa,2,210.0,100,Swiggy,Card,Payment,Saravana Bhavan Corner,Chennai,0.0
2026-02-05,Curd Rice,Rice,1,94.5,90,Register,UPI,Payment,Saravana Bhavan Corner,Chennai,0.0
2026-02-05,Mysore Bonda,Snacks,1,63.0,60,Swiggy,UPI,Payment,Saravana Bhavan Corner,Chennai,0.0
2026-02-05,Masala Chai,Beverages,1,36.75,35,Register,UPI,Payment,Saravana Bhavan Corner,Chennai,0.0
2026-02-05,Buttermilk,Beverages,1,31.5,30,Swiggy,Card,Payment,Saravana Bhavan Corner,Chennai,0.0
2026-02-05,Vada (2pc),Tiffin,1,52.5,50,Swiggy,UPI,Payment,Saravana Bhavan Corner,Chennai,0.0
2026-02-05,Bisi Bele Bath,Rice,1,136.5,130,Swiggy,Card,Payment,Saravana Bhavan Corner,Chennai,0.0
2026-02-05,Filter Coffee,Beverages,2,84.0,40,Swiggy,UPI,Payment,Saravana Bhavan Corner,Chennai,0.0
2026-02-05,Bisi Bele Bath,Rice,2,273.0,130,Swiggy,Card,Payment,Saravana Bhavan Corner,Chennai,0.0
2026-02-05,Buttermilk,Beverages,1,31.5,30,Swiggy,Card,Payment,Saravana Bhavan Corner,Chennai,0.0
2026-02-05,Sambar Rice,Rice,1,126.0,120,Register,UPI,Payment,Saravana Bhavan Corner,Chennai,0.0
2026-02-05,Buttermilk,Beverages,1,31.5,30,Register,UPI,Payment,Saravana Bhavan Corner,Chennai,0.0
2026-02-05,Filter Coffee,Beverages,2,84.0,40,Register,Card,Payment,Saravana Bhavan Corner,Chennai,0.0
2026-02-05,Buttermilk,Beverages,2,63.0,30,Register,Card,Payment,Saravana Bhavan Corner,Chennai,0.0
2026-02-05,Lemon Rice,Rice,1,105.0,100,Swiggy,Card,Payment,Saravana Bhavan Corner,Chennai,0.0
2026-02-05,Masala Dosa,Dosa,1,94.5,90,Register,Card,Payment,Saravana Bhavan Corner,Chennai,0.0
2026-02-05,Masala Chai,Beverages,1,36.75,35,Register,UPI,Payment,Saravana Bhavan Corner,Chennai,0.0
2026-02-05,Vada (2pc),Tiffin,1,52.5,50,Register,Cash,Payment,Saravana Bhavan Corner,Chennai,0.0
2026-02-05,Rava Dosa,Dosa,1,98.17,110,Register,Cash,Payment,Saravana Bhavan Corner,Chennai,0.0
2026-02-05,Buttermilk,Beverages,2,63.0,30,Swiggy,Card,Payment,Saravana Bhavan Corner,Chennai,0.0
2026-02-05,Vada (2pc),Tiffin,2,105.0,50,Swiggy,Card,Payment,Saravana Bhavan Corner,Chennai,0.0
2026-02-05,Curd Rice,Rice,2,189.0,90,Register,UPI,Payment,Saravana Bhavan Corner,Chennai,0.0
2026-02-05,Masala Chai,Beverages,1,36.75,35,Register,UPI,Payment,Saravana Bhavan Corner,Chennai,0.0
2026-02-05,Sambar Rice,Rice,1,126.0,120,Register,UPI,Payment,Saravana Bhavan Corner,Chennai,0.0
2026-02-05,Onion Uttapam,Dosa,1,105.0,100,Swiggy,Card,Payment,Saravana Bhavan Corner,Chennai,0.0
2026-02-05,Filter Coffee,Beverages,2,84.0,40,Register,UPI,Payment,Saravana Bhavan Corner,Chennai,0.0
2026-02-05,Masala Chai,Beverages,1,36.75,35,Register,Card,Payment,Saravana Bhavan Corner,Chennai,0.0
2026-02-05,Veg Thali,Thali,1,189.0,180,Swiggy,Card,Payment,Saravana Bhavan Corner,Chennai,0.0
2026-02-05,Masala Chai,Beverages,1,36.75,35,Swiggy,Card,Payment,Saravana Bhavan Corner,Chennai,0.0
2026-02-05,Idli Vada Combo,Tiffin,2,189.0,90,Swiggy,Card,Payment,Saravana Bhavan Corner,Chennai,0.0
2026-02-05,Onion Uttapam,Dosa,1,105.0,100,Register,Card,Payment,Saravana Bhavan Corner,Chennai,0.0
2026-02-05,Sambar Rice,Rice,2,252.0,120,Register,Card,Payment,Saravana Bhavan Corner,Chennai,0.0
2026-02-05,Idli (4pc),Tiffin,1,63.0,60,Register,Card,Payment,Saravana Bhavan Corner,Chennai,0.0
2026-02-05,Idli (4pc),Tiffin,2,126.0,60,Register,Card,Payment,Saravana Bhavan Corner,Chennai,0.0
2026-02-05,Lemon Rice,Rice,1,105.0,100,Swiggy,UPI,Payment,Saravana Bhavan Corner,Chennai,0.0
2026-02-05,Filter Coffee,Beverages,1,35.7,40,Swiggy,UPI,Payment,Saravana Bhavan Corner,Chennai,0.0
2026-02-05,Sambar Rice,Rice,1,126.0,120,Swiggy,Card,Payment,Saravana Bhavan Corner,Chennai,0.0
2026-02-05,Plain Dosa,Dosa,3,220.5,70,Register,UPI,Payment,Saravana Bhavan Corner,Chennai,0.0
2026-02-05,Idli (4pc),Tiffin,1,63.0,60,Register,UPI,Payment,Saravana Bhavan Corner,Chennai,0.0
2026-02-05,Onion Uttapam,Dosa,2,210.0,100,Swiggy,Card,Payment,Saravana Bhavan Corner,Chennai,0.0
2026-02-05,Medu Vada Chaat,Snacks,1,73.5,70,Swiggy,Card,Payment,Saravana Bhavan Corner,Chennai,0.0
2026-02-05,Veg Thali,Thali,1,189.0,180,Swiggy,UPI,Payment,Saravana Bhavan Corner,Chennai,0.0
2026-02-05,Mini Tiffin Thali,Thali,2,315.0,150,Swiggy,Card,Payment,Saravana Bhavan Corner,Chennai,0.0
2026-02-05,Buttermilk,Beverages,1,31.5,30,Register,Card,Payment,Saravana Bhavan Corner,Chennai,0.0
2026-02-05,Filter Coffee,Beverages,2,71.4,40,Register,Card,Payment,Saravana Bhavan Corner,Chennai,0.0
2026-02-06,Idli (4pc),Tiffin,2,107.1,60,Register,Card,Payment,Saravana Bhavan Corner,Chennai,0.0
2026-02-06,Mini Tiffin Thali,Thali,1,157.5,150,Register,Card,Payment,Saravana Bhavan Corner,Chennai,0.0
2026-02-06,Masala Chai,Beverages,1,33.08,35,Register,Cash,Payment,Saravana Bhavan Corner,Chennai,0.0
2026-02-06,Mysore Bonda,Snacks,2,126.0,60,Register,Cash,Payment,Saravana Bhavan Corner,Chennai,0.0
2026-02-06,Idli (4pc),Tiffin,1,63.0,60,Register,Card,Payment,Saravana Bhavan Corner,Chennai,0.0
2026-02-06,Idli Vada Combo,Tiffin,1,94.5,90,Register,Card,Payment,Saravana Bhavan Corner,Chennai,0.0
2026-02-06,Idli Vada Combo,Tiffin,3,283.5,90,Register,UPI,Payment,Saravana Bhavan Corner,Chennai,0.0
2026-02-06,Onion Uttapam,Dosa,1,105.0,100,Register,UPI,Payment,Saravana Bhavan Corner,Chennai,0.0
2026-02-06,Bisi Bele Bath,Rice,1,136.5,130,Register,UPI,Payment,Saravana Bhavan Corner,Chennai,0.0
2026-02-06,Idli (4pc),Tiffin,1,63.0,60,Register,Cash,Payment,Saravana Bhavan Corner,Chennai,0.0
2026-02-06,Vada (2pc),Tiffin,1,44.62,50,Register,Cash,Payment,Saravana Bhavan Corner,Chennai,0.0
2026-02-06,Lemon Rice,Rice,3,315.0,100,Register,Card,Payment,Saravana Bhavan Corner,Chennai,0.0
2026-02-06,Veg Thali,Thali,3,510.3,180,Register,Card,Payment,Saravana Bhavan Corner,Chennai,0.0
2026-02-06,Vada (2pc),Tiffin,1,52.5,50,Register,Card,Payment,Saravana Bhavan Corner,Chennai,0.0
2026-02-06,Sambar Rice,Rice,2,252.0,120,Register,Card,Payment,Saravana Bhavan Corner,Chennai,0.0
2026-02-06,Bisi Bele Bath,Rice,1,136.5,130,Register,UPI,Payment,Saravana Bhavan Corner,Chennai,0.0
2026-02-06,Vada (2pc),Tiffin,2,105.0,50,Swiggy,UPI,Payment,Saravana Bhavan Corner,Chennai,0.0
2026-02-06,Filter Coffee,Beverages,1,42.0,40,Register,Cash,Payment,Saravana Bhavan Corner,Chennai,0.0
2026-02-06,Curd Rice,Rice,1,85.05,90,Register,Card,Payment,Saravana Bhavan Corner,Chennai,0.0
2026-02-06,Onion Uttapam,Dosa,2,210.0,100,Swiggy,UPI,Payment,Saravana Bhavan Corner,Chennai,0.0
2026-02-06,Mini Tiffin Thali,Thali,2,283.5,150,Register,Cash,Payment,Saravana Bhavan Corner,Chennai,0.0
2026-02-06,Veg Thali,Thali,1,189.0,180,Register,Cash,Payment,Saravana Bhavan Corner,Chennai,0.0
2026-02-06,Idli (4pc),Tiffin,3,189.0,60,Swiggy,Card,Payment,Saravana Bhavan Corner,Chennai,0.0
2026-02-06,Idli (4pc),Tiffin,3,189.0,60,Swiggy,Card,Payment,Saravana Bhavan Corner,Chennai,0.0
2026-02-06,Rava Dosa,Dosa,2,231.0,110,Register,Cash,Payment,Saravana Bhavan Corner,Chennai,0.0
2026-02-06,Masala Dosa,Dosa,3,283.5,90,Register,Card,Payment,Saravana Bhavan Corner,Chennai,0.0
2026-02-06,Vada (2pc),Tiffin,3,157.5,50,Register,Card,Payment,Saravana Bhavan Corner,Chennai,0.0
2026-02-06,Lemon Rice,Rice,1,105.0,100,Swiggy,UPI,Payment,Saravana Bhavan Corner,Chennai,0.0
2026-02-06,Filter Coffee,Beverages,1,42.0,40,Swiggy,UPI,Payment,Saravana Bhavan Corner,Chennai,0.0
2026-02-06,Rasgulla (2pc),Desserts,1,73.5,70,Register,Cash,Payment,Saravana Bhavan Corner,Chennai,0.0
2026-02-06,Filter Coffee,Beverages,2,84.0,40,Swiggy,UPI,Payment,Saravana Bhavan Corner,Chennai,0.0
2026-02-06,Vada (2pc),Tiffin,2,105.0,50,Register,Cash,Payment,Saravana Bhavan Corner,Chennai,0.0
2026-02-06,Masala Dosa,Dosa,2,189.0,90,Register,Card,Payment,Saravana Bhavan Corner,Chennai,0.0
2026-02-06,Idli Vada Combo,Tiffin,1,94.5,90,Swiggy,UPI,Payment,Saravana Bhavan Corner,Chennai,0.0
2026-02-06,Mini Tiffin Thali,Thali,1,157.5,150,Swiggy,UPI,Payment,Saravana Bhavan Corner,Chennai,0.0
2026-02-06,Vada (2pc),Tiffin,1,52.5,50,Register,UPI,Payment,Saravana Bhavan Corner,Chennai,0.0
2026-02-06,Filter Coffee,Beverages,2,84.0,40,Register,Cash,Payment,Saravana Bhavan Corner,Chennai,0.0
2026-02-06,Vada (2pc),Tiffin,1,52.5,50,Swiggy,UPI,Payment,Saravana Bhavan Corner,Chennai,0.0
2026-02-06,Idli (4pc),Tiffin,1,53.55,60,Swiggy,UPI,Payment,Saravana Bhavan Corner,Chennai,0.0
2026-02-06,Veg Thali,Thali,1,189.0,180,Swiggy,Card,Payment,Saravana Bhavan Corner,Chennai,0.0
2026-02-06,Mini Tiffin Thali,Thali,2,283.5,150,Swiggy,Card,Payment,Saravana Bhavan Corner,Chennai,0.0
2026-02-06,Pongal,Tiffin,2,168.0,80,Swiggy,Card,Payment,Saravana Bhavan Corner,Chennai,0.0
2026-02-06,Masala Dosa,Dosa,1,94.5,90,Swiggy,UPI,Payment,Saravana Bhavan Corner,Chennai,0.0
2026-02-06,Mysore Bonda,Snacks,2,126.0,60,Register,UPI,Payment,Saravana Bhavan Corner,Chennai,0.0
2026-02-06,Medu Vada Chaat,Snacks,1,73.5,70,Register,Cash,Payment,Saravana Bhavan Corner,Chennai,0.0
2026-02-06,Masala Chai,Beverages,2,62.48,35,Register,Cash,Payment,Saravana Bhavan Corner,Chennai,0.0
2026-02-06,Idli (4pc),Tiffin,1,63.0,60,Swiggy,Card,Payment,Saravana Bhavan Corner,Chennai,0.0
2026-02-06,Filter Coffee,Beverages,2,84.0,40,Swiggy,Card,Payment,Saravana Bhavan Corner,Chennai,0.0
2026-02-06,Veg Thali,Thali,1,189.0,180,Register,Cash,Payment,Saravana Bhavan Corner,Chennai,0.0
2026-02-06,Idli (4pc),Tiffin,2,126.0,60,Swiggy,Card,Payment,Saravana Bhavan Corner,Chennai,0.0
2026-02-06,Idli (4pc),Tiffin,2,126.0,60,Register,UPI,Payment,Saravana Bhavan Corner,Chennai,0.0
2026-02-06,Bulk Catering Order,Uncategorized,1,3150.0,3000,Swiggy,UPI,Payment,Saravana Bhavan Corner,Chennai,0.0
2026-02-06,Filter Coffee,Beverages,3,107.1,40,Register,UPI,Payment,Saravana Bhavan Corner,Chennai,0.0
2026-02-06,Bisi Bele Bath,Rice,1,136.5,130,Register,UPI,Payment,Saravana Bhavan Corner,Chennai,0.0
2026-02-06,Onion Uttapam,Dosa,2,210.0,100,Register,UPI,Payment,Saravana Bhavan Corner,Chennai,0.0
2026-02-06,Filter Coffee,Beverages,1,42.0,40,Swiggy,UPI,Payment,Saravana Bhavan Corner,Chennai,0.0
2026-02-06,Curd Rice,Rice,1,94.5,90,Register,UPI,Payment,Saravana Bhavan Corner,Chennai,0.0
2026-02-06,Masala Dosa,Dosa,1,94.5,90,Register,UPI,Payment,Saravana Bhavan Corner,Chennai,0.0
2026-02-06,Rava Dosa,Dosa,2,231.0,110,Register,UPI,Payment,Saravana Bhavan Corner,Chennai,0.0
2026-02-06,Filter Coffee,Beverages,2,84.0,40,Register,Card,Payment,Saravana Bhavan Corner,Chennai,0.0
2026-02-06,Filter Coffee,Beverages,1,42.0,40,Swiggy,Card,Payment,Saravana Bhavan Corner,Chennai,0.0
2026-02-06,Veg Thali,Thali,1,189.0,180,Swiggy,Card,Payment,Saravana Bhavan Corner,Chennai,0.0
2026-02-06,Rasgulla (2pc),Desserts,1,73.5,70,Register,UPI,Payment,Saravana Bhavan Corner,Chennai,0.0
2026-02-06,Vada (2pc),Tiffin,1,52.5,50,Swiggy,Card,Payment,Saravana Bhavan Corner,Chennai,0.0
2026-02-06,Rasgulla (2pc),Desserts,2,147.0,70,Register,UPI,Payment,Saravana Bhavan Corner,Chennai,0.0
2026-02-06,Bisi Bele Bath,Rice,2,273.0,130,Register,UPI,Payment,Saravana Bhavan Corner,Chennai,0.0
2026-02-06,Pongal,Tiffin,2,168.0,80,Register,Cash,Payment,Saravana Bhavan Corner,Chennai,0.0
2026-02-06,Masala Dosa,Dosa,2,189.0,90,Register,Cash,Payment,Saravana Bhavan Corner,Chennai,0.0
2026-02-06,Idli Vada Combo,Tiffin,1,94.5,90,Register,UPI,Payment,Saravana Bhavan Corner,Chennai,0.0
2026-02-06,Veg Thali,Thali,1,189.0,180,Register,UPI,Payment,Saravana Bhavan Corner,Chennai,0.0
2026-02-07,Lemon Rice,Rice,1,105.0,100,Swiggy,Card,Payment,Saravana Bhavan Corner,Chennai,0.0
2026-02-07,Onion Uttapam,Dosa,1,105.0,100,Swiggy,UPI,Payment,Saravana Bhavan Corner,Chennai,0.0
2026-02-07,Filter Coffee,Beverages,1,42.0,40,Swiggy,UPI,Payment,Saravana Bhavan Corner,Chennai,0.0
2026-02-07,Medu Vada Chaat,Snacks,1,73.5,70,Register,Card,Payment,Saravana Bhavan Corner,Chennai,0.0
2026-02-07,Mini Tiffin Thali,Thali,2,315.0,150,Register,Card,Payment,Saravana Bhavan Corner,Chennai,0.0
2026-02-07,Vada (2pc),Tiffin,1,52.5,50,Register,Card,Payment,Saravana Bhavan Corner,Chennai,0.0
2026-02-07,Idli (4pc),Tiffin,2,126.0,60,Swiggy,Card,Payment,Saravana Bhavan Corner,Chennai,0.0
2026-02-07,Lemon Rice,Rice,2,210.0,100,Swiggy,Card,Payment,Saravana Bhavan Corner,Chennai,0.0
2026-02-07,Idli Vada Combo,Tiffin,1,94.5,90,Swiggy,UPI,Payment,Saravana Bhavan Corner,Chennai,0.0
2026-02-07,Sambar Rice,Rice,1,126.0,120,Register,UPI,Payment,Saravana Bhavan Corner,Chennai,0.0
2026-02-07,Veg Thali,Thali,2,378.0,180,Register,UPI,Payment,Saravana Bhavan Corner,Chennai,0.0
2026-02-07,Filter Coffee,Beverages,1,42.0,40,Register,UPI,Payment,Saravana Bhavan Corner,Chennai,0.0
2026-02-07,Rava Dosa,Dosa,1,98.17,110,Register,UPI,Payment,Saravana Bhavan Corner,Chennai,0.0
2026-02-07,Masala Chai,Beverages,2,73.5,35,Register,UPI,Payment,Saravana Bhavan Corner,Chennai,0.0
2026-02-07,Pongal,Tiffin,2,168.0,80,Register,UPI,Payment,Saravana Bhavan Corner,Chennai,0.0
2026-02-07,Rava Dosa,Dosa,2,231.0,110,Swiggy,UPI,Payment,Saravana Bhavan Corner,Chennai,0.0
2026-02-07,Plain Dosa,Dosa,1,73.5,70,Swiggy,Card,Payment,Saravana Bhavan Corner,Chennai,0.0
2026-02-07,Rasgulla (2pc),Desserts,2,147.0,70,Swiggy,Card,Payment,Saravana Bhavan Corner,Chennai,0.0
2026-02-07,Pongal,Tiffin,1,84.0,80,Register,Cash,Payment,Saravana Bhavan Corner,Chennai,0.0
2026-02-07,Bisi Bele Bath,Rice,2,273.0,130,Swiggy,Card,Payment,Saravana Bhavan Corner,Chennai,0.0
2026-02-07,Idli Vada Combo,Tiffin,1,94.5,90,Swiggy,Card,Payment,Saravana Bhavan Corner,Chennai,0.0
2026-02-07,Sambar Rice,Rice,1,126.0,120,Swiggy,Card,Payment,Saravana Bhavan Corner,Chennai,0.0
2026-02-07,Masala Dosa,Dosa,2,189.0,90,Register,Cash,Payment,Saravana Bhavan Corner,Chennai,0.0
2026-02-07,Filter Coffee,Beverages,1,37.8,40,Register,Cash,Payment,Saravana Bhavan Corner,Chennai,0.0
2026-02-07,Sambar Rice,Rice,2,226.8,120,Swiggy,Card,Payment,Saravana Bhavan Corner,Chennai,0.0
2026-02-07,Plain Dosa,Dosa,1,73.5,70,Swiggy,Card,Payment,Saravana Bhavan Corner,Chennai,0.0
2026-02-07,Filter Coffee,Beverages,1,42.0,40,Swiggy,UPI,Payment,Saravana Bhavan Corner,Chennai,0.0
2026-02-07,Medu Vada Chaat,Snacks,1,73.5,70,Swiggy,UPI,Payment,Saravana Bhavan Corner,Chennai,0.0
2026-02-07,Plain Dosa,Dosa,1,73.5,70,Register,Cash,Payment,Saravana Bhavan Corner,Chennai,0.0
2026-02-07,Vada (2pc),Tiffin,2,105.0,50,Register,Cash,Payment,Saravana Bhavan Corner,Chennai,0.0
2026-02-07,Onion Uttapam,Dosa,2,210.0,100,Register,Cash,Payment,Saravana Bhavan Corner,Chennai,0.0
2026-02-07,Mini Tiffin Thali,Thali,1,157.5,150,Swiggy,Card,Payment,Saravana Bhavan Corner,Chennai,0.0
2026-02-07,Bisi Bele Bath,Rice,2,273.0,130,Swiggy,Card,Payment,Saravana Bhavan Corner,Chennai,0.0
2026-02-07,Filter Coffee,Beverages,2,84.0,40,Swiggy,Card,Payment,Saravana Bhavan Corner,Chennai,0.0
2026-02-07,Masala Chai,Beverages,1,36.75,35,Swiggy,Card,Payment,Saravana Bhavan Corner,Chennai,0.0
2026-02-07,Idli (4pc),Tiffin,1,63.0,60,Register,Cash,Payment,Saravana Bhavan Corner,Chennai,0.0
2026-02-07,Mini Tiffin Thali,Thali,1,133.88,150,Swiggy,UPI,Payment,Saravana Bhavan Corner,Chennai,0.0
2026-02-07,Filter Coffee,Beverages,2,84.0,40,Swiggy,Card,Payment,Saravana Bhavan Corner,Chennai,0.0
2026-02-07,Buttermilk,Beverages,2,63.0,30,Swiggy,Card,Payment,Saravana Bhavan Corner,Chennai,0.0
2026-02-07,Idli (4pc),Tiffin,1,63.0,60,Register,Card,Payment,Saravana Bhavan Corner,Chennai,0.0
2026-02-07,Pongal,Tiffin,1,84.0,80,Register,UPI,Payment,Saravana Bhavan Corner,Chennai,0.0
2026-02-07,Idli (4pc),Tiffin,1,63.0,60,Register,UPI,Payment,Saravana Bhavan Corner,Chennai,0.0
2026-02-07,Plain Dosa,Dosa,1,73.5,70,Register,UPI,Payment,Saravana Bhavan Corner,Chennai,0.0
2026-02-07,Filter Coffee,Beverages,1,37.8,40,Register,UPI,Payment,Saravana Bhavan Corner,Chennai,0.0
2026-02-07,Bisi Bele Bath,Rice,1,136.5,130,Register,UPI,Payment,Saravana Bhavan Corner,Chennai,0.0
2026-02-07,Masala Chai,Beverages,2,73.5,35,Register,UPI,Payment,Saravana Bhavan Corner,Chennai,0.0
2026-02-07,Curd Rice,Rice,1,94.5,90,Register,UPI,Payment,Saravana Bhavan Corner,Chennai,0.0
2026-02-07,Plain Dosa,Dosa,1,66.15,70,Register,UPI,Payment,Saravana Bhavan Corner,Chennai,0.0
2026-02-07,Onion Uttapam,Dosa,1,105.0,100,Register,Card,Payment,Saravana Bhavan Corner,Chennai,0.0
2026-02-07,Mini Tiffin Thali,Thali,1,133.88,150,Register,Card,Payment,Saravana Bhavan Corner,Chennai,0.0
2026-02-07,Sambar Rice,Rice,1,126.0,120,Swiggy,Card,Payment,Saravana Bhavan Corner,Chennai,0.0
2026-02-07,Vada (2pc),Tiffin,3,157.5,50,Register,UPI,Payment,Saravana Bhavan Corner,Chennai,0.0
2026-02-07,Buttermilk,Beverages,2,63.0,30,Swiggy,Card,Payment,Saravana Bhavan Corner,Chennai,0.0
2026-02-07,Veg Thali,Thali,1,189.0,180,Register,UPI,Payment,Saravana Bhavan Corner,Chennai,0.0
2026-02-07,Vada (2pc),Tiffin,1,52.5,50,Register,UPI,Payment,Saravana Bhavan Corner,Chennai,0.0
2026-02-07,Buttermilk,Beverages,1,31.5,30,Register,UPI,Payment,Saravana Bhavan Corner,Chennai,0.0
2026-02-07,Idli Vada Combo,Tiffin,2,160.65,90,Register,UPI,Payment,Saravana Bhavan Corner,Chennai,0.0
2026-02-07,Mini Tiffin Thali,Thali,1,133.88,150,Register,UPI,Payment,Saravana Bhavan Corner,Chennai,0.0
2026-02-07,Masala Dosa,Dosa,2,189.0,90,Register,UPI,Payment,Saravana Bhavan Corner,Chennai,0.0
2026-02-07,Filter Coffee,Beverages,3,126.0,40,Register,Cash,Payment,Saravana Bhavan Corner,Chennai,0.0
2026-02-07,Idli (4pc),Tiffin,3,160.65,60,Register,Cash,Payment,Saravana Bhavan Corner,Chennai,0.0
2026-02-07,Masala Dosa,Dosa,2,189.0,90,Swiggy,UPI,Payment,Saravana Bhavan Corner,Chennai,0.0
2026-02-07,Filter Coffee,Beverages,1,42.0,40,Register,Cash,Payment,Saravana Bhavan Corner,Chennai,0.0
2026-02-07,Masala Dosa,Dosa,2,189.0,90,Swiggy,Card,Payment,Saravana Bhavan Corner,Chennai,0.0
2026-02-07,Veg Thali,Thali,1,189.0,180,Register,UPI,Payment,Saravana Bhavan Corner,Chennai,0.0
2026-02-07,Idli Vada Combo,Tiffin,1,94.5,90,Register,UPI,Payment,Saravana Bhavan Corner,Chennai,0.0
2026-02-07,Buttermilk,Beverages,2,63.0,30,Register,UPI,Payment,Saravana Bhavan Corner,Chennai,0.0
2026-02-07,Plain Dosa,Dosa,1,73.5,70,Register,UPI,Payment,Saravana Bhavan Corner,Chennai,0.0
2026-02-07,Veg Thali,Thali,3,567.0,180,Swiggy,UPI,Payment,Saravana Bhavan Corner,Chennai,0.0
2026-02-07,Bisi Bele Bath,Rice,2,245.7,130,Register,UPI,Payment,Saravana Bhavan Corner,Chennai,0.0
2026-02-07,Curd Rice,Rice,1,94.5,90,Swiggy,Card,Payment,Saravana Bhavan Corner,Chennai,0.0
2026-02-07,Masala Chai,Beverages,2,73.5,35,Swiggy,Card,Payment,Saravana Bhavan Corner,Chennai,0.0
2026-02-07,Masala Chai,Beverages,1,36.75,35,Register,UPI,Payment,Saravana Bhavan Corner,Chennai,0.0
2026-02-07,Masala Chai,Beverages,3,110.25,35,Register,UPI,Payment,Saravana Bhavan Corner,Chennai,0.0
2026-02-07,Onion Uttapam,Dosa,2,210.0,100,Swiggy,Card,Payment,Saravana Bhavan Corner,Chennai,0.0
2026-02-07,Bisi Bele Bath,Rice,1,136.5,130,Register,UPI,Payment,Saravana Bhavan Corner,Chennai,0.0
2026-02-07,Sambar Rice,Rice,2,252.0,120,Register,Card,Payment,Saravana Bhavan Corner,Chennai,0.0
2026-02-07,Mysore Bonda,Snacks,2,126.0,60,Register,Card,Payment,Saravana Bhavan Corner,Chennai,0.0
2026-02-07,Plain Dosa,Dosa,1,73.5,70,Register,Cash,Payment,Saravana Bhavan Corner,Chennai,0.0
2026-02-07,Rasgulla (2pc),Desserts,1,73.5,70,Register,Cash,Payment,Saravana Bhavan Corner,Chennai,0.0
2026-02-07,Mysore Bonda,Snacks,1,56.7,60,Swiggy,UPI,Payment,Saravana Bhavan Corner,Chennai,0.0
2026-02-07,Sambar Rice,Rice,1,126.0,120,Swiggy,UPI,Payment,Saravana Bhavan Corner,Chennai,0.0
2026-02-07,Rava Dosa,Dosa,2,231.0,110,Register,UPI,Payment,Saravana Bhavan Corner,Chennai,0.0
2026-02-07,Pongal,Tiffin,1,84.0,80,Register,UPI,Payment,Saravana Bhavan Corner,Chennai,0.0
2026-02-08,Masala Dosa,Dosa,1,94.5,90,Swiggy,Card,Payment,Saravana Bhavan Corner,Chennai,0.0
2026-02-08,Sambar Rice,Rice,2,252.0,120,Register,Card,Payment,Saravana Bhavan Corner,Chennai,0.0
2026-02-08,Pongal,Tiffin,1,84.0,80,Register,Card,Payment,Saravana Bhavan Corner,Chennai,0.0
2026-02-08,Filter Coffee,Beverages,3,126.0,40,Register,Card,Payment,Saravana Bhavan Corner,Chennai,0.0
2026-02-08,Mysore Bonda,Snacks,1,63.0,60,Swiggy,UPI,Payment,Saravana Bhavan Corner,Chennai,0.0
2026-02-08,Filter Coffee,Beverages,1,42.0,40,Swiggy,Card,Payment,Saravana Bhavan Corner,Chennai,0.0
2026-02-08,Bisi Bele Bath,Rice,1,136.5,130,Swiggy,Card,Payment,Saravana Bhavan Corner,Chennai,0.0
2026-02-08,Masala Dosa,Dosa,1,80.33,90,Swiggy,Card,Payment,Saravana Bhavan Corner,Chennai,0.0
2026-02-08,Rava Dosa,Dosa,1,115.5,110,Register,Card,Payment,Saravana Bhavan Corner,Chennai,0.0
2026-02-08,Idli (4pc),Tiffin,2,126.0,60,Register,Card,Payment,Saravana Bhavan Corner,Chennai,0.0
2026-02-08,Veg Thali,Thali,1,189.0,180,Register,Cash,Payment,Saravana Bhavan Corner,Chennai,0.0
2026-02-08,Mysore Bonda,Snacks,2,126.0,60,Register,Card,Payment,Saravana Bhavan Corner,Chennai,0.0
2026-02-08,Plain Dosa,Dosa,1,73.5,70,Register,Card,Payment,Saravana Bhavan Corner,Chennai,0.0
2026-02-08,Vada (2pc),Tiffin,1,47.25,50,Register,Card,Payment,Saravana Bhavan Corner,Chennai,0.0
2026-02-08,Lemon Rice,Rice,2,210.0,100,Swiggy,UPI,Payment,Saravana Bhavan Corner,Chennai,0.0
2026-02-08,Mysore Bonda,Snacks,2,126.0,60,Swiggy,UPI,Payment,Saravana Bhavan Corner,Chennai,0.0
2026-02-08,Rava Dosa,Dosa,1,115.5,110,Swiggy,UPI,Payment,Saravana Bhavan Corner,Chennai,0.0
2026-02-08,Vada (2pc),Tiffin,1,52.5,50,Register,Cash,Payment,Saravana Bhavan Corner,Chennai,0.0
2026-02-08,Idli (4pc),Tiffin,2,126.0,60,Register,Cash,Payment,Saravana Bhavan Corner,Chennai,0.0
2026-02-08,Rava Dosa,Dosa,1,115.5,110,Swiggy,UPI,Payment,Saravana Bhavan Corner,Chennai,0.0
2026-02-08,Sambar Rice,Rice,1,126.0,120,Register,Card,Payment,Saravana Bhavan Corner,Chennai,0.0
2026-02-08,Filter Coffee,Beverages,1,42.0,40,Swiggy,Card,Payment,Saravana Bhavan Corner,Chennai,0.0
2026-02-08,Idli (4pc),Tiffin,3,160.65,60,Swiggy,Card,Payment,Saravana Bhavan Corner,Chennai,0.0
2026-02-08,Filter Coffee,Beverages,1,42.0,40,Register,UPI,Payment,Saravana Bhavan Corner,Chennai,0.0
2026-02-08,Pongal,Tiffin,1,84.0,80,Swiggy,Card,Payment,Saravana Bhavan Corner,Chennai,0.0
2026-02-08,Mini Tiffin Thali,Thali,1,157.5,150,Register,Cash,Payment,Saravana Bhavan Corner,Chennai,0.0
2026-02-08,Pongal,Tiffin,3,252.0,80,Register,Card,Payment,Saravana Bhavan Corner,Chennai,0.0
2026-02-08,Masala Dosa,Dosa,2,170.1,90,Register,Card,Payment,Saravana Bhavan Corner,Chennai,0.0
2026-02-08,Sambar Rice,Rice,1,126.0,120,Register,Card,Payment,Saravana Bhavan Corner,Chennai,0.0
2026-02-08,Pongal,Tiffin,2,168.0,80,Register,Card,Payment,Saravana Bhavan Corner,Chennai,0.0
2026-02-08,Medu Vada Chaat,Snacks,-1,-73.5,70,Register,Card,Refund,Saravana Bhavan Corner,Chennai,0.0
2026-02-08,Masala Dosa,Dosa,-1,-94.5,90,Register,Card,Refund,Saravana Bhavan Corner,Chennai,0.0
2026-02-08,Idli (4pc),Tiffin,-2,-126.0,60,Register,Card,Refund,Saravana Bhavan Corner,Chennai,0.0
2026-02-08,Idli (4pc),Tiffin,1,63.0,60,Swiggy,Card,Payment,Saravana Bhavan Corner,Chennai,0.0
2026-02-08,Masala Chai,Beverages,1,36.75,35,Swiggy,Card,Payment,Saravana Bhavan Corner,Chennai,0.0
2026-02-08,Sambar Rice,Rice,2,252.0,120,Swiggy,Card,Payment,Saravana Bhavan Corner,Chennai,0.0
2026-02-08,Buttermilk,Beverages,2,63.0,30,Register,Cash,Payment,Saravana Bhavan Corner,Chennai,0.0
2026-02-08,Mini Tiffin Thali,Thali,1,157.5,150,Swiggy,Card,Payment,Saravana Bhavan Corner,Chennai,0.0
2026-02-08,Sambar Rice,Rice,1,126.0,120,Swiggy,Card,Payment,Saravana Bhavan Corner,Chennai,0.0
2026-02-08,Vada (2pc),Tiffin,1,52.5,50,Swiggy,Card,Payment,Saravana Bhavan Corner,Chennai,0.0
2026-02-08,Pongal,Tiffin,3,252.0,80,Swiggy,Card,Payment,Saravana Bhavan Corner,Chennai,0.0
2026-02-08,Sambar Rice,Rice,1,126.0,120,Register,Card,Payment,Saravana Bhavan Corner,Chennai,0.0
2026-02-08,Idli Vada Combo,Tiffin,1,94.5,90,Register,Card,Payment,Saravana Bhavan Corner,Chennai,0.0
2026-02-08,Pongal,Tiffin,1,84.0,80,Register,Card,Payment,Saravana Bhavan Corner,Chennai,0.0
2026-02-08,Filter Coffee,Beverages,1,42.0,40,Swiggy,Card,Payment,Saravana Bhavan Corner,Chennai,0.0
2026-02-08,Sambar Rice,Rice,1,126.0,120,Register,Card,Payment,Saravana Bhavan Corner,Chennai,0.0
2026-02-08,Curd Rice,Rice,1,94.5,90,Swiggy,Card,Payment,Saravana Bhavan Corner,Chennai,0.0
2026-02-08,Mysore Bonda,Snacks,2,126.0,60,Register,UPI,Payment,Saravana Bhavan Corner,Chennai,0.0
2026-02-08,Sambar Rice,Rice,1,126.0,120,Register,UPI,Payment,Saravana Bhavan Corner,Chennai,0.0
2026-02-08,Mini Tiffin Thali,Thali,1,157.5,150,Register,Card,Payment,Saravana Bhavan Corner,Chennai,0.0
2026-02-08,Mini Tiffin Thali,Thali,1,157.5,150,Register,Card,Payment,Saravana Bhavan Corner,Chennai,0.0
2026-02-08,Filter Coffee,Beverages,2,84.0,40,Register,Cash,Payment,Saravana Bhavan Corner,Chennai,0.0
2026-02-08,Curd Rice,Rice,1,94.5,90,Register,Cash,Payment,Saravana Bhavan Corner,Chennai,0.0
2026-02-08,Bisi Bele Bath,Rice,1,122.85,130,Swiggy,Card,Payment,Saravana Bhavan Corner,Chennai,0.0
2026-02-08,Lemon Rice,Rice,1,105.0,100,Swiggy,Card,Payment,Saravana Bhavan Corner,Chennai,0.0
2026-02-08,Curd Rice,Rice,2,189.0,90,Swiggy,UPI,Payment,Saravana Bhavan Corner,Chennai,0.0
2026-02-08,Buttermilk,Beverages,2,63.0,30,Swiggy,UPI,Payment,Saravana Bhavan Corner,Chennai,0.0
2026-02-08,Idli (4pc),Tiffin,1,63.0,60,Register,UPI,Payment,Saravana Bhavan Corner,Chennai,0.0
2026-02-08,Masala Chai,Beverages,2,73.5,35,Swiggy,UPI,Payment,Saravana Bhavan Corner,Chennai,0.0
2026-02-08,Filter Coffee,Beverages,1,37.8,40,Swiggy,UPI,Payment,Saravana Bhavan Corner,Chennai,0.0
2026-02-08,Rava Dosa,Dosa,1,115.5,110,Swiggy,UPI,Payment,Saravana Bhavan Corner,Chennai,0.0
2026-02-08,Onion Uttapam,Dosa,1,105.0,100,Register,Cash,Payment,Saravana Bhavan Corner,Chennai,0.0
2026-02-08,Bisi Bele Bath,Rice,2,273.0,130,Register,Cash,Payment,Saravana Bhavan Corner,Chennai,0.0
2026-02-08,Curd Rice,Rice,2,189.0,90,Swiggy,Card,Payment,Saravana Bhavan Corner,Chennai,0.0
2026-02-08,Rava Dosa,Dosa,2,231.0,110,Swiggy,Card,Payment,Saravana Bhavan Corner,Chennai,0.0
2026-02-08,Sambar Rice,Rice,1,126.0,120,Swiggy,Card,Payment,Saravana Bhavan Corner,Chennai,0.0
2026-02-08,Pongal,Tiffin,2,168.0,80,Swiggy,Card,Payment,Saravana Bhavan Corner,Chennai,0.0
2026-02-08,Sambar Rice,Rice,1,113.4,120,Swiggy,Card,Payment,Saravana Bhavan Corner,Chennai,0.0
2026-02-08,Rava Dosa,Dosa,1,103.95,110,Register,UPI,Payment,Saravana Bhavan Corner,Chennai,0.0
2026-02-08,Plain Dosa,Dosa,1,73.5,70,Register,UPI,Payment,Saravana Bhavan Corner,Chennai,0.0
2026-02-08,Masala Dosa,Dosa,1,85.05,90,Swiggy,UPI,Payment,Saravana Bhavan Corner,Chennai,0.0
2026-02-08,Onion Uttapam,Dosa,1,105.0,100,Swiggy,UPI,Payment,Saravana Bhavan Corner,Chennai,0.0
2026-02-08,Veg Thali,Thali,1,189.0,180,Register,UPI,Payment,Saravana Bhavan Corner,Chennai,0.0
2026-02-08,Idli (4pc),Tiffin,1,63.0,60,Register,UPI,Payment,Saravana Bhavan Corner,Chennai,0.0
2026-02-08,Bisi Bele Bath,Rice,1,136.5,130,Register,UPI,Payment,Saravana Bhavan Corner,Chennai,0.0
2026-02-08,Veg Thali,Thali,3,567.0,180,Register,UPI,Payment,Saravana Bhavan Corner,Chennai,0.0
2026-02-08,Idli Vada Combo,Tiffin,2,189.0,90,Swiggy,UPI,Payment,Saravana Bhavan Corner,Chennai,0.0
2026-02-08,Buttermilk,Beverages,2,63.0,30,Swiggy,Card,Payment,Saravana Bhavan Corner,Chennai,0.0
2026-02-08,Medu Vada Chaat,Snacks,1,73.5,70,Swiggy,Card,Payment,Saravana Bhavan Corner,Chennai,0.0
2026-02-08,Onion Uttapam,Dosa,1,105.0,100,Register,Cash,Payment,Saravana Bhavan Corner,Chennai,0.0
2026-02-08,Plain Dosa,Dosa,1,73.5,70,Register,Cash,Payment,Saravana Bhavan Corner,Chennai,0.0
2026-02-08,Sambar Rice,Rice,2,252.0,120,Swiggy,UPI,Payment,Saravana Bhavan Corner,Chennai,0.0
2026-02-08,Sambar Rice,Rice,1,126.0,120,Register,Cash,Payment,Saravana Bhavan Corner,Chennai,0.0
2026-02-08,Plain Dosa,Dosa,2,147.0,70,Swiggy,UPI,Payment,Saravana Bhavan Corner,Chennai,0.0
2026-02-08,Buttermilk,Beverages,1,31.5,30,Swiggy,UPI,Payment,Saravana Bhavan Corner,Chennai,0.0
2026-02-08,Masala Dosa,Dosa,1,80.33,90,Swiggy,UPI,Payment,Saravana Bhavan Corner,Chennai,0.0
2026-02-08,Plain Dosa,Dosa,2,147.0,70,Swiggy,Card,Payment,Saravana Bhavan Corner,Chennai,0.0
2026-02-08,Onion Uttapam,Dosa,2,210.0,100,Swiggy,Card,Payment,Saravana Bhavan Corner,Chennai,0.0
2026-02-08,Masala Dosa,Dosa,1,94.5,90,Swiggy,Card,Payment,Saravana Bhavan Corner,Chennai,0.0
2026-02-08,Onion Uttapam,Dosa,1,105.0,100,Swiggy,UPI,Payment,Saravana Bhavan Corner,Chennai,0.0
2026-02-08,Filter Coffee,Beverages,3,113.4,40,Register,Cash,Payment,Saravana Bhavan Corner,Chennai,0.0
2026-02-08,Plain Dosa,Dosa,2,147.0,70,Swiggy,UPI,Payment,Saravana Bhavan Corner,Chennai,0.0
2026-02-09,Pongal,Tiffin,1,84.0,80,Register,Card,Payment,Saravana Bhavan Corner,Chennai,0.0
2026-02-09,Rasgulla (2pc),Desserts,1,73.5,70,Register,UPI,Payment,Saravana Bhavan Corner,Chennai,0.0
2026-02-09,Masala Dosa,Dosa,1,94.5,90,Register,UPI,Payment,Saravana Bhavan Corner,Chennai,0.0
2026-02-09,Masala Chai,Beverages,1,36.75,35,Register,Cash,Payment,Saravana Bhavan Corner,Chennai,0.0
2026-02-09,Masala Dosa,Dosa,2,189.0,90,Register,Card,Payment,Saravana Bhavan Corner,Chennai,0.0
2026-02-09,Curd Rice,Rice,1,94.5,90,Register,Cash,Payment,Saravana Bhavan Corner,Chennai,0.0
2026-02-09,Bisi Bele Bath,Rice,2,273.0,130,Register,UPI,Payment,Saravana Bhavan Corner,Chennai,0.0
2026-02-09,Masala Dosa,Dosa,1,94.5,90,Register,UPI,Payment,Saravana Bhavan Corner,Chennai,0.0
2026-02-09,Vada (2pc),Tiffin,1,52.5,50,Swiggy,UPI,Payment,Saravana Bhavan Corner,Chennai,0.0
2026-02-09,Mysore Bonda,Snacks,1,63.0,60,Register,Cash,Payment,Saravana Bhavan Corner,Chennai,0.0
2026-02-09,Buttermilk,Beverages,2,63.0,30,Register,UPI,Payment,Saravana Bhavan Corner,Chennai,0.0
2026-02-09,Idli Vada Combo,Tiffin,2,189.0,90,Swiggy,UPI,Payment,Saravana Bhavan Corner,Chennai,0.0
2026-02-09,Vada (2pc),Tiffin,1,52.5,50,Swiggy,Card,Payment,Saravana Bhavan Corner,Chennai,0.0
2026-02-09,Curd Rice,Rice,1,94.5,90,Register,UPI,Payment,Saravana Bhavan Corner,Chennai,0.0
2026-02-09,Veg Thali,Thali,1,170.1,180,Register,UPI,Payment,Saravana Bhavan Corner,Chennai,0.0
2026-02-09,Pongal,Tiffin,3,252.0,80,Register,UPI,Payment,Saravana Bhavan Corner,Chennai,0.0
2026-02-09,Idli Vada Combo,Tiffin,2,189.0,90,Register,Cash,Payment,Saravana Bhavan Corner,Chennai,0.0
2026-02-09,Masala Chai,Beverages,2,73.5,35,Register,Cash,Payment,Saravana Bhavan Corner,Chennai,0.0
2026-02-09,Filter Coffee,Beverages,2,84.0,40,Register,UPI,Payment,Saravana Bhavan Corner,Chennai,0.0
2026-02-09,Masala Dosa,Dosa,1,94.5,90,Register,Cash,Payment,Saravana Bhavan Corner,Chennai,0.0
2026-02-09,Mini Tiffin Thali,Thali,1,157.5,150,Register,Cash,Payment,Saravana Bhavan Corner,Chennai,0.0
2026-02-09,Filter Coffee,Beverages,1,35.7,40,Register,Cash,Payment,Saravana Bhavan Corner,Chennai,0.0
2026-02-09,Curd Rice,Rice,1,94.5,90,Register,UPI,Payment,Saravana Bhavan Corner,Chennai,0.0
2026-02-09,Vada (2pc),Tiffin,1,52.5,50,Register,UPI,Payment,Saravana Bhavan Corner,Chennai,0.0
2026-02-09,Masala Chai,Beverages,1,36.75,35,Register,Card,Payment,Saravana Bhavan Corner,Chennai,0.0
2026-02-09,Mysore Bonda,Snacks,1,63.0,60,Register,Cash,Payment,Saravana Bhavan Corner,Chennai,0.0
2026-02-09,Rava Dosa,Dosa,1,103.95,110,Swiggy,Card,Payment,Saravana Bhavan Corner,Chennai,0.0
2026-02-09,Masala Dosa,Dosa,1,94.5,90,Swiggy,UPI,Payment,Saravana Bhavan Corner,Chennai,0.0
2026-02-09,Masala Chai,Beverages,1,36.75,35,Swiggy,UPI,Payment,Saravana Bhavan Corner,Chennai,0.0
2026-02-09,Buttermilk,Beverages,1,31.5,30,Swiggy,Card,Payment,Saravana Bhavan Corner,Chennai,0.0
2026-02-09,Filter Coffee,Beverages,2,84.0,40,Register,Card,Payment,Saravana Bhavan Corner,Chennai,0.0
2026-02-09,Masala Chai,Beverages,2,73.5,35,Swiggy,UPI,Payment,Saravana Bhavan Corner,Chennai,0.0
2026-02-09,Idli (4pc),Tiffin,1,63.0,60,Swiggy,UPI,Payment,Saravana Bhavan Corner,Chennai,0.0
2026-02-09,Veg Thali,Thali,2,378.0,180,Swiggy,UPI,Payment,Saravana Bhavan Corner,Chennai,0.0
2026-02-09,Filter Coffee,Beverages,2,84.0,40,Swiggy,UPI,Payment,Saravana Bhavan Corner,Chennai,0.0
2026-02-09,Rava Dosa,Dosa,1,115.5,110,Swiggy,UPI,Payment,Saravana Bhavan Corner,Chennai,0.0
2026-02-09,Buttermilk,Beverages,1,31.5,30,Swiggy,UPI,Payment,Saravana Bhavan Corner,Chennai,0.0
2026-02-09,Curd Rice,Rice,2,189.0,90,Swiggy,UPI,Payment,Saravana Bhavan Corner,Chennai,0.0
2026-02-09,Masala Dosa,Dosa,1,94.5,90,Register,UPI,Payment,Saravana Bhavan Corner,Chennai,0.0
2026-02-09,Onion Uttapam,Dosa,1,105.0,100,Register,UPI,Payment,Saravana Bhavan Corner,Chennai,0.0
2026-02-09,Idli (4pc),Tiffin,1,63.0,60,Register,UPI,Payment,Saravana Bhavan Corner,Chennai,0.0
2026-02-09,Sambar Rice,Rice,1,126.0,120,Register,Card,Payment,Saravana Bhavan Corner,Chennai,0.0
2026-02-09,Mini Tiffin Thali,Thali,2,267.75,150,Register,Card,Payment,Saravana Bhavan Corner,Chennai,0.0
2026-02-09,Curd Rice,Rice,2,189.0,90,Register,Card,Payment,Saravana Bhavan Corner,Chennai,0.0
2026-02-09,Idli (4pc),Tiffin,1,63.0,60,Register,Cash,Payment,Saravana Bhavan Corner,Chennai,0.0
2026-02-09,Masala Chai,Beverages,1,36.75,35,Swiggy,UPI,Payment,Saravana Bhavan Corner,Chennai,0.0
2026-02-09,Rasgulla (2pc),Desserts,2,124.95,70,Register,Cash,Payment,Saravana Bhavan Corner,Chennai,0.0
2026-02-09,Filter Coffee,Beverages,2,84.0,40,Register,UPI,Payment,Saravana Bhavan Corner,Chennai,0.0
2026-02-09,Buttermilk,Beverages,2,56.7,30,Register,UPI,Payment,Saravana Bhavan Corner,Chennai,0.0
2026-02-09,Curd Rice,Rice,2,160.65,90,Swiggy,UPI,Payment,Saravana Bhavan Corner,Chennai,0.0
2026-02-09,Veg Thali,Thali,1,160.65,180,Register,UPI,Payment,Saravana Bhavan Corner,Chennai,0.0
2026-02-09,Idli (4pc),Tiffin,2,126.0,60,Swiggy,UPI,Payment,Saravana Bhavan Corner,Chennai,0.0
2026-02-09,Lemon Rice,Rice,1,105.0,100,Swiggy,UPI,Payment,Saravana Bhavan Corner,Chennai,0.0
2026-02-09,Curd Rice,Rice,1,94.5,90,Register,Card,Payment,Saravana Bhavan Corner,Chennai,0.0
2026-02-09,Masala Dosa,Dosa,1,94.5,90,Swiggy,UPI,Payment,Saravana Bhavan Corner,Chennai,0.0
2026-02-10,Bisi Bele Bath,Rice,1,136.5,130,Swiggy,Card,Payment,Saravana Bhavan Corner,Chennai,0.0
2026-02-10,Filter Coffee,Beverages,1,42.0,40,Swiggy,Card,Payment,Saravana Bhavan Corner,Chennai,0.0
2026-02-10,Plain Dosa,Dosa,2,124.95,70,Swiggy,Card,Payment,Saravana Bhavan Corner,Chennai,0.0
2026-02-10,Sambar Rice,Rice,1,126.0,120,Register,UPI,Payment,Saravana Bhavan Corner,Chennai,0.0
2026-02-10,Idli (4pc),Tiffin,2,126.0,60,Swiggy,UPI,Payment,Saravana Bhavan Corner,Chennai,0.0
2026-02-10,Curd Rice,Rice,1,80.33,90,Register,Cash,Payment,Saravana Bhavan Corner,Chennai,0.0
2026-02-10,Idli Vada Combo,Tiffin,1,94.5,90,Register,Cash,Payment,Saravana Bhavan Corner,Chennai,0.0
2026-02-10,Idli (4pc),Tiffin,1,63.0,60,Swiggy,UPI,Payment,Saravana Bhavan Corner,Chennai,0.0
2026-02-10,Sambar Rice,Rice,2,252.0,120,Swiggy,UPI,Payment,Saravana Bhavan Corner,Chennai,0.0
2026-02-10,Veg Thali,Thali,2,378.0,180,Register,UPI,Payment,Saravana Bhavan Corner,Chennai,0.0
2026-02-10,Buttermilk,Beverages,2,63.0,30,Swiggy,UPI,Payment,Saravana Bhavan Corner,Chennai,0.0
2026-02-10,Sambar Rice,Rice,2,252.0,120,Swiggy,Card,Payment,Saravana Bhavan Corner,Chennai,0.0
2026-02-10,Filter Coffee,Beverages,1,37.8,40,Register,UPI,Payment,Saravana Bhavan Corner,Chennai,0.0
2026-02-10,Mysore Bonda,Snacks,1,63.0,60,Register,Cash,Payment,Saravana Bhavan Corner,Chennai,0.0
2026-02-10,Idli (4pc),Tiffin,2,126.0,60,Register,Cash,Payment,Saravana Bhavan Corner,Chennai,0.0
2026-02-10,Buttermilk,Beverages,1,26.78,30,Register,UPI,Payment,Saravana Bhavan Corner,Chennai,0.0
2026-02-10,Masala Dosa,Dosa,1,80.33,90,Register,Cash,Payment,Saravana Bhavan Corner,Chennai,0.0
2026-02-10,Masala Chai,Beverages,1,36.75,35,Register,Cash,Payment,Saravana Bhavan Corner,Chennai,0.0
2026-02-10,Buttermilk,Beverages,1,31.5,30,Register,Cash,Payment,Saravana Bhavan Corner,Chennai,0.0
2026-02-10,Idli Vada Combo,Tiffin,3,283.5,90,Register,Cash,Payment,Saravana Bhavan Corner,Chennai,0.0
2026-02-10,Veg Thali,Thali,1,189.0,180,Register,Card,Payment,Saravana Bhavan Corner,Chennai,0.0
2026-02-10,Masala Dosa,Dosa,1,94.5,90,Register,Card,Payment,Saravana Bhavan Corner,Chennai,0.0
2026-02-10,Filter Coffee,Beverages,1,37.8,40,Register,UPI,Payment,Saravana Bhavan Corner,Chennai,0.0
2026-02-10,Rasgulla (2pc),Desserts,1,73.5,70,Swiggy,UPI,Payment,Saravana Bhavan Corner,Chennai,0.0
2026-02-10,Filter Coffee,Beverages,1,42.0,40,Register,UPI,Payment,Saravana Bhavan Corner,Chennai,0.0
2026-02-10,Idli Vada Combo,Tiffin,1,94.5,90,Register,Cash,Payment,Saravana Bhavan Corner,Chennai,0.0
2026-02-10,Lemon Rice,Rice,1,89.25,100,Register,UPI,Payment,Saravana Bhavan Corner,Chennai,0.0
2026-02-10,Masala Dosa,Dosa,2,189.0,90,Register,UPI,Payment,Saravana Bhavan Corner,Chennai,0.0
2026-02-10,Veg Thali,Thali,1,189.0,180,Swiggy,UPI,Payment,Saravana Bhavan Corner,Chennai,0.0
2026-02-10,Masala Dosa,Dosa,2,189.0,90,Swiggy,UPI,Payment,Saravana Bhavan Corner,Chennai,0.0
2026-02-10,Plain Dosa,Dosa,1,73.5,70,Swiggy,Card,Payment,Saravana Bhavan Corner,Chennai,0.0
2026-02-10,Bisi Bele Bath,Rice,2,273.0,130,Swiggy,Card,Payment,Saravana Bhavan Corner,Chennai,0.0
2026-02-10,Veg Thali,Thali,1,189.0,180,Swiggy,UPI,Payment,Saravana Bhavan Corner,Chennai,0.0
2026-02-10,Rava Dosa,Dosa,1,98.17,110,Swiggy,UPI,Payment,Saravana Bhavan Corner,Chennai,0.0
2026-02-10,Rava Dosa,Dosa,3,346.5,110,Swiggy,UPI,Payment,Saravana Bhavan Corner,Chennai,0.0
2026-02-10,Onion Uttapam,Dosa,3,315.0,100,Register,Cash,Payment,Saravana Bhavan Corner,Chennai,0.0
2026-02-10,Mini Tiffin Thali,Thali,1,141.75,150,Register,Cash,Payment,Saravana Bhavan Corner,Chennai,0.0
2026-02-10,Bisi Bele Bath,Rice,1,136.5,130,Register,Cash,Payment,Saravana Bhavan Corner,Chennai,0.0
2026-02-10,Buttermilk,Beverages,3,94.5,30,Register,Cash,Payment,Saravana Bhavan Corner,Chennai,0.0
2026-02-10,Onion Uttapam,Dosa,1,89.25,100,Swiggy,Card,Payment,Saravana Bhavan Corner,Chennai,0.0
2026-02-10,Medu Vada Chaat,Snacks,2,147.0,70,Register,UPI,Payment,Saravana Bhavan Corner,Chennai,0.0
2026-02-10,Masala Dosa,Dosa,3,283.5,90,Register,Cash,Payment,Saravana Bhavan Corner,Chennai,0.0
2026-02-10,Filter Coffee,Beverages,2,84.0,40,Register,Cash,Payment,Saravana Bhavan Corner,Chennai,0.0
2026-02-10,Buttermilk,Beverages,2,63.0,30,Swiggy,UPI,Payment,Saravana Bhavan Corner,Chennai,0.0
2026-02-10,Vada (2pc),Tiffin,1,52.5,50,Swiggy,UPI,Payment,Saravana Bhavan Corner,Chennai,0.0
2026-02-10,Buttermilk,Beverages,1,31.5,30,Register,Cash,Payment,Saravana Bhavan Corner,Chennai,0.0
2026-02-10,Onion Uttapam,Dosa,1,105.0,100,Register,Card,Payment,Saravana Bhavan Corner,Chennai,0.0
2026-02-10,Veg Thali,Thali,2,378.0,180,Register,Card,Payment,Saravana Bhavan Corner,Chennai,0.0
2026-02-10,Bisi Bele Bath,Rice,1,136.5,130,Register,Card,Payment,Saravana Bhavan Corner,Chennai,0.0
2026-02-10,Medu Vada Chaat,Snacks,1,73.5,70,Register,UPI,Payment,Saravana Bhavan Corner,Chennai,0.0
2026-02-10,Masala Dosa,Dosa,1,85.05,90,Register,Card,Payment,Saravana Bhavan Corner,Chennai,0.0
2026-02-10,Buttermilk,Beverages,1,31.5,30,Register,Cash,Payment,Saravana Bhavan Corner,Chennai,0.0
2026-02-11,Masala Chai,Beverages,3,93.71,35,Swiggy,Card,Payment,Saravana Bhavan Corner,Chennai,0.0
2026-02-11,Rasgulla (2pc),Desserts,3,220.5,70,Swiggy,UPI,Payment,Saravana Bhavan Corner,Chennai,0.0
2026-02-11,Rava Dosa,Dosa,2,196.35,110,Register,UPI,Payment,Saravana Bhavan Corner,Chennai,0.0
2026-02-11,Plain Dosa,Dosa,1,73.5,70,Register,UPI,Payment,Saravana Bhavan Corner,Chennai,0.0
2026-02-11,Idli (4pc),Tiffin,1,63.0,60,Register,UPI,Payment,Saravana Bhavan Corner,Chennai,0.0
2026-02-11,Lemon Rice,Rice,1,105.0,100,Swiggy,Card,Payment,Saravana Bhavan Corner,Chennai,0.0
2026-02-11,Filter Coffee,Beverages,1,42.0,40,Swiggy,Card,Payment,Saravana Bhavan Corner,Chennai,0.0
2026-02-11,Curd Rice,Rice,2,189.0,90,Register,UPI,Payment,Saravana Bhavan Corner,Chennai,0.0
2026-02-11,Mysore Bonda,Snacks,1,63.0,60,Register,Card,Payment,Saravana Bhavan Corner,Chennai,0.0
2026-02-11,Onion Uttapam,Dosa,1,105.0,100,Register,Card,Payment,Saravana Bhavan Corner,Chennai,0.0
2026-02-11,Vada (2pc),Tiffin,2,105.0,50,Register,Card,Payment,Saravana Bhavan Corner,Chennai,0.0
2026-02-11,Veg Thali,Thali,2,378.0,180,Register,Card,Payment,Saravana Bhavan Corner,Chennai,0.0
2026-02-11,Mysore Bonda,Snacks,2,126.0,60,Register,UPI,Payment,Saravana Bhavan Corner,Chennai,0.0
2026-02-11,Sambar Rice,Rice,1,126.0,120,Register,UPI,Payment,Saravana Bhavan Corner,Chennai,0.0
2026-02-11,Curd Rice,Rice,2,189.0,90,Register,UPI,Payment,Saravana Bhavan Corner,Chennai,0.0
2026-02-11,Sambar Rice,Rice,1,107.1,120,Swiggy,Card,Payment,Saravana Bhavan Corner,Chennai,0.0
2026-02-11,Vada (2pc),Tiffin,1,52.5,50,Register,Card,Payment,Saravana Bhavan Corner,Chennai,0.0
2026-02-11,Medu Vada Chaat,Snacks,1,66.15,70,Swiggy,UPI,Payment,Saravana Bhavan Corner,Chennai,0.0
2026-02-11,Filter Coffee,Beverages,1,42.0,40,Register,Card,Payment,Saravana Bhavan Corner,Chennai,0.0
2026-02-11,Filter Coffee,Beverages,1,35.7,40,Register,Cash,Payment,Saravana Bhavan Corner,Chennai,0.0
2026-02-11,Filter Coffee,Beverages,3,126.0,40,Register,Card,Payment,Saravana Bhavan Corner,Chennai,0.0
2026-02-11,Veg Thali,Thali,1,189.0,180,Swiggy,Card,Payment,Saravana Bhavan Corner,Chennai,0.0
2026-02-11,Vada (2pc),Tiffin,2,105.0,50,Register,Cash,Payment,Saravana Bhavan Corner,Chennai,0.0
2026-02-11,Lemon Rice,Rice,2,210.0,100,Register,Cash,Payment,Saravana Bhavan Corner,Chennai,0.0
2026-02-11,Rava Dosa,Dosa,3,346.5,110,Register,UPI,Payment,Saravana Bhavan Corner,Chennai,0.0
2026-02-11,Rava Dosa,Dosa,2,231.0,110,Register,Card,Payment,Saravana Bhavan Corner,Chennai,0.0
2026-02-11,Filter Coffee,Beverages,2,84.0,40,Register,Card,Payment,Saravana Bhavan Corner,Chennai,0.0
2026-02-11,Vada (2pc),Tiffin,1,47.25,50,Register,Cash,Payment,Saravana Bhavan Corner,Chennai,0.0
2026-02-11,Idli (4pc),Tiffin,1,63.0,60,Register,UPI,Payment,Saravana Bhavan Corner,Chennai,0.0
2026-02-11,Masala Chai,Beverages,2,73.5,35,Register,Card,Payment,Saravana Bhavan Corner,Chennai,0.0
2026-02-11,Lemon Rice,Rice,1,105.0,100,Register,Cash,Payment,Saravana Bhavan Corner,Chennai,0.0
2026-02-11,Pongal,Tiffin,1,84.0,80,Register,Cash,Payment,Saravana Bhavan Corner,Chennai,0.0
2026-02-11,Mini Tiffin Thali,Thali,1,133.88,150,Swiggy,Card,Payment,Saravana Bhavan Corner,Chennai,0.0
2026-02-11,Veg Thali,Thali,2,378.0,180,Swiggy,Card,Payment,Saravana Bhavan Corner,Chennai,0.0
2026-02-11,Idli (4pc),Tiffin,1,56.7,60,Swiggy,Card,Payment,Saravana Bhavan Corner,Chennai,0.0
2026-02-11,Buttermilk,Beverages,1,31.5,30,Swiggy,Card,Payment,Saravana Bhavan Corner,Chennai,0.0
2026-02-11,Sambar Rice,Rice,1,126.0,120,Swiggy,Card,Payment,Saravana Bhavan Corner,Chennai,0.0
2026-02-11,Idli (4pc),Tiffin,2,126.0,60,Swiggy,Card,Payment,Saravana Bhavan Corner,Chennai,0.0
2026-02-11,Curd Rice,Rice,1,94.5,90,Swiggy,Card,Payment,Saravana Bhavan Corner,Chennai,0.0
2026-02-11,Buttermilk,Beverages,1,31.5,30,Register,Cash,Payment,Saravana Bhavan Corner,Chennai,0.0
2026-02-11,Masala Dosa,Dosa,2,189.0,90,Register,Cash,Payment,Saravana Bhavan Corner,Chennai,0.0
2026-02-11,Plain Dosa,Dosa,1,73.5,70,Register,UPI,Payment,Saravana Bhavan Corner,Chennai,0.0
2026-02-11,Rava Dosa,Dosa,1,103.95,110,Register,UPI,Payment,Saravana Bhavan Corner,Chennai,0.0
2026-02-11,Medu Vada Chaat,Snacks,1,73.5,70,Register,UPI,Payment,Saravana Bhavan Corner,Chennai,0.0
2026-02-11,Curd Rice,Rice,2,189.0,90,Register,UPI,Payment,Saravana Bhavan Corner,Chennai,0.0
2026-02-11,Sambar Rice,Rice,1,126.0,120,Register,UPI,Payment,Saravana Bhavan Corner,Chennai,0.0
2026-02-11,Idli (4pc),Tiffin,2,126.0,60,Register,UPI,Payment,Saravana Bhavan Corner,Chennai,0.0
2026-02-11,Buttermilk,Beverages,2,63.0,30,Register,UPI,Payment,Saravana Bhavan Corner,Chennai,0.0
2026-02-11,Veg Thali,Thali,1,189.0,180,Swiggy,UPI,Payment,Saravana Bhavan Corner,Chennai,0.0
2026-02-11,Sambar Rice,Rice,2,252.0,120,Register,UPI,Payment,Saravana Bhavan Corner,Chennai,0.0
2026-02-11,Filter Coffee,Beverages,2,84.0,40,Register,Card,Payment,Saravana Bhavan Corner,Chennai,0.0
2026-02-11,Idli Vada Combo,Tiffin,1,94.5,90,Register,UPI,Payment,Saravana Bhavan Corner,Chennai,0.0
2026-02-11,Sambar Rice,Rice,1,126.0,120,Register,Card,Payment,Saravana Bhavan Corner,Chennai,0.0
2026-02-11,Veg Thali,Thali,2,378.0,180,Swiggy,Card,Payment,Saravana Bhavan Corner,Chennai,0.0
2026-02-11,Sambar Rice,Rice,1,126.0,120,Swiggy,Card,Payment,Saravana Bhavan Corner,Chennai,0.0
2026-02-11,Buttermilk,Beverages,1,31.5,30,Swiggy,Card,Payment,Saravana Bhavan Corner,Chennai,0.0
2026-02-11,Lemon Rice,Rice,1,105.0,100,Register,Card,Payment,Saravana Bhavan Corner,Chennai,0.0
2026-02-11,Buttermilk,Beverages,1,31.5,30,Register,UPI,Payment,Saravana Bhavan Corner,Chennai,0.0
2026-02-11,Veg Thali,Thali,1,160.65,180,Register,UPI,Payment,Saravana Bhavan Corner,Chennai,0.0
2026-02-11,Buttermilk,Beverages,1,31.5,30,Register,UPI,Payment,Saravana Bhavan Corner,Chennai,0.0
2026-02-11,Idli (4pc),Tiffin,1,56.7,60,Register,UPI,Payment,Saravana Bhavan Corner,Chennai,0.0
2026-02-11,Bulk Catering Order,Uncategorized,2,6300.0,3000,Register,Card,Payment,Saravana Bhavan Corner,Chennai,0.0
2026-02-11,Idli (4pc),Tiffin,1,63.0,60,Register,Card,Payment,Saravana Bhavan Corner,Chennai,0.0
2026-02-11,Filter Coffee,Beverages,1,37.8,40,Swiggy,Card,Payment,Saravana Bhavan Corner,Chennai,0.0
2026-02-11,Masala Dosa,Dosa,2,189.0,90,Register,UPI,Payment,Saravana Bhavan Corner,Chennai,0.0
2026-02-11,Idli (4pc),Tiffin,1,63.0,60,Register,UPI,Payment,Saravana Bhavan Corner,Chennai,0.0
2026-02-11,Lemon Rice,Rice,1,105.0,100,Register,UPI,Payment,Saravana Bhavan Corner,Chennai,0.0
2026-02-11,Plain Dosa,Dosa,1,73.5,70,Register,Card,Payment,Saravana Bhavan Corner,Chennai,0.0
2026-02-11,Plain Dosa,Dosa,2,147.0,70,Register,Card,Payment,Saravana Bhavan Corner,Chennai,0.0
2026-02-11,Pongal,Tiffin,1,84.0,80,Register,UPI,Payment,Saravana Bhavan Corner,Chennai,0.0
2026-02-11,Vada (2pc),Tiffin,1,52.5,50,Register,UPI,Payment,Saravana Bhavan Corner,Chennai,0.0
2026-02-11,Curd Rice,Rice,1,94.5,90,Register,Card,Payment,Saravana Bhavan Corner,Chennai,0.0
2026-02-11,Veg Thali,Thali,1,189.0,180,Register,Card,Payment,Saravana Bhavan Corner,Chennai,0.0
2026-02-11,Buttermilk,Beverages,2,63.0,30,Swiggy,UPI,Payment,Saravana Bhavan Corner,Chennai,0.0
2026-02-11,Curd Rice,Rice,2,189.0,90,Register,Card,Payment,Saravana Bhavan Corner,Chennai,0.0
2026-02-11,Filter Coffee,Beverages,2,84.0,40,Swiggy,UPI,Payment,Saravana Bhavan Corner,Chennai,0.0
2026-02-11,Lemon Rice,Rice,1,105.0,100,Swiggy,UPI,Payment,Saravana Bhavan Corner,Chennai,0.0
2026-02-11,Onion Uttapam,Dosa,2,210.0,100,Swiggy,UPI,Payment,Saravana Bhavan Corner,Chennai,0.0
2026-02-11,Filter Coffee,Beverages,2,84.0,40,Register,UPI,Payment,Saravana Bhavan Corner,Chennai,0.0
2026-02-11,Pongal,Tiffin,2,168.0,80,Register,UPI,Payment,Saravana Bhavan Corner,Chennai,0.0
2026-02-11,Rava Dosa,Dosa,1,115.5,110,Register,Cash,Payment,Saravana Bhavan Corner,Chennai,0.0
2026-02-11,Buttermilk,Beverages,1,31.5,30,Register,Cash,Payment,Saravana Bhavan Corner,Chennai,0.0
2026-02-11,Masala Chai,Beverages,2,73.5,35,Swiggy,UPI,Payment,Saravana Bhavan Corner,Chennai,0.0
2026-02-11,Curd Rice,Rice,2,189.0,90,Register,Cash,Payment,Saravana Bhavan Corner,Chennai,0.0
2026-02-12,Veg Thali,Thali,2,321.3,180,Swiggy,UPI,Payment,Saravana Bhavan Corner,Chennai,0.0
2026-02-12,Idli Vada Combo,Tiffin,2,189.0,90,Swiggy,UPI,Payment,Saravana Bhavan Corner,Chennai,0.0
2026-02-12,Bulk Catering Order,Uncategorized,1,3150.0,3000,Swiggy,UPI,Payment,Saravana Bhavan Corner,Chennai,0.0
2026-02-12,Masala Dosa,Dosa,1,94.5,90,Swiggy,Card,Payment,Saravana Bhavan Corner,Chennai,0.0
2026-02-12,Mini Tiffin Thali,Thali,1,157.5,150,Swiggy,Card,Payment,Saravana Bhavan Corner,Chennai,0.0
2026-02-12,Masala Dosa,Dosa,1,94.5,90,Swiggy,Card,Payment,Saravana Bhavan Corner,Chennai,0.0
2026-02-12,Masala Dosa,Dosa,2,189.0,90,Swiggy,Card,Payment,Saravana Bhavan Corner,Chennai,0.0
2026-02-12,Idli (4pc),Tiffin,1,63.0,60,Swiggy,Card,Payment,Saravana Bhavan Corner,Chennai,0.0
2026-02-12,Filter Coffee,Beverages,1,42.0,40,Register,Cash,Payment,Saravana Bhavan Corner,Chennai,0.0
2026-02-12,Masala Chai,Beverages,1,36.75,35,Register,Cash,Payment,Saravana Bhavan Corner,Chennai,0.0
2026-02-12,Masala Dosa,Dosa,3,283.5,90,Register,UPI,Payment,Saravana Bhavan Corner,Chennai,0.0
2026-02-12,Lemon Rice,Rice,2,210.0,100,Register,Cash,Payment,Saravana Bhavan Corner,Chennai,0.0
2026-02-12,Filter Coffee,Beverages,1,37.8,40,Swiggy,Card,Payment,Saravana Bhavan Corner,Chennai,0.0
2026-02-12,Idli (4pc),Tiffin,1,63.0,60,Swiggy,UPI,Payment,Saravana Bhavan Corner,Chennai,0.0
2026-02-12,Plain Dosa,Dosa,1,73.5,70,Register,Cash,Payment,Saravana Bhavan Corner,Chennai,0.0
2026-02-12,Idli Vada Combo,Tiffin,1,94.5,90,Swiggy,UPI,Payment,Saravana Bhavan Corner,Chennai,0.0
2026-02-12,Curd Rice,Rice,1,94.5,90,Register,Cash,Payment,Saravana Bhavan Corner,Chennai,0.0
2026-02-12,Idli (4pc),Tiffin,1,63.0,60,Swiggy,UPI,Payment,Saravana Bhavan Corner,Chennai,0.0
2026-02-12,Idli (4pc),Tiffin,1,63.0,60,Swiggy,UPI,Payment,Saravana Bhavan Corner,Chennai,0.0
2026-02-12,Curd Rice,Rice,2,189.0,90,Swiggy,UPI,Payment,Saravana Bhavan Corner,Chennai,0.0
2026-02-12,Vada (2pc),Tiffin,1,52.5,50,Swiggy,UPI,Payment,Saravana Bhavan Corner,Chennai,0.0
2026-02-12,Idli (4pc),Tiffin,2,126.0,60,Swiggy,UPI,Payment,Saravana Bhavan Corner,Chennai,0.0
2026-02-12,Filter Coffee,Beverages,1,42.0,40,Swiggy,UPI,Payment,Saravana Bhavan Corner,Chennai,0.0
2026-02-12,Veg Thali,Thali,1,189.0,180,Register,Cash,Payment,Saravana Bhavan Corner,Chennai,0.0
2026-02-12,Plain Dosa,Dosa,2,147.0,70,Register,Cash,Payment,Saravana Bhavan Corner,Chennai,0.0
2026-02-12,Veg Thali,Thali,1,189.0,180,Swiggy,UPI,Payment,Saravana Bhavan Corner,Chennai,0.0
2026-02-12,Curd Rice,Rice,2,170.1,90,Register,Cash,Payment,Saravana Bhavan Corner,Chennai,0.0
2026-02-12,Veg Thali,Thali,2,340.2,180,Register,Cash,Payment,Saravana Bhavan Corner,Chennai,0.0
2026-02-12,Buttermilk,Beverages,1,31.5,30,Swiggy,UPI,Payment,Saravana Bhavan Corner,Chennai,0.0
2026-02-12,Idli Vada Combo,Tiffin,1,94.5,90,Swiggy,UPI,Payment,Saravana Bhavan Corner,Chennai,0.0
2026-02-12,Masala Dosa,Dosa,1,94.5,90,Swiggy,UPI,Payment,Saravana Bhavan Corner,Chennai,0.0
2026-02-12,Vada (2pc),Tiffin,1,52.5,50,Swiggy,Card,Payment,Saravana Bhavan Corner,Chennai,0.0
2026-02-12,Masala Chai,Beverages,1,36.75,35,Swiggy,UPI,Payment,Saravana Bhavan Corner,Chennai,0.0
2026-02-12,Masala Dosa,Dosa,1,94.5,90,Register,Card,Payment,Saravana Bhavan Corner,Chennai,0.0
2026-02-12,Filter Coffee,Beverages,1,42.0,40,Swiggy,UPI,Payment,Saravana Bhavan Corner,Chennai,0.0
2026-02-12,Masala Dosa,Dosa,2,189.0,90,Swiggy,UPI,Payment,Saravana Bhavan Corner,Chennai,0.0
2026-02-12,Mini Tiffin Thali,Thali,1,157.5,150,Swiggy,UPI,Payment,Saravana Bhavan Corner,Chennai,0.0
2026-02-12,Filter Coffee,Beverages,1,42.0,40,Swiggy,UPI,Payment,Saravana Bhavan Corner,Chennai,0.0
2026-02-12,Lemon Rice,Rice,1,105.0,100,Swiggy,UPI,Payment,Saravana Bhavan Corner,Chennai,0.0
2026-02-12,Idli (4pc),Tiffin,2,126.0,60,Swiggy,UPI,Payment,Saravana Bhavan Corner,Chennai,0.0
2026-02-12,Rava Dosa,Dosa,1,115.5,110,Swiggy,UPI,Payment,Saravana Bhavan Corner,Chennai,0.0
2026-02-12,Onion Uttapam,Dosa,1,105.0,100,Swiggy,UPI,Payment,Saravana Bhavan Corner,Chennai,0.0
2026-02-12,Plain Dosa,Dosa,2,147.0,70,Swiggy,Card,Payment,Saravana Bhavan Corner,Chennai,0.0
2026-02-12,Vada (2pc),Tiffin,2,105.0,50,Swiggy,Card,Payment,Saravana Bhavan Corner,Chennai,0.0
2026-02-12,Sambar Rice,Rice,3,378.0,120,Register,Cash,Payment,Saravana Bhavan Corner,Chennai,0.0
2026-02-12,Rasgulla (2pc),Desserts,1,73.5,70,Register,Cash,Payment,Saravana Bhavan Corner,Chennai,0.0
2026-02-12,Onion Uttapam,Dosa,1,89.25,100,Register,Cash,Payment,Saravana Bhavan Corner,Chennai,0.0
2026-02-12,Buttermilk,Beverages,1,31.5,30,Register,Card,Payment,Saravana Bhavan Corner,Chennai,0.0
2026-02-12,Idli Vada Combo,Tiffin,1,94.5,90,Swiggy,UPI,Payment,Saravana Bhavan Corner,Chennai,0.0
2026-02-12,Sambar Rice,Rice,2,252.0,120,Register,Cash,Payment,Saravana Bhavan Corner,Chennai,0.0
2026-02-12,Medu Vada Chaat,Snacks,1,66.15,70,Swiggy,UPI,Payment,Saravana Bhavan Corner,Chennai,0.0
2026-02-12,Bisi Bele Bath,Rice,1,122.85,130,Register,Card,Payment,Saravana Bhavan Corner,Chennai,0.0
2026-02-12,Pongal,Tiffin,2,168.0,80,Swiggy,Card,Payment,Saravana Bhavan Corner,Chennai,0.0
2026-02-12,Vada (2pc),Tiffin,1,52.5,50,Register,UPI,Payment,Saravana Bhavan Corner,Chennai,0.0
2026-02-12,Rava Dosa,Dosa,3,346.5,110,Register,Cash,Payment,Saravana Bhavan Corner,Chennai,0.0
2026-02-12,Lemon Rice,Rice,1,89.25,100,Register,Cash,Payment,Saravana Bhavan Corner,Chennai,0.0
2026-02-12,Medu Vada Chaat,Snacks,3,187.43,70,Register,Cash,Payment,Saravana Bhavan Corner,Chennai,0.0
2026-02-12,Filter Coffee,Beverages,2,71.4,40,Register,Card,Payment,Saravana Bhavan Corner,Chennai,0.0
2026-02-12,Filter Coffee,Beverages,1,42.0,40,Register,Cash,Payment,Saravana Bhavan Corner,Chennai,0.0
2026-02-12,Curd Rice,Rice,2,170.1,90,Register,Cash,Payment,Saravana Bhavan Corner,Chennai,0.0
2026-02-12,Veg Thali,Thali,1,189.0,180,Register,Cash,Payment,Saravana Bhavan Corner,Chennai,0.0
2026-02-12,Rava Dosa,Dosa,2,231.0,110,Register,Cash,Payment,Saravana Bhavan Corner,Chennai,0.0
2026-02-12,Idli (4pc),Tiffin,1,63.0,60,Register,Card,Payment,Saravana Bhavan Corner,Chennai,0.0
2026-02-13,Medu Vada Chaat,Snacks,1,73.5,70,Swiggy,Card,Payment,Saravana Bhavan Corner,Chennai,0.0
2026-02-13,Idli (4pc),Tiffin,1,63.0,60,Register,Cash,Payment,Saravana Bhavan Corner,Chennai,0.0
2026-02-13,Plain Dosa,Dosa,1,73.5,70,Register,Cash,Payment,Saravana Bhavan Corner,Chennai,0.0
2026-02-13,Filter Coffee,Beverages,2,84.0,40,Register,Cash,Payment,Saravana Bhavan Corner,Chennai,0.0
2026-02-13,Sambar Rice,Rice,1,126.0,120,Register,Cash,Payment,Saravana Bhavan Corner,Chennai,0.0
2026-02-13,Masala Chai,Beverages,1,36.75,35,Register,Cash,Payment,Saravana Bhavan Corner,Chennai,0.0
2026-02-13,Idli (4pc),Tiffin,1,63.0,60,Swiggy,UPI,Payment,Saravana Bhavan Corner,Chennai,0.0
2026-02-13,Sambar Rice,Rice,2,252.0,120,Register,Cash,Payment,Saravana Bhavan Corner,Chennai,0.0
2026-02-13,Lemon Rice,Rice,1,105.0,100,Register,UPI,Payment,Saravana Bhavan Corner,Chennai,0.0
2026-02-13,Curd Rice,Rice,1,94.5,90,Register,UPI,Payment,Saravana Bhavan Corner,Chennai,0.0
2026-02-13,Medu Vada Chaat,Snacks,1,73.5,70,Register,UPI,Payment,Saravana Bhavan Corner,Chennai,0.0
2026-02-13,Sambar Rice,Rice,1,126.0,120,Register,Cash,Payment,Saravana Bhavan Corner,Chennai,0.0
2026-02-13,Onion Uttapam,Dosa,2,210.0,100,Register,Cash,Payment,Saravana Bhavan Corner,Chennai,0.0
2026-02-13,Onion Uttapam,Dosa,3,315.0,100,Swiggy,Card,Payment,Saravana Bhavan Corner,Chennai,0.0
2026-02-13,Rasgulla (2pc),Desserts,1,73.5,70,Swiggy,Card,Payment,Saravana Bhavan Corner,Chennai,0.0
2026-02-13,Buttermilk,Beverages,1,31.5,30,Swiggy,UPI,Payment,Saravana Bhavan Corner,Chennai,0.0
2026-02-13,Filter Coffee,Beverages,2,75.6,40,Swiggy,Card,Payment,Saravana Bhavan Corner,Chennai,0.0
2026-02-13,Idli (4pc),Tiffin,2,113.4,60,Register,Cash,Payment,Saravana Bhavan Corner,Chennai,0.0
2026-02-13,Idli Vada Combo,Tiffin,3,283.5,90,Register,Card,Payment,Saravana Bhavan Corner,Chennai,0.0
2026-02-13,Buttermilk,Beverages,1,31.5,30,Swiggy,UPI,Payment,Saravana Bhavan Corner,Chennai,0.0
2026-02-13,Idli (4pc),Tiffin,2,126.0,60,Register,Cash,Payment,Saravana Bhavan Corner,Chennai,0.0
2026-02-13,Masala Dosa,Dosa,1,94.5,90,Register,Cash,Payment,Saravana Bhavan Corner,Chennai,0.0
2026-02-13,Rava Dosa,Dosa,1,115.5,110,Register,Cash,Payment,Saravana Bhavan Corner,Chennai,0.0
2026-02-13,Masala Chai,Beverages,2,73.5,35,Register,UPI,Payment,Saravana Bhavan Corner,Chennai,0.0
2026-02-13,Masala Dosa,Dosa,2,189.0,90,Register,UPI,Payment,Saravana Bhavan Corner,Chennai,0.0
2026-02-13,Medu Vada Chaat,Snacks,1,73.5,70,Register,UPI,Payment,Saravana Bhavan Corner,Chennai,0.0
2026-02-13,Masala Chai,Beverages,1,36.75,35,Register,Cash,Payment,Saravana Bhavan Corner,Chennai,0.0
2026-02-13,Idli Vada Combo,Tiffin,1,94.5,90,Register,UPI,Payment,Saravana Bhavan Corner,Chennai,0.0
2026-02-13,Filter Coffee,Beverages,1,35.7,40,Swiggy,UPI,Payment,Saravana Bhavan Corner,Chennai,0.0
2026-02-13,Masala Dosa,Dosa,1,94.5,90,Swiggy,UPI,Payment,Saravana Bhavan Corner,Chennai,0.0
2026-02-13,Rava Dosa,Dosa,1,115.5,110,Swiggy,UPI,Payment,Saravana Bhavan Corner,Chennai,0.0
2026-02-13,Plain Dosa,Dosa,1,73.5,70,Swiggy,UPI,Payment,Saravana Bhavan Corner,Chennai,0.0
2026-02-13,Vada (2pc),Tiffin,3,141.75,50,Swiggy,UPI,Payment,Saravana Bhavan Corner,Chennai,0.0
2026-02-13,Idli Vada Combo,Tiffin,1,94.5,90,Register,Card,Payment,Saravana Bhavan Corner,Chennai,0.0
2026-02-13,Buttermilk,Beverages,1,31.5,30,Register,Card,Payment,Saravana Bhavan Corner,Chennai,0.0
2026-02-13,Mini Tiffin Thali,Thali,1,157.5,150,Register,UPI,Payment,Saravana Bhavan Corner,Chennai,0.0
2026-02-13,Veg Thali,Thali,3,567.0,180,Swiggy,UPI,Payment,Saravana Bhavan Corner,Chennai,0.0
2026-02-13,Idli (4pc),Tiffin,1,63.0,60,Register,Cash,Payment,Saravana Bhavan Corner,Chennai,0.0
2026-02-13,Buttermilk,Beverages,1,31.5,30,Register,Cash,Payment,Saravana Bhavan Corner,Chennai,0.0
2026-02-13,Masala Chai,Beverages,1,36.75,35,Swiggy,UPI,Payment,Saravana Bhavan Corner,Chennai,0.0
2026-02-13,Masala Chai,Beverages,1,36.75,35,Register,Card,Payment,Saravana Bhavan Corner,Chennai,0.0
2026-02-13,Veg Thali,Thali,1,189.0,180,Register,Card,Payment,Saravana Bhavan Corner,Chennai,0.0
2026-02-13,Vada (2pc),Tiffin,2,105.0,50,Register,Card,Payment,Saravana Bhavan Corner,Chennai,0.0
2026-02-13,Veg Thali,Thali,2,378.0,180,Register,Card,Payment,Saravana Bhavan Corner,Chennai,0.0
2026-02-13,Idli Vada Combo,Tiffin,2,189.0,90,Swiggy,Card,Payment,Saravana Bhavan Corner,Chennai,0.0
2026-02-13,Filter Coffee,Beverages,1,42.0,40,Swiggy,Card,Payment,Saravana Bhavan Corner,Chennai,0.0
2026-02-13,Rasgulla (2pc),Desserts,1,73.5,70,Swiggy,UPI,Payment,Saravana Bhavan Corner,Chennai,0.0
2026-02-13,Veg Thali,Thali,2,378.0,180,Swiggy,UPI,Payment,Saravana Bhavan Corner,Chennai,0.0
2026-02-13,Vada (2pc),Tiffin,2,105.0,50,Swiggy,Card,Payment,Saravana Bhavan Corner,Chennai,0.0
2026-02-13,Idli Vada Combo,Tiffin,1,94.5,90,Swiggy,Card,Payment,Saravana Bhavan Corner,Chennai,0.0
2026-02-13,Lemon Rice,Rice,1,105.0,100,Swiggy,Card,Payment,Saravana Bhavan Corner,Chennai,0.0
2026-02-13,Sambar Rice,Rice,2,252.0,120,Register,Cash,Payment,Saravana Bhavan Corner,Chennai,0.0
2026-02-13,Filter Coffee,Beverages,1,35.7,40,Register,Cash,Payment,Saravana Bhavan Corner,Chennai,0.0
2026-02-13,Idli (4pc),Tiffin,1,56.7,60,Register,Cash,Payment,Saravana Bhavan Corner,Chennai,0.0
2026-02-13,Mysore Bonda,Snacks,1,63.0,60,Register,Cash,Payment,Saravana Bhavan Corner,Chennai,0.0
2026-02-13,Onion Uttapam,Dosa,2,210.0,100,Swiggy,UPI,Payment,Saravana Bhavan Corner,Chennai,0.0
2026-02-13,Vada (2pc),Tiffin,2,105.0,50,Swiggy,UPI,Payment,Saravana Bhavan Corner,Chennai,0.0
2026-02-13,Mini Tiffin Thali,Thali,1,157.5,150,Swiggy,Card,Payment,Saravana Bhavan Corner,Chennai,0.0
2026-02-13,Plain Dosa,Dosa,1,73.5,70,Register,Cash,Payment,Saravana Bhavan Corner,Chennai,0.0
2026-02-13,Buttermilk,Beverages,1,31.5,30,Swiggy,UPI,Payment,Saravana Bhavan Corner,Chennai,0.0
2026-02-13,Veg Thali,Thali,1,170.1,180,Register,Cash,Payment,Saravana Bhavan Corner,Chennai,0.0
2026-02-13,Masala Chai,Beverages,1,36.75,35,Swiggy,Card,Payment,Saravana Bhavan Corner,Chennai,0.0
2026-02-13,Filter Coffee,Beverages,1,37.8,40,Swiggy,Card,Payment,Saravana Bhavan Corner,Chennai,0.0
2026-02-13,Vada (2pc),Tiffin,3,157.5,50,Swiggy,Card,Payment,Saravana Bhavan Corner,Chennai,0.0
2026-02-13,Curd Rice,Rice,1,94.5,90,Swiggy,Card,Payment,Saravana Bhavan Corner,Chennai,0.0
2026-02-13,Masala Chai,Beverages,1,36.75,35,Register,UPI,Payment,Saravana Bhavan Corner,Chennai,0.0
2026-02-13,Filter Coffee,Beverages,1,42.0,40,Register,Cash,Payment,Saravana Bhavan Corner,Chennai,0.0
2026-02-13,Idli Vada Combo,Tiffin,3,283.5,90,Register,Card,Payment,Saravana Bhavan Corner,Chennai,0.0
2026-02-13,Idli (4pc),Tiffin,1,63.0,60,Register,Card,Payment,Saravana Bhavan Corner,Chennai,0.0
2026-02-13,Masala Dosa,Dosa,2,189.0,90,Register,Card,Payment,Saravana Bhavan Corner,Chennai,0.0
2026-02-13,Vada (2pc),Tiffin,1,52.5,50,Register,Card,Payment,Saravana Bhavan Corner,Chennai,0.0
2026-02-13,Curd Rice,Rice,1,94.5,90,Register,Card,Payment,Saravana Bhavan Corner,Chennai,0.0
2026-02-13,Masala Dosa,Dosa,1,94.5,90,Register,Card,Payment,Saravana Bhavan Corner,Chennai,0.0
2026-02-13,Sambar Rice,Rice,1,126.0,120,Register,UPI,Payment,Saravana Bhavan Corner,Chennai,0.0
2026-02-13,Masala Dosa,Dosa,3,255.15,90,Register,Cash,Payment,Saravana Bhavan Corner,Chennai,0.0
2026-02-14,Idli (4pc),Tiffin,1,56.7,60,Register,UPI,Payment,Saravana Bhavan Corner,Chennai,0.0
2026-02-14,Lemon Rice,Rice,1,105.0,100,Register,UPI,Payment,Saravana Bhavan Corner,Chennai,0.0
2026-02-14,Masala Dosa,Dosa,2,189.0,90,Register,Card,Payment,Saravana Bhavan Corner,Chennai,0.0
2026-02-14,Idli Vada Combo,Tiffin,2,189.0,90,Swiggy,Card,Payment,Saravana Bhavan Corner,Chennai,0.0
2026-02-14,Masala Chai,Beverages,2,66.15,35,Register,Card,Payment,Saravana Bhavan Corner,Chennai,0.0
2026-02-14,Sambar Rice,Rice,2,252.0,120,Register,Card,Payment,Saravana Bhavan Corner,Chennai,0.0
2026-02-14,Rava Dosa,Dosa,2,231.0,110,Register,Card,Payment,Saravana Bhavan Corner,Chennai,0.0
2026-02-14,Mini Tiffin Thali,Thali,1,157.5,150,Register,UPI,Payment,Saravana Bhavan Corner,Chennai,0.0
2026-02-14,Idli (4pc),Tiffin,1,56.7,60,Register,UPI,Payment,Saravana Bhavan Corner,Chennai,0.0
2026-02-14,Masala Dosa,Dosa,1,85.05,90,Swiggy,UPI,Payment,Saravana Bhavan Corner,Chennai,0.0
2026-02-14,Filter Coffee,Beverages,1,42.0,40,Swiggy,UPI,Payment,Saravana Bhavan Corner,Chennai,0.0
2026-02-14,Rava Dosa,Dosa,1,115.5,110,Swiggy,UPI,Payment,Saravana Bhavan Corner,Chennai,0.0
2026-02-14,Lemon Rice,Rice,1,89.25,100,Swiggy,UPI,Payment,Saravana Bhavan Corner,Chennai,0.0
2026-02-14,Bisi Bele Bath,Rice,1,136.5,130,Register,Cash,Payment,Saravana Bhavan Corner,Chennai,0.0
2026-02-14,Idli (4pc),Tiffin,3,189.0,60,Swiggy,UPI,Payment,Saravana Bhavan Corner,Chennai,0.0
2026-02-14,Mysore Bonda,Snacks,2,126.0,60,Swiggy,UPI,Payment,Saravana Bhavan Corner,Chennai,0.0
2026-02-14,Bisi Bele Bath,Rice,1,136.5,130,Register,Card,Payment,Saravana Bhavan Corner,Chennai,0.0
2026-02-14,Idli Vada Combo,Tiffin,1,94.5,90,Swiggy,UPI,Payment,Saravana Bhavan Corner,Chennai,0.0
2026-02-14,Vada (2pc),Tiffin,1,52.5,50,Swiggy,UPI,Payment,Saravana Bhavan Corner,Chennai,0.0
2026-02-14,Medu Vada Chaat,Snacks,1,73.5,70,Register,Card,Payment,Saravana Bhavan Corner,Chennai,0.0
2026-02-14,Filter Coffee,Beverages,2,75.6,40,Register,Card,Payment,Saravana Bhavan Corner,Chennai,0.0
2026-02-14,Vada (2pc),Tiffin,1,47.25,50,Register,Card,Payment,Saravana Bhavan Corner,Chennai,0.0
2026-02-14,Onion Uttapam,Dosa,1,105.0,100,Register,Cash,Payment,Saravana Bhavan Corner,Chennai,0.0
2026-02-14,Masala Chai,Beverages,1,36.75,35,Register,Cash,Payment,Saravana Bhavan Corner,Chennai,0.0
2026-02-14,Plain Dosa,Dosa,2,147.0,70,Register,Cash,Payment,Saravana Bhavan Corner,Chennai,0.0
2026-02-14,Mini Tiffin Thali,Thali,2,283.5,150,Register,Cash,Payment,Saravana Bhavan Corner,Chennai,0.0
2026-02-14,Sambar Rice,Rice,1,126.0,120,Register,Cash,Payment,Saravana Bhavan Corner,Chennai,0.0
2026-02-14,Lemon Rice,Rice,1,105.0,100,Register,Card,Payment,Saravana Bhavan Corner,Chennai,0.0
2026-02-14,Plain Dosa,Dosa,1,66.15,70,Register,Cash,Payment,Saravana Bhavan Corner,Chennai,0.0
2026-02-14,Veg Thali,Thali,1,189.0,180,Register,UPI,Payment,Saravana Bhavan Corner,Chennai,0.0
2026-02-14,Filter Coffee,Beverages,2,84.0,40,Swiggy,UPI,Payment,Saravana Bhavan Corner,Chennai,0.0
2026-02-14,Plain Dosa,Dosa,3,220.5,70,Register,Card,Payment,Saravana Bhavan Corner,Chennai,0.0
2026-02-14,Mini Tiffin Thali,Thali,1,141.75,150,Swiggy,UPI,Payment,Saravana Bhavan Corner,Chennai,0.0
2026-02-14,Idli Vada Combo,Tiffin,3,283.5,90,Register,Cash,Payment,Saravana Bhavan Corner,Chennai,0.0
2026-02-14,Sambar Rice,Rice,2,252.0,120,Register,Cash,Payment,Saravana Bhavan Corner,Chennai,0.0
2026-02-14,Filter Coffee,Beverages,1,42.0,40,Swiggy,UPI,Payment,Saravana Bhavan Corner,Chennai,0.0
2026-02-14,Filter Coffee,Beverages,1,42.0,40,Swiggy,UPI,Payment,Saravana Bhavan Corner,Chennai,0.0
2026-02-14,Curd Rice,Rice,1,94.5,90,Swiggy,Card,Payment,Saravana Bhavan Corner,Chennai,0.0
2026-02-14,Idli (4pc),Tiffin,2,126.0,60,Swiggy,Card,Payment,Saravana Bhavan Corner,Chennai,0.0
2026-02-14,Masala Dosa,Dosa,1,94.5,90,Swiggy,Card,Payment,Saravana Bhavan Corner,Chennai,0.0
2026-02-14,Onion Uttapam,Dosa,1,105.0,100,Register,Cash,Payment,Saravana Bhavan Corner,Chennai,0.0
2026-02-14,Onion Uttapam,Dosa,2,210.0,100,Register,Cash,Payment,Saravana Bhavan Corner,Chennai,0.0
2026-02-14,Masala Dosa,Dosa,3,240.98,90,Swiggy,UPI,Payment,Saravana Bhavan Corner,Chennai,0.0
2026-02-14,Masala Chai,Beverages,1,36.75,35,Swiggy,Card,Payment,Saravana Bhavan Corner,Chennai,0.0
2026-02-14,Vada (2pc),Tiffin,2,94.5,50,Swiggy,UPI,Payment,Saravana Bhavan Corner,Chennai,0.0
2026-02-14,Idli Vada Combo,Tiffin,3,255.15,90,Register,UPI,Payment,Saravana Bhavan Corner,Chennai,0.0
2026-02-14,Idli Vada Combo,Tiffin,1,94.5,90,Register,Cash,Payment,Saravana Bhavan Corner,Chennai,0.0
2026-02-14,Buttermilk,Beverages,2,63.0,30,Register,Cash,Payment,Saravana Bhavan Corner,Chennai,0.0
2026-02-14,Mini Tiffin Thali,Thali,1,157.5,150,Swiggy,UPI,Payment,Saravana Bhavan Corner,Chennai,0.0
2026-02-14,Masala Dosa,Dosa,1,94.5,90,Swiggy,UPI,Payment,Saravana Bhavan Corner,Chennai,0.0
2026-02-14,Rasgulla (2pc),Desserts,3,220.5,70,Swiggy,UPI,Payment,Saravana Bhavan Corner,Chennai,0.0
2026-02-14,Plain Dosa,Dosa,1,73.5,70,Swiggy,UPI,Payment,Saravana Bhavan Corner,Chennai,0.0
2026-02-14,Veg Thali,Thali,2,378.0,180,Swiggy,UPI,Payment,Saravana Bhavan Corner,Chennai,0.0
2026-02-14,Masala Chai,Beverages,1,36.75,35,Register,Cash,Payment,Saravana Bhavan Corner,Chennai,0.0
2026-02-14,Masala Chai,Beverages,1,36.75,35,Register,Card,Payment,Saravana Bhavan Corner,Chennai,0.0
2026-02-14,Curd Rice,Rice,2,189.0,90,Register,Card,Payment,Saravana Bhavan Corner,Chennai,0.0
2026-02-14,Pongal,Tiffin,1,84.0,80,Swiggy,Card,Payment,Saravana Bhavan Corner,Chennai,0.0
2026-02-14,Masala Dosa,Dosa,2,160.65,90,Swiggy,Card,Payment,Saravana Bhavan Corner,Chennai,0.0
2026-02-14,Idli Vada Combo,Tiffin,1,85.05,90,Swiggy,Card,Payment,Saravana Bhavan Corner,Chennai,0.0
2026-02-14,Sambar Rice,Rice,2,252.0,120,Swiggy,Card,Payment,Saravana Bhavan Corner,Chennai,0.0
2026-02-14,Sambar Rice,Rice,1,126.0,120,Register,Cash,Payment,Saravana Bhavan Corner,Chennai,0.0
2026-02-14,Veg Thali,Thali,2,321.3,180,Register,Cash,Payment,Saravana Bhavan Corner,Chennai,0.0
2026-02-14,Veg Thali,Thali,3,567.0,180,Swiggy,UPI,Payment,Saravana Bhavan Corner,Chennai,0.0
2026-02-14,Onion Uttapam,Dosa,1,105.0,100,Swiggy,UPI,Payment,Saravana Bhavan Corner,Chennai,0.0
2026-02-14,Plain Dosa,Dosa,1,73.5,70,Register,Card,Payment,Saravana Bhavan Corner,Chennai,0.0
2026-02-14,Filter Coffee,Beverages,1,42.0,40,Register,Cash,Payment,Saravana Bhavan Corner,Chennai,0.0
2026-02-14,Idli Vada Combo,Tiffin,1,94.5,90,Register,Card,Payment,Saravana Bhavan Corner,Chennai,0.0
2026-02-14,Bisi Bele Bath,Rice,1,136.5,130,Swiggy,UPI,Payment,Saravana Bhavan Corner,Chennai,0.0
2026-02-14,Idli Vada Combo,Tiffin,3,283.5,90,Register,Cash,Payment,Saravana Bhavan Corner,Chennai,0.0
2026-02-14,Sambar Rice,Rice,2,252.0,120,Register,Card,Payment,Saravana Bhavan Corner,Chennai,0.0
2026-02-14,Idli (4pc),Tiffin,2,126.0,60,Register,Card,Payment,Saravana Bhavan Corner,Chennai,0.0
2026-02-14,Vada (2pc),Tiffin,2,105.0,50,Register,Card,Payment,Saravana Bhavan Corner,Chennai,0.0
2026-02-14,Sambar Rice,Rice,1,126.0,120,Register,Card,Payment,Saravana Bhavan Corner,Chennai,0.0
2026-02-14,Curd Rice,Rice,1,94.5,90,Swiggy,Card,Payment,Saravana Bhavan Corner,Chennai,0.0
2026-02-14,Rava Dosa,Dosa,2,231.0,110,Swiggy,Card,Payment,Saravana Bhavan Corner,Chennai,0.0
2026-02-14,Sambar Rice,Rice,1,126.0,120,Swiggy,Card,Payment,Saravana Bhavan Corner,Chennai,0.0
2026-02-14,Masala Chai,Beverages,2,73.5,35,Register,UPI,Payment,Saravana Bhavan Corner,Chennai,0.0
2026-02-14,Onion Uttapam,Dosa,1,105.0,100,Register,UPI,Payment,Saravana Bhavan Corner,Chennai,0.0
2026-02-14,Curd Rice,Rice,2,189.0,90,Register,UPI,Payment,Saravana Bhavan Corner,Chennai,0.0
2026-02-14,Veg Thali,Thali,2,378.0,180,Register,UPI,Payment,Saravana Bhavan Corner,Chennai,0.0
2026-02-14,Bisi Bele Bath,Rice,1,122.85,130,Swiggy,UPI,Payment,Saravana Bhavan Corner,Chennai,0.0
2026-02-14,Idli (4pc),Tiffin,1,63.0,60,Register,UPI,Payment,Saravana Bhavan Corner,Chennai,0.0
2026-02-14,Idli (4pc),Tiffin,3,189.0,60,Register,Card,Payment,Saravana Bhavan Corner,Chennai,0.0
2026-02-14,Filter Coffee,Beverages,1,42.0,40,Register,Card,Payment,Saravana Bhavan Corner,Chennai,0.0
2026-02-14,Filter Coffee,Beverages,3,113.4,40,Register,UPI,Payment,Saravana Bhavan Corner,Chennai,0.0
2026-02-14,Filter Coffee,Beverages,1,35.7,40,Register,Cash,Payment,Saravana Bhavan Corner,Chennai,0.0
2026-02-14,Curd Rice,Rice,1,94.5,90,Swiggy,Card,Payment,Saravana Bhavan Corner,Chennai,0.0
2026-02-14,Idli Vada Combo,Tiffin,3,255.15,90,Swiggy,UPI,Payment,Saravana Bhavan Corner,Chennai,0.0
2026-02-14,Plain Dosa,Dosa,1,73.5,70,Swiggy,UPI,Payment,Saravana Bhavan Corner,Chennai,0.0
2026-02-14,Rasgulla (2pc),Desserts,1,73.5,70,Register,UPI,Payment,Saravana Bhavan Corner,Chennai,0.0
2026-02-15,Idli (4pc),Tiffin,1,56.7,60,Swiggy,UPI,Payment,Saravana Bhavan Corner,Chennai,0.0
2026-02-15,Rasgulla (2pc),Desserts,1,73.5,70,Swiggy,Card,Payment,Saravana Bhavan Corner,Chennai,0.0
2026-02-15,Masala Dosa,Dosa,3,283.5,90,Swiggy,UPI,Payment,Saravana Bhavan Corner,Chennai,0.0
2026-02-15,Idli (4pc),Tiffin,1,56.7,60,Register,UPI,Payment,Saravana Bhavan Corner,Chennai,0.0
2026-02-15,Masala Dosa,Dosa,2,189.0,90,Register,UPI,Payment,Saravana Bhavan Corner,Chennai,0.0
2026-02-15,Mini Tiffin Thali,Thali,1,141.75,150,Register,UPI,Payment,Saravana Bhavan Corner,Chennai,0.0
2026-02-15,Sambar Rice,Rice,1,126.0,120,Swiggy,Card,Payment,Saravana Bhavan Corner,Chennai,0.0
2026-02-15,Onion Uttapam,Dosa,2,210.0,100,Register,Card,Payment,Saravana Bhavan Corner,Chennai,0.0
2026-02-15,Filter Coffee,Beverages,1,37.8,40,Register,Card,Payment,Saravana Bhavan Corner,Chennai,0.0
2026-02-15,Masala Chai,Beverages,2,73.5,35,Swiggy,Card,Payment,Saravana Bhavan Corner,Chennai,0.0
2026-02-15,Idli (4pc),Tiffin,1,63.0,60,Register,Card,Payment,Saravana Bhavan Corner,Chennai,0.0
2026-02-15,Lemon Rice,Rice,2,210.0,100,Swiggy,Card,Payment,Saravana Bhavan Corner,Chennai,0.0
2026-02-15,Bisi Bele Bath,Rice,2,273.0,130,Swiggy,Card,Payment,Saravana Bhavan Corner,Chennai,0.0
2026-02-15,Filter Coffee,Beverages,3,113.4,40,Register,Card,Payment,Saravana Bhavan Corner,Chennai,0.0
2026-02-15,Masala Chai,Beverages,2,73.5,35,Register,Card,Payment,Saravana Bhavan Corner,Chennai,0.0
2026-02-15,Filter Coffee,Beverages,3,126.0,40,Register,Card,Payment,Saravana Bhavan Corner,Chennai,0.0
2026-02-15,Idli (4pc),Tiffin,1,63.0,60,Register,Card,Payment,Saravana Bhavan Corner,Chennai,0.0
2026-02-15,Veg Thali,Thali,1,189.0,180,Swiggy,Card,Payment,Saravana Bhavan Corner,Chennai,0.0
2026-02-15,Sambar Rice,Rice,2,252.0,120,Register,Cash,Payment,Saravana Bhavan Corner,Chennai,0.0
2026-02-15,Mysore Bonda,Snacks,2,126.0,60,Register,Card,Payment,Saravana Bhavan Corner,Chennai,0.0
2026-02-15,Mini Tiffin Thali,Thali,3,472.5,150,Register,Cash,Payment,Saravana Bhavan Corner,Chennai,0.0
2026-02-15,Idli (4pc),Tiffin,3,189.0,60,Swiggy,Card,Payment,Saravana Bhavan Corner,Chennai,0.0
2026-02-15,Rava Dosa,Dosa,1,115.5,110,Register,Cash,Payment,Saravana Bhavan Corner,Chennai,0.0
2026-02-15,Veg Thali,Thali,1,189.0,180,Swiggy,UPI,Payment,Saravana Bhavan Corner,Chennai,0.0
2026-02-15,Masala Dosa,Dosa,1,94.5,90,Swiggy,Card,Payment,Saravana Bhavan Corner,Chennai,0.0
2026-02-15,Masala Dosa,Dosa,3,283.5,90,Swiggy,Card,Payment,Saravana Bhavan Corner,Chennai,0.0
2026-02-15,Rasgulla (2pc),Desserts,1,73.5,70,Swiggy,Card,Payment,Saravana Bhavan Corner,Chennai,0.0
2026-02-15,Mini Tiffin Thali,Thali,3,472.5,150,Swiggy,Card,Payment,Saravana Bhavan Corner,Chennai,0.0
2026-02-15,Masala Chai,Beverages,1,36.75,35,Register,UPI,Payment,Saravana Bhavan Corner,Chennai,0.0
2026-02-15,Idli Vada Combo,Tiffin,1,94.5,90,Register,UPI,Payment,Saravana Bhavan Corner,Chennai,0.0
2026-02-15,Curd Rice,Rice,2,189.0,90,Register,UPI,Payment,Saravana Bhavan Corner,Chennai,0.0
2026-02-15,Mysore Bonda,Snacks,3,189.0,60,Register,UPI,Payment,Saravana Bhavan Corner,Chennai,0.0
2026-02-15,Rasgulla (2pc),Desserts,1,73.5,70,Register,Cash,Payment,Saravana Bhavan Corner,Chennai,0.0
2026-02-15,Pongal,Tiffin,1,75.6,80,Register,Card,Payment,Saravana Bhavan Corner,Chennai,0.0
2026-02-15,Idli Vada Combo,Tiffin,1,94.5,90,Register,Card,Payment,Saravana Bhavan Corner,Chennai,0.0
2026-02-15,Masala Chai,Beverages,1,33.08,35,Swiggy,UPI,Payment,Saravana Bhavan Corner,Chennai,0.0
2026-02-15,Onion Uttapam,Dosa,1,105.0,100,Swiggy,UPI,Payment,Saravana Bhavan Corner,Chennai,0.0
2026-02-15,Vada (2pc),Tiffin,1,52.5,50,Register,UPI,Payment,Saravana Bhavan Corner,Chennai,0.0
2026-02-15,Idli (4pc),Tiffin,1,63.0,60,Register,UPI,Payment,Saravana Bhavan Corner,Chennai,0.0
2026-02-15,Rasgulla (2pc),Desserts,2,132.3,70,Register,UPI,Payment,Saravana Bhavan Corner,Chennai,0.0
2026-02-15,Rasgulla (2pc),Desserts,1,73.5,70,Register,UPI,Payment,Saravana Bhavan Corner,Chennai,0.0
2026-02-15,Veg Thali,Thali,1,189.0,180,Swiggy,Card,Payment,Saravana Bhavan Corner,Chennai,0.0
2026-02-15,Sambar Rice,Rice,1,126.0,120,Register,Cash,Payment,Saravana Bhavan Corner,Chennai,0.0
2026-02-15,Veg Thali,Thali,1,189.0,180,Register,Card,Payment,Saravana Bhavan Corner,Chennai,0.0
2026-02-15,Idli Vada Combo,Tiffin,1,94.5,90,Swiggy,UPI,Payment,Saravana Bhavan Corner,Chennai,0.0
2026-02-15,Mini Tiffin Thali,Thali,1,141.75,150,Register,UPI,Payment,Saravana Bhavan Corner,Chennai,0.0
2026-02-15,Mini Tiffin Thali,Thali,2,283.5,150,Swiggy,UPI,Payment,Saravana Bhavan Corner,Chennai,0.0
2026-02-15,Masala Chai,Beverages,1,36.75,35,Swiggy,Card,Payment,Saravana Bhavan Corner,Chennai,0.0
2026-02-15,Filter Coffee,Beverages,1,37.8,40,Swiggy,Card,Payment,Saravana Bhavan Corner,Chennai,0.0
2026-02-15,Vada (2pc),Tiffin,1,52.5,50,Swiggy,Card,Payment,Saravana Bhavan Corner,Chennai,0.0
2026-02-15,Vada (2pc),Tiffin,2,105.0,50,Register,Cash,Payment,Saravana Bhavan Corner,Chennai,0.0
2026-02-15,Idli (4pc),Tiffin,1,63.0,60,Register,Cash,Payment,Saravana Bhavan Corner,Chennai,0.0
2026-02-15,Medu Vada Chaat,Snacks,1,73.5,70,Register,Card,Payment,Saravana Bhavan Corner,Chennai,0.0
2026-02-15,Veg Thali,Thali,1,160.65,180,Register,UPI,Payment,Saravana Bhavan Corner,Chennai,0.0
2026-02-15,Buttermilk,Beverages,2,63.0,30,Register,UPI,Payment,Saravana Bhavan Corner,Chennai,0.0
2026-02-15,Plain Dosa,Dosa,1,73.5,70,Register,UPI,Payment,Saravana Bhavan Corner,Chennai,0.0
2026-02-15,Curd Rice,Rice,1,94.5,90,Swiggy,UPI,Payment,Saravana Bhavan Corner,Chennai,0.0
2026-02-15,Plain Dosa,Dosa,1,73.5,70,Swiggy,UPI,Payment,Saravana Bhavan Corner,Chennai,0.0
2026-02-15,Mysore Bonda,Snacks,2,113.4,60,Swiggy,UPI,Payment,Saravana Bhavan Corner,Chennai,0.0
2026-02-15,Masala Chai,Beverages,2,73.5,35,Swiggy,UPI,Payment,Saravana Bhavan Corner,Chennai,0.0
2026-02-15,Mini Tiffin Thali,Thali,1,157.5,150,Register,Card,Payment,Saravana Bhavan Corner,Chennai,0.0
2026-02-15,Masala Dosa,Dosa,2,189.0,90,Register,Card,Payment,Saravana Bhavan Corner,Chennai,0.0
2026-02-15,Idli Vada Combo,Tiffin,1,94.5,90,Register,Card,Payment,Saravana Bhavan Corner,Chennai,0.0
2026-02-15,Pongal,Tiffin,1,84.0,80,Swiggy,UPI,Payment,Saravana Bhavan Corner,Chennai,0.0
2026-02-15,Filter Coffee,Beverages,1,42.0,40,Register,Card,Payment,Saravana Bhavan Corner,Chennai,0.0
2026-02-15,Idli Vada Combo,Tiffin,1,94.5,90,Swiggy,UPI,Payment,Saravana Bhavan Corner,Chennai,0.0
2026-02-15,Idli Vada Combo,Tiffin,1,94.5,90,Swiggy,UPI,Payment,Saravana Bhavan Corner,Chennai,0.0
2026-02-15,Masala Chai,Beverages,1,36.75,35,Swiggy,Card,Payment,Saravana Bhavan Corner,Chennai,0.0
2026-02-15,Filter Coffee,Beverages,2,84.0,40,Swiggy,UPI,Payment,Saravana Bhavan Corner,Chennai,0.0
2026-02-15,Bisi Bele Bath,Rice,1,136.5,130,Register,Card,Payment,Saravana Bhavan Corner,Chennai,0.0
2026-02-15,Veg Thali,Thali,2,378.0,180,Swiggy,Card,Payment,Saravana Bhavan Corner,Chennai,0.0
2026-02-15,Idli (4pc),Tiffin,1,63.0,60,Swiggy,Card,Payment,Saravana Bhavan Corner,Chennai,0.0
2026-02-15,Filter Coffee,Beverages,1,42.0,40,Swiggy,Card,Payment,Saravana Bhavan Corner,Chennai,0.0
2026-02-15,Idli Vada Combo,Tiffin,1,94.5,90,Swiggy,Card,Payment,Saravana Bhavan Corner,Chennai,0.0
2026-02-15,Veg Thali,Thali,2,340.2,180,Swiggy,Card,Payment,Saravana Bhavan Corner,Chennai,0.0
2026-02-15,Idli (4pc),Tiffin,1,63.0,60,Register,Cash,Payment,Saravana Bhavan Corner,Chennai,0.0
2026-02-15,Idli Vada Combo,Tiffin,2,160.65,90,Register,Cash,Payment,Saravana Bhavan Corner,Chennai,0.0
2026-02-15,Veg Thali,Thali,1,189.0,180,Register,Cash,Payment,Saravana Bhavan Corner,Chennai,0.0
2026-02-15,Rasgulla (2pc),Desserts,1,73.5,70,Swiggy,UPI,Payment,Saravana Bhavan Corner,Chennai,0.0
2026-02-15,Filter Coffee,Beverages,1,42.0,40,Swiggy,UPI,Payment,Saravana Bhavan Corner,Chennai,0.0
2026-02-15,Plain Dosa,Dosa,3,220.5,70,Register,Card,Payment,Saravana Bhavan Corner,Chennai,0.0
2026-02-15,Mysore Bonda,Snacks,1,63.0,60,Swiggy,UPI,Payment,Saravana Bhavan Corner,Chennai,0.0
2026-02-15,Masala Dosa,Dosa,3,283.5,90,Register,UPI,Payment,Saravana Bhavan Corner,Chennai,0.0
2026-02-15,Vada (2pc),Tiffin,2,89.25,50,Register,UPI,Payment,Saravana Bhavan Corner,Chennai,0.0
2026-02-15,Idli Vada Combo,Tiffin,1,94.5,90,Register,UPI,Payment,Saravana Bhavan Corner,Chennai,0.0
2026-02-15,Plain Dosa,Dosa,1,73.5,70,Register,UPI,Payment,Saravana Bhavan Corner,Chennai,0.0
2026-02-15,Veg Thali,Thali,1,189.0,180,Register,UPI,Payment,Saravana Bhavan Corner,Chennai,0.0
2026-02-15,Mysore Bonda,Snacks,1,63.0,60,Register,UPI,Payment,Saravana Bhavan Corner,Chennai,0.0
2026-02-15,Masala Chai,Beverages,1,36.75,35,Swiggy,UPI,Payment,Saravana Bhavan Corner,Chennai,0.0
2026-02-15,Bisi Bele Bath,Rice,3,348.07,130,Swiggy,UPI,Payment,Saravana Bhavan Corner,Chennai,0.0
2026-02-15,Veg Thali,Thali,1,189.0,180,Register,UPI,Payment,Saravana Bhavan Corner,Chennai,0.0
2026-02-16,Filter Coffee,Beverages,2,71.4,40,Register,Card,Payment,Saravana Bhavan Corner,Chennai,0.0
2026-02-16,Pongal,Tiffin,1,84.0,80,Register,Card,Payment,Saravana Bhavan Corner,Chennai,0.0
2026-02-16,Plain Dosa,Dosa,1,73.5,70,Register,UPI,Payment,Saravana Bhavan Corner,Chennai,0.0
2026-02-16,Masala Dosa,Dosa,1,94.5,90,Register,UPI,Payment,Saravana Bhavan Corner,Chennai,0.0
2026-02-16,Rava Dosa,Dosa,2,231.0,110,Register,UPI,Payment,Saravana Bhavan Corner,Chennai,0.0
2026-02-16,Sambar Rice,Rice,2,214.2,120,Swiggy,Card,Payment,Saravana Bhavan Corner,Chennai,0.0
2026-02-16,Mini Tiffin Thali,Thali,1,157.5,150,Register,UPI,Payment,Saravana Bhavan Corner,Chennai,0.0
2026-02-16,Filter Coffee,Beverages,2,84.0,40,Swiggy,Card,Payment,Saravana Bhavan Corner,Chennai,0.0
2026-02-16,Buttermilk,Beverages,1,31.5,30,Register,UPI,Payment,Saravana Bhavan Corner,Chennai,0.0
2026-02-16,Vada (2pc),Tiffin,1,52.5,50,Register,UPI,Payment,Saravana Bhavan Corner,Chennai,0.0
2026-02-16,Masala Dosa,Dosa,1,94.5,90,Register,Cash,Payment,Saravana Bhavan Corner,Chennai,0.0
2026-02-16,Idli (4pc),Tiffin,1,63.0,60,Register,UPI,Payment,Saravana Bhavan Corner,Chennai,0.0
2026-02-16,Medu Vada Chaat,Snacks,1,66.15,70,Swiggy,Card,Payment,Saravana Bhavan Corner,Chennai,0.0
2026-02-16,Filter Coffee,Beverages,1,42.0,40,Register,Cash,Payment,Saravana Bhavan Corner,Chennai,0.0
2026-02-16,Filter Coffee,Beverages,1,42.0,40,Swiggy,Card,Payment,Saravana Bhavan Corner,Chennai,0.0
2026-02-16,Mini Tiffin Thali,Thali,1,157.5,150,Register,Cash,Payment,Saravana Bhavan Corner,Chennai,0.0
2026-02-16,Masala Chai,Beverages,1,36.75,35,Register,Cash,Payment,Saravana Bhavan Corner,Chennai,0.0
2026-02-16,Filter Coffee,Beverages,1,42.0,40,Register,UPI,Payment,Saravana Bhavan Corner,Chennai,0.0
2026-02-16,Masala Dosa,Dosa,1,85.05,90,Register,Card,Payment,Saravana Bhavan Corner,Chennai,0.0
2026-02-16,Veg Thali,Thali,2,378.0,180,Register,Card,Payment,Saravana Bhavan Corner,Chennai,0.0
2026-02-16,Sambar Rice,Rice,2,252.0,120,Register,UPI,Payment,Saravana Bhavan Corner,Chennai,0.0
2026-02-16,Veg Thali,Thali,1,189.0,180,Register,UPI,Payment,Saravana Bhavan Corner,Chennai,0.0
2026-02-16,Idli Vada Combo,Tiffin,2,189.0,90,Register,UPI,Payment,Saravana Bhavan Corner,Chennai,0.0
2026-02-16,Bisi Bele Bath,Rice,2,273.0,130,Swiggy,Card,Payment,Saravana Bhavan Corner,Chennai,0.0
2026-02-16,Veg Thali,Thali,1,189.0,180,Register,UPI,Payment,Saravana Bhavan Corner,Chennai,0.0
2026-02-16,Filter Coffee,Beverages,2,84.0,40,Register,UPI,Payment,Saravana Bhavan Corner,Chennai,0.0
2026-02-16,Masala Chai,Beverages,1,36.75,35,Register,UPI,Payment,Saravana Bhavan Corner,Chennai,0.0
2026-02-16,Mini Tiffin Thali,Thali,2,315.0,150,Register,UPI,Payment,Saravana Bhavan Corner,Chennai,0.0
2026-02-16,Medu Vada Chaat,Snacks,1,73.5,70,Register,UPI,Payment,Saravana Bhavan Corner,Chennai,0.0
2026-02-16,Rava Dosa,Dosa,1,115.5,110,Register,Cash,Payment,Saravana Bhavan Corner,Chennai,0.0
2026-02-16,Idli Vada Combo,Tiffin,2,189.0,90,Register,UPI,Payment,Saravana Bhavan Corner,Chennai,0.0
2026-02-16,Idli (4pc),Tiffin,1,53.55,60,Register,Card,Payment,Saravana Bhavan Corner,Chennai,0.0
2026-02-16,Masala Dosa,Dosa,3,283.5,90,Register,UPI,Payment,Saravana Bhavan Corner,Chennai,0.0
2026-02-16,Filter Coffee,Beverages,1,42.0,40,Swiggy,Card,Payment,Saravana Bhavan Corner,Chennai,0.0
2026-02-16,Plain Dosa,Dosa,2,147.0,70,Register,UPI,Payment,Saravana Bhavan Corner,Chennai,0.0
2026-02-16,Veg Thali,Thali,1,160.65,180,Register,Cash,Payment,Saravana Bhavan Corner,Chennai,0.0
2026-02-16,Veg Thali,Thali,2,378.0,180,Swiggy,Card,Payment,Saravana Bhavan Corner,Chennai,0.0
2026-02-16,Mysore Bonda,Snacks,3,189.0,60,Swiggy,Card,Payment,Saravana Bhavan Corner,Chennai,0.0
2026-02-16,Medu Vada Chaat,Snacks,1,73.5,70,Swiggy,Card,Payment,Saravana Bhavan Corner,Chennai,0.0
2026-02-16,Filter Coffee,Beverages,2,84.0,40,Swiggy,Card,Payment,Saravana Bhavan Corner,Chennai,0.0
2026-02-16,Idli (4pc),Tiffin,1,63.0,60,Register,UPI,Payment,Saravana Bhavan Corner,Chennai,0.0
2026-02-16,Sambar Rice,Rice,1,126.0,120,Register,UPI,Payment,Saravana Bhavan Corner,Chennai,0.0
2026-02-16,Sambar Rice,Rice,1,107.1,120,Register,UPI,Payment,Saravana Bhavan Corner,Chennai,0.0
2026-02-16,Masala Dosa,Dosa,1,94.5,90,Register,Card,Payment,Saravana Bhavan Corner,Chennai,0.0
2026-02-16,Vada (2pc),Tiffin,1,47.25,50,Register,Card,Payment,Saravana Bhavan Corner,Chennai,0.0
2026-02-16,Buttermilk,Beverages,1,31.5,30,Register,Card,Payment,Saravana Bhavan Corner,Chennai,0.0
2026-02-16,Rava Dosa,Dosa,2,207.9,110,Register,Card,Payment,Saravana Bhavan Corner,Chennai,0.0
2026-02-16,Veg Thali,Thali,1,170.1,180,Register,Card,Payment,Saravana Bhavan Corner,Chennai,0.0
2026-02-16,Vada (2pc),Tiffin,1,47.25,50,Register,Cash,Payment,Saravana Bhavan Corner,Chennai,0.0
2026-02-16,Vada (2pc),Tiffin,3,157.5,50,Register,UPI,Payment,Saravana Bhavan Corner,Chennai,0.0
2026-02-16,Veg Thali,Thali,1,189.0,180,Register,UPI,Payment,Saravana Bhavan Corner,Chennai,0.0
2026-02-16,Filter Coffee,Beverages,1,42.0,40,Register,UPI,Payment,Saravana Bhavan Corner,Chennai,0.0
2026-02-16,Lemon Rice,Rice,1,105.0,100,Register,UPI,Payment,Saravana Bhavan Corner,Chennai,0.0
2026-02-16,Masala Dosa,Dosa,1,94.5,90,Register,UPI,Payment,Saravana Bhavan Corner,Chennai,0.0
2026-02-16,Vada (2pc),Tiffin,-2,-105.0,50,Register,Cash,Refund,Saravana Bhavan Corner,Chennai,0.0
2026-02-16,Idli (4pc),Tiffin,1,63.0,60,Swiggy,UPI,Payment,Saravana Bhavan Corner,Chennai,0.0
2026-02-16,Filter Coffee,Beverages,1,42.0,40,Register,UPI,Payment,Saravana Bhavan Corner,Chennai,0.0
2026-02-16,Buttermilk,Beverages,1,31.5,30,Register,Card,Payment,Saravana Bhavan Corner,Chennai,0.0
2026-02-16,Masala Chai,Beverages,2,73.5,35,Register,Card,Payment,Saravana Bhavan Corner,Chennai,0.0
2026-02-16,Buttermilk,Beverages,1,31.5,30,Register,Card,Payment,Saravana Bhavan Corner,Chennai,0.0
2026-02-16,Masala Chai,Beverages,1,36.75,35,Register,Card,Payment,Saravana Bhavan Corner,Chennai,0.0
2026-02-16,Masala Chai,Beverages,1,36.75,35,Register,Card,Payment,Saravana Bhavan Corner,Chennai,0.0
2026-02-16,Curd Rice,Rice,1,94.5,90,Register,UPI,Payment,Saravana Bhavan Corner,Chennai,0.0
2026-02-17,Plain Dosa,Dosa,2,147.0,70,Swiggy,Card,Payment,Saravana Bhavan Corner,Chennai,0.0
2026-02-17,Idli (4pc),Tiffin,1,63.0,60,Register,Cash,Payment,Saravana Bhavan Corner,Chennai,0.0
2026-02-17,Masala Chai,Beverages,1,36.75,35,Register,Cash,Payment,Saravana Bhavan Corner,Chennai,0.0
2026-02-17,Sambar Rice,Rice,1,126.0,120,Register,Card,Payment,Saravana Bhavan Corner,Chennai,0.0
2026-02-17,Veg Thali,Thali,1,170.1,180,Register,Card,Payment,Saravana Bhavan Corner,Chennai,0.0
2026-02-17,Filter Coffee,Beverages,1,35.7,40,Register,UPI,Payment,Saravana Bhavan Corner,Chennai,0.0
2026-02-17,Sambar Rice,Rice,1,126.0,120,Register,Cash,Payment,Saravana Bhavan Corner,Chennai,0.0
2026-02-17,Idli Vada Combo,Tiffin,1,94.5,90,Swiggy,Card,Payment,Saravana Bhavan Corner,Chennai,0.0
2026-02-17,Veg Thali,Thali,1,189.0,180,Swiggy,Card,Payment,Saravana Bhavan Corner,Chennai,0.0
2026-02-17,Idli (4pc),Tiffin,3,189.0,60,Swiggy,Card,Payment,Saravana Bhavan Corner,Chennai,0.0
2026-02-17,Masala Chai,Beverages,1,36.75,35,Register,Cash,Payment,Saravana Bhavan Corner,Chennai,0.0
2026-02-17,Lemon Rice,Rice,1,105.0,100,Swiggy,Card,Payment,Saravana Bhavan Corner,Chennai,0.0
2026-02-17,Filter Coffee,Beverages,1,42.0,40,Register,Cash,Payment,Saravana Bhavan Corner,Chennai,0.0
2026-02-17,Masala Dosa,Dosa,1,94.5,90,Register,Card,Payment,Saravana Bhavan Corner,Chennai,0.0
2026-02-17,Rava Dosa,Dosa,1,115.5,110,Register,UPI,Payment,Saravana Bhavan Corner,Chennai,0.0
2026-02-17,Idli Vada Combo,Tiffin,3,255.15,90,Register,UPI,Payment,Saravana Bhavan Corner,Chennai,0.0
2026-02-17,Masala Chai,Beverages,1,36.75,35,Register,UPI,Payment,Saravana Bhavan Corner,Chennai,0.0
2026-02-17,Sambar Rice,Rice,1,126.0,120,Register,Card,Payment,Saravana Bhavan Corner,Chennai,0.0
2026-02-17,Mysore Bonda,Snacks,3,189.0,60,Register,Card,Payment,Saravana Bhavan Corner,Chennai,0.0
2026-02-17,Veg Thali,Thali,1,189.0,180,Register,Card,Payment,Saravana Bhavan Corner,Chennai,0.0
2026-02-17,Masala Chai,Beverages,2,73.5,35,Register,Card,Payment,Saravana Bhavan Corner,Chennai,0.0
2026-02-17,Buttermilk,Beverages,1,31.5,30,Register,Cash,Payment,Saravana Bhavan Corner,Chennai,0.0
2026-02-17,Vada (2pc),Tiffin,2,105.0,50,Register,Cash,Payment,Saravana Bhavan Corner,Chennai,0.0
2026-02-17,Vada (2pc),Tiffin,2,105.0,50,Register,UPI,Payment,Saravana Bhavan Corner,Chennai,0.0
2026-02-17,Veg Thali,Thali,1,189.0,180,Register,UPI,Payment,Saravana Bhavan Corner,Chennai,0.0
2026-02-17,Masala Chai,Beverages,3,99.23,35,Register,Cash,Payment,Saravana Bhavan Corner,Chennai,0.0
2026-02-17,Lemon Rice,Rice,1,105.0,100,Register,UPI,Payment,Saravana Bhavan Corner,Chennai,0.0
2026-02-17,Filter Coffee,Beverages,1,42.0,40,Register,Cash,Payment,Saravana Bhavan Corner,Chennai,0.0
2026-02-17,Masala Chai,Beverages,1,36.75,35,Register,Cash,Payment,Saravana Bhavan Corner,Chennai,0.0
2026-02-17,Filter Coffee,Beverages,1,42.0,40,Register,Cash,Payment,Saravana Bhavan Corner,Chennai,0.0
2026-02-17,Rasgulla (2pc),Desserts,1,73.5,70,Register,Cash,Payment,Saravana Bhavan Corner,Chennai,0.0
2026-02-17,Masala Dosa,Dosa,2,189.0,90,Register,Cash,Payment,Saravana Bhavan Corner,Chennai,0.0
2026-02-17,Masala Dosa,Dosa,3,283.5,90,Register,Card,Payment,Saravana Bhavan Corner,Chennai,0.0
2026-02-17,Idli (4pc),Tiffin,2,126.0,60,Register,Card,Payment,Saravana Bhavan Corner,Chennai,0.0
2026-02-17,Veg Thali,Thali,1,189.0,180,Register,Card,Payment,Saravana Bhavan Corner,Chennai,0.0
2026-02-17,Bisi Bele Bath,Rice,1,136.5,130,Register,Cash,Payment,Saravana Bhavan Corner,Chennai,0.0
2026-02-17,Idli Vada Combo,Tiffin,1,94.5,90,Register,Cash,Payment,Saravana Bhavan Corner,Chennai,0.0
2026-02-17,Masala Chai,Beverages,2,73.5,35,Register,Cash,Payment,Saravana Bhavan Corner,Chennai,0.0
2026-02-17,Buttermilk,Beverages,1,31.5,30,Register,Card,Payment,Saravana Bhavan Corner,Chennai,0.0
2026-02-17,Veg Thali,Thali,1,170.1,180,Register,Card,Payment,Saravana Bhavan Corner,Chennai,0.0
2026-02-17,Mini Tiffin Thali,Thali,1,141.75,150,Register,Card,Payment,Saravana Bhavan Corner,Chennai,0.0
2026-02-17,Masala Dosa,Dosa,2,189.0,90,Register,Card,Payment,Saravana Bhavan Corner,Chennai,0.0
2026-02-17,Idli (4pc),Tiffin,2,126.0,60,Register,UPI,Payment,Saravana Bhavan Corner,Chennai,0.0
2026-02-17,Masala Dosa,Dosa,2,160.65,90,Register,Card,Payment,Saravana Bhavan Corner,Chennai,0.0
2026-02-17,Mini Tiffin Thali,Thali,1,157.5,150,Register,Cash,Payment,Saravana Bhavan Corner,Chennai,0.0
2026-02-17,Onion Uttapam,Dosa,2,210.0,100,Register,UPI,Payment,Saravana Bhavan Corner,Chennai,0.0
2026-02-17,Masala Dosa,Dosa,1,94.5,90,Register,Cash,Payment,Saravana Bhavan Corner,Chennai,0.0
2026-02-17,Idli Vada Combo,Tiffin,2,189.0,90,Register,Cash,Payment,Saravana Bhavan Corner,Chennai,0.0
2026-02-17,Curd Rice,Rice,1,94.5,90,Register,UPI,Payment,Saravana Bhavan Corner,Chennai,0.0
2026-02-17,Sambar Rice,Rice,1,126.0,120,Register,UPI,Payment,Saravana Bhavan Corner,Chennai,0.0
2026-02-17,Vada (2pc),Tiffin,1,52.5,50,Register,UPI,Payment,Saravana Bhavan Corner,Chennai,0.0
2026-02-17,Rasgulla (2pc),Desserts,2,147.0,70,Register,Cash,Payment,Saravana Bhavan Corner,Chennai,0.0
2026-02-17,Onion Uttapam,Dosa,1,105.0,100,Register,Cash,Payment,Saravana Bhavan Corner,Chennai,0.0
2026-02-17,Idli (4pc),Tiffin,1,63.0,60,Register,Card,Payment,Saravana Bhavan Corner,Chennai,0.0
2026-02-17,Sambar Rice,Rice,1,126.0,120,Register,Card,Payment,Saravana Bhavan Corner,Chennai,0.0
2026-02-17,Vada (2pc),Tiffin,1,52.5,50,Register,Card,Payment,Saravana Bhavan Corner,Chennai,0.0
2026-02-17,Veg Thali,Thali,1,189.0,180,Register,Cash,Payment,Saravana Bhavan Corner,Chennai,0.0
2026-02-17,Filter Coffee,Beverages,2,84.0,40,Register,Cash,Payment,Saravana Bhavan Corner,Chennai,0.0
2026-02-18,Buttermilk,Beverages,2,56.7,30,Register,Card,Payment,Saravana Bhavan Corner,Chennai,0.0
2026-02-18,Rava Dosa,Dosa,1,115.5,110,Swiggy,Card,Payment,Saravana Bhavan Corner,Chennai,0.0
2026-02-18,Masala Chai,Beverages,1,36.75,35,Register,Card,Payment,Saravana Bhavan Corner,Chennai,0.0
2026-02-18,Rava Dosa,Dosa,2,231.0,110,Register,Card,Payment,Saravana Bhavan Corner,Chennai,0.0
2026-02-18,Mysore Bonda,Snacks,1,63.0,60,Register,Card,Payment,Saravana Bhavan Corner,Chennai,0.0
2026-02-18,Plain Dosa,Dosa,1,73.5,70,Register,Card,Payment,Saravana Bhavan Corner,Chennai,0.0
2026-02-18,Lemon Rice,Rice,1,105.0,100,Swiggy,Card,Payment,Saravana Bhavan Corner,Chennai,0.0
2026-02-18,Filter Coffee,Beverages,2,84.0,40,Swiggy,Card,Payment,Saravana Bhavan Corner,Chennai,0.0
2026-02-18,Masala Dosa,Dosa,2,189.0,90,Register,UPI,Payment,Saravana Bhavan Corner,Chennai,0.0
2026-02-18,Masala Dosa,Dosa,3,283.5,90,Register,Cash,Payment,Saravana Bhavan Corner,Chennai,0.0
2026-02-18,Idli Vada Combo,Tiffin,2,189.0,90,Register,UPI,Payment,Saravana Bhavan Corner,Chennai,0.0
2026-02-18,Vada (2pc),Tiffin,1,52.5,50,Register,UPI,Payment,Saravana Bhavan Corner,Chennai,0.0
2026-02-18,Veg Thali,Thali,2,378.0,180,Register,Card,Payment,Saravana Bhavan Corner,Chennai,0.0
2026-02-18,Mysore Bonda,Snacks,2,126.0,60,Register,Cash,Payment,Saravana Bhavan Corner,Chennai,0.0
2026-02-18,Onion Uttapam,Dosa,1,94.5,100,Register,Cash,Payment,Saravana Bhavan Corner,Chennai,0.0
2026-02-18,Filter Coffee,Beverages,1,42.0,40,Register,Cash,Payment,Saravana Bhavan Corner,Chennai,0.0
2026-02-18,Plain Dosa,Dosa,1,73.5,70,Swiggy,Card,Payment,Saravana Bhavan Corner,Chennai,0.0
2026-02-18,Mysore Bonda,Snacks,1,63.0,60,Register,Card,Payment,Saravana Bhavan Corner,Chennai,0.0
2026-02-18,Filter Coffee,Beverages,3,113.4,40,Register,UPI,Payment,Saravana Bhavan Corner,Chennai,0.0
2026-02-18,Curd Rice,Rice,1,94.5,90,Register,Card,Payment,Saravana Bhavan Corner,Chennai,0.0
2026-02-18,Vada (2pc),Tiffin,2,105.0,50,Register,UPI,Payment,Saravana Bhavan Corner,Chennai,0.0
2026-02-18,Idli (4pc),Tiffin,2,126.0,60,Swiggy,UPI,Payment,Saravana Bhavan Corner,Chennai,0.0
2026-02-18,Vada (2pc),Tiffin,1,52.5,50,Register,Cash,Payment,Saravana Bhavan Corner,Chennai,0.0
2026-02-18,Buttermilk,Beverages,1,31.5,30,Register,UPI,Payment,Saravana Bhavan Corner,Chennai,0.0
2026-02-18,Bisi Bele Bath,Rice,1,136.5,130,Swiggy,UPI,Payment,Saravana Bhavan Corner,Chennai,0.0
2026-02-18,Lemon Rice,Rice,1,105.0,100,Swiggy,UPI,Payment,Saravana Bhavan Corner,Chennai,0.0
2026-02-18,Mini Tiffin Thali,Thali,2,315.0,150,Register,Cash,Payment,Saravana Bhavan Corner,Chennai,0.0
2026-02-18,Mysore Bonda,Snacks,2,126.0,60,Register,Cash,Payment,Saravana Bhavan Corner,Chennai,0.0
2026-02-18,Vada (2pc),Tiffin,1,52.5,50,Register,UPI,Payment,Saravana Bhavan Corner,Chennai,0.0
2026-02-18,Idli Vada Combo,Tiffin,1,94.5,90,Swiggy,Card,Payment,Saravana Bhavan Corner,Chennai,0.0
2026-02-18,Masala Dosa,Dosa,2,189.0,90,Register,Cash,Payment,Saravana Bhavan Corner,Chennai,0.0
2026-02-18,Mysore Bonda,Snacks,2,126.0,60,Swiggy,Card,Payment,Saravana Bhavan Corner,Chennai,0.0
2026-02-18,Sambar Rice,Rice,1,126.0,120,Swiggy,Card,Payment,Saravana Bhavan Corner,Chennai,0.0
2026-02-18,Idli Vada Combo,Tiffin,1,94.5,90,Swiggy,Card,Payment,Saravana Bhavan Corner,Chennai,0.0
2026-02-18,Buttermilk,Beverages,1,28.35,30,Swiggy,UPI,Payment,Saravana Bhavan Corner,Chennai,0.0
2026-02-18,Filter Coffee,Beverages,2,84.0,40,Register,UPI,Payment,Saravana Bhavan Corner,Chennai,0.0
2026-02-18,Idli Vada Combo,Tiffin,2,189.0,90,Register,UPI,Payment,Saravana Bhavan Corner,Chennai,0.0
2026-02-18,Onion Uttapam,Dosa,2,189.0,100,Register,UPI,Payment,Saravana Bhavan Corner,Chennai,0.0
2026-02-18,Sambar Rice,Rice,2,252.0,120,Register,UPI,Payment,Saravana Bhavan Corner,Chennai,0.0
2026-02-18,Filter Coffee,Beverages,1,42.0,40,Swiggy,Card,Payment,Saravana Bhavan Corner,Chennai,0.0
2026-02-19,Bisi Bele Bath,Rice,3,409.5,130,Swiggy,Card,Payment,Saravana Bhavan Corner,Chennai,0.0
2026-02-19,Masala Chai,Beverages,1,36.75,35,Swiggy,Card,Payment,Saravana Bhavan Corner,Chennai,0.0
2026-02-19,Onion Uttapam,Dosa,1,105.0,100,Swiggy,Card,Payment,Saravana Bhavan Corner,Chennai,0.0
2026-02-19,Buttermilk,Beverages,2,63.0,30,Register,UPI,Payment,Saravana Bhavan Corner,Chennai,0.0
2026-02-19,Idli (4pc),Tiffin,1,63.0,60,Register,UPI,Payment,Saravana Bhavan Corner,Chennai,0.0
2026-02-19,Masala Dosa,Dosa,2,189.0,90,Register,Card,Payment,Saravana Bhavan Corner,Chennai,0.0
2026-02-19,Filter Coffee,Beverages,3,126.0,40,Swiggy,UPI,Payment,Saravana Bhavan Corner,Chennai,0.0
2026-02-19,Lemon Rice,Rice,1,105.0,100,Swiggy,UPI,Payment,Saravana Bhavan Corner,Chennai,0.0
2026-02-19,Idli Vada Combo,Tiffin,2,189.0,90,Register,Card,Payment,Saravana Bhavan Corner,Chennai,0.0
2026-02-19,Masala Dosa,Dosa,3,283.5,90,Swiggy,Card,Payment,Saravana Bhavan Corner,Chennai,0.0
2026-02-19,Veg Thali,Thali,1,189.0,180,Swiggy,UPI,Payment,Saravana Bhavan Corner,Chennai,0.0
2026-02-19,Medu Vada Chaat,Snacks,1,73.5,70,Swiggy,UPI,Payment,Saravana Bhavan Corner,Chennai,0.0
2026-02-19,Pongal,Tiffin,2,168.0,80,Register,UPI,Payment,Saravana Bhavan Corner,Chennai,0.0
2026-02-19,Veg Thali,Thali,2,378.0,180,Register,Card,Payment,Saravana Bhavan Corner,Chennai,0.0
2026-02-19,Veg Thali,Thali,2,340.2,180,Register,Card,Payment,Saravana Bhavan Corner,Chennai,0.0
2026-02-19,Sambar Rice,Rice,1,113.4,120,Register,Card,Payment,Saravana Bhavan Corner,Chennai,0.0
2026-02-19,Sambar Rice,Rice,1,126.0,120,Register,Cash,Payment,Saravana Bhavan Corner,Chennai,0.0
2026-02-19,Idli (4pc),Tiffin,1,56.7,60,Register,Cash,Payment,Saravana Bhavan Corner,Chennai,0.0
2026-02-19,Idli (4pc),Tiffin,1,63.0,60,Register,UPI,Payment,Saravana Bhavan Corner,Chennai,0.0
2026-02-19,Veg Thali,Thali,1,189.0,180,Swiggy,UPI,Payment,Saravana Bhavan Corner,Chennai,0.0
2026-02-19,Veg Thali,Thali,2,378.0,180,Register,UPI,Payment,Saravana Bhavan Corner,Chennai,0.0
2026-02-19,Masala Chai,Beverages,1,36.75,35,Swiggy,UPI,Payment,Saravana Bhavan Corner,Chennai,0.0
2026-02-19,Plain Dosa,Dosa,1,62.48,70,Swiggy,UPI,Payment,Saravana Bhavan Corner,Chennai,0.0
2026-02-19,Rasgulla (2pc),Desserts,2,124.95,70,Swiggy,UPI,Payment,Saravana Bhavan Corner,Chennai,0.0
2026-02-19,Lemon Rice,Rice,2,210.0,100,Register,Card,Payment,Saravana Bhavan Corner,Chennai,0.0
2026-02-19,Filter Coffee,Beverages,1,42.0,40,Register,Card,Payment,Saravana Bhavan Corner,Chennai,0.0
2026-02-19,Curd Rice,Rice,1,94.5,90,Register,Cash,Payment,Saravana Bhavan Corner,Chennai,0.0
2026-02-19,Buttermilk,Beverages,2,63.0,30,Swiggy,Card,Payment,Saravana Bhavan Corner,Chennai,0.0
2026-02-19,Filter Coffee,Beverages,1,42.0,40,Register,UPI,Payment,Saravana Bhavan Corner,Chennai,0.0
2026-02-19,Rava Dosa,Dosa,1,115.5,110,Register,Cash,Payment,Saravana Bhavan Corner,Chennai,0.0
2026-02-19,Mini Tiffin Thali,Thali,1,157.5,150,Swiggy,Card,Payment,Saravana Bhavan Corner,Chennai,0.0
2026-02-19,Idli Vada Combo,Tiffin,1,94.5,90,Swiggy,Card,Payment,Saravana Bhavan Corner,Chennai,0.0
2026-02-19,Masala Dosa,Dosa,2,160.65,90,Swiggy,Card,Payment,Saravana Bhavan Corner,Chennai,0.0
2026-02-19,Filter Coffee,Beverages,1,42.0,40,Register,Cash,Payment,Saravana Bhavan Corner,Chennai,0.0
2026-02-19,Vada (2pc),Tiffin,1,52.5,50,Swiggy,UPI,Payment,Saravana Bhavan Corner,Chennai,0.0
2026-02-19,Idli Vada Combo,Tiffin,2,189.0,90,Swiggy,Card,Payment,Saravana Bhavan Corner,Chennai,0.0
2026-02-19,Onion Uttapam,Dosa,2,210.0,100,Swiggy,Card,Payment,Saravana Bhavan Corner,Chennai,0.0
2026-02-19,Masala Dosa,Dosa,2,189.0,90,Swiggy,Card,Payment,Saravana Bhavan Corner,Chennai,0.0
2026-02-19,Plain Dosa,Dosa,1,73.5,70,Register,UPI,Payment,Saravana Bhavan Corner,Chennai,0.0
2026-02-19,Onion Uttapam,Dosa,1,105.0,100,Register,UPI,Payment,Saravana Bhavan Corner,Chennai,0.0
2026-02-19,Filter Coffee,Beverages,1,42.0,40,Register,Cash,Payment,Saravana Bhavan Corner,Chennai,0.0
2026-02-19,Bisi Bele Bath,Rice,1,122.85,130,Register,UPI,Payment,Saravana Bhavan Corner,Chennai,0.0
2026-02-19,Masala Dosa,Dosa,1,80.33,90,Register,UPI,Payment,Saravana Bhavan Corner,Chennai,0.0
2026-02-19,Medu Vada Chaat,Snacks,1,73.5,70,Swiggy,Card,Payment,Saravana Bhavan Corner,Chennai,0.0
2026-02-19,Vada (2pc),Tiffin,2,105.0,50,Swiggy,Card,Payment,Saravana Bhavan Corner,Chennai,0.0
2026-02-19,Mysore Bonda,Snacks,2,126.0,60,Register,UPI,Payment,Saravana Bhavan Corner,Chennai,0.0
2026-02-19,Pongal,Tiffin,1,84.0,80,Register,UPI,Payment,Saravana Bhavan Corner,Chennai,0.0
2026-02-19,Masala Dosa,Dosa,1,94.5,90,Swiggy,Card,Payment,Saravana Bhavan Corner,Chennai,0.0
2026-02-19,Idli Vada Combo,Tiffin,1,94.5,90,Swiggy,Card,Payment,Saravana Bhavan Corner,Chennai,0.0
2026-02-19,Masala Chai,Beverages,2,73.5,35,Swiggy,Card,Payment,Saravana Bhavan Corner,Chennai,0.0
2026-02-19,Medu Vada Chaat,Snacks,2,147.0,70,Swiggy,Card,Payment,Saravana Bhavan Corner,Chennai,0.0
2026-02-19,Masala Dosa,Dosa,2,189.0,90,Swiggy,Card,Payment,Saravana Bhavan Corner,Chennai,0.0
2026-02-19,Masala Chai,Beverages,1,36.75,35,Register,UPI,Payment,Saravana Bhavan Corner,Chennai,0.0
2026-02-20,Masala Chai,Beverages,1,36.75,35,Swiggy,Card,Payment,Saravana Bhavan Corner,Chennai,0.0
2026-02-20,Idli (4pc),Tiffin,2,126.0,60,Register,UPI,Payment,Saravana Bhavan Corner,Chennai,0.0
2026-02-20,Masala Chai,Beverages,1,36.75,35,Register,UPI,Payment,Saravana Bhavan Corner,Chennai,0.0
2026-02-20,Mini Tiffin Thali,Thali,1,157.5,150,Register,UPI,Payment,Saravana Bhavan Corner,Chennai,0.0
2026-02-20,Masala Chai,Beverages,1,36.75,35,Swiggy,Card,Payment,Saravana Bhavan Corner,Chennai,0.0
2026-02-20,Masala Chai,Beverages,1,36.75,35,Swiggy,Card,Payment,Saravana Bhavan Corner,Chennai,0.0
2026-02-20,Masala Chai,Beverages,1,33.08,35,Register,UPI,Payment,Saravana Bhavan Corner,Chennai,0.0
2026-02-20,Onion Uttapam,Dosa,1,105.0,100,Swiggy,Card,Payment,Saravana Bhavan Corner,Chennai,0.0
2026-02-20,Veg Thali,Thali,1,189.0,180,Swiggy,Card,Payment,Saravana Bhavan Corner,Chennai,0.0
2026-02-20,Filter Coffee,Beverages,1,42.0,40,Swiggy,Card,Payment,Saravana Bhavan Corner,Chennai,0.0
2026-02-20,Masala Dosa,Dosa,2,189.0,90,Swiggy,Card,Payment,Saravana Bhavan Corner,Chennai,0.0
2026-02-20,Idli (4pc),Tiffin,2,126.0,60,Swiggy,Card,Payment,Saravana Bhavan Corner,Chennai,0.0
2026-02-20,Masala Dosa,Dosa,1,94.5,90,Register,Card,Payment,Saravana Bhavan Corner,Chennai,0.0
2026-02-20,Vada (2pc),Tiffin,1,52.5,50,Swiggy,Card,Payment,Saravana Bhavan Corner,Chennai,0.0
2026-02-20,Masala Dosa,Dosa,2,189.0,90,Register,Cash,Payment,Saravana Bhavan Corner,Chennai,0.0
2026-02-20,Idli Vada Combo,Tiffin,1,94.5,90,Register,Cash,Payment,Saravana Bhavan Corner,Chennai,0.0
2026-02-20,Idli Vada Combo,Tiffin,2,189.0,90,Register,Cash,Payment,Saravana Bhavan Corner,Chennai,0.0
2026-02-20,Masala Chai,Beverages,-2,-62.48,35,Register,Cash,Refund,Saravana Bhavan Corner,Chennai,0.0
2026-02-20,Lemon Rice,Rice,-3,-315.0,100,Register,Cash,Refund,Saravana Bhavan Corner,Chennai,0.0
2026-02-20,Onion Uttapam,Dosa,-1,-105.0,100,Register,Cash,Refund,Saravana Bhavan Corner,Chennai,0.0
2026-02-20,Filter Coffee,Beverages,1,42.0,40,Swiggy,UPI,Payment,Saravana Bhavan Corner,Chennai,0.0
2026-02-20,Buttermilk,Beverages,3,94.5,30,Swiggy,UPI,Payment,Saravana Bhavan Corner,Chennai,0.0
2026-02-20,Rava Dosa,Dosa,1,115.5,110,Register,UPI,Payment,Saravana Bhavan Corner,Chennai,0.0
2026-02-20,Vada (2pc),Tiffin,2,105.0,50,Swiggy,Card,Payment,Saravana Bhavan Corner,Chennai,0.0
2026-02-20,Mini Tiffin Thali,Thali,1,157.5,150,Swiggy,Card,Payment,Saravana Bhavan Corner,Chennai,0.0
2026-02-20,Masala Dosa,Dosa,3,283.5,90,Swiggy,UPI,Payment,Saravana Bhavan Corner,Chennai,0.0
2026-02-20,Rava Dosa,Dosa,1,115.5,110,Register,Cash,Payment,Saravana Bhavan Corner,Chennai,0.0
2026-02-20,Buttermilk,Beverages,1,31.5,30,Register,UPI,Payment,Saravana Bhavan Corner,Chennai,0.0
2026-02-20,Rasgulla (2pc),Desserts,2,147.0,70,Register,UPI,Payment,Saravana Bhavan Corner,Chennai,0.0
2026-02-20,Idli (4pc),Tiffin,1,63.0,60,Swiggy,UPI,Payment,Saravana Bhavan Corner,Chennai,0.0
2026-02-20,Masala Chai,Beverages,1,36.75,35,Swiggy,UPI,Payment,Saravana Bhavan Corner,Chennai,0.0
2026-02-20,Filter Coffee,Beverages,1,42.0,40,Register,Cash,Payment,Saravana Bhavan Corner,Chennai,0.0
2026-02-20,Curd Rice,Rice,1,94.5,90,Register,Cash,Payment,Saravana Bhavan Corner,Chennai,0.0
2026-02-20,Sambar Rice,Rice,1,126.0,120,Register,Cash,Payment,Saravana Bhavan Corner,Chennai,0.0
2026-02-20,Idli (4pc),Tiffin,1,63.0,60,Swiggy,UPI,Payment,Saravana Bhavan Corner,Chennai,0.0
2026-02-20,Vada (2pc),Tiffin,1,52.5,50,Swiggy,UPI,Payment,Saravana Bhavan Corner,Chennai,0.0
2026-02-20,Medu Vada Chaat,Snacks,2,147.0,70,Register,Card,Payment,Saravana Bhavan Corner,Chennai,0.0
2026-02-20,Sambar Rice,Rice,1,126.0,120,Register,Card,Payment,Saravana Bhavan Corner,Chennai,0.0
2026-02-20,Idli (4pc),Tiffin,2,126.0,60,Register,Card,Payment,Saravana Bhavan Corner,Chennai,0.0
2026-02-20,Mini Tiffin Thali,Thali,1,133.88,150,Swiggy,UPI,Payment,Saravana Bhavan Corner,Chennai,0.0
2026-02-20,Rava Dosa,Dosa,1,115.5,110,Swiggy,UPI,Payment,Saravana Bhavan Corner,Chennai,0.0
2026-02-20,Veg Thali,Thali,1,160.65,180,Swiggy,Card,Payment,Saravana Bhavan Corner,Chennai,0.0
2026-02-20,Veg Thali,Thali,3,510.3,180,Swiggy,Card,Payment,Saravana Bhavan Corner,Chennai,0.0
2026-02-20,Idli Vada Combo,Tiffin,2,189.0,90,Register,Cash,Payment,Saravana Bhavan Corner,Chennai,0.0
2026-02-20,Veg Thali,Thali,1,170.1,180,Swiggy,UPI,Payment,Saravana Bhavan Corner,Chennai,0.0
2026-02-20,Mysore Bonda,Snacks,2,126.0,60,Swiggy,UPI,Payment,Saravana Bhavan Corner,Chennai,0.0
2026-02-20,Idli Vada Combo,Tiffin,2,189.0,90,Register,UPI,Payment,Saravana Bhavan Corner,Chennai,0.0
2026-02-20,Rasgulla (2pc),Desserts,1,73.5,70,Swiggy,Card,Payment,Saravana Bhavan Corner,Chennai,0.0
2026-02-20,Onion Uttapam,Dosa,3,315.0,100,Swiggy,UPI,Payment,Saravana Bhavan Corner,Chennai,0.0
2026-02-20,Mini Tiffin Thali,Thali,2,315.0,150,Register,UPI,Payment,Saravana Bhavan Corner,Chennai,0.0
2026-02-20,Plain Dosa,Dosa,1,62.48,70,Swiggy,Card,Payment,Saravana Bhavan Corner,Chennai,0.0
2026-02-20,Rava Dosa,Dosa,2,231.0,110,Swiggy,UPI,Payment,Saravana Bhavan Corner,Chennai,0.0
2026-02-20,Veg Thali,Thali,1,189.0,180,Register,UPI,Payment,Saravana Bhavan Corner,Chennai,0.0
2026-02-20,Mini Tiffin Thali,Thali,2,315.0,150,Register,UPI,Payment,Saravana Bhavan Corner,Chennai,0.0
2026-02-20,Buttermilk,Beverages,1,31.5,30,Swiggy,UPI,Payment,Saravana Bhavan Corner,Chennai,0.0
2026-02-20,Rava Dosa,Dosa,1,115.5,110,Swiggy,UPI,Payment,Saravana Bhavan Corner,Chennai,0.0
2026-02-20,Idli (4pc),Tiffin,1,63.0,60,Register,UPI,Payment,Saravana Bhavan Corner,Chennai,0.0
2026-02-21,Pongal,Tiffin,2,168.0,80,Swiggy,Card,Payment,Saravana Bhavan Corner,Chennai,0.0
2026-02-21,Masala Dosa,Dosa,2,189.0,90,Register,UPI,Payment,Saravana Bhavan Corner,Chennai,0.0
2026-02-21,Idli (4pc),Tiffin,1,53.55,60,Swiggy,Card,Payment,Saravana Bhavan Corner,Chennai,0.0
2026-02-21,Buttermilk,Beverages,1,31.5,30,Swiggy,Card,Payment,Saravana Bhavan Corner,Chennai,0.0
2026-02-21,Veg Thali,Thali,1,189.0,180,Swiggy,Card,Payment,Saravana Bhavan Corner,Chennai,0.0
2026-02-21,Vada (2pc),Tiffin,2,105.0,50,Swiggy,Card,Payment,Saravana Bhavan Corner,Chennai,0.0
2026-02-21,Bisi Bele Bath,Rice,3,368.55,130,Swiggy,Card,Payment,Saravana Bhavan Corner,Chennai,0.0
2026-02-21,Curd Rice,Rice,1,94.5,90,Swiggy,UPI,Payment,Saravana Bhavan Corner,Chennai,0.0
2026-02-21,Idli (4pc),Tiffin,1,63.0,60,Swiggy,Card,Payment,Saravana Bhavan Corner,Chennai,0.0
2026-02-21,Curd Rice,Rice,1,94.5,90,Swiggy,UPI,Payment,Saravana Bhavan Corner,Chennai,0.0
2026-02-21,Plain Dosa,Dosa,1,73.5,70,Swiggy,Card,Payment,Saravana Bhavan Corner,Chennai,0.0
2026-02-21,Masala Dosa,Dosa,1,94.5,90,Swiggy,Card,Payment,Saravana Bhavan Corner,Chennai,0.0
2026-02-21,Sambar Rice,Rice,1,126.0,120,Swiggy,Card,Payment,Saravana Bhavan Corner,Chennai,0.0
2026-02-21,Filter Coffee,Beverages,2,84.0,40,Swiggy,UPI,Payment,Saravana Bhavan Corner,Chennai,0.0
2026-02-21,Filter Coffee,Beverages,1,42.0,40,Register,Cash,Payment,Saravana Bhavan Corner,Chennai,0.0
2026-02-21,Sambar Rice,Rice,3,378.0,120,Register,Cash,Payment,Saravana Bhavan Corner,Chennai,0.0
2026-02-21,Rasgulla (2pc),Desserts,2,147.0,70,Register,Cash,Payment,Saravana Bhavan Corner,Chennai,0.0
2026-02-21,Filter Coffee,Beverages,2,71.4,40,Register,Card,Payment,Saravana Bhavan Corner,Chennai,0.0
2026-02-21,Idli Vada Combo,Tiffin,3,283.5,90,Swiggy,Card,Payment,Saravana Bhavan Corner,Chennai,0.0
2026-02-21,Idli (4pc),Tiffin,2,126.0,60,Register,Card,Payment,Saravana Bhavan Corner,Chennai,0.0
2026-02-21,Idli (4pc),Tiffin,1,63.0,60,Register,Card,Payment,Saravana Bhavan Corner,Chennai,0.0
2026-02-21,Veg Thali,Thali,1,189.0,180,Register,UPI,Payment,Saravana Bhavan Corner,Chennai,0.0
2026-02-21,Masala Dosa,Dosa,1,94.5,90,Register,Card,Payment,Saravana Bhavan Corner,Chennai,0.0
2026-02-21,Buttermilk,Beverages,2,63.0,30,Register,Card,Payment,Saravana Bhavan Corner,Chennai,0.0
2026-02-21,Mysore Bonda,Snacks,1,63.0,60,Register,Card,Payment,Saravana Bhavan Corner,Chennai,0.0
2026-02-21,Filter Coffee,Beverages,1,42.0,40,Register,Card,Payment,Saravana Bhavan Corner,Chennai,0.0
2026-02-21,Masala Chai,Beverages,1,31.24,35,Register,Card,Payment,Saravana Bhavan Corner,Chennai,0.0
2026-02-21,Masala Dosa,Dosa,1,94.5,90,Register,Card,Payment,Saravana Bhavan Corner,Chennai,0.0
2026-02-21,Buttermilk,Beverages,1,31.5,30,Register,Card,Payment,Saravana Bhavan Corner,Chennai,0.0
2026-02-21,Rava Dosa,Dosa,2,231.0,110,Register,Card,Payment,Saravana Bhavan Corner,Chennai,0.0
2026-02-21,Buttermilk,Beverages,1,28.35,30,Register,UPI,Payment,Saravana Bhavan Corner,Chennai,0.0
2026-02-21,Vada (2pc),Tiffin,1,52.5,50,Register,Card,Payment,Saravana Bhavan Corner,Chennai,0.0
2026-02-21,Mini Tiffin Thali,Thali,2,283.5,150,Swiggy,Card,Payment,Saravana Bhavan Corner,Chennai,0.0
2026-02-21,Filter Coffee,Beverages,1,42.0,40,Register,Cash,Payment,Saravana Bhavan Corner,Chennai,0.0
2026-02-21,Mysore Bonda,Snacks,1,63.0,60,Swiggy,UPI,Payment,Saravana Bhavan Corner,Chennai,0.0
2026-02-21,Bisi Bele Bath,Rice,1,136.5,130,Register,Card,Payment,Saravana Bhavan Corner,Chennai,0.0
2026-02-21,Idli (4pc),Tiffin,1,63.0,60,Register,Card,Payment,Saravana Bhavan Corner,Chennai,0.0
2026-02-21,Lemon Rice,Rice,2,210.0,100,Swiggy,UPI,Payment,Saravana Bhavan Corner,Chennai,0.0
2026-02-21,Sambar Rice,Rice,1,126.0,120,Swiggy,UPI,Payment,Saravana Bhavan Corner,Chennai,0.0
2026-02-21,Idli Vada Combo,Tiffin,1,85.05,90,Register,UPI,Payment,Saravana Bhavan Corner,Chennai,0.0
2026-02-21,Rava Dosa,Dosa,1,115.5,110,Swiggy,Card,Payment,Saravana Bhavan Corner,Chennai,0.0
2026-02-21,Buttermilk,Beverages,1,31.5,30,Register,Card,Payment,Saravana Bhavan Corner,Chennai,0.0
2026-02-21,Onion Uttapam,Dosa,2,210.0,100,Swiggy,UPI,Payment,Saravana Bhavan Corner,Chennai,0.0
2026-02-21,Idli (4pc),Tiffin,1,63.0,60,Swiggy,Card,Payment,Saravana Bhavan Corner,Chennai,0.0
2026-02-21,Plain Dosa,Dosa,1,73.5,70,Swiggy,Card,Payment,Saravana Bhavan Corner,Chennai,0.0
2026-02-21,Idli Vada Combo,Tiffin,1,94.5,90,Swiggy,Card,Payment,Saravana Bhavan Corner,Chennai,0.0
2026-02-21,Lemon Rice,Rice,2,210.0,100,Swiggy,UPI,Payment,Saravana Bhavan Corner,Chennai,0.0
2026-02-21,Mini Tiffin Thali,Thali,2,283.5,150,Swiggy,UPI,Payment,Saravana Bhavan Corner,Chennai,0.0
2026-02-21,Plain Dosa,Dosa,1,73.5,70,Swiggy,UPI,Payment,Saravana Bhavan Corner,Chennai,0.0
2026-02-21,Mysore Bonda,Snacks,1,63.0,60,Swiggy,UPI,Payment,Saravana Bhavan Corner,Chennai,0.0
2026-02-21,Veg Thali,Thali,1,189.0,180,Swiggy,Card,Payment,Saravana Bhavan Corner,Chennai,0.0
2026-02-21,Masala Dosa,Dosa,1,94.5,90,Swiggy,Card,Payment,Saravana Bhavan Corner,Chennai,0.0
2026-02-21,Pongal,Tiffin,2,168.0,80,Swiggy,Card,Payment,Saravana Bhavan Corner,Chennai,0.0
2026-02-21,Idli Vada Combo,Tiffin,2,189.0,90,Swiggy,UPI,Payment,Saravana Bhavan Corner,Chennai,0.0
2026-02-21,Mini Tiffin Thali,Thali,1,141.75,150,Register,Cash,Payment,Saravana Bhavan Corner,Chennai,0.0
2026-02-21,Masala Dosa,Dosa,1,80.33,90,Swiggy,UPI,Payment,Saravana Bhavan Corner,Chennai,0.0
2026-02-21,Onion Uttapam,Dosa,2,210.0,100,Swiggy,UPI,Payment,Saravana Bhavan Corner,Chennai,0.0
2026-02-21,Idli Vada Combo,Tiffin,3,283.5,90,Swiggy,Card,Payment,Saravana Bhavan Corner,Chennai,0.0
2026-02-21,Filter Coffee,Beverages,2,71.4,40,Swiggy,Card,Payment,Saravana Bhavan Corner,Chennai,0.0
2026-02-21,Rasgulla (2pc),Desserts,2,124.95,70,Swiggy,Card,Payment,Saravana Bhavan Corner,Chennai,0.0
2026-02-21,Idli (4pc),Tiffin,1,63.0,60,Swiggy,Card,Payment,Saravana Bhavan Corner,Chennai,0.0
2026-02-21,Masala Chai,Beverages,2,73.5,35,Swiggy,Card,Payment,Saravana Bhavan Corner,Chennai,0.0
2026-02-21,Onion Uttapam,Dosa,1,105.0,100,Swiggy,UPI,Payment,Saravana Bhavan Corner,Chennai,0.0
2026-02-21,Idli Vada Combo,Tiffin,3,283.5,90,Register,UPI,Payment,Saravana Bhavan Corner,Chennai,0.0
2026-02-21,Veg Thali,Thali,1,189.0,180,Swiggy,Card,Payment,Saravana Bhavan Corner,Chennai,0.0
2026-02-21,Pongal,Tiffin,2,168.0,80,Swiggy,Card,Payment,Saravana Bhavan Corner,Chennai,0.0
2026-02-21,Mysore Bonda,Snacks,2,126.0,60,Swiggy,Card,Payment,Saravana Bhavan Corner,Chennai,0.0
2026-02-21,Buttermilk,Beverages,1,31.5,30,Register,UPI,Payment,Saravana Bhavan Corner,Chennai,0.0
2026-02-21,Medu Vada Chaat,Snacks,1,73.5,70,Swiggy,UPI,Payment,Saravana Bhavan Corner,Chennai,0.0
2026-02-21,Lemon Rice,Rice,1,105.0,100,Register,UPI,Payment,Saravana Bhavan Corner,Chennai,0.0
2026-02-21,Bisi Bele Bath,Rice,2,273.0,130,Register,Cash,Payment,Saravana Bhavan Corner,Chennai,0.0
2026-02-21,Plain Dosa,Dosa,2,147.0,70,Register,Cash,Payment,Saravana Bhavan Corner,Chennai,0.0
2026-02-21,Rava Dosa,Dosa,2,231.0,110,Register,Cash,Payment,Saravana Bhavan Corner,Chennai,0.0
2026-02-21,Veg Thali,Thali,1,189.0,180,Register,Cash,Payment,Saravana Bhavan Corner,Chennai,0.0
2026-02-21,Idli Vada Combo,Tiffin,2,189.0,90,Register,Cash,Payment,Saravana Bhavan Corner,Chennai,0.0
2026-02-21,Filter Coffee,Beverages,2,84.0,40,Swiggy,Card,Payment,Saravana Bhavan Corner,Chennai,0.0
2026-02-21,Lemon Rice,Rice,1,105.0,100,Swiggy,UPI,Payment,Saravana Bhavan Corner,Chennai,0.0
2026-02-21,Onion Uttapam,Dosa,2,210.0,100,Register,Cash,Payment,Saravana Bhavan Corner,Chennai,0.0
2026-02-21,Filter Coffee,Beverages,1,35.7,40,Swiggy,Card,Payment,Saravana Bhavan Corner,Chennai,0.0
2026-02-21,Idli Vada Combo,Tiffin,2,189.0,90,Swiggy,Card,Payment,Saravana Bhavan Corner,Chennai,0.0
2026-02-21,Plain Dosa,Dosa,2,147.0,70,Swiggy,UPI,Payment,Saravana Bhavan Corner,Chennai,0.0
2026-02-21,Rava Dosa,Dosa,1,115.5,110,Swiggy,Card,Payment,Saravana Bhavan Corner,Chennai,0.0
2026-02-21,Buttermilk,Beverages,2,53.55,30,Swiggy,UPI,Payment,Saravana Bhavan Corner,Chennai,0.0
2026-02-21,Curd Rice,Rice,1,94.5,90,Swiggy,UPI,Payment,Saravana Bhavan Corner,Chennai,0.0
2026-02-21,Rava Dosa,Dosa,1,98.17,110,Swiggy,UPI,Payment,Saravana Bhavan Corner,Chennai,0.0
2026-02-22,Mysore Bonda,Snacks,2,126.0,60,Register,Cash,Payment,Saravana Bhavan Corner,Chennai,0.0
2026-02-22,Rava Dosa,Dosa,2,231.0,110,Register,Card,Payment,Saravana Bhavan Corner,Chennai,0.0
2026-02-22,Veg Thali,Thali,3,567.0,180,Register,Cash,Payment,Saravana Bhavan Corner,Chennai,0.0
2026-02-22,Filter Coffee,Beverages,1,42.0,40,Swiggy,Card,Payment,Saravana Bhavan Corner,Chennai,0.0
2026-02-22,Masala Dosa,Dosa,1,94.5,90,Swiggy,UPI,Payment,Saravana Bhavan Corner,Chennai,0.0
2026-02-22,Sambar Rice,Rice,1,126.0,120,Swiggy,UPI,Payment,Saravana Bhavan Corner,Chennai,0.0
2026-02-22,Idli (4pc),Tiffin,2,126.0,60,Register,Cash,Payment,Saravana Bhavan Corner,Chennai,0.0
2026-02-22,Filter Coffee,Beverages,1,42.0,40,Swiggy,UPI,Payment,Saravana Bhavan Corner,Chennai,0.0
2026-02-22,Idli Vada Combo,Tiffin,2,160.65,90,Register,Card,Payment,Saravana Bhavan Corner,Chennai,0.0
2026-02-22,Masala Dosa,Dosa,1,94.5,90,Register,Card,Payment,Saravana Bhavan Corner,Chennai,0.0
2026-02-22,Idli (4pc),Tiffin,1,53.55,60,Register,Card,Payment,Saravana Bhavan Corner,Chennai,0.0
2026-02-22,Onion Uttapam,Dosa,1,105.0,100,Register,Card,Payment,Saravana Bhavan Corner,Chennai,0.0
2026-02-22,Mini Tiffin Thali,Thali,2,267.75,150,Register,UPI,Payment,Saravana Bhavan Corner,Chennai,0.0
2026-02-22,Masala Dosa,Dosa,1,94.5,90,Register,UPI,Payment,Saravana Bhavan Corner,Chennai,0.0
2026-02-22,Mini Tiffin Thali,Thali,3,472.5,150,Register,UPI,Payment,Saravana Bhavan Corner,Chennai,0.0
2026-02-22,Masala Dosa,Dosa,1,94.5,90,Register,UPI,Payment,Saravana Bhavan Corner,Chennai,0.0
2026-02-22,Curd Rice,Rice,1,94.5,90,Swiggy,Card,Payment,Saravana Bhavan Corner,Chennai,0.0
2026-02-22,Mini Tiffin Thali,Thali,1,157.5,150,Register,Cash,Payment,Saravana Bhavan Corner,Chennai,0.0
2026-02-22,Idli (4pc),Tiffin,1,63.0,60,Register,UPI,Payment,Saravana Bhavan Corner,Chennai,0.0
2026-02-22,Idli Vada Combo,Tiffin,1,94.5,90,Register,Cash,Payment,Saravana Bhavan Corner,Chennai,0.0
2026-02-22,Veg Thali,Thali,1,189.0,180,Swiggy,UPI,Payment,Saravana Bhavan Corner,Chennai,0.0
2026-02-22,Curd Rice,Rice,2,160.65,90,Swiggy,Card,Payment,Saravana Bhavan Corner,Chennai,0.0
2026-02-22,Masala Dosa,Dosa,1,94.5,90,Register,UPI,Payment,Saravana Bhavan Corner,Chennai,0.0
2026-02-22,Rasgulla (2pc),Desserts,2,147.0,70,Swiggy,UPI,Payment,Saravana Bhavan Corner,Chennai,0.0
2026-02-22,Veg Thali,Thali,2,340.2,180,Swiggy,UPI,Payment,Saravana Bhavan Corner,Chennai,0.0
2026-02-22,Idli Vada Combo,Tiffin,1,94.5,90,Register,Card,Payment,Saravana Bhavan Corner,Chennai,0.0
2026-02-22,Plain Dosa,Dosa,2,147.0,70,Register,UPI,Payment,Saravana Bhavan Corner,Chennai,0.0
2026-02-22,Buttermilk,Beverages,1,31.5,30,Register,UPI,Payment,Saravana Bhavan Corner,Chennai,0.0
2026-02-22,Rasgulla (2pc),Desserts,1,62.48,70,Register,UPI,Payment,Saravana Bhavan Corner,Chennai,0.0
2026-02-22,Masala Dosa,Dosa,2,189.0,90,Register,UPI,Payment,Saravana Bhavan Corner,Chennai,0.0
2026-02-22,Idli (4pc),Tiffin,2,126.0,60,Register,UPI,Payment,Saravana Bhavan Corner,Chennai,0.0
2026-02-22,Masala Dosa,Dosa,1,94.5,90,Swiggy,UPI,Payment,Saravana Bhavan Corner,Chennai,0.0
2026-02-22,Masala Dosa,Dosa,1,94.5,90,Register,UPI,Payment,Saravana Bhavan Corner,Chennai,0.0
2026-02-22,Idli Vada Combo,Tiffin,1,94.5,90,Register,Cash,Payment,Saravana Bhavan Corner,Chennai,0.0
2026-02-22,Mini Tiffin Thali,Thali,2,315.0,150,Register,Cash,Payment,Saravana Bhavan Corner,Chennai,0.0
2026-02-22,Bisi Bele Bath,Rice,3,409.5,130,Register,Cash,Payment,Saravana Bhavan Corner,Chennai,0.0
2026-02-22,Sambar Rice,Rice,1,126.0,120,Register,Cash,Payment,Saravana Bhavan Corner,Chennai,0.0
2026-02-22,Veg Thali,Thali,1,189.0,180,Register,Cash,Payment,Saravana Bhavan Corner,Chennai,0.0
2026-02-22,Masala Dosa,Dosa,1,85.05,90,Register,Cash,Payment,Saravana Bhavan Corner,Chennai,0.0
2026-02-22,Vada (2pc),Tiffin,2,105.0,50,Register,Cash,Payment,Saravana Bhavan Corner,Chennai,0.0
2026-02-22,Masala Chai,Beverages,3,99.23,35,Swiggy,UPI,Payment,Saravana Bhavan Corner,Chennai,0.0
2026-02-22,Vada (2pc),Tiffin,3,157.5,50,Swiggy,Card,Payment,Saravana Bhavan Corner,Chennai,0.0
2026-02-22,Veg Thali,Thali,1,189.0,180,Register,UPI,Payment,Saravana Bhavan Corner,Chennai,0.0
2026-02-22,Onion Uttapam,Dosa,1,105.0,100,Swiggy,UPI,Payment,Saravana Bhavan Corner,Chennai,0.0
2026-02-22,Idli (4pc),Tiffin,1,63.0,60,Swiggy,UPI,Payment,Saravana Bhavan Corner,Chennai,0.0
2026-02-22,Masala Chai,Beverages,2,73.5,35,Swiggy,Card,Payment,Saravana Bhavan Corner,Chennai,0.0
2026-02-22,Masala Dosa,Dosa,1,94.5,90,Swiggy,Card,Payment,Saravana Bhavan Corner,Chennai,0.0
2026-02-22,Curd Rice,Rice,1,94.5,90,Register,Card,Payment,Saravana Bhavan Corner,Chennai,0.0
2026-02-22,Filter Coffee,Beverages,1,42.0,40,Register,Card,Payment,Saravana Bhavan Corner,Chennai,0.0
2026-02-22,Plain Dosa,Dosa,1,73.5,70,Swiggy,UPI,Payment,Saravana Bhavan Corner,Chennai,0.0
2026-02-22,Plain Dosa,Dosa,3,220.5,70,Swiggy,Card,Payment,Saravana Bhavan Corner,Chennai,0.0
2026-02-22,Masala Dosa,Dosa,1,94.5,90,Swiggy,Card,Payment,Saravana Bhavan Corner,Chennai,0.0
2026-02-22,Plain Dosa,Dosa,1,73.5,70,Register,Card,Payment,Saravana Bhavan Corner,Chennai,0.0
2026-02-22,Plain Dosa,Dosa,2,147.0,70,Register,Cash,Payment,Saravana Bhavan Corner,Chennai,0.0
2026-02-22,Masala Dosa,Dosa,2,189.0,90,Register,Card,Payment,Saravana Bhavan Corner,Chennai,0.0
2026-02-22,Mysore Bonda,Snacks,1,63.0,60,Register,Card,Payment,Saravana Bhavan Corner,Chennai,0.0
2026-02-22,Bisi Bele Bath,Rice,1,136.5,130,Register,UPI,Payment,Saravana Bhavan Corner,Chennai,0.0
2026-02-22,Plain Dosa,Dosa,1,73.5,70,Register,UPI,Payment,Saravana Bhavan Corner,Chennai,0.0
2026-02-22,Curd Rice,Rice,1,94.5,90,Swiggy,Card,Payment,Saravana Bhavan Corner,Chennai,0.0
2026-02-22,Idli (4pc),Tiffin,2,126.0,60,Swiggy,Card,Payment,Saravana Bhavan Corner,Chennai,0.0
2026-02-22,Sambar Rice,Rice,1,126.0,120,Register,UPI,Payment,Saravana Bhavan Corner,Chennai,0.0
2026-02-22,Vada (2pc),Tiffin,1,52.5,50,Register,UPI,Payment,Saravana Bhavan Corner,Chennai,0.0
2026-02-22,Vada (2pc),Tiffin,1,52.5,50,Register,UPI,Payment,Saravana Bhavan Corner,Chennai,0.0
2026-02-22,Veg Thali,Thali,2,378.0,180,Swiggy,Card,Payment,Saravana Bhavan Corner,Chennai,0.0
2026-02-22,Masala Dosa,Dosa,1,94.5,90,Register,UPI,Payment,Saravana Bhavan Corner,Chennai,0.0
2026-02-22,Masala Dosa,Dosa,1,94.5,90,Swiggy,Card,Payment,Saravana Bhavan Corner,Chennai,0.0
2026-02-22,Idli Vada Combo,Tiffin,1,94.5,90,Register,UPI,Payment,Saravana Bhavan Corner,Chennai,0.0
2026-02-22,Sambar Rice,Rice,2,252.0,120,Register,UPI,Payment,Saravana Bhavan Corner,Chennai,0.0
2026-02-22,Idli Vada Combo,Tiffin,1,94.5,90,Register,UPI,Payment,Saravana Bhavan Corner,Chennai,0.0
2026-02-22,Masala Dosa,Dosa,1,94.5,90,Register,Card,Payment,Saravana Bhavan Corner,Chennai,0.0
2026-02-22,Onion Uttapam,Dosa,1,105.0,100,Register,Card,Payment,Saravana Bhavan Corner,Chennai,0.0
2026-02-22,Lemon Rice,Rice,1,105.0,100,Swiggy,UPI,Payment,Saravana Bhavan Corner,Chennai,0.0
2026-02-22,Plain Dosa,Dosa,1,73.5,70,Swiggy,UPI,Payment,Saravana Bhavan Corner,Chennai,0.0
2026-02-22,Mini Tiffin Thali,Thali,3,401.62,150,Swiggy,UPI,Payment,Saravana Bhavan Corner,Chennai,0.0
2026-02-22,Vada (2pc),Tiffin,1,52.5,50,Swiggy,UPI,Payment,Saravana Bhavan Corner,Chennai,0.0
2026-02-22,Masala Dosa,Dosa,1,94.5,90,Register,Card,Payment,Saravana Bhavan Corner,Chennai,0.0
2026-02-22,Idli (4pc),Tiffin,2,126.0,60,Register,UPI,Payment,Saravana Bhavan Corner,Chennai,0.0
2026-02-22,Idli (4pc),Tiffin,-1,-53.55,60,Register,UPI,Refund,Saravana Bhavan Corner,Chennai,0.0
2026-02-22,Mini Tiffin Thali,Thali,-1,-157.5,150,Register,UPI,Refund,Saravana Bhavan Corner,Chennai,0.0
2026-02-22,Plain Dosa,Dosa,-1,-73.5,70,Register,UPI,Refund,Saravana Bhavan Corner,Chennai,0.0
2026-02-22,Onion Uttapam,Dosa,1,105.0,100,Register,Cash,Payment,Saravana Bhavan Corner,Chennai,0.0
2026-02-22,Lemon Rice,Rice,2,210.0,100,Register,Cash,Payment,Saravana Bhavan Corner,Chennai,0.0
2026-02-22,Vada (2pc),Tiffin,1,44.62,50,Register,Cash,Payment,Saravana Bhavan Corner,Chennai,0.0
2026-02-22,Buttermilk,Beverages,1,31.5,30,Register,Cash,Payment,Saravana Bhavan Corner,Chennai,0.0
2026-02-22,Filter Coffee,Beverages,-1,-42.0,40,Register,UPI,Refund,Saravana Bhavan Corner,Chennai,0.0
2026-02-22,Mini Tiffin Thali,Thali,1,141.75,150,Register,UPI,Payment,Saravana Bhavan Corner,Chennai,0.0
2026-02-23,Mysore Bonda,Snacks,2,126.0,60,Register,UPI,Payment,Saravana Bhavan Corner,Chennai,0.0
2026-02-23,Rava Dosa,Dosa,2,231.0,110,Register,UPI,Payment,Saravana Bhavan Corner,Chennai,0.0
2026-02-23,Vada (2pc),Tiffin,1,52.5,50,Register,UPI,Payment,Saravana Bhavan Corner,Chennai,0.0
2026-02-23,Bisi Bele Bath,Rice,1,136.5,130,Register,UPI,Payment,Saravana Bhavan Corner,Chennai,0.0
2026-02-23,Vada (2pc),Tiffin,1,52.5,50,Register,UPI,Payment,Saravana Bhavan Corner,Chennai,0.0
2026-02-23,Bisi Bele Bath,Rice,1,136.5,130,Register,Card,Payment,Saravana Bhavan Corner,Chennai,0.0
2026-02-23,Lemon Rice,Rice,1,105.0,100,Register,Card,Payment,Saravana Bhavan Corner,Chennai,0.0
2026-02-23,Masala Dosa,Dosa,3,283.5,90,Register,Cash,Payment,Saravana Bhavan Corner,Chennai,0.0
2026-02-23,Bisi Bele Bath,Rice,1,136.5,130,Register,Card,Payment,Saravana Bhavan Corner,Chennai,0.0
2026-02-23,Sambar Rice,Rice,2,226.8,120,Register,Card,Payment,Saravana Bhavan Corner,Chennai,0.0
2026-02-23,Mysore Bonda,Snacks,2,126.0,60,Register,Cash,Payment,Saravana Bhavan Corner,Chennai,0.0
2026-02-23,Veg Thali,Thali,2,378.0,180,Swiggy,Card,Payment,Saravana Bhavan Corner,Chennai,0.0
2026-02-23,Buttermilk,Beverages,2,56.7,30,Register,Card,Payment,Saravana Bhavan Corner,Chennai,0.0
2026-02-23,Rava Dosa,Dosa,1,115.5,110,Register,UPI,Payment,Saravana Bhavan Corner,Chennai,0.0
2026-02-23,Curd Rice,Rice,1,94.5,90,Swiggy,Card,Payment,Saravana Bhavan Corner,Chennai,0.0
2026-02-23,Veg Thali,Thali,1,189.0,180,Swiggy,UPI,Payment,Saravana Bhavan Corner,Chennai,0.0
2026-02-23,Rava Dosa,Dosa,2,231.0,110,Register,UPI,Payment,Saravana Bhavan Corner,Chennai,0.0
2026-02-23,Veg Thali,Thali,1,189.0,180,Swiggy,Card,Payment,Saravana Bhavan Corner,Chennai,0.0
2026-02-23,Rava Dosa,Dosa,1,115.5,110,Register,UPI,Payment,Saravana Bhavan Corner,Chennai,0.0
2026-02-23,Masala Dosa,Dosa,1,94.5,90,Swiggy,Card,Payment,Saravana Bhavan Corner,Chennai,0.0
2026-02-23,Veg Thali,Thali,1,170.1,180,Register,Card,Payment,Saravana Bhavan Corner,Chennai,0.0
2026-02-23,Buttermilk,Beverages,1,31.5,30,Swiggy,UPI,Payment,Saravana Bhavan Corner,Chennai,0.0
2026-02-23,Masala Dosa,Dosa,2,189.0,90,Register,Card,Payment,Saravana Bhavan Corner,Chennai,0.0
2026-02-23,Idli (4pc),Tiffin,1,63.0,60,Register,Card,Payment,Saravana Bhavan Corner,Chennai,0.0
2026-02-23,Masala Chai,Beverages,2,73.5,35,Register,Card,Payment,Saravana Bhavan Corner,Chennai,0.0
2026-02-23,Plain Dosa,Dosa,1,73.5,70,Register,Cash,Payment,Saravana Bhavan Corner,Chennai,0.0
2026-02-23,Mini Tiffin Thali,Thali,1,141.75,150,Register,Card,Payment,Saravana Bhavan Corner,Chennai,0.0
2026-02-23,Filter Coffee,Beverages,1,42.0,40,Swiggy,Card,Payment,Saravana Bhavan Corner,Chennai,0.0
2026-02-23,Filter Coffee,Beverages,2,84.0,40,Swiggy,Card,Payment,Saravana Bhavan Corner,Chennai,0.0
2026-02-23,Idli Vada Combo,Tiffin,2,189.0,90,Register,UPI,Payment,Saravana Bhavan Corner,Chennai,0.0
2026-02-23,Mini Tiffin Thali,Thali,1,157.5,150,Register,UPI,Payment,Saravana Bhavan Corner,Chennai,0.0
2026-02-23,Bisi Bele Bath,Rice,1,136.5,130,Register,UPI,Payment,Saravana Bhavan Corner,Chennai,0.0
2026-02-23,Masala Chai,Beverages,1,33.08,35,Register,UPI,Payment,Saravana Bhavan Corner,Chennai,0.0
2026-02-23,Veg Thali,Thali,2,378.0,180,Swiggy,UPI,Payment,Saravana Bhavan Corner,Chennai,0.0
2026-02-23,Curd Rice,Rice,1,94.5,90,Register,UPI,Payment,Saravana Bhavan Corner,Chennai,0.0
2026-02-23,Bisi Bele Bath,Rice,2,273.0,130,Swiggy,Card,Payment,Saravana Bhavan Corner,Chennai,0.0
2026-02-23,Masala Dosa,Dosa,2,189.0,90,Register,Cash,Payment,Saravana Bhavan Corner,Chennai,0.0
2026-02-23,Pongal,Tiffin,1,84.0,80,Swiggy,Card,Payment,Saravana Bhavan Corner,Chennai,0.0
2026-02-23,Masala Chai,Beverages,3,110.25,35,Swiggy,Card,Payment,Saravana Bhavan Corner,Chennai,0.0
2026-02-23,Vada (2pc),Tiffin,2,105.0,50,Swiggy,Card,Payment,Saravana Bhavan Corner,Chennai,0.0
2026-02-23,Filter Coffee,Beverages,1,42.0,40,Swiggy,UPI,Payment,Saravana Bhavan Corner,Chennai,0.0
2026-02-23,Mini Tiffin Thali,Thali,1,141.75,150,Register,UPI,Payment,Saravana Bhavan Corner,Chennai,0.0
2026-02-23,Sambar Rice,Rice,2,252.0,120,Register,UPI,Payment,Saravana Bhavan Corner,Chennai,0.0
2026-02-23,Idli (4pc),Tiffin,1,53.55,60,Swiggy,Card,Payment,Saravana Bhavan Corner,Chennai,0.0
2026-02-23,Masala Chai,Beverages,1,36.75,35,Register,Card,Payment,Saravana Bhavan Corner,Chennai,0.0
2026-02-23,Rasgulla (2pc),Desserts,1,73.5,70,Register,Card,Payment,Saravana Bhavan Corner,Chennai,0.0
2026-02-23,Idli (4pc),Tiffin,2,126.0,60,Register,Card,Payment,Saravana Bhavan Corner,Chennai,0.0
2026-02-23,Idli (4pc),Tiffin,1,63.0,60,Register,Card,Payment,Saravana Bhavan Corner,Chennai,0.0
2026-02-23,Filter Coffee,Beverages,2,84.0,40,Register,Card,Payment,Saravana Bhavan Corner,Chennai,0.0
2026-02-23,Plain Dosa,Dosa,1,73.5,70,Register,Card,Payment,Saravana Bhavan Corner,Chennai,0.0
2026-02-23,Mysore Bonda,Snacks,1,63.0,60,Register,UPI,Payment,Saravana Bhavan Corner,Chennai,0.0
2026-02-23,Mysore Bonda,Snacks,2,126.0,60,Register,UPI,Payment,Saravana Bhavan Corner,Chennai,0.0
2026-02-23,Sambar Rice,Rice,2,252.0,120,Swiggy,Card,Payment,Saravana Bhavan Corner,Chennai,0.0
2026-02-23,Sambar Rice,Rice,2,252.0,120,Swiggy,Card,Payment,Saravana Bhavan Corner,Chennai,0.0
2026-02-23,Rava Dosa,Dosa,1,98.17,110,Swiggy,Card,Payment,Saravana Bhavan Corner,Chennai,0.0
2026-02-23,Medu Vada Chaat,Snacks,1,73.5,70,Swiggy,Card,Payment,Saravana Bhavan Corner,Chennai,0.0
2026-02-23,Idli (4pc),Tiffin,1,63.0,60,Swiggy,Card,Payment,Saravana Bhavan Corner,Chennai,0.0
2026-02-23,Veg Thali,Thali,2,378.0,180,Swiggy,Card,Payment,Saravana Bhavan Corner,Chennai,0.0
2026-02-23,Vada (2pc),Tiffin,1,52.5,50,Register,UPI,Payment,Saravana Bhavan Corner,Chennai,0.0
2026-02-23,Plain Dosa,Dosa,2,147.0,70,Register,Cash,Payment,Saravana Bhavan Corner,Chennai,0.0
2026-02-23,Bisi Bele Bath,Rice,1,136.5,130,Register,Cash,Payment,Saravana Bhavan Corner,Chennai,0.0
2026-02-23,Sambar Rice,Rice,1,113.4,120,Register,Cash,Payment,Saravana Bhavan Corner,Chennai,0.0
2026-02-23,Masala Dosa,Dosa,1,94.5,90,Register,Card,Payment,Saravana Bhavan Corner,Chennai,0.0
2026-02-23,Sambar Rice,Rice,2,252.0,120,Swiggy,UPI,Payment,Saravana Bhavan Corner,Chennai,0.0
2026-02-23,Filter Coffee,Beverages,1,42.0,40,Swiggy,UPI,Payment,Saravana Bhavan Corner,Chennai,0.0
2026-02-23,Filter Coffee,Beverages,2,84.0,40,Register,Cash,Payment,Saravana Bhavan Corner,Chennai,0.0
2026-02-23,Bisi Bele Bath,Rice,2,273.0,130,Register,Card,Payment,Saravana Bhavan Corner,Chennai,0.0
2026-02-23,Mini Tiffin Thali,Thali,1,157.5,150,Register,Card,Payment,Saravana Bhavan Corner,Chennai,0.0
2026-02-23,Idli Vada Combo,Tiffin,1,94.5,90,Register,Cash,Payment,Saravana Bhavan Corner,Chennai,0.0
2026-02-23,Masala Dosa,Dosa,3,283.5,90,Swiggy,Card,Payment,Saravana Bhavan Corner,Chennai,0.0
2026-02-23,Curd Rice,Rice,1,94.5,90,Swiggy,Card,Payment,Saravana Bhavan Corner,Chennai,0.0
2026-02-23,Veg Thali,Thali,1,189.0,180,Swiggy,Card,Payment,Saravana Bhavan Corner,Chennai,0.0
2026-02-23,Plain Dosa,Dosa,1,66.15,70,Register,Card,Payment,Saravana Bhavan Corner,Chennai,0.0
2026-02-24,Vada (2pc),Tiffin,2,105.0,50,Swiggy,UPI,Payment,Saravana Bhavan Corner,Chennai,0.0
2026-02-24,Plain Dosa,Dosa,2,132.3,70,Swiggy,UPI,Payment,Saravana Bhavan Corner,Chennai,0.0
2026-02-24,Filter Coffee,Beverages,3,126.0,40,Swiggy,UPI,Payment,Saravana Bhavan Corner,Chennai,0.0
2026-02-24,Pongal,Tiffin,1,84.0,80,Swiggy,UPI,Payment,Saravana Bhavan Corner,Chennai,0.0
2026-02-24,Filter Coffee,Beverages,1,42.0,40,Swiggy,UPI,Payment,Saravana Bhavan Corner,Chennai,0.0
2026-02-24,Masala Dosa,Dosa,1,94.5,90,Swiggy,UPI,Payment,Saravana Bhavan Corner,Chennai,0.0
2026-02-24,Rava Dosa,Dosa,2,231.0,110,Register,Card,Payment,Saravana Bhavan Corner,Chennai,0.0
2026-02-24,Rava Dosa,Dosa,1,115.5,110,Register,Cash,Payment,Saravana Bhavan Corner,Chennai,0.0
2026-02-24,Mini Tiffin Thali,Thali,1,157.5,150,Register,Cash,Payment,Saravana Bhavan Corner,Chennai,0.0
2026-02-24,Bisi Bele Bath,Rice,1,136.5,130,Swiggy,UPI,Payment,Saravana Bhavan Corner,Chennai,0.0
2026-02-24,Filter Coffee,Beverages,2,84.0,40,Swiggy,Card,Payment,Saravana Bhavan Corner,Chennai,0.0
2026-02-24,Curd Rice,Rice,1,94.5,90,Swiggy,Card,Payment,Saravana Bhavan Corner,Chennai,0.0
2026-02-24,Veg Thali,Thali,1,189.0,180,Swiggy,Card,Payment,Saravana Bhavan Corner,Chennai,0.0
2026-02-24,Sambar Rice,Rice,2,252.0,120,Swiggy,UPI,Payment,Saravana Bhavan Corner,Chennai,0.0
2026-02-24,Vada (2pc),Tiffin,3,157.5,50,Register,Card,Payment,Saravana Bhavan Corner,Chennai,0.0
2026-02-24,Idli (4pc),Tiffin,2,126.0,60,Swiggy,UPI,Payment,Saravana Bhavan Corner,Chennai,0.0
2026-02-24,Masala Chai,Beverages,1,36.75,35,Register,Card,Payment,Saravana Bhavan Corner,Chennai,0.0
2026-02-24,Curd Rice,Rice,1,94.5,90,Register,Card,Payment,Saravana Bhavan Corner,Chennai,0.0
2026-02-24,Veg Thali,Thali,2,378.0,180,Register,Cash,Payment,Saravana Bhavan Corner,Chennai,0.0
2026-02-24,Idli Vada Combo,Tiffin,2,170.1,90,Register,Cash,Payment,Saravana Bhavan Corner,Chennai,0.0
2026-02-24,Mini Tiffin Thali,Thali,1,157.5,150,Register,UPI,Payment,Saravana Bhavan Corner,Chennai,0.0
2026-02-24,Idli (4pc),Tiffin,1,63.0,60,Register,UPI,Payment,Saravana Bhavan Corner,Chennai,0.0
2026-02-24,Masala Dosa,Dosa,2,189.0,90,Register,UPI,Payment,Saravana Bhavan Corner,Chennai,0.0
2026-02-24,Onion Uttapam,Dosa,2,210.0,100,Register,UPI,Payment,Saravana Bhavan Corner,Chennai,0.0
2026-02-24,Masala Dosa,Dosa,1,94.5,90,Register,Cash,Payment,Saravana Bhavan Corner,Chennai,0.0
2026-02-24,Masala Chai,Beverages,1,36.75,35,Swiggy,Card,Payment,Saravana Bhavan Corner,Chennai,0.0
2026-02-24,Rava Dosa,Dosa,3,346.5,110,Swiggy,Card,Payment,Saravana Bhavan Corner,Chennai,0.0
2026-02-24,Lemon Rice,Rice,1,105.0,100,Register,Card,Payment,Saravana Bhavan Corner,Chennai,0.0
2026-02-24,Vada (2pc),Tiffin,2,105.0,50,Register,Card,Payment,Saravana Bhavan Corner,Chennai,0.0
2026-02-24,Medu Vada Chaat,Snacks,1,73.5,70,Register,UPI,Payment,Saravana Bhavan Corner,Chennai,0.0
2026-02-24,Idli Vada Combo,Tiffin,1,94.5,90,Swiggy,Card,Payment,Saravana Bhavan Corner,Chennai,0.0
2026-02-24,Vada (2pc),Tiffin,1,52.5,50,Swiggy,Card,Payment,Saravana Bhavan Corner,Chennai,0.0
2026-02-24,Vada (2pc),Tiffin,1,52.5,50,Register,Card,Payment,Saravana Bhavan Corner,Chennai,0.0
2026-02-24,Buttermilk,Beverages,3,85.05,30,Register,UPI,Payment,Saravana Bhavan Corner,Chennai,0.0
2026-02-24,Curd Rice,Rice,-1,-94.5,90,Register,Cash,Refund,Saravana Bhavan Corner,Chennai,0.0
2026-02-24,Rasgulla (2pc),Desserts,-1,-73.5,70,Register,Cash,Refund,Saravana Bhavan Corner,Chennai,0.0
2026-02-24,Masala Dosa,Dosa,2,189.0,90,Swiggy,UPI,Payment,Saravana Bhavan Corner,Chennai,0.0
2026-02-24,Onion Uttapam,Dosa,2,210.0,100,Swiggy,UPI,Payment,Saravana Bhavan Corner,Chennai,0.0
2026-02-24,Masala Dosa,Dosa,2,170.1,90,Swiggy,UPI,Payment,Saravana Bhavan Corner,Chennai,0.0
2026-02-24,Veg Thali,Thali,2,378.0,180,Swiggy,UPI,Payment,Saravana Bhavan Corner,Chennai,0.0
2026-02-24,Rava Dosa,Dosa,1,115.5,110,Register,Cash,Payment,Saravana Bhavan Corner,Chennai,0.0
2026-02-24,Masala Dosa,Dosa,1,94.5,90,Register,Cash,Payment,Saravana Bhavan Corner,Chennai,0.0
2026-02-24,Curd Rice,Rice,1,94.5,90,Register,Cash,Payment,Saravana Bhavan Corner,Chennai,0.0
2026-02-24,Filter Coffee,Beverages,1,42.0,40,Register,Cash,Payment,Saravana Bhavan Corner,Chennai,0.0
2026-02-24,Idli (4pc),Tiffin,1,56.7,60,Swiggy,UPI,Payment,Saravana Bhavan Corner,Chennai,0.0
2026-02-24,Masala Chai,Beverages,1,36.75,35,Swiggy,UPI,Payment,Saravana Bhavan Corner,Chennai,0.0
2026-02-24,Filter Coffee,Beverages,1,42.0,40,Register,Card,Payment,Saravana Bhavan Corner,Chennai,0.0
2026-02-24,Plain Dosa,Dosa,2,147.0,70,Register,Card,Payment,Saravana Bhavan Corner,Chennai,0.0
2026-02-24,Veg Thali,Thali,1,189.0,180,Swiggy,UPI,Payment,Saravana Bhavan Corner,Chennai,0.0
2026-02-24,Filter Coffee,Beverages,1,42.0,40,Swiggy,UPI,Payment,Saravana Bhavan Corner,Chennai,0.0
2026-02-24,Masala Chai,Beverages,2,73.5,35,Swiggy,UPI,Payment,Saravana Bhavan Corner,Chennai,0.0
2026-02-24,Idli (4pc),Tiffin,1,63.0,60,Swiggy,UPI,Payment,Saravana Bhavan Corner,Chennai,0.0
2026-02-24,Mini Tiffin Thali,Thali,1,157.5,150,Register,Cash,Payment,Saravana Bhavan Corner,Chennai,0.0
2026-02-24,Mysore Bonda,Snacks,1,63.0,60,Register,Cash,Payment,Saravana Bhavan Corner,Chennai,0.0
2026-02-24,Vada (2pc),Tiffin,1,52.5,50,Swiggy,UPI,Payment,Saravana Bhavan Corner,Chennai,0.0
2026-02-24,Idli (4pc),Tiffin,1,63.0,60,Register,Card,Payment,Saravana Bhavan Corner,Chennai,0.0
2026-02-24,Veg Thali,Thali,1,189.0,180,Register,Cash,Payment,Saravana Bhavan Corner,Chennai,0.0
2026-02-24,Curd Rice,Rice,-1,-94.5,90,Register,Cash,Refund,Saravana Bhavan Corner,Chennai,0.0
2026-02-24,Rava Dosa,Dosa,1,115.5,110,Swiggy,UPI,Payment,Saravana Bhavan Corner,Chennai,0.0
2026-02-24,Masala Dosa,Dosa,1,94.5,90,Register,Card,Payment,Saravana Bhavan Corner,Chennai,0.0
2026-02-24,Vada (2pc),Tiffin,1,52.5,50,Register,Card,Payment,Saravana Bhavan Corner,Chennai,0.0
2026-02-24,Bisi Bele Bath,Rice,1,136.5,130,Swiggy,Card,Payment,Saravana Bhavan Corner,Chennai,0.0
2026-02-24,Lemon Rice,Rice,1,105.0,100,Swiggy,UPI,Payment,Saravana Bhavan Corner,Chennai,0.0
2026-02-24,Veg Thali,Thali,1,189.0,180,Swiggy,Card,Payment,Saravana Bhavan Corner,Chennai,0.0
2026-02-24,Masala Chai,Beverages,1,36.75,35,Register,Card,Payment,Saravana Bhavan Corner,Chennai,0.0
2026-02-24,Filter Coffee,Beverages,1,42.0,40,Swiggy,UPI,Payment,Saravana Bhavan Corner,Chennai,0.0
2026-02-24,Pongal,Tiffin,1,84.0,80,Swiggy,UPI,Payment,Saravana Bhavan Corner,Chennai,0.0
2026-02-24,Sambar Rice,Rice,1,113.4,120,Swiggy,UPI,Payment,Saravana Bhavan Corner,Chennai,0.0
2026-02-24,Veg Thali,Thali,2,378.0,180,Swiggy,UPI,Payment,Saravana Bhavan Corner,Chennai,0.0
2026-02-24,Filter Coffee,Beverages,2,84.0,40,Swiggy,UPI,Payment,Saravana Bhavan Corner,Chennai,0.0
2026-02-24,Mini Tiffin Thali,Thali,2,283.5,150,Register,Card,Payment,Saravana Bhavan Corner,Chennai,0.0
2026-02-24,Mysore Bonda,Snacks,2,126.0,60,Register,Card,Payment,Saravana Bhavan Corner,Chennai,0.0
2026-02-25,Rasgulla (2pc),Desserts,1,62.48,70,Register,UPI,Payment,Saravana Bhavan Corner,Chennai,0.0
2026-02-25,Vada (2pc),Tiffin,1,52.5,50,Swiggy,Card,Payment,Saravana Bhavan Corner,Chennai,0.0
2026-02-25,Filter Coffee,Beverages,1,42.0,40,Swiggy,Card,Payment,Saravana Bhavan Corner,Chennai,0.0
2026-02-25,Mini Tiffin Thali,Thali,2,283.5,150,Swiggy,Card,Payment,Saravana Bhavan Corner,Chennai,0.0
2026-02-25,Filter Coffee,Beverages,1,42.0,40,Register,UPI,Payment,Saravana Bhavan Corner,Chennai,0.0
2026-02-25,Rasgulla (2pc),Desserts,2,147.0,70,Register,UPI,Payment,Saravana Bhavan Corner,Chennai,0.0
2026-02-25,Filter Coffee,Beverages,1,42.0,40,Swiggy,Card,Payment,Saravana Bhavan Corner,Chennai,0.0
2026-02-25,Idli (4pc),Tiffin,1,63.0,60,Register,UPI,Payment,Saravana Bhavan Corner,Chennai,0.0
2026-02-25,Masala Dosa,Dosa,1,94.5,90,Register,Cash,Payment,Saravana Bhavan Corner,Chennai,0.0
2026-02-25,Onion Uttapam,Dosa,1,89.25,100,Swiggy,UPI,Payment,Saravana Bhavan Corner,Chennai,0.0
2026-02-25,Masala Dosa,Dosa,1,85.05,90,Register,Cash,Payment,Saravana Bhavan Corner,Chennai,0.0
2026-02-25,Rasgulla (2pc),Desserts,2,147.0,70,Register,UPI,Payment,Saravana Bhavan Corner,Chennai,0.0
2026-02-25,Medu Vada Chaat,Snacks,2,147.0,70,Register,UPI,Payment,Saravana Bhavan Corner,Chennai,0.0
2026-02-25,Vada (2pc),Tiffin,3,157.5,50,Register,UPI,Payment,Saravana Bhavan Corner,Chennai,0.0
2026-02-25,Onion Uttapam,Dosa,1,105.0,100,Register,UPI,Payment,Saravana Bhavan Corner,Chennai,0.0
2026-02-25,Rasgulla (2pc),Desserts,2,124.95,70,Swiggy,UPI,Payment,Saravana Bhavan Corner,Chennai,0.0
2026-02-25,Idli Vada Combo,Tiffin,1,94.5,90,Swiggy,UPI,Payment,Saravana Bhavan Corner,Chennai,0.0
2026-02-25,Mini Tiffin Thali,Thali,1,157.5,150,Register,UPI,Payment,Saravana Bhavan Corner,Chennai,0.0
2026-02-25,Veg Thali,Thali,1,189.0,180,Register,Card,Payment,Saravana Bhavan Corner,Chennai,0.0
2026-02-25,Bisi Bele Bath,Rice,1,136.5,130,Register,Cash,Payment,Saravana Bhavan Corner,Chennai,0.0
2026-02-25,Lemon Rice,Rice,1,105.0,100,Register,Card,Payment,Saravana Bhavan Corner,Chennai,0.0
2026-02-25,Medu Vada Chaat,Snacks,2,147.0,70,Register,Card,Payment,Saravana Bhavan Corner,Chennai,0.0
2026-02-25,Masala Dosa,Dosa,1,94.5,90,Swiggy,UPI,Payment,Saravana Bhavan Corner,Chennai,0.0
2026-02-25,Idli Vada Combo,Tiffin,2,189.0,90,Register,Card,Payment,Saravana Bhavan Corner,Chennai,0.0
2026-02-25,Masala Chai,Beverages,3,110.25,35,Register,UPI,Payment,Saravana Bhavan Corner,Chennai,0.0
2026-02-25,Masala Chai,Beverages,1,36.75,35,Register,Cash,Payment,Saravana Bhavan Corner,Chennai,0.0
2026-02-25,Veg Thali,Thali,1,189.0,180,Register,Cash,Payment,Saravana Bhavan Corner,Chennai,0.0
2026-02-25,Lemon Rice,Rice,1,105.0,100,Register,Cash,Payment,Saravana Bhavan Corner,Chennai,0.0
2026-02-25,Masala Dosa,Dosa,2,189.0,90,Register,Cash,Payment,Saravana Bhavan Corner,Chennai,0.0
2026-02-25,Vada (2pc),Tiffin,-2,-105.0,50,Register,UPI,Refund,Saravana Bhavan Corner,Chennai,0.0
2026-02-25,Mysore Bonda,Snacks,1,63.0,60,Register,UPI,Payment,Saravana Bhavan Corner,Chennai,0.0
2026-02-25,Filter Coffee,Beverages,2,84.0,40,Register,UPI,Payment,Saravana Bhavan Corner,Chennai,0.0
2026-02-25,Mysore Bonda,Snacks,1,63.0,60,Register,UPI,Payment,Saravana Bhavan Corner,Chennai,0.0
2026-02-25,Plain Dosa,Dosa,1,73.5,70,Register,UPI,Payment,Saravana Bhavan Corner,Chennai,0.0
2026-02-25,Masala Dosa,Dosa,1,94.5,90,Register,Cash,Payment,Saravana Bhavan Corner,Chennai,0.0
2026-02-25,Lemon Rice,Rice,1,89.25,100,Register,UPI,Payment,Saravana Bhavan Corner,Chennai,0.0
2026-02-25,Bisi Bele Bath,Rice,2,273.0,130,Register,UPI,Payment,Saravana Bhavan Corner,Chennai,0.0
2026-02-25,Filter Coffee,Beverages,2,84.0,40,Register,UPI,Payment,Saravana Bhavan Corner,Chennai,0.0
2026-02-25,Rava Dosa,Dosa,1,115.5,110,Register,UPI,Payment,Saravana Bhavan Corner,Chennai,0.0
2026-02-25,Bisi Bele Bath,Rice,2,273.0,130,Swiggy,Card,Payment,Saravana Bhavan Corner,Chennai,0.0
2026-02-25,Sambar Rice,Rice,1,126.0,120,Swiggy,Card,Payment,Saravana Bhavan Corner,Chennai,0.0
2026-02-25,Masala Dosa,Dosa,1,94.5,90,Swiggy,Card,Payment,Saravana Bhavan Corner,Chennai,0.0
2026-02-25,Mini Tiffin Thali,Thali,2,315.0,150,Swiggy,Card,Payment,Saravana Bhavan Corner,Chennai,0.0
2026-02-25,Sambar Rice,Rice,1,126.0,120,Register,UPI,Payment,Saravana Bhavan Corner,Chennai,0.0
2026-02-26,Idli (4pc),Tiffin,2,126.0,60,Swiggy,UPI,Payment,Saravana Bhavan Corner,Chennai,0.0
2026-02-26,Vada (2pc),Tiffin,1,52.5,50,Register,Cash,Payment,Saravana Bhavan Corner,Chennai,0.0
2026-02-26,Masala Chai,Beverages,2,73.5,35,Register,Cash,Payment,Saravana Bhavan Corner,Chennai,0.0
2026-02-26,Bisi Bele Bath,Rice,1,136.5,130,Register,Cash,Payment,Saravana Bhavan Corner,Chennai,0.0
2026-02-26,Filter Coffee,Beverages,2,84.0,40,Swiggy,UPI,Payment,Saravana Bhavan Corner,Chennai,0.0
2026-02-26,Plain Dosa,Dosa,1,73.5,70,Swiggy,UPI,Payment,Saravana Bhavan Corner,Chennai,0.0
2026-02-26,Idli (4pc),Tiffin,2,126.0,60,Swiggy,UPI,Payment,Saravana Bhavan Corner,Chennai,0.0
2026-02-26,Veg Thali,Thali,1,170.1,180,Register,Cash,Payment,Saravana Bhavan Corner,Chennai,0.0
2026-02-26,Vada (2pc),Tiffin,1,52.5,50,Swiggy,UPI,Payment,Saravana Bhavan Corner,Chennai,0.0
2026-02-26,Veg Thali,Thali,1,189.0,180,Register,UPI,Payment,Saravana Bhavan Corner,Chennai,0.0
2026-02-26,Bisi Bele Bath,Rice,1,136.5,130,Swiggy,UPI,Payment,Saravana Bhavan Corner,Chennai,0.0
2026-02-26,Mysore Bonda,Snacks,2,126.0,60,Swiggy,UPI,Payment,Saravana Bhavan Corner,Chennai,0.0
2026-02-26,Medu Vada Chaat,Snacks,3,187.43,70,Swiggy,Card,Payment,Saravana Bhavan Corner,Chennai,0.0
2026-02-26,Pongal,Tiffin,2,168.0,80,Swiggy,Card,Payment,Saravana Bhavan Corner,Chennai,0.0
2026-02-26,Rava Dosa,Dosa,1,115.5,110,Register,Cash,Payment,Saravana Bhavan Corner,Chennai,0.0
2026-02-26,Veg Thali,Thali,2,378.0,180,Register,Cash,Payment,Saravana Bhavan Corner,Chennai,0.0
2026-02-26,Mini Tiffin Thali,Thali,1,157.5,150,Register,Cash,Payment,Saravana Bhavan Corner,Chennai,0.0
2026-02-26,Mini Tiffin Thali,Thali,2,315.0,150,Register,Cash,Payment,Saravana Bhavan Corner,Chennai,0.0
2026-02-26,Bisi Bele Bath,Rice,1,136.5,130,Swiggy,UPI,Payment,Saravana Bhavan Corner,Chennai,0.0
2026-02-26,Rasgulla (2pc),Desserts,3,220.5,70,Register,Cash,Payment,Saravana Bhavan Corner,Chennai,0.0
2026-02-26,Vada (2pc),Tiffin,1,52.5,50,Register,UPI,Payment,Saravana Bhavan Corner,Chennai,0.0
2026-02-26,Veg Thali,Thali,1,189.0,180,Register,Cash,Payment,Saravana Bhavan Corner,Chennai,0.0
2026-02-26,Rava Dosa,Dosa,2,231.0,110,Register,Cash,Payment,Saravana Bhavan Corner,Chennai,0.0
2026-02-26,Vada (2pc),Tiffin,2,105.0,50,Register,Cash,Payment,Saravana Bhavan Corner,Chennai,0.0
2026-02-26,Plain Dosa,Dosa,1,73.5,70,Register,Cash,Payment,Saravana Bhavan Corner,Chennai,0.0
2026-02-26,Idli Vada Combo,Tiffin,2,189.0,90,Swiggy,UPI,Payment,Saravana Bhavan Corner,Chennai,0.0
2026-02-26,Curd Rice,Rice,2,189.0,90,Swiggy,Card,Payment,Saravana Bhavan Corner,Chennai,0.0
2026-02-26,Veg Thali,Thali,1,189.0,180,Swiggy,Card,Payment,Saravana Bhavan Corner,Chennai,0.0
2026-02-26,Bulk Catering Order,Uncategorized,2,6300.0,3000,Swiggy,Card,Payment,Saravana Bhavan Corner,Chennai,0.0
2026-02-26,Buttermilk,Beverages,1,31.5,30,Swiggy,Card,Payment,Saravana Bhavan Corner,Chennai,0.0
2026-02-26,Pongal,Tiffin,2,168.0,80,Register,Cash,Payment,Saravana Bhavan Corner,Chennai,0.0
2026-02-26,Filter Coffee,Beverages,2,84.0,40,Swiggy,Card,Payment,Saravana Bhavan Corner,Chennai,0.0
2026-02-26,Idli Vada Combo,Tiffin,1,94.5,90,Register,UPI,Payment,Saravana Bhavan Corner,Chennai,0.0
2026-02-26,Idli (4pc),Tiffin,2,126.0,60,Register,Card,Payment,Saravana Bhavan Corner,Chennai,0.0
2026-02-26,Filter Coffee,Beverages,1,42.0,40,Register,Card,Payment,Saravana Bhavan Corner,Chennai,0.0
2026-02-26,Curd Rice,Rice,1,94.5,90,Register,Card,Payment,Saravana Bhavan Corner,Chennai,0.0
2026-02-26,Rava Dosa,Dosa,1,115.5,110,Register,Card,Payment,Saravana Bhavan Corner,Chennai,0.0
2026-02-26,Mini Tiffin Thali,Thali,1,141.75,150,Register,UPI,Payment,Saravana Bhavan Corner,Chennai,0.0
2026-02-26,Veg Thali,Thali,1,170.1,180,Register,UPI,Payment,Saravana Bhavan Corner,Chennai,0.0
2026-02-26,Plain Dosa,Dosa,1,73.5,70,Register,UPI,Payment,Saravana Bhavan Corner,Chennai,0.0
2026-02-26,Onion Uttapam,Dosa,3,315.0,100,Register,Cash,Payment,Saravana Bhavan Corner,Chennai,0.0
2026-02-26,Mysore Bonda,Snacks,1,63.0,60,Register,UPI,Payment,Saravana Bhavan Corner,Chennai,0.0
2026-02-26,Idli Vada Combo,Tiffin,1,94.5,90,Swiggy,Card,Payment,Saravana Bhavan Corner,Chennai,0.0
2026-02-26,Pongal,Tiffin,2,151.2,80,Register,UPI,Payment,Saravana Bhavan Corner,Chennai,0.0
2026-02-26,Masala Dosa,Dosa,2,189.0,90,Register,UPI,Payment,Saravana Bhavan Corner,Chennai,0.0
2026-02-26,Idli (4pc),Tiffin,2,126.0,60,Register,Cash,Payment,Saravana Bhavan Corner,Chennai,0.0
2026-02-26,Filter Coffee,Beverages,1,42.0,40,Register,Cash,Payment,Saravana Bhavan Corner,Chennai,0.0
2026-02-26,Rasgulla (2pc),Desserts,2,147.0,70,Register,UPI,Payment,Saravana Bhavan Corner,Chennai,0.0
2026-02-26,Rasgulla (2pc),Desserts,2,147.0,70,Register,UPI,Payment,Saravana Bhavan Corner,Chennai,0.0
2026-02-26,Idli (4pc),Tiffin,1,63.0,60,Register,UPI,Payment,Saravana Bhavan Corner,Chennai,0.0
2026-02-26,Masala Dosa,Dosa,3,283.5,90,Swiggy,UPI,Payment,Saravana Bhavan Corner,Chennai,0.0
2026-02-26,Masala Chai,Beverages,3,110.25,35,Swiggy,UPI,Payment,Saravana Bhavan Corner,Chennai,0.0
2026-02-26,Masala Chai,Beverages,1,36.75,35,Register,UPI,Payment,Saravana Bhavan Corner,Chennai,0.0
2026-02-26,Idli (4pc),Tiffin,2,126.0,60,Swiggy,UPI,Payment,Saravana Bhavan Corner,Chennai,0.0
2026-02-26,Rava Dosa,Dosa,2,231.0,110,Register,Card,Payment,Saravana Bhavan Corner,Chennai,0.0
2026-02-26,Vada (2pc),Tiffin,1,52.5,50,Register,Card,Payment,Saravana Bhavan Corner,Chennai,0.0
2026-02-26,Curd Rice,Rice,1,94.5,90,Register,Card,Payment,Saravana Bhavan Corner,Chennai,0.0
2026-02-26,Vada (2pc),Tiffin,1,52.5,50,Register,Card,Payment,Saravana Bhavan Corner,Chennai,0.0
2026-02-26,Bisi Bele Bath,Rice,1,136.5,130,Register,Card,Payment,Saravana Bhavan Corner,Chennai,0.0
2026-02-26,Buttermilk,Beverages,3,85.05,30,Register,Cash,Payment,Saravana Bhavan Corner,Chennai,0.0
2026-02-26,Lemon Rice,Rice,3,283.5,100,Register,Cash,Payment,Saravana Bhavan Corner,Chennai,0.0
2026-02-26,Filter Coffee,Beverages,1,42.0,40,Swiggy,Card,Payment,Saravana Bhavan Corner,Chennai,0.0
2026-02-26,Sambar Rice,Rice,1,126.0,120,Register,Card,Payment,Saravana Bhavan Corner,Chennai,0.0
2026-02-26,Vada (2pc),Tiffin,2,105.0,50,Register,Cash,Payment,Saravana Bhavan Corner,Chennai,0.0
2026-02-26,Masala Chai,Beverages,3,110.25,35,Swiggy,UPI,Payment,Saravana Bhavan Corner,Chennai,0.0
2026-02-26,Rava Dosa,Dosa,1,115.5,110,Register,Card,Payment,Saravana Bhavan Corner,Chennai,0.0
2026-02-26,Buttermilk,Beverages,2,63.0,30,Swiggy,Card,Payment,Saravana Bhavan Corner,Chennai,0.0
2026-02-26,Rava Dosa,Dosa,2,231.0,110,Register,Cash,Payment,Saravana Bhavan Corner,Chennai,0.0
2026-02-26,Vada (2pc),Tiffin,1,52.5,50,Register,Cash,Payment,Saravana Bhavan Corner,Chennai,0.0
2026-02-26,Mini Tiffin Thali,Thali,1,157.5,150,Swiggy,Card,Payment,Saravana Bhavan Corner,Chennai,0.0
2026-02-26,Lemon Rice,Rice,2,210.0,100,Swiggy,Card,Payment,Saravana Bhavan Corner,Chennai,0.0
2026-02-26,Rava Dosa,Dosa,2,231.0,110,Register,UPI,Payment,Saravana Bhavan Corner,Chennai,0.0
2026-02-26,Rasgulla (2pc),Desserts,1,73.5,70,Register,UPI,Payment,Saravana Bhavan Corner,Chennai,0.0
2026-02-26,Rava Dosa,Dosa,2,196.35,110,Register,Cash,Payment,Saravana Bhavan Corner,Chennai,0.0
2026-02-26,Idli (4pc),Tiffin,1,63.0,60,Register,Cash,Payment,Saravana Bhavan Corner,Chennai,0.0
2026-02-26,Onion Uttapam,Dosa,1,105.0,100,Register,UPI,Payment,Saravana Bhavan Corner,Chennai,0.0
2026-02-26,Rava Dosa,Dosa,2,231.0,110,Register,Card,Payment,Saravana Bhavan Corner,Chennai,0.0
2026-02-26,Filter Coffee,Beverages,1,42.0,40,Register,Cash,Payment,Saravana Bhavan Corner,Chennai,0.0
2026-02-26,Veg Thali,Thali,3,567.0,180,Register,Card,Payment,Saravana Bhavan Corner,Chennai,0.0
2026-02-26,Rasgulla (2pc),Desserts,1,73.5,70,Register,Card,Payment,Saravana Bhavan Corner,Chennai,0.0
2026-02-26,Curd Rice,Rice,2,170.1,90,Swiggy,UPI,Payment,Saravana Bhavan Corner,Chennai,0.0
2026-02-26,Lemon Rice,Rice,3,315.0,100,Register,Cash,Payment,Saravana Bhavan Corner,Chennai,0.0
2026-02-26,Idli (4pc),Tiffin,1,63.0,60,Swiggy,UPI,Payment,Saravana Bhavan Corner,Chennai,0.0
2026-02-26,Rasgulla (2pc),Desserts,1,73.5,70,Register,Cash,Payment,Saravana Bhavan Corner,Chennai,0.0
2026-02-26,Curd Rice,Rice,1,94.5,90,Swiggy,UPI,Payment,Saravana Bhavan Corner,Chennai,0.0
2026-02-27,Plain Dosa,Dosa,1,73.5,70,Swiggy,UPI,Payment,Saravana Bhavan Corner,Chennai,0.0
2026-02-27,Idli (4pc),Tiffin,1,63.0,60,Register,Cash,Payment,Saravana Bhavan Corner,Chennai,0.0
2026-02-27,Idli (4pc),Tiffin,2,126.0,60,Register,Cash,Payment,Saravana Bhavan Corner,Chennai,0.0
2026-02-27,Masala Dosa,Dosa,2,160.65,90,Register,UPI,Payment,Saravana Bhavan Corner,Chennai,0.0
2026-02-27,Rava Dosa,Dosa,1,115.5,110,Swiggy,UPI,Payment,Saravana Bhavan Corner,Chennai,0.0
2026-02-27,Veg Thali,Thali,3,567.0,180,Swiggy,UPI,Payment,Saravana Bhavan Corner,Chennai,0.0
2026-02-27,Idli (4pc),Tiffin,3,189.0,60,Swiggy,UPI,Payment,Saravana Bhavan Corner,Chennai,0.0
2026-02-27,Buttermilk,Beverages,1,31.5,30,Register,Card,Payment,Saravana Bhavan Corner,Chennai,0.0
2026-02-27,Pongal,Tiffin,3,252.0,80,Register,Cash,Payment,Saravana Bhavan Corner,Chennai,0.0
2026-02-27,Plain Dosa,Dosa,3,198.45,70,Swiggy,Card,Payment,Saravana Bhavan Corner,Chennai,0.0
2026-02-27,Curd Rice,Rice,1,94.5,90,Swiggy,Card,Payment,Saravana Bhavan Corner,Chennai,0.0
2026-02-27,Masala Dosa,Dosa,1,94.5,90,Swiggy,Card,Payment,Saravana Bhavan Corner,Chennai,0.0
2026-02-27,Pongal,Tiffin,2,168.0,80,Swiggy,Card,Payment,Saravana Bhavan Corner,Chennai,0.0
2026-02-27,Filter Coffee,Beverages,1,42.0,40,Swiggy,Card,Payment,Saravana Bhavan Corner,Chennai,0.0
2026-02-27,Masala Chai,Beverages,1,36.75,35,Swiggy,UPI,Payment,Saravana Bhavan Corner,Chennai,0.0
2026-02-27,Rava Dosa,Dosa,1,115.5,110,Swiggy,Card,Payment,Saravana Bhavan Corner,Chennai,0.0
2026-02-27,Buttermilk,Beverages,1,31.5,30,Swiggy,Card,Payment,Saravana Bhavan Corner,Chennai,0.0
2026-02-27,Sambar Rice,Rice,1,126.0,120,Register,Cash,Payment,Saravana Bhavan Corner,Chennai,0.0
2026-02-27,Masala Dosa,Dosa,1,94.5,90,Register,UPI,Payment,Saravana Bhavan Corner,Chennai,0.0
2026-02-27,Veg Thali,Thali,1,189.0,180,Register,Card,Payment,Saravana Bhavan Corner,Chennai,0.0
2026-02-27,Mini Tiffin Thali,Thali,1,157.5,150,Register,UPI,Payment,Saravana Bhavan Corner,Chennai,0.0
2026-02-27,Curd Rice,Rice,1,94.5,90,Register,Cash,Payment,Saravana Bhavan Corner,Chennai,0.0
2026-02-27,Lemon Rice,Rice,2,178.5,100,Register,Card,Payment,Saravana Bhavan Corner,Chennai,0.0
2026-02-27,Mysore Bonda,Snacks,2,126.0,60,Register,Card,Payment,Saravana Bhavan Corner,Chennai,0.0
2026-02-27,Vada (2pc),Tiffin,2,105.0,50,Register,Card,Payment,Saravana Bhavan Corner,Chennai,0.0
2026-02-27,Masala Dosa,Dosa,1,94.5,90,Register,Card,Payment,Saravana Bhavan Corner,Chennai,0.0
2026-02-27,Curd Rice,Rice,2,189.0,90,Register,Card,Payment,Saravana Bhavan Corner,Chennai,0.0
2026-02-27,Pongal,Tiffin,1,84.0,80,Register,Card,Payment,Saravana Bhavan Corner,Chennai,0.0
2026-02-27,Bisi Bele Bath,Rice,-1,-116.03,130,Register,Card,Refund,Saravana Bhavan Corner,Chennai,0.0
2026-02-27,Sambar Rice,Rice,1,126.0,120,Register,UPI,Payment,Saravana Bhavan Corner,Chennai,0.0
2026-02-27,Masala Dosa,Dosa,-2,-189.0,90,Register,Card,Refund,Saravana Bhavan Corner,Chennai,0.0
2026-02-27,Idli Vada Combo,Tiffin,2,189.0,90,Swiggy,UPI,Payment,Saravana Bhavan Corner,Chennai,0.0
2026-02-27,Sambar Rice,Rice,1,126.0,120,Register,UPI,Payment,Saravana Bhavan Corner,Chennai,0.0
2026-02-27,Mysore Bonda,Snacks,1,63.0,60,Register,Card,Payment,Saravana Bhavan Corner,Chennai,0.0
2026-02-27,Idli Vada Combo,Tiffin,1,94.5,90,Register,Card,Payment,Saravana Bhavan Corner,Chennai,0.0
2026-02-27,Masala Chai,Beverages,1,36.75,35,Register,Card,Payment,Saravana Bhavan Corner,Chennai,0.0
2026-02-27,Pongal,Tiffin,1,84.0,80,Register,Card,Payment,Saravana Bhavan Corner,Chennai,0.0
2026-02-27,Sambar Rice,Rice,2,252.0,120,Register,Cash,Payment,Saravana Bhavan Corner,Chennai,0.0
2026-02-27,Buttermilk,Beverages,1,31.5,30,Register,Cash,Payment,Saravana Bhavan Corner,Chennai,0.0
2026-02-27,Medu Vada Chaat,Snacks,1,73.5,70,Register,Card,Payment,Saravana Bhavan Corner,Chennai,0.0
2026-02-27,Mysore Bonda,Snacks,2,126.0,60,Register,Cash,Payment,Saravana Bhavan Corner,Chennai,0.0
2026-02-27,Rava Dosa,Dosa,1,115.5,110,Register,Cash,Payment,Saravana Bhavan Corner,Chennai,0.0
2026-02-27,Vada (2pc),Tiffin,1,52.5,50,Register,UPI,Payment,Saravana Bhavan Corner,Chennai,0.0
2026-02-27,Idli (4pc),Tiffin,1,53.55,60,Swiggy,UPI,Payment,Saravana Bhavan Corner,Chennai,0.0
2026-02-27,Rasgulla (2pc),Desserts,1,73.5,70,Swiggy,UPI,Payment,Saravana Bhavan Corner,Chennai,0.0
2026-02-27,Rasgulla (2pc),Desserts,1,73.5,70,Swiggy,UPI,Payment,Saravana Bhavan Corner,Chennai,0.0
2026-02-27,Masala Chai,Beverages,1,31.24,35,Register,Cash,Payment,Saravana Bhavan Corner,Chennai,0.0
2026-02-27,Plain Dosa,Dosa,1,73.5,70,Register,Cash,Payment,Saravana Bhavan Corner,Chennai,0.0
2026-02-27,Idli (4pc),Tiffin,1,63.0,60,Register,Cash,Payment,Saravana Bhavan Corner,Chennai,0.0
2026-02-27,Filter Coffee,Beverages,2,84.0,40,Register,Cash,Payment,Saravana Bhavan Corner,Chennai,0.0
2026-02-27,Rava Dosa,Dosa,1,115.5,110,Register,Card,Payment,Saravana Bhavan Corner,Chennai,0.0
2026-02-27,Onion Uttapam,Dosa,2,210.0,100,Swiggy,Card,Payment,Saravana Bhavan Corner,Chennai,0.0
2026-02-27,Bisi Bele Bath,Rice,1,136.5,130,Register,Card,Payment,Saravana Bhavan Corner,Chennai,0.0
2026-02-27,Idli Vada Combo,Tiffin,3,283.5,90,Swiggy,UPI,Payment,Saravana Bhavan Corner,Chennai,0.0
2026-02-27,Medu Vada Chaat,Snacks,2,147.0,70,Swiggy,UPI,Payment,Saravana Bhavan Corner,Chennai,0.0
2026-02-27,Vada (2pc),Tiffin,2,94.5,50,Swiggy,UPI,Payment,Saravana Bhavan Corner,Chennai,0.0
2026-02-27,Sambar Rice,Rice,2,252.0,120,Swiggy,UPI,Payment,Saravana Bhavan Corner,Chennai,0.0
2026-02-27,Bisi Bele Bath,Rice,2,273.0,130,Register,Card,Payment,Saravana Bhavan Corner,Chennai,0.0
2026-02-27,Idli (4pc),Tiffin,2,126.0,60,Register,Card,Payment,Saravana Bhavan Corner,Chennai,0.0
2026-02-27,Filter Coffee,Beverages,1,42.0,40,Register,Card,Payment,Saravana Bhavan Corner,Chennai,0.0
2026-02-27,Masala Dosa,Dosa,1,94.5,90,Register,Cash,Payment,Saravana Bhavan Corner,Chennai,0.0
2026-02-27,Idli (4pc),Tiffin,3,189.0,60,Register,Card,Payment,Saravana Bhavan Corner,Chennai,0.0
2026-02-27,Plain Dosa,Dosa,2,147.0,70,Swiggy,Card,Payment,Saravana Bhavan Corner,Chennai,0.0
2026-02-27,Masala Dosa,Dosa,1,85.05,90,Swiggy,UPI,Payment,Saravana Bhavan Corner,Chennai,0.0
2026-02-27,Masala Chai,Beverages,1,36.75,35,Swiggy,UPI,Payment,Saravana Bhavan Corner,Chennai,0.0
2026-02-27,Pongal,Tiffin,1,84.0,80,Register,Cash,Payment,Saravana Bhavan Corner,Chennai,0.0
2026-02-27,Rava Dosa,Dosa,1,115.5,110,Swiggy,Card,Payment,Saravana Bhavan Corner,Chennai,0.0
2026-02-27,Plain Dosa,Dosa,1,66.15,70,Register,Cash,Payment,Saravana Bhavan Corner,Chennai,0.0
2026-02-27,Onion Uttapam,Dosa,3,315.0,100,Register,Cash,Payment,Saravana Bhavan Corner,Chennai,0.0
2026-02-27,Filter Coffee,Beverages,1,42.0,40,Swiggy,UPI,Payment,Saravana Bhavan Corner,Chennai,0.0
2026-02-27,Rasgulla (2pc),Desserts,2,147.0,70,Register,UPI,Payment,Saravana Bhavan Corner,Chennai,0.0
2026-02-27,Plain Dosa,Dosa,1,73.5,70,Swiggy,Card,Payment,Saravana Bhavan Corner,Chennai,0.0
2026-02-27,Mini Tiffin Thali,Thali,2,315.0,150,Swiggy,Card,Payment,Saravana Bhavan Corner,Chennai,0.0
2026-02-27,Medu Vada Chaat,Snacks,1,73.5,70,Register,UPI,Payment,Saravana Bhavan Corner,Chennai,0.0
2026-02-27,Bisi Bele Bath,Rice,1,136.5,130,Register,UPI,Payment,Saravana Bhavan Corner,Chennai,0.0
2026-02-27,Filter Coffee,Beverages,1,42.0,40,Register,Cash,Payment,Saravana Bhavan Corner,Chennai,0.0
2026-02-27,Masala Dosa,Dosa,1,94.5,90,Register,Cash,Payment,Saravana Bhavan Corner,Chennai,0.0
2026-02-27,Veg Thali,Thali,1,160.65,180,Register,Cash,Payment,Saravana Bhavan Corner,Chennai,0.0
2026-02-27,Idli (4pc),Tiffin,1,63.0,60,Register,Cash,Payment,Saravana Bhavan Corner,Chennai,0.0
2026-02-27,Masala Dosa,Dosa,3,283.5,90,Swiggy,UPI,Payment,Saravana Bhavan Corner,Chennai,0.0
2026-02-27,Masala Chai,Beverages,3,99.23,35,Swiggy,UPI,Payment,Saravana Bhavan Corner,Chennai,0.0
2026-02-27,Plain Dosa,Dosa,1,73.5,70,Swiggy,UPI,Payment,Saravana Bhavan Corner,Chennai,0.0
2026-02-27,Veg Thali,Thali,1,189.0,180,Register,UPI,Payment,Saravana Bhavan Corner,Chennai,0.0
2026-02-27,Onion Uttapam,Dosa,1,105.0,100,Swiggy,UPI,Payment,Saravana Bhavan Corner,Chennai,0.0
2026-02-28,Onion Uttapam,Dosa,1,105.0,100,Register,Card,Payment,Saravana Bhavan Corner,Chennai,0.0
2026-02-28,Idli Vada Combo,Tiffin,1,94.5,90,Register,Card,Payment,Saravana Bhavan Corner,Chennai,0.0
2026-02-28,Pongal,Tiffin,2,168.0,80,Register,Cash,Payment,Saravana Bhavan Corner,Chennai,0.0
2026-02-28,Sambar Rice,Rice,1,126.0,120,Register,Cash,Payment,Saravana Bhavan Corner,Chennai,0.0
2026-02-28,Lemon Rice,Rice,1,105.0,100,Register,Cash,Payment,Saravana Bhavan Corner,Chennai,0.0
2026-02-28,Buttermilk,Beverages,1,31.5,30,Register,Card,Payment,Saravana Bhavan Corner,Chennai,0.0
2026-02-28,Vada (2pc),Tiffin,2,105.0,50,Register,Card,Payment,Saravana Bhavan Corner,Chennai,0.0
2026-02-28,Curd Rice,Rice,2,189.0,90,Register,Card,Payment,Saravana Bhavan Corner,Chennai,0.0
2026-02-28,Curd Rice,Rice,1,94.5,90,Register,Card,Payment,Saravana Bhavan Corner,Chennai,0.0
2026-02-28,Onion Uttapam,Dosa,2,210.0,100,Register,Card,Payment,Saravana Bhavan Corner,Chennai,0.0
2026-02-28,Plain Dosa,Dosa,2,147.0,70,Register,UPI,Payment,Saravana Bhavan Corner,Chennai,0.0
2026-02-28,Buttermilk,Beverages,2,63.0,30,Swiggy,UPI,Payment,Saravana Bhavan Corner,Chennai,0.0
2026-02-28,Curd Rice,Rice,2,189.0,90,Register,Card,Payment,Saravana Bhavan Corner,Chennai,0.0
2026-02-28,Vada (2pc),Tiffin,1,52.5,50,Register,Cash,Payment,Saravana Bhavan Corner,Chennai,0.0
2026-02-28,Masala Dosa,Dosa,1,94.5,90,Swiggy,Card,Payment,Saravana Bhavan Corner,Chennai,0.0
2026-02-28,Onion Uttapam,Dosa,1,105.0,100,Register,Cash,Payment,Saravana Bhavan Corner,Chennai,0.0
2026-02-28,Idli Vada Combo,Tiffin,2,189.0,90,Swiggy,UPI,Payment,Saravana Bhavan Corner,Chennai,0.0
2026-02-28,Idli (4pc),Tiffin,2,126.0,60,Swiggy,UPI,Payment,Saravana Bhavan Corner,Chennai,0.0
2026-02-28,Bisi Bele Bath,Rice,1,136.5,130,Swiggy,UPI,Payment,Saravana Bhavan Corner,Chennai,0.0
2026-02-28,Pongal,Tiffin,3,214.2,80,Swiggy,UPI,Payment,Saravana Bhavan Corner,Chennai,0.0
2026-02-28,Masala Chai,Beverages,2,73.5,35,Swiggy,UPI,Payment,Saravana Bhavan Corner,Chennai,0.0
2026-02-28,Medu Vada Chaat,Snacks,1,73.5,70,Swiggy,Card,Payment,Saravana Bhavan Corner,Chennai,0.0
2026-02-28,Medu Vada Chaat,Snacks,1,73.5,70,Register,UPI,Payment,Saravana Bhavan Corner,Chennai,0.0
2026-02-28,Vada (2pc),Tiffin,1,52.5,50,Register,UPI,Payment,Saravana Bhavan Corner,Chennai,0.0
2026-02-28,Idli Vada Combo,Tiffin,1,94.5,90,Swiggy,UPI,Payment,Saravana Bhavan Corner,Chennai,0.0
2026-02-28,Veg Thali,Thali,2,378.0,180,Swiggy,Card,Payment,Saravana Bhavan Corner,Chennai,0.0
2026-02-28,Bisi Bele Bath,Rice,2,245.7,130,Swiggy,Card,Payment,Saravana Bhavan Corner,Chennai,0.0
2026-02-28,Curd Rice,Rice,1,94.5,90,Swiggy,UPI,Payment,Saravana Bhavan Corner,Chennai,0.0
2026-02-28,Sambar Rice,Rice,1,126.0,120,Register,Cash,Payment,Saravana Bhavan Corner,Chennai,0.0
2026-02-28,Sambar Rice,Rice,2,252.0,120,Swiggy,UPI,Payment,Saravana Bhavan Corner,Chennai,0.0
2026-02-28,Vada (2pc),Tiffin,2,105.0,50,Register,UPI,Payment,Saravana Bhavan Corner,Chennai,0.0
2026-02-28,Plain Dosa,Dosa,2,124.95,70,Swiggy,UPI,Payment,Saravana Bhavan Corner,Chennai,0.0
2026-02-28,Rava Dosa,Dosa,1,115.5,110,Register,Card,Payment,Saravana Bhavan Corner,Chennai,0.0
2026-02-28,Lemon Rice,Rice,1,105.0,100,Register,Cash,Payment,Saravana Bhavan Corner,Chennai,0.0
2026-02-28,Filter Coffee,Beverages,2,75.6,40,Swiggy,Card,Payment,Saravana Bhavan Corner,Chennai,0.0
2026-02-28,Idli Vada Combo,Tiffin,1,94.5,90,Swiggy,Card,Payment,Saravana Bhavan Corner,Chennai,0.0
2026-02-28,Rava Dosa,Dosa,3,311.85,110,Register,UPI,Payment,Saravana Bhavan Corner,Chennai,0.0
2026-02-28,Filter Coffee,Beverages,1,42.0,40,Register,UPI,Payment,Saravana Bhavan Corner,Chennai,0.0
2026-02-28,Idli (4pc),Tiffin,1,63.0,60,Register,UPI,Payment,Saravana Bhavan Corner,Chennai,0.0
2026-02-28,Masala Chai,Beverages,1,36.75,35,Register,UPI,Payment,Saravana Bhavan Corner,Chennai,0.0
2026-02-28,Idli Vada Combo,Tiffin,1,94.5,90,Register,UPI,Payment,Saravana Bhavan Corner,Chennai,0.0
2026-02-28,Rasgulla (2pc),Desserts,2,147.0,70,Register,UPI,Payment,Saravana Bhavan Corner,Chennai,0.0
2026-02-28,Masala Dosa,Dosa,1,94.5,90,Register,UPI,Payment,Saravana Bhavan Corner,Chennai,0.0
2026-02-28,Masala Chai,Beverages,1,36.75,35,Register,UPI,Payment,Saravana Bhavan Corner,Chennai,0.0
2026-02-28,Vada (2pc),Tiffin,1,52.5,50,Register,Card,Payment,Saravana Bhavan Corner,Chennai,0.0
2026-02-28,Rasgulla (2pc),Desserts,1,73.5,70,Register,Card,Payment,Saravana Bhavan Corner,Chennai,0.0
2026-02-28,Idli Vada Combo,Tiffin,1,80.33,90,Register,Card,Payment,Saravana Bhavan Corner,Chennai,0.0
2026-02-28,Masala Dosa,Dosa,1,94.5,90,Register,Card,Payment,Saravana Bhavan Corner,Chennai,0.0
2026-02-28,Bulk Catering Order,Uncategorized,3,8505.0,3000,Register,Card,Payment,Saravana Bhavan Corner,Chennai,0.0
2026-02-28,Onion Uttapam,Dosa,1,105.0,100,Register,Card,Payment,Saravana Bhavan Corner,Chennai,0.0
2026-02-28,Sambar Rice,Rice,1,126.0,120,Register,Card,Payment,Saravana Bhavan Corner,Chennai,0.0
2026-02-28,Medu Vada Chaat,Snacks,1,73.5,70,Register,Card,Payment,Saravana Bhavan Corner,Chennai,0.0
2026-02-28,Filter Coffee,Beverages,1,42.0,40,Register,Cash,Payment,Saravana Bhavan Corner,Chennai,0.0
2026-02-28,Masala Dosa,Dosa,2,189.0,90,Register,Cash,Payment,Saravana Bhavan Corner,Chennai,0.0
2026-02-28,Mysore Bonda,Snacks,1,53.55,60,Register,Cash,Payment,Saravana Bhavan Corner,Chennai,0.0
2026-02-28,Veg Thali,Thali,1,189.0,180,Swiggy,UPI,Payment,Saravana Bhavan Corner,Chennai,0.0
2026-02-28,Sambar Rice,Rice,1,126.0,120,Swiggy,UPI,Payment,Saravana Bhavan Corner,Chennai,0.0
2026-02-28,Filter Coffee,Beverages,1,42.0,40,Swiggy,UPI,Payment,Saravana Bhavan Corner,Chennai,0.0
2026-02-28,Idli Vada Combo,Tiffin,1,94.5,90,Swiggy,Card,Payment,Saravana Bhavan Corner,Chennai,0.0
2026-02-28,Mysore Bonda,Snacks,2,126.0,60,Swiggy,Card,Payment,Saravana Bhavan Corner,Chennai,0.0
2026-02-28,Medu Vada Chaat,Snacks,1,73.5,70,Register,Cash,Payment,Saravana Bhavan Corner,Chennai,0.0
2026-02-28,Idli (4pc),Tiffin,1,63.0,60,Swiggy,UPI,Payment,Saravana Bhavan Corner,Chennai,0.0
2026-02-28,Masala Chai,Beverages,1,36.75,35,Register,Card,Payment,Saravana Bhavan Corner,Chennai,0.0
2026-02-28,Vada (2pc),Tiffin,1,52.5,50,Register,Card,Payment,Saravana Bhavan Corner,Chennai,0.0
2026-02-28,Curd Rice,Rice,2,189.0,90,Register,UPI,Payment,Saravana Bhavan Corner,Chennai,0.0
2026-02-28,Idli Vada Combo,Tiffin,2,189.0,90,Swiggy,Card,Payment,Saravana Bhavan Corner,Chennai,0.0
2026-02-28,Vada (2pc),Tiffin,2,89.25,50,Swiggy,Card,Payment,Saravana Bhavan Corner,Chennai,0.0
2026-02-28,Sambar Rice,Rice,1,126.0,120,Swiggy,Card,Payment,Saravana Bhavan Corner,Chennai,0.0
2026-02-28,Rava Dosa,Dosa,2,196.35,110,Swiggy,Card,Payment,Saravana Bhavan Corner,Chennai,0.0
2026-02-28,Filter Coffee,Beverages,2,84.0,40,Register,Cash,Payment,Saravana Bhavan Corner,Chennai,0.0
2026-02-28,Medu Vada Chaat,Snacks,1,73.5,70,Register,Cash,Payment,Saravana Bhavan Corner,Chennai,0.0
2026-02-28,Rava Dosa,Dosa,2,231.0,110,Register,UPI,Payment,Saravana Bhavan Corner,Chennai,0.0
2026-02-28,Bisi Bele Bath,Rice,2,273.0,130,Register,UPI,Payment,Saravana Bhavan Corner,Chennai,0.0
2026-02-28,Idli (4pc),Tiffin,2,126.0,60,Swiggy,UPI,Payment,Saravana Bhavan Corner,Chennai,0.0
2026-02-28,Masala Dosa,Dosa,1,94.5,90,Swiggy,UPI,Payment,Saravana Bhavan Corner,Chennai,0.0
2026-02-28,Masala Chai,Beverages,1,31.24,35,Register,UPI,Payment,Saravana Bhavan Corner,Chennai,0.0
2026-02-28,Plain Dosa,Dosa,2,147.0,70,Register,UPI,Payment,Saravana Bhavan Corner,Chennai,0.0
2026-02-28,Mini Tiffin Thali,Thali,1,133.88,150,Register,UPI,Payment,Saravana Bhavan Corner,Chennai,0.0
2026-02-28,Masala Dosa,Dosa,1,94.5,90,Register,UPI,Payment,Saravana Bhavan Corner,Chennai,0.0
2026-02-28,Filter Coffee,Beverages,1,42.0,40,Swiggy,Card,Payment,Saravana Bhavan Corner,Chennai,0.0
2026-02-28,Masala Dosa,Dosa,1,94.5,90,Register,Cash,Payment,Saravana Bhavan Corner,Chennai,0.0
2026-02-28,Sambar Rice,Rice,1,126.0,120,Swiggy,Card,Payment,Saravana Bhavan Corner,Chennai,0.0
2026-02-28,Masala Dosa,Dosa,1,94.5,90,Swiggy,Card,Payment,Saravana Bhavan Corner,Chennai,0.0
2026-02-28,Masala Dosa,Dosa,1,94.5,90,Swiggy,Card,Payment,Saravana Bhavan Corner,Chennai,0.0
2026-02-28,Buttermilk,Beverages,1,31.5,30,Swiggy,Card,Payment,Saravana Bhavan Corner,Chennai,0.0
2026-02-28,Lemon Rice,Rice,2,210.0,100,Swiggy,UPI,Payment,Saravana Bhavan Corner,Chennai,0.0
2026-02-28,Idli Vada Combo,Tiffin,1,94.5,90,Swiggy,UPI,Payment,Saravana Bhavan Corner,Chennai,0.0
2026-02-28,Idli Vada Combo,Tiffin,3,283.5,90,Swiggy,UPI,Payment,Saravana Bhavan Corner,Chennai,0.0
2026-02-28,Masala Dosa,Dosa,-1,-94.5,90,Swiggy,UPI,Refund,Saravana Bhavan Corner,Chennai,0.0
2026-02-28,Vada (2pc),Tiffin,-1,-52.5,50,Swiggy,UPI,Refund,Saravana Bhavan Corner,Chennai,0.0
2026-02-28,Onion Uttapam,Dosa,1,105.0,100,Swiggy,Card,Payment,Saravana Bhavan Corner,Chennai,0.0
2026-02-28,Idli (4pc),Tiffin,1,63.0,60,Swiggy,Card,Payment,Saravana Bhavan Corner,Chennai,0.0
2026-02-28,Veg Thali,Thali,1,189.0,180,Register,Card,Payment,Saravana Bhavan Corner,Chennai,0.0
2026-02-28,Veg Thali,Thali,3,567.0,180,Register,Cash,Payment,Saravana Bhavan Corner,Chennai,0.0
2026-02-28,Plain Dosa,Dosa,1,73.5,70,Swiggy,UPI,Payment,Saravana Bhavan Corner,Chennai,0.0
2026-02-28,Masala Dosa,Dosa,2,189.0,90,Register,Card,Payment,Saravana Bhavan Corner,Chennai,0.0
2026-02-28,Masala Chai,Beverages,1,36.75,35,Register,UPI,Payment,Saravana Bhavan Corner,Chennai,0.0
2026-02-28,Rava Dosa,Dosa,2,231.0,110,Register,UPI,Payment,Saravana Bhavan Corner,Chennai,0.0
2026-02-28,Rava Dosa,Dosa,1,115.5,110,Register,UPI,Payment,Saravana Bhavan Corner,Chennai,0.0
2026-02-28,Veg Thali,Thali,1,189.0,180,Register,UPI,Payment,Saravana Bhavan Corner,Chennai,0.0
2026-02-28,Curd Rice,Rice,1,80.33,90,Register,UPI,Payment,Saravana Bhavan Corner,Chennai,0.0
2026-02-28,Medu Vada Chaat,Snacks,1,73.5,70,Register,UPI,Payment,Saravana Bhavan Corner,Chennai,0.0
2026-02-28,Pongal,Tiffin,1,84.0,80,Swiggy,Card,Payment,Saravana Bhavan Corner,Chennai,0.0
2026-02-28,Idli Vada Combo,Tiffin,1,94.5,90,Register,Card,Payment,Saravana Bhavan Corner,Chennai,0.0
2026-02-28,Rasgulla (2pc),Desserts,1,73.5,70,Register,Card,Payment,Saravana Bhavan Corner,Chennai,0.0
2026-02-28,Idli (4pc),Tiffin,2,126.0,60,Register,Card,Payment,Saravana Bhavan Corner,Chennai,0.0
2026-02-28,Bisi Bele Bath,Rice,2,273.0,130,Swiggy,Card,Payment,Saravana Bhavan Corner,Chennai,0.0
2026-02-28,Masala Dosa,Dosa,1,94.5,90,Swiggy,Card,Payment,Saravana Bhavan Corner,Chennai,0.0
2026-02-28,Veg Thali,Thali,1,189.0,180,Register,Cash,Payment,Saravana Bhavan Corner,Chennai,0.0
2026-02-28,Masala Dosa,Dosa,2,189.0,90,Register,Cash,Payment,Saravana Bhavan Corner,Chennai,0.0
2026-02-28,Bisi Bele Bath,Rice,1,136.5,130,Register,Cash,Payment,Saravana Bhavan Corner,Chennai,0.0
2026-02-28,Medu Vada Chaat,Snacks,2,147.0,70,Register,Card,Payment,Saravana Bhavan Corner,Chennai,0.0
2026-02-28,Idli Vada Combo,Tiffin,1,94.5,90,Register,Cash,Payment,Saravana Bhavan Corner,Chennai,0.0
2026-02-28,Filter Coffee,Beverages,2,71.4,40,Register,UPI,Payment,Saravana Bhavan Corner,Chennai,0.0
2026-02-28,Onion Uttapam,Dosa,3,267.75,100,Register,Cash,Payment,Saravana Bhavan Corner,Chennai,0.0
2026-02-28,Vada (2pc),Tiffin,-1,-52.5,50,Swiggy,UPI,Refund,Saravana Bhavan Corner,Chennai,0.0
2026-02-28,Pongal,Tiffin,-1,-84.0,80,Swiggy,UPI,Refund,Saravana Bhavan Corner,Chennai,0.0
2026-02-28,Masala Chai,Beverages,1,36.75,35,Swiggy,UPI,Payment,Saravana Bhavan Corner,Chennai,0.0
2026-02-28,Idli Vada Combo,Tiffin,1,80.33,90,Swiggy,UPI,Payment,Saravana Bhavan Corner,Chennai,0.0
2026-02-28,Rava Dosa,Dosa,1,115.5,110,Swiggy,UPI,Payment,Saravana Bhavan Corner,Chennai,0.0
2026-02-28,Mini Tiffin Thali,Thali,1,157.5,150,Register,UPI,Payment,Saravana Bhavan Corner,Chennai,0.0
2026-02-28,Pongal,Tiffin,1,71.4,80,Register,Card,Payment,Saravana Bhavan Corner,Chennai,0.0
2026-02-28,Filter Coffee,Beverages,1,42.0,40,Register,Cash,Payment,Saravana Bhavan Corner,Chennai,0.0
2026-02-28,Filter Coffee,Beverages,2,84.0,40,Register,UPI,Payment,Saravana Bhavan Corner,Chennai,0.0
2026-02-28,Rasgulla (2pc),Desserts,2,147.0,70,Register,Cash,Payment,Saravana Bhavan Corner,Chennai,0.0
2026-02-28,Masala Dosa,Dosa,1,94.5,90,Register,UPI,Payment,Saravana Bhavan Corner,Chennai,0.0
2026-03-01,Medu Vada Chaat,Snacks,1,73.5,70,Register,UPI,Payment,Saravana Bhavan Corner,Chennai,0.0
2026-03-01,Idli (4pc),Tiffin,1,63.0,60,Register,Cash,Payment,Saravana Bhavan Corner,Chennai,0.0
2026-03-01,Plain Dosa,Dosa,1,73.5,70,Register,UPI,Payment,Saravana Bhavan Corner,Chennai,0.0
2026-03-01,Plain Dosa,Dosa,3,220.5,70,Register,UPI,Payment,Saravana Bhavan Corner,Chennai,0.0
2026-03-01,Buttermilk,Beverages,1,31.5,30,Register,Cash,Payment,Saravana Bhavan Corner,Chennai,0.0
2026-03-01,Vada (2pc),Tiffin,1,52.5,50,Swiggy,Card,Payment,Saravana Bhavan Corner,Chennai,0.0
2026-03-01,Vada (2pc),Tiffin,1,52.5,50,Register,Cash,Payment,Saravana Bhavan Corner,Chennai,0.0
2026-03-01,Masala Dosa,Dosa,1,94.5,90,Register,Cash,Payment,Saravana Bhavan Corner,Chennai,0.0
2026-03-01,Plain Dosa,Dosa,2,132.3,70,Swiggy,Card,Payment,Saravana Bhavan Corner,Chennai,0.0
2026-03-01,Masala Dosa,Dosa,1,94.5,90,Swiggy,UPI,Payment,Saravana Bhavan Corner,Chennai,0.0
2026-03-01,Onion Uttapam,Dosa,1,105.0,100,Swiggy,Card,Payment,Saravana Bhavan Corner,Chennai,0.0
2026-03-01,Veg Thali,Thali,1,189.0,180,Swiggy,Card,Payment,Saravana Bhavan Corner,Chennai,0.0
2026-03-01,Idli (4pc),Tiffin,2,126.0,60,Register,Card,Payment,Saravana Bhavan Corner,Chennai,0.0
2026-03-01,Rasgulla (2pc),Desserts,1,73.5,70,Swiggy,UPI,Payment,Saravana Bhavan Corner,Chennai,0.0
2026-03-01,Masala Chai,Beverages,1,36.75,35,Swiggy,UPI,Payment,Saravana Bhavan Corner,Chennai,0.0
2026-03-01,Onion Uttapam,Dosa,1,105.0,100,Swiggy,UPI,Payment,Saravana Bhavan Corner,Chennai,0.0
2026-03-01,Plain Dosa,Dosa,1,73.5,70,Register,UPI,Payment,Saravana Bhavan Corner,Chennai,0.0
2026-03-01,Masala Dosa,Dosa,2,189.0,90,Swiggy,UPI,Payment,Saravana Bhavan Corner,Chennai,0.0
2026-03-01,Idli (4pc),Tiffin,2,126.0,60,Swiggy,Card,Payment,Saravana Bhavan Corner,Chennai,0.0
2026-03-01,Lemon Rice,Rice,2,210.0,100,Register,UPI,Payment,Saravana Bhavan Corner,Chennai,0.0
2026-03-01,Masala Chai,Beverages,1,36.75,35,Register,Cash,Payment,Saravana Bhavan Corner,Chennai,0.0
2026-03-01,Rasgulla (2pc),Desserts,1,73.5,70,Swiggy,UPI,Payment,Saravana Bhavan Corner,Chennai,0.0
2026-03-01,Filter Coffee,Beverages,1,42.0,40,Register,UPI,Payment,Saravana Bhavan Corner,Chennai,0.0
2026-03-01,Filter Coffee,Beverages,1,42.0,40,Swiggy,Card,Payment,Saravana Bhavan Corner,Chennai,0.0
2026-03-01,Medu Vada Chaat,Snacks,1,73.5,70,Swiggy,Card,Payment,Saravana Bhavan Corner,Chennai,0.0
2026-03-01,Plain Dosa,Dosa,2,147.0,70,Register,UPI,Payment,Saravana Bhavan Corner,Chennai,0.0
2026-03-01,Idli Vada Combo,Tiffin,1,94.5,90,Register,UPI,Payment,Saravana Bhavan Corner,Chennai,0.0
2026-03-01,Plain Dosa,Dosa,1,73.5,70,Register,UPI,Payment,Saravana Bhavan Corner,Chennai,0.0
2026-03-01,Idli Vada Combo,Tiffin,2,189.0,90,Register,Cash,Payment,Saravana Bhavan Corner,Chennai,0.0
2026-03-01,Idli Vada Combo,Tiffin,1,94.5,90,Register,Cash,Payment,Saravana Bhavan Corner,Chennai,0.0
2026-03-01,Medu Vada Chaat,Snacks,1,62.48,70,Swiggy,UPI,Payment,Saravana Bhavan Corner,Chennai,0.0
2026-03-01,Onion Uttapam,Dosa,1,105.0,100,Register,Cash,Payment,Saravana Bhavan Corner,Chennai,0.0
2026-03-01,Masala Dosa,Dosa,2,189.0,90,Register,Cash,Payment,Saravana Bhavan Corner,Chennai,0.0
2026-03-01,Masala Chai,Beverages,1,36.75,35,Swiggy,UPI,Payment,Saravana Bhavan Corner,Chennai,0.0
2026-03-01,Idli Vada Combo,Tiffin,1,94.5,90,Swiggy,Card,Payment,Saravana Bhavan Corner,Chennai,0.0
2026-03-01,Veg Thali,Thali,1,189.0,180,Swiggy,Card,Payment,Saravana Bhavan Corner,Chennai,0.0
2026-03-01,Masala Chai,Beverages,1,36.75,35,Register,UPI,Payment,Saravana Bhavan Corner,Chennai,0.0
2026-03-01,Plain Dosa,Dosa,2,132.3,70,Register,UPI,Payment,Saravana Bhavan Corner,Chennai,0.0
2026-03-01,Idli (4pc),Tiffin,2,126.0,60,Register,Cash,Payment,Saravana Bhavan Corner,Chennai,0.0
2026-03-01,Filter Coffee,Beverages,3,126.0,40,Register,Cash,Payment,Saravana Bhavan Corner,Chennai,0.0
2026-03-01,Masala Dosa,Dosa,1,94.5,90,Swiggy,UPI,Payment,Saravana Bhavan Corner,Chennai,0.0
2026-03-01,Veg Thali,Thali,2,378.0,180,Swiggy,UPI,Payment,Saravana Bhavan Corner,Chennai,0.0
2026-03-01,Filter Coffee,Beverages,2,84.0,40,Register,UPI,Payment,Saravana Bhavan Corner,Chennai,0.0
2026-03-01,Lemon Rice,Rice,2,210.0,100,Register,Cash,Payment,Saravana Bhavan Corner,Chennai,0.0
2026-03-01,Veg Thali,Thali,1,189.0,180,Swiggy,Card,Payment,Saravana Bhavan Corner,Chennai,0.0
2026-03-01,Masala Dosa,Dosa,1,94.5,90,Swiggy,Card,Payment,Saravana Bhavan Corner,Chennai,0.0
2026-03-01,Masala Dosa,Dosa,1,94.5,90,Register,UPI,Payment,Saravana Bhavan Corner,Chennai,0.0
2026-03-01,Masala Chai,Beverages,1,36.75,35,Register,UPI,Payment,Saravana Bhavan Corner,Chennai,0.0
2026-03-01,Masala Dosa,Dosa,2,170.1,90,Register,UPI,Payment,Saravana Bhavan Corner,Chennai,0.0
2026-03-01,Masala Dosa,Dosa,1,94.5,90,Register,UPI,Payment,Saravana Bhavan Corner,Chennai,0.0
2026-03-01,Masala Chai,Beverages,1,36.75,35,Swiggy,UPI,Payment,Saravana Bhavan Corner,Chennai,0.0
2026-03-01,Buttermilk,Beverages,1,31.5,30,Swiggy,UPI,Payment,Saravana Bhavan Corner,Chennai,0.0
2026-03-01,Mini Tiffin Thali,Thali,1,157.5,150,Swiggy,UPI,Payment,Saravana Bhavan Corner,Chennai,0.0
2026-03-01,Filter Coffee,Beverages,1,42.0,40,Swiggy,Card,Payment,Saravana Bhavan Corner,Chennai,0.0
2026-03-01,Masala Dosa,Dosa,2,189.0,90,Swiggy,UPI,Payment,Saravana Bhavan Corner,Chennai,0.0
2026-03-01,Vada (2pc),Tiffin,1,47.25,50,Swiggy,Card,Payment,Saravana Bhavan Corner,Chennai,0.0
2026-03-01,Plain Dosa,Dosa,1,73.5,70,Swiggy,Card,Payment,Saravana Bhavan Corner,Chennai,0.0
2026-03-01,Buttermilk,Beverages,2,63.0,30,Swiggy,Card,Payment,Saravana Bhavan Corner,Chennai,0.0
2026-03-01,Sambar Rice,Rice,2,252.0,120,Register,UPI,Payment,Saravana Bhavan Corner,Chennai,0.0
2026-03-01,Sambar Rice,Rice,3,378.0,120,Register,UPI,Payment,Saravana Bhavan Corner,Chennai,0.0
2026-03-01,Onion Uttapam,Dosa,3,315.0,100,Register,UPI,Payment,Saravana Bhavan Corner,Chennai,0.0
2026-03-01,Buttermilk,Beverages,1,31.5,30,Register,Cash,Payment,Saravana Bhavan Corner,Chennai,0.0
2026-03-01,Rava Dosa,Dosa,1,115.5,110,Register,UPI,Payment,Saravana Bhavan Corner,Chennai,0.0
2026-03-01,Veg Thali,Thali,1,189.0,180,Swiggy,UPI,Payment,Saravana Bhavan Corner,Chennai,0.0
2026-03-01,Idli (4pc),Tiffin,1,63.0,60,Swiggy,Card,Payment,Saravana Bhavan Corner,Chennai,0.0
2026-03-01,Idli (4pc),Tiffin,2,126.0,60,Register,Cash,Payment,Saravana Bhavan Corner,Chennai,0.0
2026-03-01,Medu Vada Chaat,Snacks,2,147.0,70,Register,Card,Payment,Saravana Bhavan Corner,Chennai,0.0
2026-03-01,Sambar Rice,Rice,1,113.4,120,Swiggy,Card,Payment,Saravana Bhavan Corner,Chennai,0.0
2026-03-01,Plain Dosa,Dosa,1,73.5,70,Register,Card,Payment,Saravana Bhavan Corner,Chennai,0.0
2026-03-01,Veg Thali,Thali,1,189.0,180,Register,Cash,Payment,Saravana Bhavan Corner,Chennai,0.0
2026-03-01,Vada (2pc),Tiffin,2,105.0,50,Register,Cash,Payment,Saravana Bhavan Corner,Chennai,0.0
2026-03-01,Mysore Bonda,Snacks,1,63.0,60,Register,Card,Payment,Saravana Bhavan Corner,Chennai,0.0
2026-03-01,Vada (2pc),Tiffin,1,52.5,50,Swiggy,UPI,Payment,Saravana Bhavan Corner,Chennai,0.0
2026-03-01,Rasgulla (2pc),Desserts,1,73.5,70,Swiggy,UPI,Payment,Saravana Bhavan Corner,Chennai,0.0
2026-03-01,Masala Chai,Beverages,2,73.5,35,Swiggy,Card,Payment,Saravana Bhavan Corner,Chennai,0.0
2026-03-01,Idli (4pc),Tiffin,3,189.0,60,Register,UPI,Payment,Saravana Bhavan Corner,Chennai,0.0
2026-03-01,Filter Coffee,Beverages,1,42.0,40,Register,UPI,Payment,Saravana Bhavan Corner,Chennai,0.0
2026-03-01,Masala Chai,Beverages,3,110.25,35,Swiggy,UPI,Payment,Saravana Bhavan Corner,Chennai,0.0
2026-03-01,Masala Chai,Beverages,2,73.5,35,Register,UPI,Payment,Saravana Bhavan Corner,Chennai,0.0
2026-03-01,Plain Dosa,Dosa,1,73.5,70,Register,Card,Payment,Saravana Bhavan Corner,Chennai,0.0
2026-03-01,Pongal,Tiffin,1,84.0,80,Register,Card,Payment,Saravana Bhavan Corner,Chennai,0.0
2026-03-01,Plain Dosa,Dosa,1,73.5,70,Register,UPI,Payment,Saravana Bhavan Corner,Chennai,0.0
2026-03-01,Sambar Rice,Rice,2,252.0,120,Swiggy,Card,Payment,Saravana Bhavan Corner,Chennai,0.0
2026-03-01,Masala Dosa,Dosa,1,94.5,90,Swiggy,Card,Payment,Saravana Bhavan Corner,Chennai,0.0
2026-03-01,Vada (2pc),Tiffin,1,44.62,50,Swiggy,UPI,Payment,Saravana Bhavan Corner,Chennai,0.0
2026-03-01,Vada (2pc),Tiffin,1,52.5,50,Register,UPI,Payment,Saravana Bhavan Corner,Chennai,0.0
2026-03-01,Veg Thali,Thali,1,189.0,180,Register,UPI,Payment,Saravana Bhavan Corner,Chennai,0.0
2026-03-02,Filter Coffee,Beverages,1,42.0,40,Swiggy,Card,Payment,Saravana Bhavan Corner,Chennai,0.0
2026-03-02,Mysore Bonda,Snacks,1,63.0,60,Swiggy,Card,Payment,Saravana Bhavan Corner,Chennai,0.0
2026-03-02,Bisi Bele Bath,Rice,2,273.0,130,Swiggy,UPI,Payment,Saravana Bhavan Corner,Chennai,0.0
2026-03-02,Rava Dosa,Dosa,1,115.5,110,Swiggy,UPI,Payment,Saravana Bhavan Corner,Chennai,0.0
2026-03-02,Mysore Bonda,Snacks,1,63.0,60,Swiggy,UPI,Payment,Saravana Bhavan Corner,Chennai,0.0
2026-03-02,Rasgulla (2pc),Desserts,1,73.5,70,Swiggy,UPI,Payment,Saravana Bhavan Corner,Chennai,0.0
2026-03-02,Sambar Rice,Rice,2,252.0,120,Swiggy,UPI,Payment,Saravana Bhavan Corner,Chennai,0.0
2026-03-02,Idli (4pc),Tiffin,1,63.0,60,Swiggy,UPI,Payment,Saravana Bhavan Corner,Chennai,0.0
2026-03-02,Onion Uttapam,Dosa,1,105.0,100,Swiggy,UPI,Payment,Saravana Bhavan Corner,Chennai,0.0
2026-03-02,Masala Dosa,Dosa,1,94.5,90,Register,Card,Payment,Saravana Bhavan Corner,Chennai,0.0
2026-03-02,Sambar Rice,Rice,2,252.0,120,Register,Card,Payment,Saravana Bhavan Corner,Chennai,0.0
2026-03-02,Bisi Bele Bath,Rice,1,116.03,130,Register,Card,Payment,Saravana Bhavan Corner,Chennai,0.0
2026-03-02,Vada (2pc),Tiffin,1,52.5,50,Register,UPI,Payment,Saravana Bhavan Corner,Chennai,0.0
2026-03-02,Rava Dosa,Dosa,2,231.0,110,Swiggy,UPI,Payment,Saravana Bhavan Corner,Chennai,0.0
2026-03-02,Idli (4pc),Tiffin,1,63.0,60,Swiggy,UPI,Payment,Saravana Bhavan Corner,Chennai,0.0
2026-03-02,Masala Dosa,Dosa,1,85.05,90,Register,UPI,Payment,Saravana Bhavan Corner,Chennai,0.0
2026-03-02,Idli Vada Combo,Tiffin,2,189.0,90,Swiggy,UPI,Payment,Saravana Bhavan Corner,Chennai,0.0
2026-03-02,Medu Vada Chaat,Snacks,1,73.5,70,Swiggy,UPI,Payment,Saravana Bhavan Corner,Chennai,0.0
2026-03-02,Mysore Bonda,Snacks,1,56.7,60,Register,UPI,Payment,Saravana Bhavan Corner,Chennai,0.0
2026-03-02,Mini Tiffin Thali,Thali,1,141.75,150,Swiggy,UPI,Payment,Saravana Bhavan Corner,Chennai,0.0
2026-03-02,Buttermilk,Beverages,1,31.5,30,Register,Card,Payment,Saravana Bhavan Corner,Chennai,0.0
2026-03-02,Idli (4pc),Tiffin,3,189.0,60,Register,UPI,Payment,Saravana Bhavan Corner,Chennai,0.0
2026-03-02,Masala Chai,Beverages,1,36.75,35,Register,UPI,Payment,Saravana Bhavan Corner,Chennai,0.0
2026-03-02,Masala Dosa,Dosa,3,283.5,90,Register,UPI,Payment,Saravana Bhavan Corner,Chennai,0.0
2026-03-02,Lemon Rice,Rice,1,105.0,100,Register,UPI,Payment,Saravana Bhavan Corner,Chennai,0.0
2026-03-02,Onion Uttapam,Dosa,1,105.0,100,Register,UPI,Payment,Saravana Bhavan Corner,Chennai,0.0
2026-03-02,Sambar Rice,Rice,1,126.0,120,Register,Card,Payment,Saravana Bhavan Corner,Chennai,0.0
2026-03-02,Lemon Rice,Rice,1,105.0,100,Register,Cash,Payment,Saravana Bhavan Corner,Chennai,0.0
2026-03-02,Plain Dosa,Dosa,2,147.0,70,Swiggy,UPI,Payment,Saravana Bhavan Corner,Chennai,0.0
2026-03-02,Masala Dosa,Dosa,2,189.0,90,Register,Cash,Payment,Saravana Bhavan Corner,Chennai,0.0
2026-03-02,Buttermilk,Beverages,1,31.5,30,Register,Cash,Payment,Saravana Bhavan Corner,Chennai,0.0
2026-03-02,Vada (2pc),Tiffin,1,52.5,50,Register,UPI,Payment,Saravana Bhavan Corner,Chennai,0.0
2026-03-02,Lemon Rice,Rice,2,210.0,100,Register,UPI,Payment,Saravana Bhavan Corner,Chennai,0.0
2026-03-02,Rava Dosa,Dosa,2,231.0,110,Register,UPI,Payment,Saravana Bhavan Corner,Chennai,0.0
2026-03-02,Buttermilk,Beverages,1,31.5,30,Swiggy,Card,Payment,Saravana Bhavan Corner,Chennai,0.0
2026-03-02,Pongal,Tiffin,1,84.0,80,Swiggy,UPI,Payment,Saravana Bhavan Corner,Chennai,0.0
2026-03-02,Filter Coffee,Beverages,1,42.0,40,Swiggy,UPI,Payment,Saravana Bhavan Corner,Chennai,0.0
2026-03-02,Pongal,Tiffin,3,252.0,80,Register,Cash,Payment,Saravana Bhavan Corner,Chennai,0.0
2026-03-02,Plain Dosa,Dosa,3,220.5,70,Register,Cash,Payment,Saravana Bhavan Corner,Chennai,0.0
2026-03-02,Vada (2pc),Tiffin,1,52.5,50,Register,Cash,Payment,Saravana Bhavan Corner,Chennai,0.0
2026-03-02,Masala Dosa,Dosa,1,94.5,90,Swiggy,Card,Payment,Saravana Bhavan Corner,Chennai,0.0
2026-03-02,Mini Tiffin Thali,Thali,1,141.75,150,Swiggy,Card,Payment,Saravana Bhavan Corner,Chennai,0.0
2026-03-02,Sambar Rice,Rice,1,113.4,120,Swiggy,UPI,Payment,Saravana Bhavan Corner,Chennai,0.0
2026-03-02,Filter Coffee,Beverages,1,42.0,40,Register,Cash,Payment,Saravana Bhavan Corner,Chennai,0.0
2026-03-02,Idli Vada Combo,Tiffin,2,189.0,90,Register,Cash,Payment,Saravana Bhavan Corner,Chennai,0.0
2026-03-02,Idli Vada Combo,Tiffin,2,189.0,90,Register,Card,Payment,Saravana Bhavan Corner,Chennai,0.0
2026-03-02,Mysore Bonda,Snacks,1,63.0,60,Register,Card,Payment,Saravana Bhavan Corner,Chennai,0.0
2026-03-02,Idli (4pc),Tiffin,1,63.0,60,Register,Card,Payment,Saravana Bhavan Corner,Chennai,0.0
2026-03-02,Sambar Rice,Rice,2,226.8,120,Register,UPI,Payment,Saravana Bhavan Corner,Chennai,0.0
2026-03-02,Rava Dosa,Dosa,1,115.5,110,Register,UPI,Payment,Saravana Bhavan Corner,Chennai,0.0
2026-03-02,Vada (2pc),Tiffin,2,105.0,50,Swiggy,UPI,Payment,Saravana Bhavan Corner,Chennai,0.0
2026-03-02,Medu Vada Chaat,Snacks,1,66.15,70,Swiggy,UPI,Payment,Saravana Bhavan Corner,Chennai,0.0
2026-03-02,Veg Thali,Thali,1,189.0,180,Swiggy,UPI,Payment,Saravana Bhavan Corner,Chennai,0.0
2026-03-02,Sambar Rice,Rice,2,252.0,120,Register,Cash,Payment,Saravana Bhavan Corner,Chennai,0.0
2026-03-02,Masala Chai,Beverages,2,73.5,35,Register,Cash,Payment,Saravana Bhavan Corner,Chennai,0.0
2026-03-02,Curd Rice,Rice,1,94.5,90,Swiggy,Card,Payment,Saravana Bhavan Corner,Chennai,0.0
2026-03-02,Idli Vada Combo,Tiffin,1,94.5,90,Register,UPI,Payment,Saravana Bhavan Corner,Chennai,0.0
2026-03-02,Rasgulla (2pc),Desserts,2,147.0,70,Register,UPI,Payment,Saravana Bhavan Corner,Chennai,0.0
2026-03-02,Mysore Bonda,Snacks,2,113.4,60,Register,UPI,Payment,Saravana Bhavan Corner,Chennai,0.0
2026-03-02,Filter Coffee,Beverages,1,42.0,40,Swiggy,UPI,Payment,Saravana Bhavan Corner,Chennai,0.0
2026-03-02,Masala Dosa,Dosa,2,189.0,90,Swiggy,Card,Payment,Saravana Bhavan Corner,Chennai,0.0
2026-03-02,Mysore Bonda,Snacks,2,126.0,60,Register,UPI,Payment,Saravana Bhavan Corner,Chennai,0.0
2026-03-02,Masala Chai,Beverages,1,36.75,35,Register,Cash,Payment,Saravana Bhavan Corner,Chennai,0.0
2026-03-02,Buttermilk,Beverages,2,63.0,30,Swiggy,Card,Payment,Saravana Bhavan Corner,Chennai,0.0
2026-03-02,Masala Dosa,Dosa,2,189.0,90,Register,UPI,Payment,Saravana Bhavan Corner,Chennai,0.0
2026-03-02,Masala Dosa,Dosa,1,94.5,90,Register,Card,Payment,Saravana Bhavan Corner,Chennai,0.0
2026-03-02,Masala Chai,Beverages,2,73.5,35,Swiggy,Card,Payment,Saravana Bhavan Corner,Chennai,0.0
2026-03-02,Vada (2pc),Tiffin,1,52.5,50,Register,Cash,Payment,Saravana Bhavan Corner,Chennai,0.0
2026-03-02,Sambar Rice,Rice,1,126.0,120,Register,Cash,Payment,Saravana Bhavan Corner,Chennai,0.0
2026-03-02,Veg Thali,Thali,1,189.0,180,Register,Cash,Payment,Saravana Bhavan Corner,Chennai,0.0
2026-03-02,Idli (4pc),Tiffin,1,63.0,60,Register,Cash,Payment,Saravana Bhavan Corner,Chennai,0.0
2026-03-02,Lemon Rice,Rice,1,94.5,100,Register,UPI,Payment,Saravana Bhavan Corner,Chennai,0.0
2026-03-02,Lemon Rice,Rice,1,105.0,100,Swiggy,UPI,Payment,Saravana Bhavan Corner,Chennai,0.0
2026-03-02,Plain Dosa,Dosa,1,73.5,70,Swiggy,UPI,Payment,Saravana Bhavan Corner,Chennai,0.0
2026-03-02,Masala Dosa,Dosa,2,189.0,90,Register,UPI,Payment,Saravana Bhavan Corner,Chennai,0.0
2026-03-02,Lemon Rice,Rice,1,94.5,100,Register,UPI,Payment,Saravana Bhavan Corner,Chennai,0.0
2026-03-02,Veg Thali,Thali,1,189.0,180,Register,Card,Payment,Saravana Bhavan Corner,Chennai,0.0
2026-03-02,Rasgulla (2pc),Desserts,1,73.5,70,Register,Card,Payment,Saravana Bhavan Corner,Chennai,0.0
2026-03-02,Filter Coffee,Beverages,1,42.0,40,Swiggy,UPI,Payment,Saravana Bhavan Corner,Chennai,0.0
2026-03-02,Rava Dosa,Dosa,3,346.5,110,Swiggy,UPI,Payment,Saravana Bhavan Corner,Chennai,0.0
2026-03-02,Idli (4pc),Tiffin,1,56.7,60,Register,Cash,Payment,Saravana Bhavan Corner,Chennai,0.0
2026-03-03,Idli (4pc),Tiffin,1,63.0,60,Register,Card,Payment,Saravana Bhavan Corner,Chennai,0.0
2026-03-03,Masala Dosa,Dosa,1,94.5,90,Swiggy,Card,Payment,Saravana Bhavan Corner,Chennai,0.0
2026-03-03,Sambar Rice,Rice,1,126.0,120,Swiggy,UPI,Payment,Saravana Bhavan Corner,Chennai,0.0
2026-03-03,Masala Dosa,Dosa,1,94.5,90,Register,Cash,Payment,Saravana Bhavan Corner,Chennai,0.0
2026-03-03,Onion Uttapam,Dosa,1,105.0,100,Register,Cash,Payment,Saravana Bhavan Corner,Chennai,0.0
2026-03-03,Masala Dosa,Dosa,2,189.0,90,Register,Cash,Payment,Saravana Bhavan Corner,Chennai,0.0
2026-03-03,Filter Coffee,Beverages,1,42.0,40,Register,Card,Payment,Saravana Bhavan Corner,Chennai,0.0
2026-03-03,Masala Chai,Beverages,3,110.25,35,Register,Cash,Payment,Saravana Bhavan Corner,Chennai,0.0
2026-03-03,Mysore Bonda,Snacks,1,63.0,60,Register,Card,Payment,Saravana Bhavan Corner,Chennai,0.0
2026-03-03,Masala Chai,Beverages,1,36.75,35,Register,Cash,Payment,Saravana Bhavan Corner,Chennai,0.0
2026-03-03,Filter Coffee,Beverages,1,37.8,40,Register,Cash,Payment,Saravana Bhavan Corner,Chennai,0.0
2026-03-03,Idli (4pc),Tiffin,2,126.0,60,Swiggy,Card,Payment,Saravana Bhavan Corner,Chennai,0.0
2026-03-03,Idli Vada Combo,Tiffin,1,80.33,90,Swiggy,UPI,Payment,Saravana Bhavan Corner,Chennai,0.0
2026-03-03,Idli (4pc),Tiffin,2,107.1,60,Register,Cash,Payment,Saravana Bhavan Corner,Chennai,0.0
2026-03-03,Masala Dosa,Dosa,2,189.0,90,Swiggy,UPI,Payment,Saravana Bhavan Corner,Chennai,0.0
2026-03-03,Plain Dosa,Dosa,1,73.5,70,Swiggy,UPI,Payment,Saravana Bhavan Corner,Chennai,0.0
2026-03-03,Idli (4pc),Tiffin,2,126.0,60,Swiggy,UPI,Payment,Saravana Bhavan Corner,Chennai,0.0
2026-03-03,Masala Chai,Beverages,3,110.25,35,Swiggy,UPI,Payment,Saravana Bhavan Corner,Chennai,0.0
2026-03-03,Masala Chai,Beverages,2,73.5,35,Register,Card,Payment,Saravana Bhavan Corner,Chennai,0.0
2026-03-03,Mini Tiffin Thali,Thali,2,315.0,150,Register,Card,Payment,Saravana Bhavan Corner,Chennai,0.0
2026-03-03,Idli Vada Combo,Tiffin,1,94.5,90,Swiggy,UPI,Payment,Saravana Bhavan Corner,Chennai,0.0
2026-03-03,Idli (4pc),Tiffin,2,126.0,60,Swiggy,UPI,Payment,Saravana Bhavan Corner,Chennai,0.0
2026-03-03,Medu Vada Chaat,Snacks,3,220.5,70,Swiggy,UPI,Payment,Saravana Bhavan Corner,Chennai,0.0
2026-03-03,Rava Dosa,Dosa,1,115.5,110,Swiggy,UPI,Payment,Saravana Bhavan Corner,Chennai,0.0
2026-03-03,Masala Chai,Beverages,3,110.25,35,Register,UPI,Payment,Saravana Bhavan Corner,Chennai,0.0
2026-03-03,Idli (4pc),Tiffin,3,189.0,60,Register,UPI,Payment,Saravana Bhavan Corner,Chennai,0.0
2026-03-03,Masala Chai,Beverages,3,110.25,35,Register,UPI,Payment,Saravana Bhavan Corner,Chennai,0.0
2026-03-03,Bisi Bele Bath,Rice,3,348.07,130,Register,UPI,Payment,Saravana Bhavan Corner,Chennai,0.0
2026-03-03,Pongal,Tiffin,1,84.0,80,Swiggy,Card,Payment,Saravana Bhavan Corner,Chennai,0.0
2026-03-03,Buttermilk,Beverages,2,56.7,30,Swiggy,Card,Payment,Saravana Bhavan Corner,Chennai,0.0
2026-03-03,Onion Uttapam,Dosa,1,105.0,100,Swiggy,UPI,Payment,Saravana Bhavan Corner,Chennai,0.0
2026-03-03,Masala Dosa,Dosa,1,80.33,90,Swiggy,UPI,Payment,Saravana Bhavan Corner,Chennai,0.0
2026-03-03,Idli Vada Combo,Tiffin,2,189.0,90,Register,Card,Payment,Saravana Bhavan Corner,Chennai,0.0
2026-03-03,Curd Rice,Rice,2,189.0,90,Register,Card,Payment,Saravana Bhavan Corner,Chennai,0.0
2026-03-03,Rava Dosa,Dosa,1,115.5,110,Swiggy,Card,Payment,Saravana Bhavan Corner,Chennai,0.0
2026-03-03,Mini Tiffin Thali,Thali,2,315.0,150,Register,UPI,Payment,Saravana Bhavan Corner,Chennai,0.0
2026-03-03,Idli (4pc),Tiffin,1,63.0,60,Register,UPI,Payment,Saravana Bhavan Corner,Chennai,0.0
2026-03-03,Lemon Rice,Rice,1,94.5,100,Register,Card,Payment,Saravana Bhavan Corner,Chennai,0.0
2026-03-03,Idli (4pc),Tiffin,2,113.4,60,Register,UPI,Payment,Saravana Bhavan Corner,Chennai,0.0
2026-03-03,Veg Thali,Thali,1,189.0,180,Register,UPI,Payment,Saravana Bhavan Corner,Chennai,0.0
2026-03-03,Mini Tiffin Thali,Thali,3,472.5,150,Swiggy,Card,Payment,Saravana Bhavan Corner,Chennai,0.0
2026-03-03,Onion Uttapam,Dosa,2,210.0,100,Swiggy,Card,Payment,Saravana Bhavan Corner,Chennai,0.0
2026-03-03,Lemon Rice,Rice,1,89.25,100,Register,UPI,Payment,Saravana Bhavan Corner,Chennai,0.0
2026-03-03,Masala Chai,Beverages,2,73.5,35,Register,Cash,Payment,Saravana Bhavan Corner,Chennai,0.0
2026-03-03,Buttermilk,Beverages,1,28.35,30,Register,Cash,Payment,Saravana Bhavan Corner,Chennai,0.0
2026-03-03,Filter Coffee,Beverages,1,42.0,40,Register,UPI,Payment,Saravana Bhavan Corner,Chennai,0.0
2026-03-03,Rava Dosa,Dosa,1,115.5,110,Register,UPI,Payment,Saravana Bhavan Corner,Chennai,0.0
2026-03-03,Veg Thali,Thali,2,378.0,180,Register,UPI,Payment,Saravana Bhavan Corner,Chennai,0.0
2026-03-03,Curd Rice,Rice,2,189.0,90,Register,Cash,Payment,Saravana Bhavan Corner,Chennai,0.0
2026-03-03,Vada (2pc),Tiffin,2,105.0,50,Register,Card,Payment,Saravana Bhavan Corner,Chennai,0.0
2026-03-03,Buttermilk,Beverages,1,31.5,30,Register,Card,Payment,Saravana Bhavan Corner,Chennai,0.0
2026-03-03,Rasgulla (2pc),Desserts,1,62.48,70,Register,Card,Payment,Saravana Bhavan Corner,Chennai,0.0
2026-03-03,Idli Vada Combo,Tiffin,1,94.5,90,Register,Card,Payment,Saravana Bhavan Corner,Chennai,0.0
2026-03-03,Onion Uttapam,Dosa,2,210.0,100,Register,Card,Payment,Saravana Bhavan Corner,Chennai,0.0
2026-03-03,Rava Dosa,Dosa,1,115.5,110,Swiggy,UPI,Payment,Saravana Bhavan Corner,Chennai,0.0
2026-03-03,Plain Dosa,Dosa,1,73.5,70,Swiggy,UPI,Payment,Saravana Bhavan Corner,Chennai,0.0
2026-03-03,Idli Vada Combo,Tiffin,1,94.5,90,Swiggy,UPI,Payment,Saravana Bhavan Corner,Chennai,0.0
2026-03-03,Veg Thali,Thali,1,189.0,180,Register,Cash,Payment,Saravana Bhavan Corner,Chennai,0.0
2026-03-03,Masala Chai,Beverages,1,36.75,35,Register,Cash,Payment,Saravana Bhavan Corner,Chennai,0.0
2026-03-03,Idli (4pc),Tiffin,1,56.7,60,Register,Cash,Payment,Saravana Bhavan Corner,Chennai,0.0
2026-03-03,Vada (2pc),Tiffin,1,47.25,50,Register,Cash,Payment,Saravana Bhavan Corner,Chennai,0.0
2026-03-03,Mysore Bonda,Snacks,2,126.0,60,Swiggy,UPI,Payment,Saravana Bhavan Corner,Chennai,0.0
2026-03-03,Mysore Bonda,Snacks,2,126.0,60,Register,Cash,Payment,Saravana Bhavan Corner,Chennai,0.0
2026-03-03,Idli Vada Combo,Tiffin,1,85.05,90,Swiggy,UPI,Payment,Saravana Bhavan Corner,Chennai,0.0
2026-03-03,Idli (4pc),Tiffin,1,63.0,60,Register,Cash,Payment,Saravana Bhavan Corner,Chennai,0.0
2026-03-04,Bisi Bele Bath,Rice,2,273.0,130,Register,UPI,Payment,Saravana Bhavan Corner,Chennai,0.0
2026-03-04,Bisi Bele Bath,Rice,1,136.5,130,Register,UPI,Payment,Saravana Bhavan Corner,Chennai,0.0
2026-03-04,Veg Thali,Thali,1,189.0,180,Register,UPI,Payment,Saravana Bhavan Corner,Chennai,0.0
2026-03-04,Medu Vada Chaat,Snacks,1,73.5,70,Register,Cash,Payment,Saravana Bhavan Corner,Chennai,0.0
2026-03-04,Buttermilk,Beverages,2,63.0,30,Register,Card,Payment,Saravana Bhavan Corner,Chennai,0.0
2026-03-04,Rava Dosa,Dosa,3,346.5,110,Register,Card,Payment,Saravana Bhavan Corner,Chennai,0.0
2026-03-04,Lemon Rice,Rice,2,210.0,100,Register,Card,Payment,Saravana Bhavan Corner,Chennai,0.0
2026-03-04,Buttermilk,Beverages,1,31.5,30,Register,UPI,Payment,Saravana Bhavan Corner,Chennai,0.0
2026-03-04,Sambar Rice,Rice,1,126.0,120,Swiggy,Card,Payment,Saravana Bhavan Corner,Chennai,0.0
2026-03-04,Filter Coffee,Beverages,1,42.0,40,Register,Cash,Payment,Saravana Bhavan Corner,Chennai,0.0
2026-03-04,Mini Tiffin Thali,Thali,2,315.0,150,Swiggy,UPI,Payment,Saravana Bhavan Corner,Chennai,0.0
2026-03-04,Medu Vada Chaat,Snacks,1,73.5,70,Register,Cash,Payment,Saravana Bhavan Corner,Chennai,0.0
2026-03-04,Rava Dosa,Dosa,2,231.0,110,Swiggy,UPI,Payment,Saravana Bhavan Corner,Chennai,0.0
2026-03-04,Buttermilk,Beverages,1,31.5,30,Swiggy,UPI,Payment,Saravana Bhavan Corner,Chennai,0.0
2026-03-04,Masala Dosa,Dosa,1,94.5,90,Register,Cash,Payment,Saravana Bhavan Corner,Chennai,0.0
2026-03-04,Idli (4pc),Tiffin,1,56.7,60,Register,Cash,Payment,Saravana Bhavan Corner,Chennai,0.0
2026-03-04,Plain Dosa,Dosa,2,147.0,70,Register,Cash,Payment,Saravana Bhavan Corner,Chennai,0.0
2026-03-04,Masala Dosa,Dosa,1,94.5,90,Swiggy,Card,Payment,Saravana Bhavan Corner,Chennai,0.0
2026-03-04,Buttermilk,Beverages,2,63.0,30,Swiggy,Card,Payment,Saravana Bhavan Corner,Chennai,0.0
2026-03-04,Mysore Bonda,Snacks,1,63.0,60,Swiggy,Card,Payment,Saravana Bhavan Corner,Chennai,0.0
2026-03-04,Sambar Rice,Rice,2,252.0,120,Swiggy,Card,Payment,Saravana Bhavan Corner,Chennai,0.0
2026-03-04,Masala Chai,Beverages,1,36.75,35,Swiggy,Card,Payment,Saravana Bhavan Corner,Chennai,0.0
2026-03-04,Masala Dosa,Dosa,1,80.33,90,Swiggy,UPI,Payment,Saravana Bhavan Corner,Chennai,0.0
2026-03-04,Rasgulla (2pc),Desserts,1,73.5,70,Swiggy,Card,Payment,Saravana Bhavan Corner,Chennai,0.0
2026-03-04,Idli Vada Combo,Tiffin,2,160.65,90,Swiggy,Card,Payment,Saravana Bhavan Corner,Chennai,0.0
2026-03-04,Filter Coffee,Beverages,1,42.0,40,Swiggy,Card,Payment,Saravana Bhavan Corner,Chennai,0.0
2026-03-04,Masala Dosa,Dosa,3,283.5,90,Swiggy,Card,Payment,Saravana Bhavan Corner,Chennai,0.0
2026-03-04,Onion Uttapam,Dosa,2,210.0,100,Register,UPI,Payment,Saravana Bhavan Corner,Chennai,0.0
2026-03-04,Plain Dosa,Dosa,2,147.0,70,Register,UPI,Payment,Saravana Bhavan Corner,Chennai,0.0
2026-03-04,Mini Tiffin Thali,Thali,3,472.5,150,Swiggy,UPI,Payment,Saravana Bhavan Corner,Chennai,0.0
2026-03-04,Idli (4pc),Tiffin,2,107.1,60,Swiggy,UPI,Payment,Saravana Bhavan Corner,Chennai,0.0
2026-03-04,Mysore Bonda,Snacks,1,63.0,60,Swiggy,UPI,Payment,Saravana Bhavan Corner,Chennai,0.0
2026-03-04,Filter Coffee,Beverages,1,42.0,40,Register,UPI,Payment,Saravana Bhavan Corner,Chennai,0.0
2026-03-04,Vada (2pc),Tiffin,1,52.5,50,Register,UPI,Payment,Saravana Bhavan Corner,Chennai,0.0
2026-03-04,Masala Dosa,Dosa,2,189.0,90,Swiggy,Card,Payment,Saravana Bhavan Corner,Chennai,0.0
2026-03-04,Veg Thali,Thali,1,189.0,180,Swiggy,Card,Payment,Saravana Bhavan Corner,Chennai,0.0
2026-03-04,Masala Chai,Beverages,1,36.75,35,Swiggy,Card,Payment,Saravana Bhavan Corner,Chennai,0.0
2026-03-04,Filter Coffee,Beverages,3,126.0,40,Swiggy,Card,Payment,Saravana Bhavan Corner,Chennai,0.0
2026-03-04,Buttermilk,Beverages,2,63.0,30,Register,UPI,Payment,Saravana Bhavan Corner,Chennai,0.0
2026-03-04,Masala Dosa,Dosa,2,189.0,90,Register,Cash,Payment,Saravana Bhavan Corner,Chennai,0.0
2026-03-04,Pongal,Tiffin,1,84.0,80,Register,Cash,Payment,Saravana Bhavan Corner,Chennai,0.0
2026-03-04,Masala Dosa,Dosa,1,94.5,90,Register,Card,Payment,Saravana Bhavan Corner,Chennai,0.0
2026-03-04,Curd Rice,Rice,1,85.05,90,Register,Card,Payment,Saravana Bhavan Corner,Chennai,0.0
2026-03-04,Vada (2pc),Tiffin,2,105.0,50,Register,UPI,Payment,Saravana Bhavan Corner,Chennai,0.0
2026-03-04,Sambar Rice,Rice,1,107.1,120,Register,Card,Payment,Saravana Bhavan Corner,Chennai,0.0
2026-03-04,Pongal,Tiffin,1,84.0,80,Register,UPI,Payment,Saravana Bhavan Corner,Chennai,0.0
2026-03-04,Veg Thali,Thali,1,189.0,180,Register,Card,Payment,Saravana Bhavan Corner,Chennai,0.0
2026-03-04,Veg Thali,Thali,1,189.0,180,Register,Card,Payment,Saravana Bhavan Corner,Chennai,0.0
2026-03-04,Mini Tiffin Thali,Thali,1,157.5,150,Register,Cash,Payment,Saravana Bhavan Corner,Chennai,0.0
2026-03-04,Bisi Bele Bath,Rice,1,136.5,130,Swiggy,Card,Payment,Saravana Bhavan Corner,Chennai,0.0
2026-03-05,Buttermilk,Beverages,1,31.5,30,Register,Card,Payment,Saravana Bhavan Corner,Chennai,0.0
2026-03-05,Plain Dosa,Dosa,1,73.5,70,Register,Cash,Payment,Saravana Bhavan Corner,Chennai,0.0
2026-03-05,Idli Vada Combo,Tiffin,2,189.0,90,Register,Card,Payment,Saravana Bhavan Corner,Chennai,0.0
2026-03-05,Filter Coffee,Beverages,1,42.0,40,Swiggy,Card,Payment,Saravana Bhavan Corner,Chennai,0.0
2026-03-05,Bisi Bele Bath,Rice,1,136.5,130,Swiggy,Card,Payment,Saravana Bhavan Corner,Chennai,0.0
2026-03-05,Bisi Bele Bath,Rice,1,136.5,130,Register,UPI,Payment,Saravana Bhavan Corner,Chennai,0.0
2026-03-05,Curd Rice,Rice,3,283.5,90,Register,Card,Payment,Saravana Bhavan Corner,Chennai,0.0
2026-03-05,Idli Vada Combo,Tiffin,1,94.5,90,Register,Cash,Payment,Saravana Bhavan Corner,Chennai,0.0
2026-03-05,Curd Rice,Rice,3,283.5,90,Register,UPI,Payment,Saravana Bhavan Corner,Chennai,0.0
2026-03-05,Veg Thali,Thali,3,567.0,180,Swiggy,UPI,Payment,Saravana Bhavan Corner,Chennai,0.0
2026-03-05,Lemon Rice,Rice,1,105.0,100,Swiggy,Card,Payment,Saravana Bhavan Corner,Chennai,0.0
2026-03-05,Veg Thali,Thali,1,189.0,180,Register,Cash,Payment,Saravana Bhavan Corner,Chennai,0.0
2026-03-05,Masala Chai,Beverages,1,36.75,35,Swiggy,UPI,Payment,Saravana Bhavan Corner,Chennai,0.0
2026-03-05,Onion Uttapam,Dosa,1,105.0,100,Swiggy,UPI,Payment,Saravana Bhavan Corner,Chennai,0.0
2026-03-05,Rava Dosa,Dosa,1,115.5,110,Register,Card,Payment,Saravana Bhavan Corner,Chennai,0.0
2026-03-05,Sambar Rice,Rice,1,126.0,120,Register,Card,Payment,Saravana Bhavan Corner,Chennai,0.0
2026-03-05,Plain Dosa,Dosa,2,147.0,70,Register,Card,Payment,Saravana Bhavan Corner,Chennai,0.0
2026-03-05,Mini Tiffin Thali,Thali,1,157.5,150,Register,UPI,Payment,Saravana Bhavan Corner,Chennai,0.0
2026-03-05,Veg Thali,Thali,1,189.0,180,Register,Cash,Payment,Saravana Bhavan Corner,Chennai,0.0
2026-03-05,Masala Dosa,Dosa,1,80.33,90,Swiggy,Card,Payment,Saravana Bhavan Corner,Chennai,0.0
2026-03-05,Sambar Rice,Rice,3,378.0,120,Swiggy,Card,Payment,Saravana Bhavan Corner,Chennai,0.0
2026-03-05,Plain Dosa,Dosa,2,147.0,70,Swiggy,Card,Payment,Saravana Bhavan Corner,Chennai,0.0
2026-03-05,Buttermilk,Beverages,1,31.5,30,Swiggy,Card,Payment,Saravana Bhavan Corner,Chennai,0.0
2026-03-05,Bisi Bele Bath,Rice,1,136.5,130,Register,Cash,Payment,Saravana Bhavan Corner,Chennai,0.0
2026-03-05,Plain Dosa,Dosa,1,73.5,70,Register,UPI,Payment,Saravana Bhavan Corner,Chennai,0.0
2026-03-05,Vada (2pc),Tiffin,3,157.5,50,Register,UPI,Payment,Saravana Bhavan Corner,Chennai,0.0
2026-03-05,Rava Dosa,Dosa,3,346.5,110,Register,UPI,Payment,Saravana Bhavan Corner,Chennai,0.0
2026-03-05,Bisi Bele Bath,Rice,1,136.5,130,Register,UPI,Payment,Saravana Bhavan Corner,Chennai,0.0
2026-03-05,Idli (4pc),Tiffin,1,53.55,60,Register,UPI,Payment,Saravana Bhavan Corner,Chennai,0.0
2026-03-05,Masala Chai,Beverages,2,73.5,35,Register,UPI,Payment,Saravana Bhavan Corner,Chennai,0.0
2026-03-05,Plain Dosa,Dosa,1,73.5,70,Register,UPI,Payment,Saravana Bhavan Corner,Chennai,0.0
2026-03-05,Sambar Rice,Rice,1,126.0,120,Register,UPI,Payment,Saravana Bhavan Corner,Chennai,0.0
2026-03-05,Masala Chai,Beverages,1,36.75,35,Swiggy,Card,Payment,Saravana Bhavan Corner,Chennai,0.0
2026-03-05,Vada (2pc),Tiffin,1,52.5,50,Register,UPI,Payment,Saravana Bhavan Corner,Chennai,0.0
2026-03-05,Bisi Bele Bath,Rice,1,136.5,130,Swiggy,Card,Payment,Saravana Bhavan Corner,Chennai,0.0
2026-03-05,Masala Dosa,Dosa,2,189.0,90,Register,UPI,Payment,Saravana Bhavan Corner,Chennai,0.0
2026-03-05,Lemon Rice,Rice,1,89.25,100,Register,UPI,Payment,Saravana Bhavan Corner,Chennai,0.0
2026-03-05,Veg Thali,Thali,1,189.0,180,Register,UPI,Payment,Saravana Bhavan Corner,Chennai,0.0
2026-03-05,Buttermilk,Beverages,1,28.35,30,Register,UPI,Payment,Saravana Bhavan Corner,Chennai,0.0
2026-03-05,Mysore Bonda,Snacks,1,63.0,60,Swiggy,Card,Payment,Saravana Bhavan Corner,Chennai,0.0
2026-03-05,Masala Dosa,Dosa,2,189.0,90,Swiggy,Card,Payment,Saravana Bhavan Corner,Chennai,0.0
2026-03-05,Plain Dosa,Dosa,1,73.5,70,Swiggy,Card,Payment,Saravana Bhavan Corner,Chennai,0.0
2026-03-05,Idli Vada Combo,Tiffin,1,94.5,90,Swiggy,Card,Payment,Saravana Bhavan Corner,Chennai,0.0
2026-03-05,Filter Coffee,Beverages,1,37.8,40,Swiggy,Card,Payment,Saravana Bhavan Corner,Chennai,0.0
2026-03-05,Idli (4pc),Tiffin,2,126.0,60,Register,Card,Payment,Saravana Bhavan Corner,Chennai,0.0
2026-03-05,Curd Rice,Rice,1,94.5,90,Swiggy,Card,Payment,Saravana Bhavan Corner,Chennai,0.0
2026-03-05,Sambar Rice,Rice,1,126.0,120,Swiggy,Card,Payment,Saravana Bhavan Corner,Chennai,0.0
2026-03-05,Masala Dosa,Dosa,1,94.5,90,Swiggy,UPI,Payment,Saravana Bhavan Corner,Chennai,0.0
2026-03-05,Mini Tiffin Thali,Thali,3,401.62,150,Register,UPI,Payment,Saravana Bhavan Corner,Chennai,0.0
2026-03-05,Filter Coffee,Beverages,1,42.0,40,Register,UPI,Payment,Saravana Bhavan Corner,Chennai,0.0
2026-03-05,Onion Uttapam,Dosa,1,105.0,100,Register,UPI,Payment,Saravana Bhavan Corner,Chennai,0.0
2026-03-05,Veg Thali,Thali,2,378.0,180,Register,UPI,Payment,Saravana Bhavan Corner,Chennai,0.0
2026-03-05,Filter Coffee,Beverages,1,35.7,40,Register,Card,Payment,Saravana Bhavan Corner,Chennai,0.0
2026-03-05,Masala Dosa,Dosa,1,94.5,90,Register,Card,Payment,Saravana Bhavan Corner,Chennai,0.0
2026-03-05,Buttermilk,Beverages,1,31.5,30,Register,Card,Payment,Saravana Bhavan Corner,Chennai,0.0
2026-03-05,Veg Thali,Thali,1,160.65,180,Swiggy,Card,Payment,Saravana Bhavan Corner,Chennai,0.0
2026-03-05,Veg Thali,Thali,2,378.0,180,Swiggy,Card,Payment,Saravana Bhavan Corner,Chennai,0.0
2026-03-05,Lemon Rice,Rice,1,105.0,100,Swiggy,Card,Payment,Saravana Bhavan Corner,Chennai,0.0
2026-03-05,Idli (4pc),Tiffin,1,63.0,60,Swiggy,UPI,Payment,Saravana Bhavan Corner,Chennai,0.0
2026-03-05,Idli Vada Combo,Tiffin,1,94.5,90,Register,Card,Payment,Saravana Bhavan Corner,Chennai,0.0
2026-03-05,Pongal,Tiffin,1,71.4,80,Register,Card,Payment,Saravana Bhavan Corner,Chennai,0.0
2026-03-05,Masala Chai,Beverages,1,31.24,35,Register,Cash,Payment,Saravana Bhavan Corner,Chennai,0.0
2026-03-05,Mysore Bonda,Snacks,1,63.0,60,Register,Card,Payment,Saravana Bhavan Corner,Chennai,0.0
2026-03-05,Veg Thali,Thali,1,189.0,180,Register,Card,Payment,Saravana Bhavan Corner,Chennai,0.0
2026-03-05,Filter Coffee,Beverages,1,42.0,40,Register,Card,Payment,Saravana Bhavan Corner,Chennai,0.0
2026-03-05,Masala Chai,Beverages,1,36.75,35,Register,Card,Payment,Saravana Bhavan Corner,Chennai,0.0
2026-03-05,Mini Tiffin Thali,Thali,2,315.0,150,Swiggy,UPI,Payment,Saravana Bhavan Corner,Chennai,0.0
2026-03-05,Veg Thali,Thali,1,189.0,180,Register,UPI,Payment,Saravana Bhavan Corner,Chennai,0.0
2026-03-05,Onion Uttapam,Dosa,2,210.0,100,Register,Card,Payment,Saravana Bhavan Corner,Chennai,0.0
2026-03-05,Mysore Bonda,Snacks,1,63.0,60,Swiggy,UPI,Payment,Saravana Bhavan Corner,Chennai,0.0
2026-03-05,Lemon Rice,Rice,1,105.0,100,Register,UPI,Payment,Saravana Bhavan Corner,Chennai,0.0
2026-03-05,Buttermilk,Beverages,1,28.35,30,Swiggy,UPI,Payment,Saravana Bhavan Corner,Chennai,0.0
2026-03-05,Veg Thali,Thali,2,378.0,180,Swiggy,UPI,Payment,Saravana Bhavan Corner,Chennai,0.0
2026-03-05,Sambar Rice,Rice,1,126.0,120,Swiggy,UPI,Payment,Saravana Bhavan Corner,Chennai,0.0
2026-03-05,Onion Uttapam,Dosa,1,105.0,100,Swiggy,UPI,Payment,Saravana Bhavan Corner,Chennai,0.0
2026-03-05,Idli (4pc),Tiffin,1,63.0,60,Register,Cash,Payment,Saravana Bhavan Corner,Chennai,0.0
2026-03-05,Sambar Rice,Rice,2,252.0,120,Register,Cash,Payment,Saravana Bhavan Corner,Chennai,0.0
2026-03-05,Medu Vada Chaat,Snacks,2,147.0,70,Register,Cash,Payment,Saravana Bhavan Corner,Chennai,0.0
2026-03-05,Masala Dosa,Dosa,1,94.5,90,Register,Cash,Payment,Saravana Bhavan Corner,Chennai,0.0
2026-03-05,Masala Dosa,Dosa,2,189.0,90,Register,UPI,Payment,Saravana Bhavan Corner,Chennai,0.0
2026-03-05,Idli (4pc),Tiffin,1,63.0,60,Swiggy,Card,Payment,Saravana Bhavan Corner,Chennai,0.0
2026-03-05,Onion Uttapam,Dosa,1,105.0,100,Register,UPI,Payment,Saravana Bhavan Corner,Chennai,0.0
2026-03-05,Curd Rice,Rice,1,85.05,90,Register,UPI,Payment,Saravana Bhavan Corner,Chennai,0.0
2026-03-05,Masala Dosa,Dosa,1,94.5,90,Swiggy,Card,Payment,Saravana Bhavan Corner,Chennai,0.0
2026-03-05,Mysore Bonda,Snacks,1,63.0,60,Register,Card,Payment,Saravana Bhavan Corner,Chennai,0.0
2026-03-05,Filter Coffee,Beverages,1,37.8,40,Register,Card,Payment,Saravana Bhavan Corner,Chennai,0.0
2026-03-05,Sambar Rice,Rice,1,126.0,120,Register,Card,Payment,Saravana Bhavan Corner,Chennai,0.0
2026-03-05,Sambar Rice,Rice,3,321.3,120,Register,Card,Payment,Saravana Bhavan Corner,Chennai,0.0
2026-03-05,Mini Tiffin Thali,Thali,3,472.5,150,Register,Card,Payment,Saravana Bhavan Corner,Chennai,0.0
2026-03-05,Masala Dosa,Dosa,1,94.5,90,Register,Card,Payment,Saravana Bhavan Corner,Chennai,0.0
2026-03-05,Buttermilk,Beverages,1,31.5,30,Register,Card,Payment,Saravana Bhavan Corner,Chennai,0.0
2026-03-05,Filter Coffee,Beverages,1,42.0,40,Swiggy,Card,Payment,Saravana Bhavan Corner,Chennai,0.0
2026-03-06,Rava Dosa,Dosa,3,311.85,110,Register,Card,Payment,Saravana Bhavan Corner,Chennai,0.0
2026-03-06,Buttermilk,Beverages,1,31.5,30,Register,Cash,Payment,Saravana Bhavan Corner,Chennai,0.0
2026-03-06,Curd Rice,Rice,1,94.5,90,Register,Cash,Payment,Saravana Bhavan Corner,Chennai,0.0
2026-03-06,Masala Chai,Beverages,1,36.75,35,Register,Cash,Payment,Saravana Bhavan Corner,Chennai,0.0
2026-03-06,Idli (4pc),Tiffin,2,113.4,60,Register,Cash,Payment,Saravana Bhavan Corner,Chennai,0.0
2026-03-06,Mini Tiffin Thali,Thali,3,472.5,150,Register,Cash,Payment,Saravana Bhavan Corner,Chennai,0.0
2026-03-06,Veg Thali,Thali,1,189.0,180,Register,Cash,Payment,Saravana Bhavan Corner,Chennai,0.0
2026-03-06,Buttermilk,Beverages,2,63.0,30,Register,Cash,Payment,Saravana Bhavan Corner,Chennai,0.0
2026-03-06,Idli (4pc),Tiffin,3,160.65,60,Register,Cash,Payment,Saravana Bhavan Corner,Chennai,0.0
2026-03-06,Pongal,Tiffin,1,84.0,80,Register,Card,Payment,Saravana Bhavan Corner,Chennai,0.0
2026-03-06,Curd Rice,Rice,2,189.0,90,Register,Cash,Payment,Saravana Bhavan Corner,Chennai,0.0
2026-03-06,Filter Coffee,Beverages,2,84.0,40,Register,Cash,Payment,Saravana Bhavan Corner,Chennai,0.0
2026-03-06,Pongal,Tiffin,3,252.0,80,Swiggy,UPI,Payment,Saravana Bhavan Corner,Chennai,0.0
2026-03-06,Idli (4pc),Tiffin,2,126.0,60,Swiggy,UPI,Payment,Saravana Bhavan Corner,Chennai,0.0
2026-03-06,Buttermilk,Beverages,1,31.5,30,Register,Cash,Payment,Saravana Bhavan Corner,Chennai,0.0
2026-03-06,Plain Dosa,Dosa,1,66.15,70,Register,Cash,Payment,Saravana Bhavan Corner,Chennai,0.0
2026-03-06,Filter Coffee,Beverages,2,75.6,40,Swiggy,Card,Payment,Saravana Bhavan Corner,Chennai,0.0
2026-03-06,Rava Dosa,Dosa,3,346.5,110,Swiggy,UPI,Payment,Saravana Bhavan Corner,Chennai,0.0
2026-03-06,Buttermilk,Beverages,1,31.5,30,Swiggy,UPI,Payment,Saravana Bhavan Corner,Chennai,0.0
2026-03-06,Bisi Bele Bath,Rice,1,136.5,130,Swiggy,Card,Payment,Saravana Bhavan Corner,Chennai,0.0
2026-03-06,Rasgulla (2pc),Desserts,3,220.5,70,Register,UPI,Payment,Saravana Bhavan Corner,Chennai,0.0
2026-03-06,Onion Uttapam,Dosa,2,210.0,100,Register,UPI,Payment,Saravana Bhavan Corner,Chennai,0.0
2026-03-06,Medu Vada Chaat,Snacks,2,132.3,70,Register,UPI,Payment,Saravana Bhavan Corner,Chennai,0.0
2026-03-06,Medu Vada Chaat,Snacks,2,147.0,70,Register,UPI,Payment,Saravana Bhavan Corner,Chennai,0.0
2026-03-06,Pongal,Tiffin,1,84.0,80,Register,Cash,Payment,Saravana Bhavan Corner,Chennai,0.0
2026-03-06,Sambar Rice,Rice,2,214.2,120,Register,UPI,Payment,Saravana Bhavan Corner,Chennai,0.0
2026-03-06,Masala Chai,Beverages,1,36.75,35,Swiggy,UPI,Payment,Saravana Bhavan Corner,Chennai,0.0
2026-03-06,Masala Chai,Beverages,1,33.08,35,Swiggy,Card,Payment,Saravana Bhavan Corner,Chennai,0.0
2026-03-06,Masala Chai,Beverages,1,36.75,35,Swiggy,Card,Payment,Saravana Bhavan Corner,Chennai,0.0
2026-03-06,Buttermilk,Beverages,1,31.5,30,Swiggy,Card,Payment,Saravana Bhavan Corner,Chennai,0.0
2026-03-06,Bisi Bele Bath,Rice,1,136.5,130,Swiggy,UPI,Payment,Saravana Bhavan Corner,Chennai,0.0
2026-03-06,Pongal,Tiffin,1,84.0,80,Swiggy,UPI,Payment,Saravana Bhavan Corner,Chennai,0.0
2026-03-06,Sambar Rice,Rice,1,126.0,120,Swiggy,UPI,Payment,Saravana Bhavan Corner,Chennai,0.0
2026-03-06,Mini Tiffin Thali,Thali,2,315.0,150,Register,UPI,Payment,Saravana Bhavan Corner,Chennai,0.0
2026-03-06,Idli Vada Combo,Tiffin,1,94.5,90,Swiggy,UPI,Payment,Saravana Bhavan Corner,Chennai,0.0
2026-03-06,Plain Dosa,Dosa,1,73.5,70,Register,Cash,Payment,Saravana Bhavan Corner,Chennai,0.0
2026-03-06,Filter Coffee,Beverages,2,84.0,40,Swiggy,Card,Payment,Saravana Bhavan Corner,Chennai,0.0
2026-03-06,Mysore Bonda,Snacks,1,63.0,60,Register,Card,Payment,Saravana Bhavan Corner,Chennai,0.0
2026-03-06,Mini Tiffin Thali,Thali,1,157.5,150,Register,Card,Payment,Saravana Bhavan Corner,Chennai,0.0
2026-03-06,Buttermilk,Beverages,1,26.78,30,Register,Card,Payment,Saravana Bhavan Corner,Chennai,0.0
2026-03-06,Veg Thali,Thali,1,189.0,180,Register,Card,Payment,Saravana Bhavan Corner,Chennai,0.0
2026-03-06,Masala Chai,Beverages,1,36.75,35,Register,Card,Payment,Saravana Bhavan Corner,Chennai,0.0
2026-03-06,Sambar Rice,Rice,1,107.1,120,Swiggy,Card,Payment,Saravana Bhavan Corner,Chennai,0.0
2026-03-06,Masala Chai,Beverages,1,36.75,35,Register,UPI,Payment,Saravana Bhavan Corner,Chennai,0.0
2026-03-06,Plain Dosa,Dosa,1,73.5,70,Register,Cash,Payment,Saravana Bhavan Corner,Chennai,0.0
2026-03-06,Sambar Rice,Rice,1,126.0,120,Swiggy,UPI,Payment,Saravana Bhavan Corner,Chennai,0.0
2026-03-06,Filter Coffee,Beverages,1,42.0,40,Swiggy,UPI,Payment,Saravana Bhavan Corner,Chennai,0.0
2026-03-06,Curd Rice,Rice,3,283.5,90,Swiggy,UPI,Payment,Saravana Bhavan Corner,Chennai,0.0
2026-03-06,Vada (2pc),Tiffin,1,52.5,50,Swiggy,UPI,Payment,Saravana Bhavan Corner,Chennai,0.0
2026-03-06,Veg Thali,Thali,1,189.0,180,Swiggy,UPI,Payment,Saravana Bhavan Corner,Chennai,0.0
2026-03-06,Lemon Rice,Rice,3,315.0,100,Register,UPI,Payment,Saravana Bhavan Corner,Chennai,0.0
2026-03-06,Veg Thali,Thali,1,170.1,180,Swiggy,Card,Payment,Saravana Bhavan Corner,Chennai,0.0
2026-03-06,Onion Uttapam,Dosa,1,105.0,100,Register,Cash,Payment,Saravana Bhavan Corner,Chennai,0.0
2026-03-06,Veg Thali,Thali,1,189.0,180,Register,Card,Payment,Saravana Bhavan Corner,Chennai,0.0
2026-03-06,Filter Coffee,Beverages,2,75.6,40,Register,Cash,Payment,Saravana Bhavan Corner,Chennai,0.0
2026-03-06,Medu Vada Chaat,Snacks,2,147.0,70,Swiggy,Card,Payment,Saravana Bhavan Corner,Chennai,0.0
2026-03-06,Veg Thali,Thali,2,378.0,180,Swiggy,UPI,Payment,Saravana Bhavan Corner,Chennai,0.0
2026-03-06,Vada (2pc),Tiffin,1,52.5,50,Swiggy,Card,Payment,Saravana Bhavan Corner,Chennai,0.0
2026-03-06,Filter Coffee,Beverages,1,42.0,40,Swiggy,UPI,Payment,Saravana Bhavan Corner,Chennai,0.0
2026-03-06,Onion Uttapam,Dosa,1,105.0,100,Register,Cash,Payment,Saravana Bhavan Corner,Chennai,0.0
2026-03-06,Sambar Rice,Rice,1,126.0,120,Register,Cash,Payment,Saravana Bhavan Corner,Chennai,0.0
2026-03-06,Idli Vada Combo,Tiffin,2,170.1,90,Swiggy,UPI,Payment,Saravana Bhavan Corner,Chennai,0.0
2026-03-06,Mysore Bonda,Snacks,1,63.0,60,Register,Cash,Payment,Saravana Bhavan Corner,Chennai,0.0
2026-03-06,Filter Coffee,Beverages,2,84.0,40,Register,Cash,Payment,Saravana Bhavan Corner,Chennai,0.0
2026-03-06,Masala Dosa,Dosa,2,189.0,90,Register,Cash,Payment,Saravana Bhavan Corner,Chennai,0.0
2026-03-06,Mini Tiffin Thali,Thali,1,141.75,150,Register,Card,Payment,Saravana Bhavan Corner,Chennai,0.0
2026-03-06,Rasgulla (2pc),Desserts,1,73.5,70,Register,Card,Payment,Saravana Bhavan Corner,Chennai,0.0
2026-03-06,Veg Thali,Thali,1,170.1,180,Register,Card,Payment,Saravana Bhavan Corner,Chennai,0.0
2026-03-06,Onion Uttapam,Dosa,1,94.5,100,Register,Cash,Payment,Saravana Bhavan Corner,Chennai,0.0
2026-03-07,Onion Uttapam,Dosa,3,315.0,100,Register,Cash,Payment,Saravana Bhavan Corner,Chennai,0.0
2026-03-07,Mysore Bonda,Snacks,1,63.0,60,Register,UPI,Payment,Saravana Bhavan Corner,Chennai,0.0
2026-03-07,Curd Rice,Rice,1,94.5,90,Register,Cash,Payment,Saravana Bhavan Corner,Chennai,0.0
2026-03-07,Veg Thali,Thali,1,170.1,180,Register,Card,Payment,Saravana Bhavan Corner,Chennai,0.0
2026-03-07,Vada (2pc),Tiffin,2,105.0,50,Register,Card,Payment,Saravana Bhavan Corner,Chennai,0.0
2026-03-07,Pongal,Tiffin,1,84.0,80,Register,Card,Payment,Saravana Bhavan Corner,Chennai,0.0
2026-03-07,Masala Dosa,Dosa,1,85.05,90,Register,Cash,Payment,Saravana Bhavan Corner,Chennai,0.0
2026-03-07,Mini Tiffin Thali,Thali,2,315.0,150,Register,Cash,Payment,Saravana Bhavan Corner,Chennai,0.0
2026-03-07,Idli (4pc),Tiffin,1,63.0,60,Register,Cash,Payment,Saravana Bhavan Corner,Chennai,0.0
2026-03-07,Sambar Rice,Rice,1,126.0,120,Swiggy,Card,Payment,Saravana Bhavan Corner,Chennai,0.0
2026-03-07,Sambar Rice,Rice,1,126.0,120,Register,UPI,Payment,Saravana Bhavan Corner,Chennai,0.0
2026-03-07,Plain Dosa,Dosa,2,147.0,70,Register,UPI,Payment,Saravana Bhavan Corner,Chennai,0.0
2026-03-07,Buttermilk,Beverages,1,31.5,30,Register,UPI,Payment,Saravana Bhavan Corner,Chennai,0.0
2026-03-07,Filter Coffee,Beverages,1,42.0,40,Register,UPI,Payment,Saravana Bhavan Corner,Chennai,0.0
2026-03-07,Masala Chai,Beverages,2,66.15,35,Register,UPI,Payment,Saravana Bhavan Corner,Chennai,0.0
2026-03-07,Pongal,Tiffin,2,168.0,80,Swiggy,UPI,Payment,Saravana Bhavan Corner,Chennai,0.0
2026-03-07,Bisi Bele Bath,Rice,3,348.07,130,Swiggy,UPI,Payment,Saravana Bhavan Corner,Chennai,0.0
2026-03-07,Rasgulla (2pc),Desserts,1,73.5,70,Swiggy,UPI,Payment,Saravana Bhavan Corner,Chennai,0.0
2026-03-07,Idli (4pc),Tiffin,2,126.0,60,Register,Card,Payment,Saravana Bhavan Corner,Chennai,0.0
2026-03-07,Buttermilk,Beverages,1,31.5,30,Register,Cash,Payment,Saravana Bhavan Corner,Chennai,0.0
2026-03-07,Rava Dosa,Dosa,1,115.5,110,Register,Card,Payment,Saravana Bhavan Corner,Chennai,0.0
2026-03-07,Onion Uttapam,Dosa,1,105.0,100,Swiggy,Card,Payment,Saravana Bhavan Corner,Chennai,0.0
2026-03-07,Masala Chai,Beverages,1,36.75,35,Register,Card,Payment,Saravana Bhavan Corner,Chennai,0.0
2026-03-07,Rasgulla (2pc),Desserts,2,147.0,70,Swiggy,UPI,Payment,Saravana Bhavan Corner,Chennai,0.0
2026-03-07,Filter Coffee,Beverages,1,42.0,40,Register,UPI,Payment,Saravana Bhavan Corner,Chennai,0.0
2026-03-07,Masala Chai,Beverages,1,36.75,35,Register,UPI,Payment,Saravana Bhavan Corner,Chennai,0.0
2026-03-07,Onion Uttapam,Dosa,2,210.0,100,Register,Cash,Payment,Saravana Bhavan Corner,Chennai,0.0
2026-03-07,Veg Thali,Thali,1,170.1,180,Swiggy,Card,Payment,Saravana Bhavan Corner,Chennai,0.0
2026-03-07,Sambar Rice,Rice,2,226.8,120,Swiggy,Card,Payment,Saravana Bhavan Corner,Chennai,0.0
2026-03-07,Filter Coffee,Beverages,1,35.7,40,Register,Cash,Payment,Saravana Bhavan Corner,Chennai,0.0
2026-03-07,Vada (2pc),Tiffin,2,105.0,50,Register,Cash,Payment,Saravana Bhavan Corner,Chennai,0.0
2026-03-07,Veg Thali,Thali,1,189.0,180,Register,Cash,Payment,Saravana Bhavan Corner,Chennai,0.0
2026-03-07,Veg Thali,Thali,1,189.0,180,Register,Card,Payment,Saravana Bhavan Corner,Chennai,0.0
2026-03-07,Mini Tiffin Thali,Thali,2,315.0,150,Swiggy,Card,Payment,Saravana Bhavan Corner,Chennai,0.0
2026-03-07,Masala Dosa,Dosa,1,94.5,90,Register,Cash,Payment,Saravana Bhavan Corner,Chennai,0.0
2026-03-07,Masala Dosa,Dosa,2,189.0,90,Register,Cash,Payment,Saravana Bhavan Corner,Chennai,0.0
2026-03-07,Lemon Rice,Rice,2,178.5,100,Register,Cash,Payment,Saravana Bhavan Corner,Chennai,0.0
2026-03-07,Onion Uttapam,Dosa,2,210.0,100,Register,Cash,Payment,Saravana Bhavan Corner,Chennai,0.0
2026-03-07,Idli (4pc),Tiffin,1,63.0,60,Swiggy,Card,Payment,Saravana Bhavan Corner,Chennai,0.0
2026-03-07,Idli Vada Combo,Tiffin,2,189.0,90,Swiggy,Card,Payment,Saravana Bhavan Corner,Chennai,0.0
2026-03-07,Pongal,Tiffin,3,252.0,80,Register,Cash,Payment,Saravana Bhavan Corner,Chennai,0.0
2026-03-07,Curd Rice,Rice,1,94.5,90,Register,Cash,Payment,Saravana Bhavan Corner,Chennai,0.0
2026-03-07,Curd Rice,Rice,3,283.5,90,Register,Cash,Payment,Saravana Bhavan Corner,Chennai,0.0
2026-03-07,Curd Rice,Rice,1,94.5,90,Swiggy,UPI,Payment,Saravana Bhavan Corner,Chennai,0.0
2026-03-07,Idli (4pc),Tiffin,1,63.0,60,Swiggy,UPI,Payment,Saravana Bhavan Corner,Chennai,0.0
2026-03-07,Idli (4pc),Tiffin,2,126.0,60,Register,UPI,Payment,Saravana Bhavan Corner,Chennai,0.0
2026-03-07,Masala Dosa,Dosa,1,80.33,90,Swiggy,UPI,Payment,Saravana Bhavan Corner,Chennai,0.0
2026-03-07,Idli (4pc),Tiffin,1,63.0,60,Register,Card,Payment,Saravana Bhavan Corner,Chennai,0.0
2026-03-07,Idli (4pc),Tiffin,1,63.0,60,Register,Card,Payment,Saravana Bhavan Corner,Chennai,0.0
2026-03-07,Bisi Bele Bath,Rice,1,136.5,130,Register,Card,Payment,Saravana Bhavan Corner,Chennai,0.0
2026-03-07,Rava Dosa,Dosa,1,115.5,110,Register,Card,Payment,Saravana Bhavan Corner,Chennai,0.0
2026-03-07,Curd Rice,Rice,2,189.0,90,Register,Card,Payment,Saravana Bhavan Corner,Chennai,0.0
2026-03-07,Buttermilk,Beverages,2,63.0,30,Register,Card,Payment,Saravana Bhavan Corner,Chennai,0.0
2026-03-07,Curd Rice,Rice,2,189.0,90,Swiggy,Card,Payment,Saravana Bhavan Corner,Chennai,0.0
2026-03-07,Idli (4pc),Tiffin,1,63.0,60,Swiggy,Card,Payment,Saravana Bhavan Corner,Chennai,0.0
2026-03-07,Lemon Rice,Rice,1,105.0,100,Register,UPI,Payment,Saravana Bhavan Corner,Chennai,0.0
2026-03-07,Plain Dosa,Dosa,1,73.5,70,Register,UPI,Payment,Saravana Bhavan Corner,Chennai,0.0
2026-03-07,Vada (2pc),Tiffin,3,141.75,50,Swiggy,UPI,Payment,Saravana Bhavan Corner,Chennai,0.0
2026-03-07,Mini Tiffin Thali,Thali,1,157.5,150,Swiggy,UPI,Payment,Saravana Bhavan Corner,Chennai,0.0
2026-03-07,Filter Coffee,Beverages,2,84.0,40,Swiggy,Card,Payment,Saravana Bhavan Corner,Chennai,0.0
2026-03-07,Vada (2pc),Tiffin,1,44.62,50,Swiggy,Card,Payment,Saravana Bhavan Corner,Chennai,0.0
2026-03-07,Onion Uttapam,Dosa,2,210.0,100,Swiggy,Card,Payment,Saravana Bhavan Corner,Chennai,0.0
2026-03-07,Buttermilk,Beverages,1,31.5,30,Swiggy,Card,Payment,Saravana Bhavan Corner,Chennai,0.0
2026-03-07,Bisi Bele Bath,Rice,1,136.5,130,Swiggy,Card,Payment,Saravana Bhavan Corner,Chennai,0.0
2026-03-07,Vada (2pc),Tiffin,1,52.5,50,Swiggy,Card,Payment,Saravana Bhavan Corner,Chennai,0.0
2026-03-07,Rava Dosa,Dosa,1,115.5,110,Swiggy,Card,Payment,Saravana Bhavan Corner,Chennai,0.0
2026-03-07,Lemon Rice,Rice,1,94.5,100,Register,Card,Payment,Saravana Bhavan Corner,Chennai,0.0
2026-03-07,Vada (2pc),Tiffin,1,52.5,50,Register,UPI,Payment,Saravana Bhavan Corner,Chennai,0.0
2026-03-07,Vada (2pc),Tiffin,1,52.5,50,Register,UPI,Payment,Saravana Bhavan Corner,Chennai,0.0
2026-03-07,Rasgulla (2pc),Desserts,3,220.5,70,Register,UPI,Payment,Saravana Bhavan Corner,Chennai,0.0
2026-03-07,Filter Coffee,Beverages,1,42.0,40,Register,UPI,Payment,Saravana Bhavan Corner,Chennai,0.0
2026-03-07,Masala Chai,Beverages,2,73.5,35,Register,Card,Payment,Saravana Bhavan Corner,Chennai,0.0
2026-03-07,Filter Coffee,Beverages,2,84.0,40,Register,Card,Payment,Saravana Bhavan Corner,Chennai,0.0
2026-03-07,Veg Thali,Thali,1,189.0,180,Register,UPI,Payment,Saravana Bhavan Corner,Chennai,0.0
2026-03-07,Mini Tiffin Thali,Thali,2,315.0,150,Swiggy,UPI,Payment,Saravana Bhavan Corner,Chennai,0.0
2026-03-07,Masala Dosa,Dosa,2,189.0,90,Register,UPI,Payment,Saravana Bhavan Corner,Chennai,0.0
2026-03-07,Mysore Bonda,Snacks,1,63.0,60,Register,UPI,Payment,Saravana Bhavan Corner,Chennai,0.0
2026-03-07,Rasgulla (2pc),Desserts,1,73.5,70,Register,Cash,Payment,Saravana Bhavan Corner,Chennai,0.0
2026-03-07,Onion Uttapam,Dosa,2,210.0,100,Register,Cash,Payment,Saravana Bhavan Corner,Chennai,0.0
2026-03-07,Plain Dosa,Dosa,1,73.5,70,Register,Cash,Payment,Saravana Bhavan Corner,Chennai,0.0
2026-03-07,Masala Dosa,Dosa,1,94.5,90,Register,UPI,Payment,Saravana Bhavan Corner,Chennai,0.0
2026-03-07,Masala Dosa,Dosa,1,94.5,90,Swiggy,UPI,Payment,Saravana Bhavan Corner,Chennai,0.0
2026-03-07,Idli Vada Combo,Tiffin,2,189.0,90,Register,Card,Payment,Saravana Bhavan Corner,Chennai,0.0
2026-03-07,Onion Uttapam,Dosa,1,105.0,100,Register,Card,Payment,Saravana Bhavan Corner,Chennai,0.0
2026-03-07,Rasgulla (2pc),Desserts,1,73.5,70,Register,Card,Payment,Saravana Bhavan Corner,Chennai,0.0
2026-03-07,Rava Dosa,Dosa,1,115.5,110,Swiggy,UPI,Payment,Saravana Bhavan Corner,Chennai,0.0
2026-03-07,Lemon Rice,Rice,2,210.0,100,Swiggy,UPI,Payment,Saravana Bhavan Corner,Chennai,0.0
2026-03-07,Bisi Bele Bath,Rice,1,136.5,130,Register,Card,Payment,Saravana Bhavan Corner,Chennai,0.0
2026-03-07,Masala Chai,Beverages,1,36.75,35,Register,Card,Payment,Saravana Bhavan Corner,Chennai,0.0
2026-03-07,Lemon Rice,Rice,1,94.5,100,Swiggy,UPI,Payment,Saravana Bhavan Corner,Chennai,0.0
2026-03-07,Masala Dosa,Dosa,1,85.05,90,Swiggy,UPI,Payment,Saravana Bhavan Corner,Chennai,0.0
2026-03-08,Curd Rice,Rice,3,283.5,90,Swiggy,UPI,Payment,Saravana Bhavan Corner,Chennai,0.0
2026-03-08,Masala Dosa,Dosa,2,189.0,90,Register,Cash,Payment,Saravana Bhavan Corner,Chennai,0.0
2026-03-08,Masala Chai,Beverages,2,73.5,35,Register,Cash,Payment,Saravana Bhavan Corner,Chennai,0.0
2026-03-08,Medu Vada Chaat,Snacks,3,220.5,70,Register,Card,Payment,Saravana Bhavan Corner,Chennai,0.0
2026-03-08,Filter Coffee,Beverages,1,42.0,40,Register,Card,Payment,Saravana Bhavan Corner,Chennai,0.0
2026-03-08,Veg Thali,Thali,1,189.0,180,Register,Card,Payment,Saravana Bhavan Corner,Chennai,0.0
2026-03-08,Plain Dosa,Dosa,1,73.5,70,Register,UPI,Payment,Saravana Bhavan Corner,Chennai,0.0
2026-03-08,Idli (4pc),Tiffin,1,63.0,60,Swiggy,Card,Payment,Saravana Bhavan Corner,Chennai,0.0
2026-03-08,Vada (2pc),Tiffin,2,105.0,50,Swiggy,Card,Payment,Saravana Bhavan Corner,Chennai,0.0
2026-03-08,Filter Coffee,Beverages,2,84.0,40,Swiggy,UPI,Payment,Saravana Bhavan Corner,Chennai,0.0
2026-03-08,Veg Thali,Thali,2,378.0,180,Register,Card,Payment,Saravana Bhavan Corner,Chennai,0.0
2026-03-08,Idli (4pc),Tiffin,3,170.1,60,Register,UPI,Payment,Saravana Bhavan Corner,Chennai,0.0
2026-03-08,Masala Dosa,Dosa,1,94.5,90,Register,Card,Payment,Saravana Bhavan Corner,Chennai,0.0
2026-03-08,Buttermilk,Beverages,1,31.5,30,Register,UPI,Payment,Saravana Bhavan Corner,Chennai,0.0
2026-03-08,Masala Chai,Beverages,2,73.5,35,Register,Card,Payment,Saravana Bhavan Corner,Chennai,0.0
2026-03-08,Mini Tiffin Thali,Thali,1,157.5,150,Register,Card,Payment,Saravana Bhavan Corner,Chennai,0.0
2026-03-08,Idli (4pc),Tiffin,1,63.0,60,Register,Card,Payment,Saravana Bhavan Corner,Chennai,0.0
2026-03-08,Vada (2pc),Tiffin,2,105.0,50,Swiggy,UPI,Payment,Saravana Bhavan Corner,Chennai,0.0
2026-03-08,Masala Dosa,Dosa,3,283.5,90,Swiggy,UPI,Payment,Saravana Bhavan Corner,Chennai,0.0
2026-03-08,Veg Thali,Thali,1,189.0,180,Register,UPI,Payment,Saravana Bhavan Corner,Chennai,0.0
2026-03-08,Veg Thali,Thali,1,189.0,180,Register,UPI,Payment,Saravana Bhavan Corner,Chennai,0.0
2026-03-08,Idli Vada Combo,Tiffin,1,94.5,90,Register,Card,Payment,Saravana Bhavan Corner,Chennai,0.0
2026-03-08,Masala Chai,Beverages,1,36.75,35,Register,Card,Payment,Saravana Bhavan Corner,Chennai,0.0
2026-03-08,Veg Thali,Thali,2,378.0,180,Register,Card,Payment,Saravana Bhavan Corner,Chennai,0.0
2026-03-08,Medu Vada Chaat,Snacks,2,147.0,70,Swiggy,UPI,Payment,Saravana Bhavan Corner,Chennai,0.0
2026-03-08,Idli Vada Combo,Tiffin,1,80.33,90,Register,Card,Payment,Saravana Bhavan Corner,Chennai,0.0
2026-03-08,Idli (4pc),Tiffin,1,63.0,60,Swiggy,UPI,Payment,Saravana Bhavan Corner,Chennai,0.0
2026-03-08,Filter Coffee,Beverages,1,42.0,40,Swiggy,UPI,Payment,Saravana Bhavan Corner,Chennai,0.0
2026-03-08,Bisi Bele Bath,Rice,2,273.0,130,Register,Card,Payment,Saravana Bhavan Corner,Chennai,0.0
2026-03-08,Rasgulla (2pc),Desserts,2,147.0,70,Register,Card,Payment,Saravana Bhavan Corner,Chennai,0.0
2026-03-08,Pongal,Tiffin,2,168.0,80,Register,UPI,Payment,Saravana Bhavan Corner,Chennai,0.0
2026-03-08,Idli (4pc),Tiffin,1,56.7,60,Register,UPI,Payment,Saravana Bhavan Corner,Chennai,0.0
2026-03-08,Sambar Rice,Rice,1,126.0,120,Register,UPI,Payment,Saravana Bhavan Corner,Chennai,0.0
2026-03-08,Idli Vada Combo,Tiffin,1,94.5,90,Register,UPI,Payment,Saravana Bhavan Corner,Chennai,0.0
2026-03-08,Onion Uttapam,Dosa,1,105.0,100,Register,UPI,Payment,Saravana Bhavan Corner,Chennai,0.0
2026-03-08,Masala Dosa,Dosa,1,85.05,90,Register,UPI,Payment,Saravana Bhavan Corner,Chennai,0.0
2026-03-08,Veg Thali,Thali,1,189.0,180,Register,UPI,Payment,Saravana Bhavan Corner,Chennai,0.0
2026-03-08,Masala Dosa,Dosa,1,94.5,90,Register,Card,Payment,Saravana Bhavan Corner,Chennai,0.0
2026-03-08,Masala Dosa,Dosa,2,189.0,90,Register,Card,Payment,Saravana Bhavan Corner,Chennai,0.0
2026-03-08,Bisi Bele Bath,Rice,1,136.5,130,Register,Cash,Payment,Saravana Bhavan Corner,Chennai,0.0
2026-03-08,Masala Chai,Beverages,2,73.5,35,Register,Cash,Payment,Saravana Bhavan Corner,Chennai,0.0
2026-03-08,Curd Rice,Rice,1,80.33,90,Swiggy,Card,Payment,Saravana Bhavan Corner,Chennai,0.0
2026-03-08,Idli (4pc),Tiffin,1,63.0,60,Swiggy,Card,Payment,Saravana Bhavan Corner,Chennai,0.0
2026-03-08,Mini Tiffin Thali,Thali,1,141.75,150,Register,Card,Payment,Saravana Bhavan Corner,Chennai,0.0
2026-03-08,Pongal,Tiffin,3,252.0,80,Register,Card,Payment,Saravana Bhavan Corner,Chennai,0.0
2026-03-08,Masala Chai,Beverages,1,36.75,35,Register,Card,Payment,Saravana Bhavan Corner,Chennai,0.0
2026-03-08,Veg Thali,Thali,1,189.0,180,Register,Cash,Payment,Saravana Bhavan Corner,Chennai,0.0
2026-03-08,Buttermilk,Beverages,1,31.5,30,Register,Cash,Payment,Saravana Bhavan Corner,Chennai,0.0
2026-03-08,Rasgulla (2pc),Desserts,1,66.15,70,Register,Cash,Payment,Saravana Bhavan Corner,Chennai,0.0
2026-03-08,Masala Dosa,Dosa,1,94.5,90,Register,Card,Payment,Saravana Bhavan Corner,Chennai,0.0
2026-03-08,Onion Uttapam,Dosa,1,105.0,100,Register,Card,Payment,Saravana Bhavan Corner,Chennai,0.0
2026-03-08,Idli Vada Combo,Tiffin,1,85.05,90,Swiggy,UPI,Payment,Saravana Bhavan Corner,Chennai,0.0
2026-03-08,Veg Thali,Thali,1,170.1,180,Register,Cash,Payment,Saravana Bhavan Corner,Chennai,0.0
2026-03-08,Curd Rice,Rice,3,283.5,90,Swiggy,Card,Payment,Saravana Bhavan Corner,Chennai,0.0
2026-03-08,Onion Uttapam,Dosa,1,105.0,100,Register,Card,Payment,Saravana Bhavan Corner,Chennai,0.0
2026-03-08,Masala Chai,Beverages,1,31.24,35,Register,Card,Payment,Saravana Bhavan Corner,Chennai,0.0
2026-03-08,Veg Thali,Thali,2,378.0,180,Register,Card,Payment,Saravana Bhavan Corner,Chennai,0.0
2026-03-08,Bisi Bele Bath,Rice,2,273.0,130,Register,Card,Payment,Saravana Bhavan Corner,Chennai,0.0
2026-03-08,Rasgulla (2pc),Desserts,2,147.0,70,Register,Card,Payment,Saravana Bhavan Corner,Chennai,0.0
2026-03-08,Pongal,Tiffin,1,84.0,80,Register,Cash,Payment,Saravana Bhavan Corner,Chennai,0.0
2026-03-08,Filter Coffee,Beverages,1,42.0,40,Register,Cash,Payment,Saravana Bhavan Corner,Chennai,0.0
2026-03-08,Idli (4pc),Tiffin,2,113.4,60,Register,Cash,Payment,Saravana Bhavan Corner,Chennai,0.0
2026-03-08,Veg Thali,Thali,1,189.0,180,Register,Cash,Payment,Saravana Bhavan Corner,Chennai,0.0
2026-03-08,Mysore Bonda,Snacks,3,189.0,60,Register,Cash,Payment,Saravana Bhavan Corner,Chennai,0.0
2026-03-08,Mini Tiffin Thali,Thali,1,157.5,150,Swiggy,Card,Payment,Saravana Bhavan Corner,Chennai,0.0
2026-03-08,Buttermilk,Beverages,1,31.5,30,Swiggy,Card,Payment,Saravana Bhavan Corner,Chennai,0.0
2026-03-08,Sambar Rice,Rice,1,126.0,120,Register,Cash,Payment,Saravana Bhavan Corner,Chennai,0.0
2026-03-08,Pongal,Tiffin,1,75.6,80,Register,Cash,Payment,Saravana Bhavan Corner,Chennai,0.0
2026-03-08,Onion Uttapam,Dosa,2,210.0,100,Register,Cash,Payment,Saravana Bhavan Corner,Chennai,0.0
2026-03-08,Plain Dosa,Dosa,1,73.5,70,Register,Cash,Payment,Saravana Bhavan Corner,Chennai,0.0
2026-03-08,Mysore Bonda,Snacks,1,63.0,60,Register,Cash,Payment,Saravana Bhavan Corner,Chennai,0.0
2026-03-08,Buttermilk,Beverages,2,63.0,30,Register,Cash,Payment,Saravana Bhavan Corner,Chennai,0.0
2026-03-08,Idli Vada Combo,Tiffin,1,94.5,90,Register,Cash,Payment,Saravana Bhavan Corner,Chennai,0.0
2026-03-08,Filter Coffee,Beverages,3,113.4,40,Register,UPI,Payment,Saravana Bhavan Corner,Chennai,0.0
2026-03-08,Medu Vada Chaat,Snacks,1,73.5,70,Register,Cash,Payment,Saravana Bhavan Corner,Chennai,0.0
2026-03-08,Rava Dosa,Dosa,3,346.5,110,Swiggy,Card,Payment,Saravana Bhavan Corner,Chennai,0.0
2026-03-08,Onion Uttapam,Dosa,1,105.0,100,Register,Cash,Payment,Saravana Bhavan Corner,Chennai,0.0
2026-03-08,Veg Thali,Thali,1,189.0,180,Register,Cash,Payment,Saravana Bhavan Corner,Chennai,0.0
2026-03-08,Lemon Rice,Rice,1,105.0,100,Register,Cash,Payment,Saravana Bhavan Corner,Chennai,0.0
2026-03-08,Lemon Rice,Rice,1,105.0,100,Register,Cash,Payment,Saravana Bhavan Corner,Chennai,0.0
2026-03-08,Idli Vada Combo,Tiffin,1,94.5,90,Register,Cash,Payment,Saravana Bhavan Corner,Chennai,0.0
2026-03-08,Filter Coffee,Beverages,1,42.0,40,Swiggy,Card,Payment,Saravana Bhavan Corner,Chennai,0.0
2026-03-08,Masala Dosa,Dosa,1,94.5,90,Swiggy,Card,Payment,Saravana Bhavan Corner,Chennai,0.0
2026-03-08,Masala Dosa,Dosa,2,189.0,90,Swiggy,Card,Payment,Saravana Bhavan Corner,Chennai,0.0
2026-03-08,Masala Dosa,Dosa,1,94.5,90,Swiggy,Card,Payment,Saravana Bhavan Corner,Chennai,0.0
2026-03-08,Filter Coffee,Beverages,1,42.0,40,Swiggy,Card,Payment,Saravana Bhavan Corner,Chennai,0.0
2026-03-08,Idli Vada Combo,Tiffin,2,189.0,90,Register,UPI,Payment,Saravana Bhavan Corner,Chennai,0.0
2026-03-08,Mysore Bonda,Snacks,1,53.55,60,Register,UPI,Payment,Saravana Bhavan Corner,Chennai,0.0
2026-03-08,Idli (4pc),Tiffin,1,53.55,60,Register,Card,Payment,Saravana Bhavan Corner,Chennai,0.0
2026-03-08,Masala Dosa,Dosa,1,94.5,90,Register,Card,Payment,Saravana Bhavan Corner,Chennai,0.0
2026-03-08,Buttermilk,Beverages,1,31.5,30,Register,Card,Payment,Saravana Bhavan Corner,Chennai,0.0
2026-03-08,Mysore Bonda,Snacks,1,63.0,60,Register,UPI,Payment,Saravana Bhavan Corner,Chennai,0.0
2026-03-08,Idli (4pc),Tiffin,1,53.55,60,Register,Cash,Payment,Saravana Bhavan Corner,Chennai,0.0
2026-03-08,Bulk Catering Order,Uncategorized,1,3150.0,3000,Swiggy,Card,Payment,Saravana Bhavan Corner,Chennai,0.0
2026-03-08,Onion Uttapam,Dosa,2,189.0,100,Swiggy,Card,Payment,Saravana Bhavan Corner,Chennai,0.0
2026-03-08,Sambar Rice,Rice,1,126.0,120,Register,Cash,Payment,Saravana Bhavan Corner,Chennai,0.0
2026-03-08,Curd Rice,Rice,2,189.0,90,Register,Card,Payment,Saravana Bhavan Corner,Chennai,0.0
2026-03-08,Idli (4pc),Tiffin,1,63.0,60,Register,Card,Payment,Saravana Bhavan Corner,Chennai,0.0
2026-03-08,Veg Thali,Thali,2,378.0,180,Register,Cash,Payment,Saravana Bhavan Corner,Chennai,0.0
2026-03-08,Masala Chai,Beverages,1,36.75,35,Register,Card,Payment,Saravana Bhavan Corner,Chennai,0.0
2026-03-08,Pongal,Tiffin,1,84.0,80,Register,Card,Payment,Saravana Bhavan Corner,Chennai,0.0
2026-03-08,Plain Dosa,Dosa,1,73.5,70,Swiggy,Card,Payment,Saravana Bhavan Corner,Chennai,0.0
2026-03-08,Sambar Rice,Rice,1,126.0,120,Register,Cash,Payment,Saravana Bhavan Corner,Chennai,0.0
2026-03-09,Plain Dosa,Dosa,1,73.5,70,Register,Cash,Payment,Saravana Bhavan Corner,Chennai,0.0
2026-03-09,Mini Tiffin Thali,Thali,1,157.5,150,Swiggy,Card,Payment,Saravana Bhavan Corner,Chennai,0.0
2026-03-09,Masala Dosa,Dosa,1,94.5,90,Swiggy,Card,Payment,Saravana Bhavan Corner,Chennai,0.0
2026-03-09,Rava Dosa,Dosa,2,231.0,110,Register,Card,Payment,Saravana Bhavan Corner,Chennai,0.0
2026-03-09,Filter Coffee,Beverages,1,42.0,40,Register,Card,Payment,Saravana Bhavan Corner,Chennai,0.0
2026-03-09,Rasgulla (2pc),Desserts,2,147.0,70,Register,Card,Payment,Saravana Bhavan Corner,Chennai,0.0
2026-03-09,Rasgulla (2pc),Desserts,1,73.5,70,Register,Card,Payment,Saravana Bhavan Corner,Chennai,0.0
2026-03-09,Veg Thali,Thali,1,189.0,180,Register,Cash,Payment,Saravana Bhavan Corner,Chennai,0.0
2026-03-09,Rava Dosa,Dosa,2,231.0,110,Register,Card,Payment,Saravana Bhavan Corner,Chennai,0.0
2026-03-09,Pongal,Tiffin,1,84.0,80,Register,Card,Payment,Saravana Bhavan Corner,Chennai,0.0
2026-03-09,Idli (4pc),Tiffin,2,126.0,60,Register,Cash,Payment,Saravana Bhavan Corner,Chennai,0.0
2026-03-09,Plain Dosa,Dosa,1,73.5,70,Register,Cash,Payment,Saravana Bhavan Corner,Chennai,0.0
2026-03-09,Plain Dosa,Dosa,1,73.5,70,Swiggy,Card,Payment,Saravana Bhavan Corner,Chennai,0.0
2026-03-09,Idli Vada Combo,Tiffin,1,94.5,90,Swiggy,Card,Payment,Saravana Bhavan Corner,Chennai,0.0
2026-03-09,Masala Dosa,Dosa,1,94.5,90,Swiggy,Card,Payment,Saravana Bhavan Corner,Chennai,0.0
2026-03-09,Masala Dosa,Dosa,1,94.5,90,Register,Cash,Payment,Saravana Bhavan Corner,Chennai,0.0
2026-03-09,Masala Chai,Beverages,1,33.08,35,Register,Cash,Payment,Saravana Bhavan Corner,Chennai,0.0
2026-03-09,Plain Dosa,Dosa,2,132.3,70,Register,Cash,Payment,Saravana Bhavan Corner,Chennai,0.0
2026-03-09,Filter Coffee,Beverages,1,37.8,40,Swiggy,UPI,Payment,Saravana Bhavan Corner,Chennai,0.0
2026-03-09,Filter Coffee,Beverages,2,75.6,40,Swiggy,UPI,Payment,Saravana Bhavan Corner,Chennai,0.0
2026-03-09,Vada (2pc),Tiffin,1,52.5,50,Swiggy,UPI,Payment,Saravana Bhavan Corner,Chennai,0.0
2026-03-09,Plain Dosa,Dosa,1,73.5,70,Register,UPI,Payment,Saravana Bhavan Corner,Chennai,0.0
2026-03-09,Plain Dosa,Dosa,2,147.0,70,Swiggy,Card,Payment,Saravana Bhavan Corner,Chennai,0.0
2026-03-09,Plain Dosa,Dosa,1,73.5,70,Register,Card,Payment,Saravana Bhavan Corner,Chennai,0.0
2026-03-09,Rava Dosa,Dosa,1,115.5,110,Swiggy,UPI,Payment,Saravana Bhavan Corner,Chennai,0.0
2026-03-09,Idli (4pc),Tiffin,1,63.0,60,Swiggy,Card,Payment,Saravana Bhavan Corner,Chennai,0.0
2026-03-09,Curd Rice,Rice,1,94.5,90,Register,Card,Payment,Saravana Bhavan Corner,Chennai,0.0
2026-03-09,Vada (2pc),Tiffin,1,52.5,50,Register,UPI,Payment,Saravana Bhavan Corner,Chennai,0.0
2026-03-09,Idli Vada Combo,Tiffin,1,94.5,90,Swiggy,UPI,Payment,Saravana Bhavan Corner,Chennai,0.0
2026-03-09,Idli (4pc),Tiffin,2,126.0,60,Swiggy,UPI,Payment,Saravana Bhavan Corner,Chennai,0.0
2026-03-09,Idli (4pc),Tiffin,2,126.0,60,Swiggy,Card,Payment,Saravana Bhavan Corner,Chennai,0.0
2026-03-09,Sambar Rice,Rice,2,252.0,120,Swiggy,Card,Payment,Saravana Bhavan Corner,Chennai,0.0
2026-03-09,Curd Rice,Rice,1,94.5,90,Swiggy,Card,Payment,Saravana Bhavan Corner,Chennai,0.0
2026-03-09,Plain Dosa,Dosa,1,73.5,70,Register,Card,Payment,Saravana Bhavan Corner,Chennai,0.0
2026-03-09,Curd Rice,Rice,1,94.5,90,Register,Card,Payment,Saravana Bhavan Corner,Chennai,0.0
2026-03-09,Curd Rice,Rice,1,94.5,90,Register,Card,Payment,Saravana Bhavan Corner,Chennai,0.0
2026-03-09,Veg Thali,Thali,2,378.0,180,Swiggy,UPI,Payment,Saravana Bhavan Corner,Chennai,0.0
2026-03-09,Rava Dosa,Dosa,2,231.0,110,Swiggy,Card,Payment,Saravana Bhavan Corner,Chennai,0.0
2026-03-09,Sambar Rice,Rice,1,126.0,120,Swiggy,UPI,Payment,Saravana Bhavan Corner,Chennai,0.0
2026-03-09,Medu Vada Chaat,Snacks,2,147.0,70,Swiggy,Card,Payment,Saravana Bhavan Corner,Chennai,0.0
2026-03-09,Rava Dosa,Dosa,2,231.0,110,Swiggy,Card,Payment,Saravana Bhavan Corner,Chennai,0.0
2026-03-09,Onion Uttapam,Dosa,1,105.0,100,Swiggy,Card,Payment,Saravana Bhavan Corner,Chennai,0.0
2026-03-09,Onion Uttapam,Dosa,1,89.25,100,Swiggy,Card,Payment,Saravana Bhavan Corner,Chennai,0.0
2026-03-09,Plain Dosa,Dosa,1,73.5,70,Swiggy,Card,Payment,Saravana Bhavan Corner,Chennai,0.0
2026-03-09,Rasgulla (2pc),Desserts,1,73.5,70,Swiggy,Card,Payment,Saravana Bhavan Corner,Chennai,0.0
2026-03-09,Bisi Bele Bath,Rice,1,136.5,130,Register,Cash,Payment,Saravana Bhavan Corner,Chennai,0.0
2026-03-09,Pongal,Tiffin,1,84.0,80,Register,Cash,Payment,Saravana Bhavan Corner,Chennai,0.0
2026-03-09,Rava Dosa,Dosa,1,115.5,110,Register,Cash,Payment,Saravana Bhavan Corner,Chennai,0.0
2026-03-09,Sambar Rice,Rice,1,113.4,120,Swiggy,Card,Payment,Saravana Bhavan Corner,Chennai,0.0
2026-03-09,Curd Rice,Rice,1,94.5,90,Swiggy,Card,Payment,Saravana Bhavan Corner,Chennai,0.0
2026-03-09,Mini Tiffin Thali,Thali,1,141.75,150,Register,UPI,Payment,Saravana Bhavan Corner,Chennai,0.0
2026-03-09,Mysore Bonda,Snacks,2,126.0,60,Register,UPI,Payment,Saravana Bhavan Corner,Chennai,0.0
2026-03-09,Idli (4pc),Tiffin,2,126.0,60,Swiggy,Card,Payment,Saravana Bhavan Corner,Chennai,0.0
2026-03-09,Masala Chai,Beverages,1,36.75,35,Register,Card,Payment,Saravana Bhavan Corner,Chennai,0.0
2026-03-09,Medu Vada Chaat,Snacks,1,73.5,70,Register,Cash,Payment,Saravana Bhavan Corner,Chennai,0.0
2026-03-09,Mysore Bonda,Snacks,3,189.0,60,Register,Card,Payment,Saravana Bhavan Corner,Chennai,0.0
2026-03-09,Mysore Bonda,Snacks,2,126.0,60,Register,Card,Payment,Saravana Bhavan Corner,Chennai,0.0
2026-03-09,Vada (2pc),Tiffin,2,105.0,50,Swiggy,Card,Payment,Saravana Bhavan Corner,Chennai,0.0
2026-03-09,Vada (2pc),Tiffin,1,52.5,50,Swiggy,Card,Payment,Saravana Bhavan Corner,Chennai,0.0
2026-03-09,Vada (2pc),Tiffin,1,52.5,50,Swiggy,Card,Payment,Saravana Bhavan Corner,Chennai,0.0
2026-03-09,Veg Thali,Thali,1,189.0,180,Register,Cash,Payment,Saravana Bhavan Corner,Chennai,0.0
2026-03-09,Buttermilk,Beverages,1,26.78,30,Swiggy,UPI,Payment,Saravana Bhavan Corner,Chennai,0.0
2026-03-09,Vada (2pc),Tiffin,1,52.5,50,Swiggy,UPI,Payment,Saravana Bhavan Corner,Chennai,0.0
2026-03-09,Vada (2pc),Tiffin,2,94.5,50,Swiggy,UPI,Payment,Saravana Bhavan Corner,Chennai,0.0
2026-03-09,Idli Vada Combo,Tiffin,1,94.5,90,Register,Card,Payment,Saravana Bhavan Corner,Chennai,0.0
2026-03-09,Rasgulla (2pc),Desserts,3,220.5,70,Register,Card,Payment,Saravana Bhavan Corner,Chennai,0.0
2026-03-09,Masala Dosa,Dosa,1,94.5,90,Register,Card,Payment,Saravana Bhavan Corner,Chennai,0.0
2026-03-09,Bisi Bele Bath,Rice,1,136.5,130,Register,Cash,Payment,Saravana Bhavan Corner,Chennai,0.0
2026-03-09,Filter Coffee,Beverages,1,42.0,40,Register,Cash,Payment,Saravana Bhavan Corner,Chennai,0.0
2026-03-09,Bisi Bele Bath,Rice,1,136.5,130,Register,Card,Payment,Saravana Bhavan Corner,Chennai,0.0
2026-03-09,Vada (2pc),Tiffin,1,52.5,50,Register,Card,Payment,Saravana Bhavan Corner,Chennai,0.0
2026-03-09,Mini Tiffin Thali,Thali,1,157.5,150,Register,Card,Payment,Saravana Bhavan Corner,Chennai,0.0
2026-03-09,Plain Dosa,Dosa,1,73.5,70,Register,Card,Payment,Saravana Bhavan Corner,Chennai,0.0
2026-03-09,Filter Coffee,Beverages,1,37.8,40,Register,Cash,Payment,Saravana Bhavan Corner,Chennai,0.0
2026-03-09,Masala Dosa,Dosa,1,94.5,90,Register,Cash,Payment,Saravana Bhavan Corner,Chennai,0.0
2026-03-09,Vada (2pc),Tiffin,2,105.0,50,Register,Cash,Payment,Saravana Bhavan Corner,Chennai,0.0
2026-03-09,Masala Chai,Beverages,1,36.75,35,Register,UPI,Payment,Saravana Bhavan Corner,Chennai,0.0
2026-03-09,Mysore Bonda,Snacks,2,126.0,60,Register,Cash,Payment,Saravana Bhavan Corner,Chennai,0.0
2026-03-09,Idli (4pc),Tiffin,1,63.0,60,Register,Card,Payment,Saravana Bhavan Corner,Chennai,0.0
2026-03-09,Mini Tiffin Thali,Thali,3,472.5,150,Register,Card,Payment,Saravana Bhavan Corner,Chennai,0.0
2026-03-09,Mysore Bonda,Snacks,1,63.0,60,Register,UPI,Payment,Saravana Bhavan Corner,Chennai,0.0
2026-03-09,Masala Dosa,Dosa,2,189.0,90,Register,Card,Payment,Saravana Bhavan Corner,Chennai,0.0
2026-03-09,Curd Rice,Rice,1,94.5,90,Register,Card,Payment,Saravana Bhavan Corner,Chennai,0.0
2026-03-09,Idli Vada Combo,Tiffin,2,189.0,90,Swiggy,UPI,Payment,Saravana Bhavan Corner,Chennai,0.0
2026-03-09,Veg Thali,Thali,1,189.0,180,Swiggy,Card,Payment,Saravana Bhavan Corner,Chennai,0.0
2026-03-09,Onion Uttapam,Dosa,1,89.25,100,Register,UPI,Payment,Saravana Bhavan Corner,Chennai,0.0
2026-03-09,Plain Dosa,Dosa,3,220.5,70,Register,UPI,Payment,Saravana Bhavan Corner,Chennai,0.0
2026-03-09,Buttermilk,Beverages,1,31.5,30,Register,UPI,Payment,Saravana Bhavan Corner,Chennai,0.0
2026-03-09,Rava Dosa,Dosa,1,115.5,110,Register,UPI,Payment,Saravana Bhavan Corner,Chennai,0.0
2026-03-09,Idli Vada Combo,Tiffin,1,94.5,90,Register,UPI,Payment,Saravana Bhavan Corner,Chennai,0.0
2026-03-09,Rava Dosa,Dosa,1,115.5,110,Swiggy,UPI,Payment,Saravana Bhavan Corner,Chennai,0.0
2026-03-09,Plain Dosa,Dosa,1,73.5,70,Swiggy,UPI,Payment,Saravana Bhavan Corner,Chennai,0.0
2026-03-09,Medu Vada Chaat,Snacks,1,73.5,70,Swiggy,UPI,Payment,Saravana Bhavan Corner,Chennai,0.0
2026-03-09,Filter Coffee,Beverages,1,42.0,40,Register,Card,Payment,Saravana Bhavan Corner,Chennai,0.0
2026-03-09,Mysore Bonda,Snacks,1,63.0,60,Swiggy,UPI,Payment,Saravana Bhavan Corner,Chennai,0.0
2026-03-09,Masala Chai,Beverages,2,73.5,35,Register,UPI,Payment,Saravana Bhavan Corner,Chennai,0.0
2026-03-09,Veg Thali,Thali,1,170.1,180,Swiggy,UPI,Payment,Saravana Bhavan Corner,Chennai,0.0
2026-03-09,Masala Chai,Beverages,2,73.5,35,Swiggy,UPI,Payment,Saravana Bhavan Corner,Chennai,0.0
2026-03-09,Idli Vada Combo,Tiffin,1,94.5,90,Register,UPI,Payment,Saravana Bhavan Corner,Chennai,0.0
2026-03-09,Filter Coffee,Beverages,1,42.0,40,Swiggy,UPI,Payment,Saravana Bhavan Corner,Chennai,0.0
2026-03-09,Veg Thali,Thali,2,378.0,180,Register,Card,Payment,Saravana Bhavan Corner,Chennai,0.0
2026-03-09,Plain Dosa,Dosa,2,147.0,70,Register,UPI,Payment,Saravana Bhavan Corner,Chennai,0.0
2026-03-09,Filter Coffee,Beverages,1,42.0,40,Register,UPI,Payment,Saravana Bhavan Corner,Chennai,0.0
2026-03-09,Masala Chai,Beverages,1,31.24,35,Swiggy,UPI,Payment,Saravana Bhavan Corner,Chennai,0.0
2026-03-09,Masala Dosa,Dosa,1,94.5,90,Register,UPI,Payment,Saravana Bhavan Corner,Chennai,0.0
2026-03-10,Vada (2pc),Tiffin,2,105.0,50,Register,Card,Payment,Saravana Bhavan Corner,Chennai,0.0
2026-03-10,Mini Tiffin Thali,Thali,-1,-141.75,150,Swiggy,UPI,Refund,Saravana Bhavan Corner,Chennai,0.0
2026-03-10,Masala Dosa,Dosa,2,189.0,90,Register,UPI,Payment,Saravana Bhavan Corner,Chennai,0.0
2026-03-10,Bisi Bele Bath,Rice,1,136.5,130,Register,UPI,Payment,Saravana Bhavan Corner,Chennai,0.0
2026-03-10,Mysore Bonda,Snacks,2,126.0,60,Register,UPI,Payment,Saravana Bhavan Corner,Chennai,0.0
2026-03-10,Veg Thali,Thali,2,321.3,180,Register,UPI,Payment,Saravana Bhavan Corner,Chennai,0.0
2026-03-10,Vada (2pc),Tiffin,1,52.5,50,Swiggy,Card,Payment,Saravana Bhavan Corner,Chennai,0.0
2026-03-10,Sambar Rice,Rice,1,107.1,120,Swiggy,Card,Payment,Saravana Bhavan Corner,Chennai,0.0
2026-03-10,Plain Dosa,Dosa,1,73.5,70,Register,UPI,Payment,Saravana Bhavan Corner,Chennai,0.0
2026-03-10,Masala Dosa,Dosa,-1,-94.5,90,Swiggy,UPI,Refund,Saravana Bhavan Corner,Chennai,0.0
2026-03-10,Medu Vada Chaat,Snacks,1,73.5,70,Swiggy,UPI,Payment,Saravana Bhavan Corner,Chennai,0.0
2026-03-10,Sambar Rice,Rice,1,126.0,120,Swiggy,UPI,Payment,Saravana Bhavan Corner,Chennai,0.0
2026-03-10,Lemon Rice,Rice,1,105.0,100,Register,UPI,Payment,Saravana Bhavan Corner,Chennai,0.0
2026-03-10,Idli (4pc),Tiffin,1,63.0,60,Register,UPI,Payment,Saravana Bhavan Corner,Chennai,0.0
2026-03-10,Bisi Bele Bath,Rice,3,409.5,130,Register,UPI,Payment,Saravana Bhavan Corner,Chennai,0.0
2026-03-10,Idli Vada Combo,Tiffin,1,94.5,90,Register,Card,Payment,Saravana Bhavan Corner,Chennai,0.0
2026-03-10,Vada (2pc),Tiffin,1,52.5,50,Register,Card,Payment,Saravana Bhavan Corner,Chennai,0.0
2026-03-10,Rava Dosa,Dosa,-2,-231.0,110,Swiggy,UPI,Refund,Saravana Bhavan Corner,Chennai,0.0
2026-03-10,Veg Thali,Thali,2,378.0,180,Register,Card,Payment,Saravana Bhavan Corner,Chennai,0.0
2026-03-10,Vada (2pc),Tiffin,1,52.5,50,Swiggy,Card,Payment,Saravana Bhavan Corner,Chennai,0.0
2026-03-10,Rava Dosa,Dosa,1,115.5,110,Register,Cash,Payment,Saravana Bhavan Corner,Chennai,0.0
2026-03-10,Curd Rice,Rice,1,94.5,90,Register,Card,Payment,Saravana Bhavan Corner,Chennai,0.0
2026-03-10,Idli Vada Combo,Tiffin,2,189.0,90,Register,Cash,Payment,Saravana Bhavan Corner,Chennai,0.0
2026-03-10,Veg Thali,Thali,1,189.0,180,Register,Cash,Payment,Saravana Bhavan Corner,Chennai,0.0
2026-03-10,Rava Dosa,Dosa,1,115.5,110,Register,UPI,Payment,Saravana Bhavan Corner,Chennai,0.0
2026-03-10,Plain Dosa,Dosa,2,147.0,70,Register,UPI,Payment,Saravana Bhavan Corner,Chennai,0.0
2026-03-10,Lemon Rice,Rice,1,94.5,100,Swiggy,UPI,Payment,Saravana Bhavan Corner,Chennai,0.0
2026-03-10,Vada (2pc),Tiffin,2,105.0,50,Swiggy,Card,Payment,Saravana Bhavan Corner,Chennai,0.0
2026-03-10,Idli (4pc),Tiffin,1,63.0,60,Swiggy,Card,Payment,Saravana Bhavan Corner,Chennai,0.0
2026-03-10,Masala Dosa,Dosa,1,94.5,90,Register,Card,Payment,Saravana Bhavan Corner,Chennai,0.0
2026-03-10,Onion Uttapam,Dosa,3,315.0,100,Swiggy,Card,Payment,Saravana Bhavan Corner,Chennai,0.0
2026-03-10,Mysore Bonda,Snacks,1,63.0,60,Swiggy,Card,Payment,Saravana Bhavan Corner,Chennai,0.0
2026-03-10,Filter Coffee,Beverages,1,42.0,40,Swiggy,Card,Payment,Saravana Bhavan Corner,Chennai,0.0
2026-03-10,Idli (4pc),Tiffin,2,126.0,60,Swiggy,UPI,Payment,Saravana Bhavan Corner,Chennai,0.0
2026-03-10,Sambar Rice,Rice,2,226.8,120,Swiggy,UPI,Payment,Saravana Bhavan Corner,Chennai,0.0
2026-03-10,Mysore Bonda,Snacks,2,126.0,60,Swiggy,UPI,Payment,Saravana Bhavan Corner,Chennai,0.0
2026-03-10,Veg Thali,Thali,2,378.0,180,Register,Cash,Payment,Saravana Bhavan Corner,Chennai,0.0
2026-03-10,Plain Dosa,Dosa,1,73.5,70,Register,Cash,Payment,Saravana Bhavan Corner,Chennai,0.0
2026-03-10,Mini Tiffin Thali,Thali,2,315.0,150,Register,Card,Payment,Saravana Bhavan Corner,Chennai,0.0
2026-03-10,Buttermilk,Beverages,1,31.5,30,Swiggy,Card,Payment,Saravana Bhavan Corner,Chennai,0.0
2026-03-10,Masala Dosa,Dosa,1,94.5,90,Swiggy,Card,Payment,Saravana Bhavan Corner,Chennai,0.0
2026-03-10,Curd Rice,Rice,1,94.5,90,Register,UPI,Payment,Saravana Bhavan Corner,Chennai,0.0
2026-03-10,Idli (4pc),Tiffin,1,63.0,60,Register,UPI,Payment,Saravana Bhavan Corner,Chennai,0.0
2026-03-10,Masala Chai,Beverages,1,36.75,35,Swiggy,Card,Payment,Saravana Bhavan Corner,Chennai,0.0
2026-03-10,Idli (4pc),Tiffin,3,170.1,60,Register,Card,Payment,Saravana Bhavan Corner,Chennai,0.0
2026-03-10,Onion Uttapam,Dosa,2,210.0,100,Register,Card,Payment,Saravana Bhavan Corner,Chennai,0.0
2026-03-10,Masala Dosa,Dosa,1,94.5,90,Swiggy,UPI,Payment,Saravana Bhavan Corner,Chennai,0.0
2026-03-10,Veg Thali,Thali,2,378.0,180,Swiggy,UPI,Payment,Saravana Bhavan Corner,Chennai,0.0
2026-03-10,Idli Vada Combo,Tiffin,1,94.5,90,Register,Card,Payment,Saravana Bhavan Corner,Chennai,0.0
2026-03-10,Masala Chai,Beverages,1,36.75,35,Register,Card,Payment,Saravana Bhavan Corner,Chennai,0.0
2026-03-10,Mysore Bonda,Snacks,2,126.0,60,Register,Card,Payment,Saravana Bhavan Corner,Chennai,0.0
2026-03-10,Masala Chai,Beverages,1,33.08,35,Swiggy,UPI,Payment,Saravana Bhavan Corner,Chennai,0.0
2026-03-10,Masala Dosa,Dosa,1,94.5,90,Swiggy,UPI,Payment,Saravana Bhavan Corner,Chennai,0.0
2026-03-10,Vada (2pc),Tiffin,1,52.5,50,Swiggy,UPI,Payment,Saravana Bhavan Corner,Chennai,0.0
2026-03-10,Pongal,Tiffin,2,151.2,80,Swiggy,UPI,Payment,Saravana Bhavan Corner,Chennai,0.0
2026-03-10,Mini Tiffin Thali,Thali,1,157.5,150,Register,Card,Payment,Saravana Bhavan Corner,Chennai,0.0
2026-03-10,Masala Dosa,Dosa,2,189.0,90,Register,Cash,Payment,Saravana Bhavan Corner,Chennai,0.0
2026-03-10,Idli Vada Combo,Tiffin,2,189.0,90,Register,Cash,Payment,Saravana Bhavan Corner,Chennai,0.0
2026-03-10,Sambar Rice,Rice,1,126.0,120,Swiggy,Card,Payment,Saravana Bhavan Corner,Chennai,0.0
2026-03-10,Idli Vada Combo,Tiffin,1,94.5,90,Register,UPI,Payment,Saravana Bhavan Corner,Chennai,0.0
2026-03-10,Curd Rice,Rice,2,189.0,90,Register,UPI,Payment,Saravana Bhavan Corner,Chennai,0.0
2026-03-10,Idli (4pc),Tiffin,1,63.0,60,Register,Cash,Payment,Saravana Bhavan Corner,Chennai,0.0
2026-03-10,Veg Thali,Thali,2,378.0,180,Swiggy,UPI,Payment,Saravana Bhavan Corner,Chennai,0.0
2026-03-10,Mysore Bonda,Snacks,1,63.0,60,Swiggy,UPI,Payment,Saravana Bhavan Corner,Chennai,0.0
2026-03-10,Sambar Rice,Rice,1,113.4,120,Register,Cash,Payment,Saravana Bhavan Corner,Chennai,0.0
2026-03-10,Rasgulla (2pc),Desserts,1,73.5,70,Register,UPI,Payment,Saravana Bhavan Corner,Chennai,0.0
2026-03-10,Vada (2pc),Tiffin,2,105.0,50,Register,UPI,Payment,Saravana Bhavan Corner,Chennai,0.0
2026-03-10,Bisi Bele Bath,Rice,1,136.5,130,Register,UPI,Payment,Saravana Bhavan Corner,Chennai,0.0
2026-03-10,Sambar Rice,Rice,1,113.4,120,Register,UPI,Payment,Saravana Bhavan Corner,Chennai,0.0
2026-03-10,Masala Chai,Beverages,1,36.75,35,Swiggy,Card,Payment,Saravana Bhavan Corner,Chennai,0.0
2026-03-10,Buttermilk,Beverages,1,31.5,30,Register,UPI,Payment,Saravana Bhavan Corner,Chennai,0.0
2026-03-10,Medu Vada Chaat,Snacks,1,73.5,70,Register,Cash,Payment,Saravana Bhavan Corner,Chennai,0.0
2026-03-10,Veg Thali,Thali,1,189.0,180,Register,UPI,Payment,Saravana Bhavan Corner,Chennai,0.0
2026-03-10,Curd Rice,Rice,1,94.5,90,Register,Card,Payment,Saravana Bhavan Corner,Chennai,0.0
2026-03-10,Vada (2pc),Tiffin,2,105.0,50,Register,Card,Payment,Saravana Bhavan Corner,Chennai,0.0
2026-03-10,Filter Coffee,Beverages,2,75.6,40,Register,Card,Payment,Saravana Bhavan Corner,Chennai,0.0
2026-03-10,Veg Thali,Thali,2,378.0,180,Swiggy,Card,Payment,Saravana Bhavan Corner,Chennai,0.0
2026-03-10,Filter Coffee,Beverages,2,84.0,40,Register,Cash,Payment,Saravana Bhavan Corner,Chennai,0.0
2026-03-10,Lemon Rice,Rice,1,105.0,100,Register,Cash,Payment,Saravana Bhavan Corner,Chennai,0.0
2026-03-10,Masala Dosa,Dosa,1,94.5,90,Register,UPI,Payment,Saravana Bhavan Corner,Chennai,0.0
2026-03-10,Filter Coffee,Beverages,1,42.0,40,Swiggy,UPI,Payment,Saravana Bhavan Corner,Chennai,0.0
2026-03-11,Sambar Rice,Rice,1,126.0,120,Register,Cash,Payment,Saravana Bhavan Corner,Chennai,0.0
2026-03-11,Bisi Bele Bath,Rice,3,409.5,130,Swiggy,Card,Payment,Saravana Bhavan Corner,Chennai,0.0
2026-03-11,Sambar Rice,Rice,3,378.0,120,Swiggy,Card,Payment,Saravana Bhavan Corner,Chennai,0.0
2026-03-11,Filter Coffee,Beverages,2,84.0,40,Register,Card,Payment,Saravana Bhavan Corner,Chennai,0.0
2026-03-11,Veg Thali,Thali,2,378.0,180,Register,UPI,Payment,Saravana Bhavan Corner,Chennai,0.0
2026-03-11,Mysore Bonda,Snacks,1,63.0,60,Swiggy,UPI,Payment,Saravana Bhavan Corner,Chennai,0.0
2026-03-11,Plain Dosa,Dosa,2,147.0,70,Register,UPI,Payment,Saravana Bhavan Corner,Chennai,0.0
2026-03-11,Bisi Bele Bath,Rice,2,273.0,130,Register,UPI,Payment,Saravana Bhavan Corner,Chennai,0.0
2026-03-11,Idli (4pc),Tiffin,1,63.0,60,Register,UPI,Payment,Saravana Bhavan Corner,Chennai,0.0
2026-03-11,Masala Dosa,Dosa,1,94.5,90,Register,UPI,Payment,Saravana Bhavan Corner,Chennai,0.0
2026-03-11,Rava Dosa,Dosa,2,231.0,110,Register,Cash,Payment,Saravana Bhavan Corner,Chennai,0.0
2026-03-11,Filter Coffee,Beverages,2,75.6,40,Register,Cash,Payment,Saravana Bhavan Corner,Chennai,0.0
2026-03-11,Medu Vada Chaat,Snacks,1,62.48,70,Register,Cash,Payment,Saravana Bhavan Corner,Chennai,0.0
2026-03-11,Masala Chai,Beverages,1,36.75,35,Register,Card,Payment,Saravana Bhavan Corner,Chennai,0.0
2026-03-11,Mini Tiffin Thali,Thali,1,157.5,150,Swiggy,UPI,Payment,Saravana Bhavan Corner,Chennai,0.0
2026-03-11,Masala Chai,Beverages,3,110.25,35,Register,UPI,Payment,Saravana Bhavan Corner,Chennai,0.0
2026-03-11,Buttermilk,Beverages,1,31.5,30,Register,Card,Payment,Saravana Bhavan Corner,Chennai,0.0
2026-03-11,Sambar Rice,Rice,2,252.0,120,Register,UPI,Payment,Saravana Bhavan Corner,Chennai,0.0
2026-03-11,Mysore Bonda,Snacks,1,63.0,60,Register,Card,Payment,Saravana Bhavan Corner,Chennai,0.0
2026-03-11,Lemon Rice,Rice,1,105.0,100,Register,UPI,Payment,Saravana Bhavan Corner,Chennai,0.0
2026-03-11,Buttermilk,Beverages,1,31.5,30,Register,UPI,Payment,Saravana Bhavan Corner,Chennai,0.0
2026-03-11,Masala Dosa,Dosa,1,94.5,90,Register,UPI,Payment,Saravana Bhavan Corner,Chennai,0.0
2026-03-11,Plain Dosa,Dosa,3,220.5,70,Register,Cash,Payment,Saravana Bhavan Corner,Chennai,0.0
2026-03-11,Rasgulla (2pc),Desserts,1,73.5,70,Register,Cash,Payment,Saravana Bhavan Corner,Chennai,0.0
2026-03-11,Idli Vada Combo,Tiffin,1,94.5,90,Register,Card,Payment,Saravana Bhavan Corner,Chennai,0.0
2026-03-11,Bisi Bele Bath,Rice,1,136.5,130,Register,Card,Payment,Saravana Bhavan Corner,Chennai,0.0
2026-03-11,Medu Vada Chaat,Snacks,1,73.5,70,Register,Card,Payment,Saravana Bhavan Corner,Chennai,0.0
2026-03-11,Veg Thali,Thali,1,189.0,180,Register,Card,Payment,Saravana Bhavan Corner,Chennai,0.0
2026-03-11,Onion Uttapam,Dosa,1,105.0,100,Register,Card,Payment,Saravana Bhavan Corner,Chennai,0.0
2026-03-11,Bisi Bele Bath,Rice,1,136.5,130,Swiggy,Card,Payment,Saravana Bhavan Corner,Chennai,0.0
2026-03-11,Filter Coffee,Beverages,2,84.0,40,Swiggy,Card,Payment,Saravana Bhavan Corner,Chennai,0.0
2026-03-11,Veg Thali,Thali,1,189.0,180,Swiggy,Card,Payment,Saravana Bhavan Corner,Chennai,0.0
2026-03-11,Veg Thali,Thali,1,189.0,180,Register,UPI,Payment,Saravana Bhavan Corner,Chennai,0.0
2026-03-11,Sambar Rice,Rice,1,126.0,120,Register,UPI,Payment,Saravana Bhavan Corner,Chennai,0.0
2026-03-11,Lemon Rice,Rice,1,105.0,100,Register,UPI,Payment,Saravana Bhavan Corner,Chennai,0.0
2026-03-11,Idli (4pc),Tiffin,1,56.7,60,Register,Cash,Payment,Saravana Bhavan Corner,Chennai,0.0
2026-03-11,Masala Dosa,Dosa,1,94.5,90,Swiggy,Card,Payment,Saravana Bhavan Corner,Chennai,0.0
2026-03-11,Buttermilk,Beverages,2,56.7,30,Swiggy,Card,Payment,Saravana Bhavan Corner,Chennai,0.0
2026-03-11,Medu Vada Chaat,Snacks,1,73.5,70,Register,Card,Payment,Saravana Bhavan Corner,Chennai,0.0
2026-03-11,Curd Rice,Rice,1,94.5,90,Swiggy,UPI,Payment,Saravana Bhavan Corner,Chennai,0.0
2026-03-11,Masala Chai,Beverages,1,36.75,35,Swiggy,UPI,Payment,Saravana Bhavan Corner,Chennai,0.0
2026-03-11,Onion Uttapam,Dosa,1,94.5,100,Swiggy,UPI,Payment,Saravana Bhavan Corner,Chennai,0.0
2026-03-11,Plain Dosa,Dosa,1,73.5,70,Register,UPI,Payment,Saravana Bhavan Corner,Chennai,0.0
2026-03-11,Vada (2pc),Tiffin,1,52.5,50,Register,Card,Payment,Saravana Bhavan Corner,Chennai,0.0
2026-03-11,Filter Coffee,Beverages,3,126.0,40,Register,Card,Payment,Saravana Bhavan Corner,Chennai,0.0
2026-03-11,Masala Chai,Beverages,1,36.75,35,Register,Card,Payment,Saravana Bhavan Corner,Chennai,0.0
2026-03-11,Plain Dosa,Dosa,2,147.0,70,Register,UPI,Payment,Saravana Bhavan Corner,Chennai,0.0
2026-03-11,Sambar Rice,Rice,2,226.8,120,Register,UPI,Payment,Saravana Bhavan Corner,Chennai,0.0
2026-03-11,Plain Dosa,Dosa,2,147.0,70,Swiggy,Card,Payment,Saravana Bhavan Corner,Chennai,0.0
2026-03-11,Sambar Rice,Rice,2,252.0,120,Register,UPI,Payment,Saravana Bhavan Corner,Chennai,0.0
2026-03-11,Masala Dosa,Dosa,1,94.5,90,Register,UPI,Payment,Saravana Bhavan Corner,Chennai,0.0
2026-03-11,Curd Rice,Rice,2,189.0,90,Register,UPI,Payment,Saravana Bhavan Corner,Chennai,0.0
2026-03-11,Onion Uttapam,Dosa,1,105.0,100,Register,UPI,Payment,Saravana Bhavan Corner,Chennai,0.0
2026-03-11,Masala Dosa,Dosa,2,160.65,90,Register,UPI,Payment,Saravana Bhavan Corner,Chennai,0.0
2026-03-11,Rasgulla (2pc),Desserts,2,147.0,70,Register,UPI,Payment,Saravana Bhavan Corner,Chennai,0.0
2026-03-11,Masala Chai,Beverages,2,73.5,35,Register,Cash,Payment,Saravana Bhavan Corner,Chennai,0.0
2026-03-11,Rasgulla (2pc),Desserts,2,147.0,70,Register,Cash,Payment,Saravana Bhavan Corner,Chennai,0.0
2026-03-11,Veg Thali,Thali,1,189.0,180,Swiggy,Card,Payment,Saravana Bhavan Corner,Chennai,0.0
2026-03-11,Mini Tiffin Thali,Thali,1,157.5,150,Swiggy,UPI,Payment,Saravana Bhavan Corner,Chennai,0.0
2026-03-11,Curd Rice,Rice,1,94.5,90,Register,Card,Payment,Saravana Bhavan Corner,Chennai,0.0
2026-03-11,Idli Vada Combo,Tiffin,2,189.0,90,Register,Card,Payment,Saravana Bhavan Corner,Chennai,0.0
2026-03-11,Plain Dosa,Dosa,1,66.15,70,Register,Cash,Payment,Saravana Bhavan Corner,Chennai,0.0
2026-03-11,Idli (4pc),Tiffin,2,113.4,60,Register,Cash,Payment,Saravana Bhavan Corner,Chennai,0.0
2026-03-11,Curd Rice,Rice,3,283.5,90,Swiggy,UPI,Payment,Saravana Bhavan Corner,Chennai,0.0
2026-03-11,Rava Dosa,Dosa,1,115.5,110,Register,Cash,Payment,Saravana Bhavan Corner,Chennai,0.0
2026-03-11,Idli Vada Combo,Tiffin,2,189.0,90,Register,Cash,Payment,Saravana Bhavan Corner,Chennai,0.0
2026-03-11,Vada (2pc),Tiffin,1,52.5,50,Register,Cash,Payment,Saravana Bhavan Corner,Chennai,0.0
2026-03-11,Mini Tiffin Thali,Thali,1,133.88,150,Register,Cash,Payment,Saravana Bhavan Corner,Chennai,0.0
2026-03-11,Sambar Rice,Rice,2,252.0,120,Register,Cash,Payment,Saravana Bhavan Corner,Chennai,0.0
2026-03-11,Rava Dosa,Dosa,1,115.5,110,Register,Cash,Payment,Saravana Bhavan Corner,Chennai,0.0
2026-03-11,Medu Vada Chaat,Snacks,1,73.5,70,Register,Cash,Payment,Saravana Bhavan Corner,Chennai,0.0
2026-03-12,Curd Rice,Rice,1,94.5,90,Swiggy,Card,Payment,Saravana Bhavan Corner,Chennai,0.0
2026-03-12,Onion Uttapam,Dosa,1,105.0,100,Swiggy,Card,Payment,Saravana Bhavan Corner,Chennai,0.0
2026-03-12,Bulk Catering Order,Uncategorized,1,3150.0,3000,Register,Cash,Payment,Saravana Bhavan Corner,Chennai,0.0
2026-03-12,Onion Uttapam,Dosa,1,105.0,100,Register,Cash,Payment,Saravana Bhavan Corner,Chennai,0.0
2026-03-12,Mini Tiffin Thali,Thali,2,315.0,150,Swiggy,UPI,Payment,Saravana Bhavan Corner,Chennai,0.0
2026-03-12,Mysore Bonda,Snacks,2,113.4,60,Register,Cash,Payment,Saravana Bhavan Corner,Chennai,0.0
2026-03-12,Idli Vada Combo,Tiffin,3,283.5,90,Register,Card,Payment,Saravana Bhavan Corner,Chennai,0.0
2026-03-12,Mysore Bonda,Snacks,2,126.0,60,Register,Card,Payment,Saravana Bhavan Corner,Chennai,0.0
2026-03-12,Filter Coffee,Beverages,1,42.0,40,Register,Cash,Payment,Saravana Bhavan Corner,Chennai,0.0
2026-03-12,Rasgulla (2pc),Desserts,1,73.5,70,Swiggy,UPI,Payment,Saravana Bhavan Corner,Chennai,0.0
2026-03-12,Onion Uttapam,Dosa,1,105.0,100,Register,Cash,Payment,Saravana Bhavan Corner,Chennai,0.0
2026-03-12,Bisi Bele Bath,Rice,2,273.0,130,Register,Cash,Payment,Saravana Bhavan Corner,Chennai,0.0
2026-03-12,Rava Dosa,Dosa,1,115.5,110,Swiggy,UPI,Payment,Saravana Bhavan Corner,Chennai,0.0
2026-03-12,Mini Tiffin Thali,Thali,1,157.5,150,Register,Card,Payment,Saravana Bhavan Corner,Chennai,0.0
2026-03-12,Rava Dosa,Dosa,2,231.0,110,Register,Card,Payment,Saravana Bhavan Corner,Chennai,0.0
2026-03-12,Sambar Rice,Rice,1,126.0,120,Register,Card,Payment,Saravana Bhavan Corner,Chennai,0.0
2026-03-12,Bulk Catering Order,Uncategorized,1,3150.0,3000,Register,Card,Payment,Saravana Bhavan Corner,Chennai,0.0
2026-03-12,Rava Dosa,Dosa,1,103.95,110,Swiggy,UPI,Payment,Saravana Bhavan Corner,Chennai,0.0
2026-03-12,Masala Chai,Beverages,1,36.75,35,Swiggy,UPI,Payment,Saravana Bhavan Corner,Chennai,0.0
2026-03-12,Plain Dosa,Dosa,3,220.5,70,Register,Card,Payment,Saravana Bhavan Corner,Chennai,0.0
2026-03-12,Sambar Rice,Rice,1,126.0,120,Register,Card,Payment,Saravana Bhavan Corner,Chennai,0.0
2026-03-12,Onion Uttapam,Dosa,1,105.0,100,Register,Cash,Payment,Saravana Bhavan Corner,Chennai,0.0
2026-03-12,Filter Coffee,Beverages,1,42.0,40,Register,Card,Payment,Saravana Bhavan Corner,Chennai,0.0
2026-03-12,Filter Coffee,Beverages,1,37.8,40,Register,Card,Payment,Saravana Bhavan Corner,Chennai,0.0
2026-03-12,Plain Dosa,Dosa,1,73.5,70,Register,Card,Payment,Saravana Bhavan Corner,Chennai,0.0
2026-03-12,Idli Vada Combo,Tiffin,1,94.5,90,Register,Card,Payment,Saravana Bhavan Corner,Chennai,0.0
2026-03-12,Filter Coffee,Beverages,2,84.0,40,Register,UPI,Payment,Saravana Bhavan Corner,Chennai,0.0
2026-03-12,Vada (2pc),Tiffin,1,52.5,50,Register,Cash,Payment,Saravana Bhavan Corner,Chennai,0.0
2026-03-12,Idli (4pc),Tiffin,1,63.0,60,Register,UPI,Payment,Saravana Bhavan Corner,Chennai,0.0
2026-03-12,Mysore Bonda,Snacks,1,63.0,60,Register,UPI,Payment,Saravana Bhavan Corner,Chennai,0.0
2026-03-12,Masala Chai,Beverages,3,110.25,35,Swiggy,Card,Payment,Saravana Bhavan Corner,Chennai,0.0
2026-03-12,Idli (4pc),Tiffin,2,113.4,60,Swiggy,Card,Payment,Saravana Bhavan Corner,Chennai,0.0
2026-03-12,Onion Uttapam,Dosa,2,210.0,100,Swiggy,Card,Payment,Saravana Bhavan Corner,Chennai,0.0
2026-03-12,Mini Tiffin Thali,Thali,2,283.5,150,Register,Cash,Payment,Saravana Bhavan Corner,Chennai,0.0
2026-03-12,Vada (2pc),Tiffin,2,105.0,50,Register,Cash,Payment,Saravana Bhavan Corner,Chennai,0.0
2026-03-12,Filter Coffee,Beverages,1,42.0,40,Swiggy,Card,Payment,Saravana Bhavan Corner,Chennai,0.0
2026-03-12,Idli (4pc),Tiffin,3,189.0,60,Swiggy,Card,Payment,Saravana Bhavan Corner,Chennai,0.0
2026-03-12,Curd Rice,Rice,1,80.33,90,Swiggy,Card,Payment,Saravana Bhavan Corner,Chennai,0.0
2026-03-12,Pongal,Tiffin,1,71.4,80,Register,Cash,Payment,Saravana Bhavan Corner,Chennai,0.0
2026-03-12,Rava Dosa,Dosa,2,231.0,110,Register,Cash,Payment,Saravana Bhavan Corner,Chennai,0.0
2026-03-12,Mini Tiffin Thali,Thali,2,315.0,150,Register,Cash,Payment,Saravana Bhavan Corner,Chennai,0.0
2026-03-12,Masala Dosa,Dosa,2,170.1,90,Register,Cash,Payment,Saravana Bhavan Corner,Chennai,0.0
2026-03-12,Rava Dosa,Dosa,3,346.5,110,Register,Cash,Payment,Saravana Bhavan Corner,Chennai,0.0
2026-03-12,Lemon Rice,Rice,2,189.0,100,Register,Card,Payment,Saravana Bhavan Corner,Chennai,0.0
2026-03-12,Medu Vada Chaat,Snacks,1,73.5,70,Swiggy,UPI,Payment,Saravana Bhavan Corner,Chennai,0.0
2026-03-12,Masala Dosa,Dosa,1,94.5,90,Register,UPI,Payment,Saravana Bhavan Corner,Chennai,0.0
2026-03-12,Bisi Bele Bath,Rice,2,232.05,130,Swiggy,UPI,Payment,Saravana Bhavan Corner,Chennai,0.0
2026-03-12,Filter Coffee,Beverages,1,42.0,40,Swiggy,Card,Payment,Saravana Bhavan Corner,Chennai,0.0
2026-03-12,Rava Dosa,Dosa,1,103.95,110,Register,Cash,Payment,Saravana Bhavan Corner,Chennai,0.0
2026-03-12,Masala Chai,Beverages,2,73.5,35,Register,Cash,Payment,Saravana Bhavan Corner,Chennai,0.0
2026-03-12,Masala Dosa,Dosa,1,85.05,90,Swiggy,Card,Payment,Saravana Bhavan Corner,Chennai,0.0
2026-03-12,Filter Coffee,Beverages,2,84.0,40,Swiggy,Card,Payment,Saravana Bhavan Corner,Chennai,0.0
2026-03-12,Masala Dosa,Dosa,1,94.5,90,Swiggy,Card,Payment,Saravana Bhavan Corner,Chennai,0.0
2026-03-12,Veg Thali,Thali,1,189.0,180,Register,Card,Payment,Saravana Bhavan Corner,Chennai,0.0
2026-03-12,Rasgulla (2pc),Desserts,1,73.5,70,Register,Card,Payment,Saravana Bhavan Corner,Chennai,0.0
2026-03-13,Plain Dosa,Dosa,1,73.5,70,Register,Card,Payment,Saravana Bhavan Corner,Chennai,0.0
2026-03-13,Vada (2pc),Tiffin,2,105.0,50,Swiggy,Card,Payment,Saravana Bhavan Corner,Chennai,0.0
2026-03-13,Rasgulla (2pc),Desserts,1,73.5,70,Register,Cash,Payment,Saravana Bhavan Corner,Chennai,0.0
2026-03-13,Lemon Rice,Rice,1,89.25,100,Register,Cash,Payment,Saravana Bhavan Corner,Chennai,0.0
2026-03-13,Masala Dosa,Dosa,2,189.0,90,Swiggy,UPI,Payment,Saravana Bhavan Corner,Chennai,0.0
2026-03-13,Bisi Bele Bath,Rice,3,409.5,130,Register,Card,Payment,Saravana Bhavan Corner,Chennai,0.0
2026-03-13,Curd Rice,Rice,1,80.33,90,Swiggy,Card,Payment,Saravana Bhavan Corner,Chennai,0.0
2026-03-13,Idli Vada Combo,Tiffin,1,94.5,90,Swiggy,Card,Payment,Saravana Bhavan Corner,Chennai,0.0
2026-03-13,Veg Thali,Thali,2,378.0,180,Swiggy,Card,Payment,Saravana Bhavan Corner,Chennai,0.0
2026-03-13,Onion Uttapam,Dosa,1,105.0,100,Swiggy,Card,Payment,Saravana Bhavan Corner,Chennai,0.0
2026-03-13,Filter Coffee,Beverages,3,126.0,40,Swiggy,Card,Payment,Saravana Bhavan Corner,Chennai,0.0
2026-03-13,Mysore Bonda,Snacks,1,63.0,60,Register,Card,Payment,Saravana Bhavan Corner,Chennai,0.0
2026-03-13,Bisi Bele Bath,Rice,1,136.5,130,Register,Card,Payment,Saravana Bhavan Corner,Chennai,0.0
2026-03-13,Vada (2pc),Tiffin,2,105.0,50,Register,Card,Payment,Saravana Bhavan Corner,Chennai,0.0
2026-03-13,Onion Uttapam,Dosa,1,105.0,100,Swiggy,UPI,Payment,Saravana Bhavan Corner,Chennai,0.0
2026-03-13,Filter Coffee,Beverages,1,42.0,40,Swiggy,Card,Payment,Saravana Bhavan Corner,Chennai,0.0
2026-03-13,Masala Dosa,Dosa,1,94.5,90,Register,Card,Payment,Saravana Bhavan Corner,Chennai,0.0
2026-03-13,Lemon Rice,Rice,1,94.5,100,Register,Card,Payment,Saravana Bhavan Corner,Chennai,0.0
2026-03-13,Masala Dosa,Dosa,2,189.0,90,Swiggy,Card,Payment,Saravana Bhavan Corner,Chennai,0.0
2026-03-13,Plain Dosa,Dosa,1,66.15,70,Register,Cash,Payment,Saravana Bhavan Corner,Chennai,0.0
2026-03-13,Plain Dosa,Dosa,1,73.5,70,Register,Cash,Payment,Saravana Bhavan Corner,Chennai,0.0
2026-03-13,Curd Rice,Rice,1,94.5,90,Register,Cash,Payment,Saravana Bhavan Corner,Chennai,0.0
2026-03-13,Rasgulla (2pc),Desserts,1,73.5,70,Register,Card,Payment,Saravana Bhavan Corner,Chennai,0.0
2026-03-13,Veg Thali,Thali,1,189.0,180,Register,Card,Payment,Saravana Bhavan Corner,Chennai,0.0
2026-03-13,Mini Tiffin Thali,Thali,2,315.0,150,Register,Card,Payment,Saravana Bhavan Corner,Chennai,0.0
2026-03-13,Sambar Rice,Rice,1,126.0,120,Swiggy,UPI,Payment,Saravana Bhavan Corner,Chennai,0.0
2026-03-13,Plain Dosa,Dosa,1,73.5,70,Register,Card,Payment,Saravana Bhavan Corner,Chennai,0.0
2026-03-13,Filter Coffee,Beverages,2,84.0,40,Register,Card,Payment,Saravana Bhavan Corner,Chennai,0.0
2026-03-13,Pongal,Tiffin,1,84.0,80,Register,Card,Payment,Saravana Bhavan Corner,Chennai,0.0
2026-03-13,Masala Chai,Beverages,1,31.24,35,Swiggy,Card,Payment,Saravana Bhavan Corner,Chennai,0.0
2026-03-13,Bisi Bele Bath,Rice,1,122.85,130,Swiggy,Card,Payment,Saravana Bhavan Corner,Chennai,0.0
2026-03-13,Curd Rice,Rice,3,283.5,90,Register,Card,Payment,Saravana Bhavan Corner,Chennai,0.0
2026-03-13,Vada (2pc),Tiffin,1,52.5,50,Register,Cash,Payment,Saravana Bhavan Corner,Chennai,0.0
2026-03-13,Plain Dosa,Dosa,1,66.15,70,Register,Cash,Payment,Saravana Bhavan Corner,Chennai,0.0
2026-03-13,Rava Dosa,Dosa,1,98.17,110,Register,Cash,Payment,Saravana Bhavan Corner,Chennai,0.0
2026-03-13,Mini Tiffin Thali,Thali,1,133.88,150,Register,Cash,Payment,Saravana Bhavan Corner,Chennai,0.0
2026-03-13,Mini Tiffin Thali,Thali,1,157.5,150,Swiggy,Card,Payment,Saravana Bhavan Corner,Chennai,0.0
2026-03-13,Vada (2pc),Tiffin,2,105.0,50,Register,UPI,Payment,Saravana Bhavan Corner,Chennai,0.0
2026-03-13,Veg Thali,Thali,1,189.0,180,Swiggy,Card,Payment,Saravana Bhavan Corner,Chennai,0.0
2026-03-13,Buttermilk,Beverages,2,63.0,30,Swiggy,UPI,Payment,Saravana Bhavan Corner,Chennai,0.0
2026-03-13,Buttermilk,Beverages,2,63.0,30,Register,UPI,Payment,Saravana Bhavan Corner,Chennai,0.0
2026-03-13,Filter Coffee,Beverages,1,35.7,40,Register,UPI,Payment,Saravana Bhavan Corner,Chennai,0.0
2026-03-13,Mini Tiffin Thali,Thali,1,133.88,150,Register,UPI,Payment,Saravana Bhavan Corner,Chennai,0.0
2026-03-13,Rava Dosa,Dosa,1,115.5,110,Register,Cash,Payment,Saravana Bhavan Corner,Chennai,0.0
2026-03-13,Filter Coffee,Beverages,1,42.0,40,Register,Cash,Payment,Saravana Bhavan Corner,Chennai,0.0
2026-03-13,Idli (4pc),Tiffin,2,126.0,60,Register,Cash,Payment,Saravana Bhavan Corner,Chennai,0.0
2026-03-13,Bisi Bele Bath,Rice,3,409.5,130,Swiggy,Card,Payment,Saravana Bhavan Corner,Chennai,0.0
2026-03-13,Plain Dosa,Dosa,2,147.0,70,Swiggy,Card,Payment,Saravana Bhavan Corner,Chennai,0.0
2026-03-13,Onion Uttapam,Dosa,2,210.0,100,Register,UPI,Payment,Saravana Bhavan Corner,Chennai,0.0
2026-03-13,Medu Vada Chaat,Snacks,2,147.0,70,Register,Card,Payment,Saravana Bhavan Corner,Chennai,0.0
2026-03-13,Vada (2pc),Tiffin,1,47.25,50,Swiggy,UPI,Payment,Saravana Bhavan Corner,Chennai,0.0
2026-03-13,Filter Coffee,Beverages,1,42.0,40,Swiggy,UPI,Payment,Saravana Bhavan Corner,Chennai,0.0
2026-03-13,Buttermilk,Beverages,2,63.0,30,Swiggy,UPI,Payment,Saravana Bhavan Corner,Chennai,0.0
2026-03-13,Veg Thali,Thali,1,189.0,180,Register,Card,Payment,Saravana Bhavan Corner,Chennai,0.0
2026-03-13,Buttermilk,Beverages,2,63.0,30,Register,Card,Payment,Saravana Bhavan Corner,Chennai,0.0
2026-03-13,Masala Chai,Beverages,1,36.75,35,Register,UPI,Payment,Saravana Bhavan Corner,Chennai,0.0
2026-03-13,Veg Thali,Thali,2,378.0,180,Register,UPI,Payment,Saravana Bhavan Corner,Chennai,0.0
2026-03-13,Idli (4pc),Tiffin,2,126.0,60,Swiggy,Card,Payment,Saravana Bhavan Corner,Chennai,0.0
2026-03-13,Masala Dosa,Dosa,1,94.5,90,Register,Card,Payment,Saravana Bhavan Corner,Chennai,0.0
2026-03-13,Idli Vada Combo,Tiffin,1,94.5,90,Register,Cash,Payment,Saravana Bhavan Corner,Chennai,0.0
2026-03-13,Mini Tiffin Thali,Thali,1,157.5,150,Swiggy,UPI,Payment,Saravana Bhavan Corner,Chennai,0.0
2026-03-13,Plain Dosa,Dosa,2,147.0,70,Register,Card,Payment,Saravana Bhavan Corner,Chennai,0.0
2026-03-13,Sambar Rice,Rice,1,126.0,120,Register,Card,Payment,Saravana Bhavan Corner,Chennai,0.0
2026-03-13,Veg Thali,Thali,2,378.0,180,Register,Card,Payment,Saravana Bhavan Corner,Chennai,0.0
2026-03-13,Plain Dosa,Dosa,2,147.0,70,Register,Cash,Payment,Saravana Bhavan Corner,Chennai,0.0
2026-03-13,Veg Thali,Thali,3,567.0,180,Register,Cash,Payment,Saravana Bhavan Corner,Chennai,0.0
2026-03-13,Sambar Rice,Rice,1,126.0,120,Register,Card,Payment,Saravana Bhavan Corner,Chennai,0.0
2026-03-13,Sambar Rice,Rice,1,126.0,120,Register,Card,Payment,Saravana Bhavan Corner,Chennai,0.0
2026-03-13,Buttermilk,Beverages,1,31.5,30,Register,Card,Payment,Saravana Bhavan Corner,Chennai,0.0
2026-03-13,Curd Rice,Rice,1,94.5,90,Register,UPI,Payment,Saravana Bhavan Corner,Chennai,0.0
2026-03-13,Vada (2pc),Tiffin,1,52.5,50,Register,UPI,Payment,Saravana Bhavan Corner,Chennai,0.0
2026-03-13,Idli (4pc),Tiffin,1,63.0,60,Register,UPI,Payment,Saravana Bhavan Corner,Chennai,0.0
2026-03-13,Buttermilk,Beverages,2,63.0,30,Register,Card,Payment,Saravana Bhavan Corner,Chennai,0.0
2026-03-13,Idli (4pc),Tiffin,3,189.0,60,Register,Cash,Payment,Saravana Bhavan Corner,Chennai,0.0
2026-03-13,Buttermilk,Beverages,1,31.5,30,Register,Cash,Payment,Saravana Bhavan Corner,Chennai,0.0
2026-03-13,Buttermilk,Beverages,3,94.5,30,Register,Card,Payment,Saravana Bhavan Corner,Chennai,0.0
2026-03-13,Buttermilk,Beverages,2,63.0,30,Register,Cash,Payment,Saravana Bhavan Corner,Chennai,0.0
2026-03-14,Lemon Rice,Rice,2,210.0,100,Register,Card,Payment,Saravana Bhavan Corner,Chennai,0.0
2026-03-14,Veg Thali,Thali,1,170.1,180,Register,Cash,Payment,Saravana Bhavan Corner,Chennai,0.0
2026-03-14,Onion Uttapam,Dosa,1,105.0,100,Swiggy,UPI,Payment,Saravana Bhavan Corner,Chennai,0.0
2026-03-14,Filter Coffee,Beverages,2,75.6,40,Swiggy,UPI,Payment,Saravana Bhavan Corner,Chennai,0.0
2026-03-14,Rasgulla (2pc),Desserts,1,73.5,70,Swiggy,Card,Payment,Saravana Bhavan Corner,Chennai,0.0
2026-03-14,Rava Dosa,Dosa,1,115.5,110,Swiggy,UPI,Payment,Saravana Bhavan Corner,Chennai,0.0
2026-03-14,Filter Coffee,Beverages,1,42.0,40,Register,Card,Payment,Saravana Bhavan Corner,Chennai,0.0
2026-03-14,Mini Tiffin Thali,Thali,2,315.0,150,Register,Card,Payment,Saravana Bhavan Corner,Chennai,0.0
2026-03-14,Idli (4pc),Tiffin,1,63.0,60,Register,UPI,Payment,Saravana Bhavan Corner,Chennai,0.0
2026-03-14,Rasgulla (2pc),Desserts,3,220.5,70,Swiggy,UPI,Payment,Saravana Bhavan Corner,Chennai,0.0
2026-03-14,Idli Vada Combo,Tiffin,2,189.0,90,Swiggy,UPI,Payment,Saravana Bhavan Corner,Chennai,0.0
2026-03-14,Mysore Bonda,Snacks,2,126.0,60,Register,UPI,Payment,Saravana Bhavan Corner,Chennai,0.0
2026-03-14,Rava Dosa,Dosa,1,115.5,110,Register,UPI,Payment,Saravana Bhavan Corner,Chennai,0.0
2026-03-14,Sambar Rice,Rice,1,126.0,120,Register,UPI,Payment,Saravana Bhavan Corner,Chennai,0.0
2026-03-14,Idli (4pc),Tiffin,2,126.0,60,Register,UPI,Payment,Saravana Bhavan Corner,Chennai,0.0
2026-03-14,Lemon Rice,Rice,3,315.0,100,Register,UPI,Payment,Saravana Bhavan Corner,Chennai,0.0
2026-03-14,Masala Dosa,Dosa,1,94.5,90,Swiggy,UPI,Payment,Saravana Bhavan Corner,Chennai,0.0
2026-03-14,Pongal,Tiffin,1,84.0,80,Swiggy,UPI,Payment,Saravana Bhavan Corner,Chennai,0.0
2026-03-14,Buttermilk,Beverages,1,31.5,30,Register,UPI,Payment,Saravana Bhavan Corner,Chennai,0.0
2026-03-14,Vada (2pc),Tiffin,2,94.5,50,Register,UPI,Payment,Saravana Bhavan Corner,Chennai,0.0
2026-03-14,Masala Chai,Beverages,1,36.75,35,Register,UPI,Payment,Saravana Bhavan Corner,Chennai,0.0
2026-03-14,Rava Dosa,Dosa,2,196.35,110,Register,UPI,Payment,Saravana Bhavan Corner,Chennai,0.0
2026-03-14,Veg Thali,Thali,1,160.65,180,Register,Cash,Payment,Saravana Bhavan Corner,Chennai,0.0
2026-03-14,Veg Thali,Thali,1,189.0,180,Register,UPI,Payment,Saravana Bhavan Corner,Chennai,0.0
2026-03-14,Idli Vada Combo,Tiffin,1,94.5,90,Register,Cash,Payment,Saravana Bhavan Corner,Chennai,0.0
2026-03-14,Filter Coffee,Beverages,2,84.0,40,Register,Cash,Payment,Saravana Bhavan Corner,Chennai,0.0
2026-03-14,Vada (2pc),Tiffin,1,52.5,50,Register,UPI,Payment,Saravana Bhavan Corner,Chennai,0.0
2026-03-14,Mysore Bonda,Snacks,1,56.7,60,Swiggy,Card,Payment,Saravana Bhavan Corner,Chennai,0.0
2026-03-14,Mini Tiffin Thali,Thali,1,157.5,150,Register,Cash,Payment,Saravana Bhavan Corner,Chennai,0.0
2026-03-14,Veg Thali,Thali,1,189.0,180,Swiggy,Card,Payment,Saravana Bhavan Corner,Chennai,0.0
2026-03-14,Lemon Rice,Rice,1,105.0,100,Swiggy,Card,Payment,Saravana Bhavan Corner,Chennai,0.0
2026-03-14,Medu Vada Chaat,Snacks,1,73.5,70,Swiggy,Card,Payment,Saravana Bhavan Corner,Chennai,0.0
2026-03-14,Sambar Rice,Rice,1,126.0,120,Register,Cash,Payment,Saravana Bhavan Corner,Chennai,0.0
2026-03-14,Pongal,Tiffin,1,84.0,80,Register,UPI,Payment,Saravana Bhavan Corner,Chennai,0.0
2026-03-14,Rava Dosa,Dosa,1,115.5,110,Register,UPI,Payment,Saravana Bhavan Corner,Chennai,0.0
2026-03-14,Rava Dosa,Dosa,1,115.5,110,Register,UPI,Payment,Saravana Bhavan Corner,Chennai,0.0
2026-03-14,Rava Dosa,Dosa,1,115.5,110,Register,UPI,Payment,Saravana Bhavan Corner,Chennai,0.0
2026-03-14,Plain Dosa,Dosa,2,147.0,70,Swiggy,UPI,Payment,Saravana Bhavan Corner,Chennai,0.0
2026-03-14,Sambar Rice,Rice,1,126.0,120,Swiggy,UPI,Payment,Saravana Bhavan Corner,Chennai,0.0
2026-03-14,Masala Dosa,Dosa,2,189.0,90,Swiggy,UPI,Payment,Saravana Bhavan Corner,Chennai,0.0
2026-03-14,Mini Tiffin Thali,Thali,1,157.5,150,Register,Cash,Payment,Saravana Bhavan Corner,Chennai,0.0
2026-03-14,Filter Coffee,Beverages,1,42.0,40,Register,Cash,Payment,Saravana Bhavan Corner,Chennai,0.0
2026-03-14,Masala Chai,Beverages,1,36.75,35,Register,Cash,Payment,Saravana Bhavan Corner,Chennai,0.0
2026-03-14,Filter Coffee,Beverages,3,126.0,40,Register,Card,Payment,Saravana Bhavan Corner,Chennai,0.0
2026-03-14,Veg Thali,Thali,1,189.0,180,Register,Card,Payment,Saravana Bhavan Corner,Chennai,0.0
2026-03-14,Buttermilk,Beverages,2,63.0,30,Register,Cash,Payment,Saravana Bhavan Corner,Chennai,0.0
2026-03-14,Sambar Rice,Rice,2,252.0,120,Register,Cash,Payment,Saravana Bhavan Corner,Chennai,0.0
2026-03-14,Idli Vada Combo,Tiffin,1,94.5,90,Register,Cash,Payment,Saravana Bhavan Corner,Chennai,0.0
2026-03-14,Masala Chai,Beverages,3,99.23,35,Register,Cash,Payment,Saravana Bhavan Corner,Chennai,0.0
2026-03-14,Plain Dosa,Dosa,2,147.0,70,Register,UPI,Payment,Saravana Bhavan Corner,Chennai,0.0
2026-03-14,Lemon Rice,Rice,1,105.0,100,Register,UPI,Payment,Saravana Bhavan Corner,Chennai,0.0
2026-03-14,Pongal,Tiffin,1,84.0,80,Swiggy,Card,Payment,Saravana Bhavan Corner,Chennai,0.0
2026-03-14,Lemon Rice,Rice,1,105.0,100,Swiggy,Card,Payment,Saravana Bhavan Corner,Chennai,0.0
2026-03-14,Veg Thali,Thali,2,378.0,180,Register,Card,Payment,Saravana Bhavan Corner,Chennai,0.0
2026-03-14,Idli Vada Combo,Tiffin,1,94.5,90,Register,Card,Payment,Saravana Bhavan Corner,Chennai,0.0
2026-03-14,Masala Dosa,Dosa,3,283.5,90,Register,UPI,Payment,Saravana Bhavan Corner,Chennai,0.0
2026-03-14,Rasgulla (2pc),Desserts,2,132.3,70,Register,UPI,Payment,Saravana Bhavan Corner,Chennai,0.0
2026-03-14,Rava Dosa,Dosa,2,231.0,110,Register,UPI,Payment,Saravana Bhavan Corner,Chennai,0.0
2026-03-14,Buttermilk,Beverages,1,31.5,30,Register,UPI,Payment,Saravana Bhavan Corner,Chennai,0.0
2026-03-14,Lemon Rice,Rice,1,105.0,100,Register,UPI,Payment,Saravana Bhavan Corner,Chennai,0.0
2026-03-14,Lemon Rice,Rice,2,210.0,100,Register,UPI,Payment,Saravana Bhavan Corner,Chennai,0.0
2026-03-14,Idli (4pc),Tiffin,2,126.0,60,Register,Cash,Payment,Saravana Bhavan Corner,Chennai,0.0
2026-03-14,Curd Rice,Rice,1,94.5,90,Register,Cash,Payment,Saravana Bhavan Corner,Chennai,0.0
2026-03-14,Masala Chai,Beverages,2,73.5,35,Register,Cash,Payment,Saravana Bhavan Corner,Chennai,0.0
2026-03-14,Rava Dosa,Dosa,1,115.5,110,Register,Card,Payment,Saravana Bhavan Corner,Chennai,0.0
2026-03-14,Vada (2pc),Tiffin,2,105.0,50,Register,Card,Payment,Saravana Bhavan Corner,Chennai,0.0
2026-03-14,Mysore Bonda,Snacks,2,126.0,60,Register,Card,Payment,Saravana Bhavan Corner,Chennai,0.0
2026-03-14,Masala Dosa,Dosa,1,94.5,90,Register,UPI,Payment,Saravana Bhavan Corner,Chennai,0.0
2026-03-14,Buttermilk,Beverages,2,56.7,30,Register,Cash,Payment,Saravana Bhavan Corner,Chennai,0.0
2026-03-14,Mini Tiffin Thali,Thali,3,425.25,150,Register,Cash,Payment,Saravana Bhavan Corner,Chennai,0.0
2026-03-14,Veg Thali,Thali,1,189.0,180,Register,Cash,Payment,Saravana Bhavan Corner,Chennai,0.0
2026-03-14,Bisi Bele Bath,Rice,1,136.5,130,Register,Card,Payment,Saravana Bhavan Corner,Chennai,0.0
2026-03-14,Plain Dosa,Dosa,2,132.3,70,Register,Cash,Payment,Saravana Bhavan Corner,Chennai,0.0
2026-03-14,Bisi Bele Bath,Rice,1,136.5,130,Register,Cash,Payment,Saravana Bhavan Corner,Chennai,0.0
2026-03-14,Vada (2pc),Tiffin,2,105.0,50,Swiggy,UPI,Payment,Saravana Bhavan Corner,Chennai,0.0
2026-03-14,Mysore Bonda,Snacks,2,126.0,60,Register,Card,Payment,Saravana Bhavan Corner,Chennai,0.0
2026-03-14,Masala Dosa,Dosa,1,94.5,90,Register,Cash,Payment,Saravana Bhavan Corner,Chennai,0.0
2026-03-14,Veg Thali,Thali,1,189.0,180,Register,Card,Payment,Saravana Bhavan Corner,Chennai,0.0
2026-03-14,Masala Chai,Beverages,1,36.75,35,Register,UPI,Payment,Saravana Bhavan Corner,Chennai,0.0
2026-03-14,Sambar Rice,Rice,1,126.0,120,Register,Cash,Payment,Saravana Bhavan Corner,Chennai,0.0
2026-03-14,Filter Coffee,Beverages,1,42.0,40,Register,Cash,Payment,Saravana Bhavan Corner,Chennai,0.0
2026-03-14,Idli Vada Combo,Tiffin,1,80.33,90,Register,Cash,Payment,Saravana Bhavan Corner,Chennai,0.0
2026-03-14,Sambar Rice,Rice,1,113.4,120,Register,Cash,Payment,Saravana Bhavan Corner,Chennai,0.0
2026-03-14,Vada (2pc),Tiffin,1,52.5,50,Register,Cash,Payment,Saravana Bhavan Corner,Chennai,0.0
2026-03-14,Onion Uttapam,Dosa,3,315.0,100,Register,Cash,Payment,Saravana Bhavan Corner,Chennai,0.0
2026-03-14,Filter Coffee,Beverages,2,84.0,40,Register,UPI,Payment,Saravana Bhavan Corner,Chennai,0.0
2026-03-14,Plain Dosa,Dosa,1,73.5,70,Register,UPI,Payment,Saravana Bhavan Corner,Chennai,0.0
2026-03-14,Plain Dosa,Dosa,1,73.5,70,Register,UPI,Payment,Saravana Bhavan Corner,Chennai,0.0
2026-03-14,Bisi Bele Bath,Rice,2,273.0,130,Register,Cash,Payment,Saravana Bhavan Corner,Chennai,0.0
2026-03-14,Idli Vada Combo,Tiffin,2,189.0,90,Register,Cash,Payment,Saravana Bhavan Corner,Chennai,0.0
2026-03-14,Filter Coffee,Beverages,1,42.0,40,Swiggy,UPI,Payment,Saravana Bhavan Corner,Chennai,0.0
2026-03-14,Lemon Rice,Rice,1,105.0,100,Register,UPI,Payment,Saravana Bhavan Corner,Chennai,0.0
2026-03-14,Vada (2pc),Tiffin,2,89.25,50,Register,Cash,Payment,Saravana Bhavan Corner,Chennai,0.0
2026-03-14,Idli (4pc),Tiffin,1,63.0,60,Register,Cash,Payment,Saravana Bhavan Corner,Chennai,0.0
2026-03-14,Idli (4pc),Tiffin,1,63.0,60,Register,UPI,Payment,Saravana Bhavan Corner,Chennai,0.0
2026-03-14,Curd Rice,Rice,1,85.05,90,Register,Cash,Payment,Saravana Bhavan Corner,Chennai,0.0
2026-03-14,Vada (2pc),Tiffin,1,52.5,50,Register,Cash,Payment,Saravana Bhavan Corner,Chennai,0.0
2026-03-14,Vada (2pc),Tiffin,1,52.5,50,Swiggy,Card,Payment,Saravana Bhavan Corner,Chennai,0.0
2026-03-14,Rava Dosa,Dosa,1,115.5,110,Register,UPI,Payment,Saravana Bhavan Corner,Chennai,0.0
2026-03-14,Masala Chai,Beverages,2,73.5,35,Register,UPI,Payment,Saravana Bhavan Corner,Chennai,0.0
2026-03-14,Buttermilk,Beverages,1,31.5,30,Register,UPI,Payment,Saravana Bhavan Corner,Chennai,0.0
2026-03-14,Vada (2pc),Tiffin,2,105.0,50,Swiggy,Card,Payment,Saravana Bhavan Corner,Chennai,0.0
2026-03-14,Rasgulla (2pc),Desserts,1,73.5,70,Register,Cash,Payment,Saravana Bhavan Corner,Chennai,0.0
2026-03-15,Onion Uttapam,Dosa,1,105.0,100,Swiggy,Card,Payment,Saravana Bhavan Corner,Chennai,0.0
2026-03-15,Onion Uttapam,Dosa,2,178.5,100,Register,Cash,Payment,Saravana Bhavan Corner,Chennai,0.0
2026-03-15,Buttermilk,Beverages,2,56.7,30,Swiggy,Card,Payment,Saravana Bhavan Corner,Chennai,0.0
2026-03-15,Sambar Rice,Rice,1,126.0,120,Register,Cash,Payment,Saravana Bhavan Corner,Chennai,0.0
2026-03-15,Idli (4pc),Tiffin,1,63.0,60,Register,Cash,Payment,Saravana Bhavan Corner,Chennai,0.0
2026-03-15,Sambar Rice,Rice,1,113.4,120,Register,Card,Payment,Saravana Bhavan Corner,Chennai,0.0
2026-03-15,Pongal,Tiffin,2,168.0,80,Register,Card,Payment,Saravana Bhavan Corner,Chennai,0.0
2026-03-15,Veg Thali,Thali,3,567.0,180,Swiggy,Card,Payment,Saravana Bhavan Corner,Chennai,0.0
2026-03-15,Idli Vada Combo,Tiffin,1,94.5,90,Swiggy,Card,Payment,Saravana Bhavan Corner,Chennai,0.0
2026-03-15,Filter Coffee,Beverages,1,42.0,40,Swiggy,Card,Payment,Saravana Bhavan Corner,Chennai,0.0
2026-03-15,Masala Dosa,Dosa,1,94.5,90,Register,Cash,Payment,Saravana Bhavan Corner,Chennai,0.0
2026-03-15,Onion Uttapam,Dosa,1,105.0,100,Swiggy,Card,Payment,Saravana Bhavan Corner,Chennai,0.0
2026-03-15,Filter Coffee,Beverages,1,42.0,40,Swiggy,Card,Payment,Saravana Bhavan Corner,Chennai,0.0
2026-03-15,Vada (2pc),Tiffin,2,94.5,50,Swiggy,Card,Payment,Saravana Bhavan Corner,Chennai,0.0
2026-03-15,Masala Dosa,Dosa,2,189.0,90,Swiggy,Card,Payment,Saravana Bhavan Corner,Chennai,0.0
2026-03-15,Buttermilk,Beverages,2,63.0,30,Register,UPI,Payment,Saravana Bhavan Corner,Chennai,0.0
2026-03-15,Buttermilk,Beverages,2,63.0,30,Register,UPI,Payment,Saravana Bhavan Corner,Chennai,0.0
2026-03-15,Mysore Bonda,Snacks,2,126.0,60,Swiggy,Card,Payment,Saravana Bhavan Corner,Chennai,0.0
2026-03-15,Medu Vada Chaat,Snacks,1,73.5,70,Register,Card,Payment,Saravana Bhavan Corner,Chennai,0.0
2026-03-15,Idli (4pc),Tiffin,1,63.0,60,Swiggy,Card,Payment,Saravana Bhavan Corner,Chennai,0.0
2026-03-15,Rava Dosa,Dosa,3,346.5,110,Register,UPI,Payment,Saravana Bhavan Corner,Chennai,0.0
2026-03-15,Medu Vada Chaat,Snacks,2,147.0,70,Register,UPI,Payment,Saravana Bhavan Corner,Chennai,0.0
2026-03-15,Filter Coffee,Beverages,1,42.0,40,Register,Card,Payment,Saravana Bhavan Corner,Chennai,0.0
2026-03-15,Onion Uttapam,Dosa,2,210.0,100,Register,Card,Payment,Saravana Bhavan Corner,Chennai,0.0
2026-03-15,Veg Thali,Thali,1,189.0,180,Register,Cash,Payment,Saravana Bhavan Corner,Chennai,0.0
2026-03-15,Rava Dosa,Dosa,1,115.5,110,Register,Cash,Payment,Saravana Bhavan Corner,Chennai,0.0
2026-03-15,Plain Dosa,Dosa,2,147.0,70,Register,Card,Payment,Saravana Bhavan Corner,Chennai,0.0
2026-03-15,Masala Chai,Beverages,1,33.08,35,Register,Cash,Payment,Saravana Bhavan Corner,Chennai,0.0
2026-03-15,Plain Dosa,Dosa,2,147.0,70,Register,Cash,Payment,Saravana Bhavan Corner,Chennai,0.0
2026-03-15,Vada (2pc),Tiffin,1,52.5,50,Register,Card,Payment,Saravana Bhavan Corner,Chennai,0.0
2026-03-15,Sambar Rice,Rice,1,126.0,120,Register,Card,Payment,Saravana Bhavan Corner,Chennai,0.0
2026-03-15,Idli (4pc),Tiffin,3,189.0,60,Register,Card,Payment,Saravana Bhavan Corner,Chennai,0.0
2026-03-15,Filter Coffee,Beverages,2,84.0,40,Register,UPI,Payment,Saravana Bhavan Corner,Chennai,0.0
2026-03-15,Pongal,Tiffin,2,168.0,80,Register,Card,Payment,Saravana Bhavan Corner,Chennai,0.0
2026-03-15,Mysore Bonda,Snacks,1,53.55,60,Register,Card,Payment,Saravana Bhavan Corner,Chennai,0.0
2026-03-15,Masala Dosa,Dosa,1,94.5,90,Register,Card,Payment,Saravana Bhavan Corner,Chennai,0.0
2026-03-15,Mini Tiffin Thali,Thali,1,157.5,150,Register,Card,Payment,Saravana Bhavan Corner,Chennai,0.0
2026-03-15,Masala Chai,Beverages,1,36.75,35,Register,Cash,Payment,Saravana Bhavan Corner,Chennai,0.0
2026-03-15,Sambar Rice,Rice,2,252.0,120,Register,Cash,Payment,Saravana Bhavan Corner,Chennai,0.0
2026-03-15,Mysore Bonda,Snacks,1,56.7,60,Register,Cash,Payment,Saravana Bhavan Corner,Chennai,0.0
2026-03-15,Filter Coffee,Beverages,1,42.0,40,Register,Cash,Payment,Saravana Bhavan Corner,Chennai,0.0
2026-03-15,Masala Chai,Beverages,1,36.75,35,Register,Card,Payment,Saravana Bhavan Corner,Chennai,0.0
2026-03-15,Onion Uttapam,Dosa,2,210.0,100,Register,Card,Payment,Saravana Bhavan Corner,Chennai,0.0
2026-03-15,Buttermilk,Beverages,1,26.78,30,Register,Card,Payment,Saravana Bhavan Corner,Chennai,0.0
2026-03-15,Idli (4pc),Tiffin,2,126.0,60,Swiggy,Card,Payment,Saravana Bhavan Corner,Chennai,0.0
2026-03-15,Filter Coffee,Beverages,1,42.0,40,Register,Card,Payment,Saravana Bhavan Corner,Chennai,0.0
2026-03-15,Idli (4pc),Tiffin,1,63.0,60,Swiggy,Card,Payment,Saravana Bhavan Corner,Chennai,0.0
2026-03-15,Curd Rice,Rice,1,94.5,90,Swiggy,Card,Payment,Saravana Bhavan Corner,Chennai,0.0
2026-03-15,Rasgulla (2pc),Desserts,2,147.0,70,Swiggy,Card,Payment,Saravana Bhavan Corner,Chennai,0.0
2026-03-15,Idli (4pc),Tiffin,1,63.0,60,Register,Cash,Payment,Saravana Bhavan Corner,Chennai,0.0
2026-03-15,Masala Dosa,Dosa,2,189.0,90,Register,Cash,Payment,Saravana Bhavan Corner,Chennai,0.0
2026-03-15,Masala Dosa,Dosa,1,94.5,90,Swiggy,Card,Payment,Saravana Bhavan Corner,Chennai,0.0
2026-03-15,Pongal,Tiffin,1,84.0,80,Swiggy,Card,Payment,Saravana Bhavan Corner,Chennai,0.0
2026-03-15,Veg Thali,Thali,1,189.0,180,Swiggy,Card,Payment,Saravana Bhavan Corner,Chennai,0.0
2026-03-15,Veg Thali,Thali,1,189.0,180,Register,UPI,Payment,Saravana Bhavan Corner,Chennai,0.0
2026-03-15,Plain Dosa,Dosa,1,73.5,70,Register,UPI,Payment,Saravana Bhavan Corner,Chennai,0.0
2026-03-15,Idli Vada Combo,Tiffin,1,80.33,90,Register,UPI,Payment,Saravana Bhavan Corner,Chennai,0.0
2026-03-15,Idli Vada Combo,Tiffin,2,160.65,90,Register,Card,Payment,Saravana Bhavan Corner,Chennai,0.0
2026-03-15,Idli (4pc),Tiffin,1,63.0,60,Register,UPI,Payment,Saravana Bhavan Corner,Chennai,0.0
2026-03-15,Onion Uttapam,Dosa,2,210.0,100,Register,Card,Payment,Saravana Bhavan Corner,Chennai,0.0
2026-03-15,Rasgulla (2pc),Desserts,3,220.5,70,Register,UPI,Payment,Saravana Bhavan Corner,Chennai,0.0
2026-03-15,Lemon Rice,Rice,1,105.0,100,Swiggy,UPI,Payment,Saravana Bhavan Corner,Chennai,0.0
2026-03-15,Idli (4pc),Tiffin,1,56.7,60,Swiggy,UPI,Payment,Saravana Bhavan Corner,Chennai,0.0
2026-03-15,Idli (4pc),Tiffin,1,63.0,60,Swiggy,UPI,Payment,Saravana Bhavan Corner,Chennai,0.0
2026-03-15,Lemon Rice,Rice,2,189.0,100,Swiggy,UPI,Payment,Saravana Bhavan Corner,Chennai,0.0
2026-03-15,Onion Uttapam,Dosa,2,210.0,100,Register,Cash,Payment,Saravana Bhavan Corner,Chennai,0.0
2026-03-15,Buttermilk,Beverages,2,63.0,30,Swiggy,UPI,Payment,Saravana Bhavan Corner,Chennai,0.0
2026-03-15,Plain Dosa,Dosa,1,62.48,70,Register,UPI,Payment,Saravana Bhavan Corner,Chennai,0.0
2026-03-15,Mini Tiffin Thali,Thali,1,157.5,150,Register,UPI,Payment,Saravana Bhavan Corner,Chennai,0.0
2026-03-15,Masala Dosa,Dosa,3,283.5,90,Swiggy,UPI,Payment,Saravana Bhavan Corner,Chennai,0.0
2026-03-15,Mini Tiffin Thali,Thali,2,315.0,150,Register,Card,Payment,Saravana Bhavan Corner,Chennai,0.0
2026-03-15,Masala Dosa,Dosa,2,189.0,90,Register,Cash,Payment,Saravana Bhavan Corner,Chennai,0.0
2026-03-15,Plain Dosa,Dosa,2,132.3,70,Register,UPI,Payment,Saravana Bhavan Corner,Chennai,0.0
2026-03-15,Onion Uttapam,Dosa,1,105.0,100,Register,UPI,Payment,Saravana Bhavan Corner,Chennai,0.0
2026-03-15,Lemon Rice,Rice,1,105.0,100,Register,Cash,Payment,Saravana Bhavan Corner,Chennai,0.0
2026-03-15,Rava Dosa,Dosa,2,207.9,110,Register,Cash,Payment,Saravana Bhavan Corner,Chennai,0.0
2026-03-15,Idli (4pc),Tiffin,2,126.0,60,Swiggy,Card,Payment,Saravana Bhavan Corner,Chennai,0.0
2026-03-15,Masala Chai,Beverages,2,73.5,35,Register,Cash,Payment,Saravana Bhavan Corner,Chennai,0.0
2026-03-15,Mini Tiffin Thali,Thali,1,157.5,150,Register,UPI,Payment,Saravana Bhavan Corner,Chennai,0.0
2026-03-15,Sambar Rice,Rice,1,126.0,120,Register,Cash,Payment,Saravana Bhavan Corner,Chennai,0.0
2026-03-15,Mini Tiffin Thali,Thali,1,157.5,150,Register,Cash,Payment,Saravana Bhavan Corner,Chennai,0.0
2026-03-15,Vada (2pc),Tiffin,1,52.5,50,Swiggy,UPI,Payment,Saravana Bhavan Corner,Chennai,0.0
2026-03-15,Filter Coffee,Beverages,1,42.0,40,Swiggy,UPI,Payment,Saravana Bhavan Corner,Chennai,0.0
2026-03-15,Masala Dosa,Dosa,1,85.05,90,Swiggy,UPI,Payment,Saravana Bhavan Corner,Chennai,0.0
2026-03-15,Mini Tiffin Thali,Thali,1,157.5,150,Swiggy,UPI,Payment,Saravana Bhavan Corner,Chennai,0.0
2026-03-15,Masala Chai,Beverages,1,36.75,35,Swiggy,UPI,Payment,Saravana Bhavan Corner,Chennai,0.0
2026-03-15,Onion Uttapam,Dosa,1,105.0,100,Register,Card,Payment,Saravana Bhavan Corner,Chennai,0.0
2026-03-15,Rava Dosa,Dosa,1,115.5,110,Swiggy,UPI,Payment,Saravana Bhavan Corner,Chennai,0.0
2026-03-15,Veg Thali,Thali,1,189.0,180,Register,UPI,Payment,Saravana Bhavan Corner,Chennai,0.0
2026-03-16,Filter Coffee,Beverages,2,75.6,40,Swiggy,UPI,Payment,Saravana Bhavan Corner,Chennai,0.0
2026-03-16,Idli Vada Combo,Tiffin,1,94.5,90,Swiggy,Card,Payment,Saravana Bhavan Corner,Chennai,0.0
2026-03-16,Mysore Bonda,Snacks,1,63.0,60,Swiggy,UPI,Payment,Saravana Bhavan Corner,Chennai,0.0
2026-03-16,Buttermilk,Beverages,1,31.5,30,Register,Cash,Payment,Saravana Bhavan Corner,Chennai,0.0
2026-03-16,Plain Dosa,Dosa,1,73.5,70,Swiggy,Card,Payment,Saravana Bhavan Corner,Chennai,0.0
2026-03-16,Pongal,Tiffin,2,168.0,80,Swiggy,Card,Payment,Saravana Bhavan Corner,Chennai,0.0
2026-03-16,Veg Thali,Thali,1,189.0,180,Swiggy,Card,Payment,Saravana Bhavan Corner,Chennai,0.0
2026-03-16,Mysore Bonda,Snacks,1,63.0,60,Register,Card,Payment,Saravana Bhavan Corner,Chennai,0.0
2026-03-16,Rava Dosa,Dosa,1,115.5,110,Swiggy,UPI,Payment,Saravana Bhavan Corner,Chennai,0.0
2026-03-16,Lemon Rice,Rice,1,105.0,100,Swiggy,UPI,Payment,Saravana Bhavan Corner,Chennai,0.0
2026-03-16,Masala Chai,Beverages,2,73.5,35,Register,Card,Payment,Saravana Bhavan Corner,Chennai,0.0
2026-03-16,Onion Uttapam,Dosa,2,210.0,100,Register,Card,Payment,Saravana Bhavan Corner,Chennai,0.0
2026-03-16,Masala Dosa,Dosa,2,170.1,90,Swiggy,UPI,Payment,Saravana Bhavan Corner,Chennai,0.0
2026-03-16,Idli Vada Combo,Tiffin,1,94.5,90,Swiggy,Card,Payment,Saravana Bhavan Corner,Chennai,0.0
2026-03-16,Vada (2pc),Tiffin,1,52.5,50,Swiggy,UPI,Payment,Saravana Bhavan Corner,Chennai,0.0
2026-03-16,Buttermilk,Beverages,2,53.55,30,Swiggy,UPI,Payment,Saravana Bhavan Corner,Chennai,0.0
2026-03-16,Vada (2pc),Tiffin,1,52.5,50,Register,Cash,Payment,Saravana Bhavan Corner,Chennai,0.0
2026-03-16,Buttermilk,Beverages,2,63.0,30,Swiggy,Card,Payment,Saravana Bhavan Corner,Chennai,0.0
2026-03-16,Buttermilk,Beverages,1,31.5,30,Swiggy,Card,Payment,Saravana Bhavan Corner,Chennai,0.0
2026-03-16,Mini Tiffin Thali,Thali,2,267.75,150,Register,Cash,Payment,Saravana Bhavan Corner,Chennai,0.0
2026-03-16,Rava Dosa,Dosa,2,231.0,110,Register,Cash,Payment,Saravana Bhavan Corner,Chennai,0.0
2026-03-16,Masala Chai,Beverages,2,62.48,35,Register,Cash,Payment,Saravana Bhavan Corner,Chennai,0.0
2026-03-16,Masala Dosa,Dosa,1,80.33,90,Register,Cash,Payment,Saravana Bhavan Corner,Chennai,0.0
2026-03-16,Sambar Rice,Rice,2,252.0,120,Swiggy,Card,Payment,Saravana Bhavan Corner,Chennai,0.0
2026-03-16,Vada (2pc),Tiffin,3,157.5,50,Swiggy,UPI,Payment,Saravana Bhavan Corner,Chennai,0.0
2026-03-16,Lemon Rice,Rice,1,105.0,100,Swiggy,Card,Payment,Saravana Bhavan Corner,Chennai,0.0
2026-03-16,Onion Uttapam,Dosa,1,105.0,100,Swiggy,Card,Payment,Saravana Bhavan Corner,Chennai,0.0
2026-03-16,Veg Thali,Thali,3,510.3,180,Register,Cash,Payment,Saravana Bhavan Corner,Chennai,0.0
2026-03-16,Veg Thali,Thali,1,189.0,180,Register,Card,Payment,Saravana Bhavan Corner,Chennai,0.0
2026-03-16,Filter Coffee,Beverages,1,37.8,40,Register,Card,Payment,Saravana Bhavan Corner,Chennai,0.0
2026-03-16,Vada (2pc),Tiffin,1,52.5,50,Register,UPI,Payment,Saravana Bhavan Corner,Chennai,0.0
2026-03-16,Idli Vada Combo,Tiffin,1,94.5,90,Swiggy,Card,Payment,Saravana Bhavan Corner,Chennai,0.0
2026-03-16,Medu Vada Chaat,Snacks,1,73.5,70,Swiggy,Card,Payment,Saravana Bhavan Corner,Chennai,0.0
2026-03-16,Idli Vada Combo,Tiffin,1,80.33,90,Swiggy,Card,Payment,Saravana Bhavan Corner,Chennai,0.0
2026-03-16,Onion Uttapam,Dosa,2,210.0,100,Register,Card,Payment,Saravana Bhavan Corner,Chennai,0.0
2026-03-16,Sambar Rice,Rice,2,252.0,120,Register,Card,Payment,Saravana Bhavan Corner,Chennai,0.0
2026-03-16,Idli Vada Combo,Tiffin,1,94.5,90,Register,Cash,Payment,Saravana Bhavan Corner,Chennai,0.0
2026-03-16,Idli (4pc),Tiffin,2,126.0,60,Register,Cash,Payment,Saravana Bhavan Corner,Chennai,0.0
2026-03-16,Rava Dosa,Dosa,1,115.5,110,Swiggy,Card,Payment,Saravana Bhavan Corner,Chennai,0.0
2026-03-16,Filter Coffee,Beverages,3,126.0,40,Swiggy,Card,Payment,Saravana Bhavan Corner,Chennai,0.0
2026-03-16,Idli Vada Combo,Tiffin,1,94.5,90,Swiggy,Card,Payment,Saravana Bhavan Corner,Chennai,0.0
2026-03-16,Idli Vada Combo,Tiffin,2,189.0,90,Register,Cash,Payment,Saravana Bhavan Corner,Chennai,0.0
2026-03-16,Rasgulla (2pc),Desserts,1,73.5,70,Register,Cash,Payment,Saravana Bhavan Corner,Chennai,0.0
2026-03-16,Mysore Bonda,Snacks,3,189.0,60,Register,Cash,Payment,Saravana Bhavan Corner,Chennai,0.0
2026-03-16,Vada (2pc),Tiffin,1,52.5,50,Register,Card,Payment,Saravana Bhavan Corner,Chennai,0.0
2026-03-16,Rasgulla (2pc),Desserts,2,147.0,70,Register,Cash,Payment,Saravana Bhavan Corner,Chennai,0.0
2026-03-16,Idli (4pc),Tiffin,1,63.0,60,Register,Cash,Payment,Saravana Bhavan Corner,Chennai,0.0
2026-03-16,Masala Dosa,Dosa,2,170.1,90,Register,Cash,Payment,Saravana Bhavan Corner,Chennai,0.0
2026-03-16,Plain Dosa,Dosa,1,73.5,70,Register,Card,Payment,Saravana Bhavan Corner,Chennai,0.0
2026-03-16,Rava Dosa,Dosa,2,231.0,110,Swiggy,Card,Payment,Saravana Bhavan Corner,Chennai,0.0
2026-03-16,Masala Dosa,Dosa,2,170.1,90,Swiggy,UPI,Payment,Saravana Bhavan Corner,Chennai,0.0
2026-03-16,Idli Vada Combo,Tiffin,2,189.0,90,Swiggy,UPI,Payment,Saravana Bhavan Corner,Chennai,0.0
2026-03-16,Mini Tiffin Thali,Thali,1,157.5,150,Swiggy,UPI,Payment,Saravana Bhavan Corner,Chennai,0.0
2026-03-16,Masala Dosa,Dosa,2,189.0,90,Swiggy,UPI,Payment,Saravana Bhavan Corner,Chennai,0.0
2026-03-16,Idli (4pc),Tiffin,3,189.0,60,Swiggy,UPI,Payment,Saravana Bhavan Corner,Chennai,0.0
2026-03-16,Vada (2pc),Tiffin,1,52.5,50,Register,Card,Payment,Saravana Bhavan Corner,Chennai,0.0
2026-03-16,Mysore Bonda,Snacks,2,126.0,60,Register,Card,Payment,Saravana Bhavan Corner,Chennai,0.0
2026-03-16,Vada (2pc),Tiffin,1,52.5,50,Register,Card,Payment,Saravana Bhavan Corner,Chennai,0.0
2026-03-16,Filter Coffee,Beverages,3,113.4,40,Register,Cash,Payment,Saravana Bhavan Corner,Chennai,0.0
2026-03-16,Veg Thali,Thali,1,189.0,180,Register,Card,Payment,Saravana Bhavan Corner,Chennai,0.0
2026-03-16,Vada (2pc),Tiffin,1,52.5,50,Register,Cash,Payment,Saravana Bhavan Corner,Chennai,0.0
2026-03-16,Filter Coffee,Beverages,3,126.0,40,Swiggy,UPI,Payment,Saravana Bhavan Corner,Chennai,0.0
2026-03-16,Onion Uttapam,Dosa,1,105.0,100,Swiggy,Card,Payment,Saravana Bhavan Corner,Chennai,0.0
2026-03-16,Medu Vada Chaat,Snacks,1,73.5,70,Swiggy,UPI,Payment,Saravana Bhavan Corner,Chennai,0.0
2026-03-16,Masala Dosa,Dosa,1,85.05,90,Swiggy,UPI,Payment,Saravana Bhavan Corner,Chennai,0.0
2026-03-16,Mini Tiffin Thali,Thali,1,157.5,150,Register,UPI,Payment,Saravana Bhavan Corner,Chennai,0.0
2026-03-16,Bisi Bele Bath,Rice,2,273.0,130,Register,Card,Payment,Saravana Bhavan Corner,Chennai,0.0
2026-03-16,Sambar Rice,Rice,1,126.0,120,Swiggy,UPI,Payment,Saravana Bhavan Corner,Chennai,0.0
2026-03-16,Filter Coffee,Beverages,1,42.0,40,Register,Cash,Payment,Saravana Bhavan Corner,Chennai,0.0
2026-03-17,Masala Chai,Beverages,2,73.5,35,Swiggy,UPI,Payment,Saravana Bhavan Corner,Chennai,0.0
2026-03-17,Vada (2pc),Tiffin,1,52.5,50,Register,Card,Payment,Saravana Bhavan Corner,Chennai,0.0
2026-03-17,Sambar Rice,Rice,2,252.0,120,Register,Card,Payment,Saravana Bhavan Corner,Chennai,0.0
2026-03-17,Bisi Bele Bath,Rice,1,136.5,130,Swiggy,UPI,Payment,Saravana Bhavan Corner,Chennai,0.0
2026-03-17,Idli (4pc),Tiffin,1,63.0,60,Swiggy,UPI,Payment,Saravana Bhavan Corner,Chennai,0.0
2026-03-17,Mysore Bonda,Snacks,1,63.0,60,Register,Cash,Payment,Saravana Bhavan Corner,Chennai,0.0
2026-03-17,Vada (2pc),Tiffin,1,52.5,50,Register,Cash,Payment,Saravana Bhavan Corner,Chennai,0.0
2026-03-17,Bisi Bele Bath,Rice,2,245.7,130,Register,Cash,Payment,Saravana Bhavan Corner,Chennai,0.0
2026-03-17,Masala Dosa,Dosa,1,94.5,90,Register,Card,Payment,Saravana Bhavan Corner,Chennai,0.0
2026-03-17,Idli Vada Combo,Tiffin,2,189.0,90,Register,UPI,Payment,Saravana Bhavan Corner,Chennai,0.0
2026-03-17,Mysore Bonda,Snacks,2,126.0,60,Register,Card,Payment,Saravana Bhavan Corner,Chennai,0.0
2026-03-17,Masala Chai,Beverages,1,36.75,35,Register,UPI,Payment,Saravana Bhavan Corner,Chennai,0.0
2026-03-17,Mysore Bonda,Snacks,1,63.0,60,Register,Card,Payment,Saravana Bhavan Corner,Chennai,0.0
2026-03-17,Filter Coffee,Beverages,1,42.0,40,Register,Card,Payment,Saravana Bhavan Corner,Chennai,0.0
2026-03-17,Medu Vada Chaat,Snacks,1,73.5,70,Register,Card,Payment,Saravana Bhavan Corner,Chennai,0.0
2026-03-17,Plain Dosa,Dosa,2,147.0,70,Register,UPI,Payment,Saravana Bhavan Corner,Chennai,0.0
2026-03-17,Vada (2pc),Tiffin,1,52.5,50,Register,UPI,Payment,Saravana Bhavan Corner,Chennai,0.0
2026-03-17,Masala Chai,Beverages,1,36.75,35,Register,UPI,Payment,Saravana Bhavan Corner,Chennai,0.0
2026-03-17,Bisi Bele Bath,Rice,3,409.5,130,Swiggy,Card,Payment,Saravana Bhavan Corner,Chennai,0.0
2026-03-17,Mysore Bonda,Snacks,2,126.0,60,Swiggy,UPI,Payment,Saravana Bhavan Corner,Chennai,0.0
2026-03-17,Onion Uttapam,Dosa,2,189.0,100,Register,Card,Payment,Saravana Bhavan Corner,Chennai,0.0
2026-03-17,Rava Dosa,Dosa,2,231.0,110,Register,Cash,Payment,Saravana Bhavan Corner,Chennai,0.0
2026-03-17,Vada (2pc),Tiffin,1,52.5,50,Swiggy,UPI,Payment,Saravana Bhavan Corner,Chennai,0.0
2026-03-17,Idli (4pc),Tiffin,1,53.55,60,Register,Cash,Payment,Saravana Bhavan Corner,Chennai,0.0
2026-03-17,Curd Rice,Rice,2,189.0,90,Register,Cash,Payment,Saravana Bhavan Corner,Chennai,0.0
2026-03-17,Rasgulla (2pc),Desserts,2,147.0,70,Swiggy,UPI,Payment,Saravana Bhavan Corner,Chennai,0.0
2026-03-17,Rava Dosa,Dosa,2,231.0,110,Register,Card,Payment,Saravana Bhavan Corner,Chennai,0.0
2026-03-17,Curd Rice,Rice,1,85.05,90,Register,Card,Payment,Saravana Bhavan Corner,Chennai,0.0
2026-03-17,Filter Coffee,Beverages,1,42.0,40,Register,Card,Payment,Saravana Bhavan Corner,Chennai,0.0
2026-03-17,Bulk Catering Order,Uncategorized,2,6300.0,3000,Register,Card,Payment,Saravana Bhavan Corner,Chennai,0.0
2026-03-17,Filter Coffee,Beverages,2,84.0,40,Register,Card,Payment,Saravana Bhavan Corner,Chennai,0.0
2026-03-17,Vada (2pc),Tiffin,1,52.5,50,Register,Card,Payment,Saravana Bhavan Corner,Chennai,0.0
2026-03-17,Filter Coffee,Beverages,2,84.0,40,Register,Cash,Payment,Saravana Bhavan Corner,Chennai,0.0
2026-03-17,Filter Coffee,Beverages,2,84.0,40,Register,Cash,Payment,Saravana Bhavan Corner,Chennai,0.0
2026-03-17,Masala Dosa,Dosa,1,94.5,90,Swiggy,UPI,Payment,Saravana Bhavan Corner,Chennai,0.0
2026-03-17,Buttermilk,Beverages,1,31.5,30,Register,Card,Payment,Saravana Bhavan Corner,Chennai,0.0
2026-03-17,Masala Dosa,Dosa,2,189.0,90,Register,Card,Payment,Saravana Bhavan Corner,Chennai,0.0
2026-03-17,Veg Thali,Thali,1,189.0,180,Register,UPI,Payment,Saravana Bhavan Corner,Chennai,0.0
2026-03-17,Rava Dosa,Dosa,-1,-98.17,110,Register,Cash,Refund,Saravana Bhavan Corner,Chennai,0.0
2026-03-17,Bisi Bele Bath,Rice,3,409.5,130,Register,UPI,Payment,Saravana Bhavan Corner,Chennai,0.0
2026-03-17,Plain Dosa,Dosa,1,73.5,70,Swiggy,Card,Payment,Saravana Bhavan Corner,Chennai,0.0
2026-03-17,Plain Dosa,Dosa,1,73.5,70,Swiggy,Card,Payment,Saravana Bhavan Corner,Chennai,0.0
2026-03-17,Buttermilk,Beverages,2,63.0,30,Register,Card,Payment,Saravana Bhavan Corner,Chennai,0.0
2026-03-17,Curd Rice,Rice,1,94.5,90,Swiggy,Card,Payment,Saravana Bhavan Corner,Chennai,0.0
2026-03-17,Idli Vada Combo,Tiffin,1,85.05,90,Register,UPI,Payment,Saravana Bhavan Corner,Chennai,0.0
2026-03-18,Buttermilk,Beverages,1,31.5,30,Register,UPI,Payment,Saravana Bhavan Corner,Chennai,0.0
2026-03-18,Sambar Rice,Rice,1,126.0,120,Swiggy,Card,Payment,Saravana Bhavan Corner,Chennai,0.0
2026-03-18,Rasgulla (2pc),Desserts,1,73.5,70,Register,Card,Payment,Saravana Bhavan Corner,Chennai,0.0
2026-03-18,Mini Tiffin Thali,Thali,2,315.0,150,Register,Cash,Payment,Saravana Bhavan Corner,Chennai,0.0
2026-03-18,Lemon Rice,Rice,1,105.0,100,Register,Cash,Payment,Saravana Bhavan Corner,Chennai,0.0
2026-03-18,Idli Vada Combo,Tiffin,1,94.5,90,Register,Cash,Payment,Saravana Bhavan Corner,Chennai,0.0
2026-03-18,Vada (2pc),Tiffin,2,105.0,50,Register,Cash,Payment,Saravana Bhavan Corner,Chennai,0.0
2026-03-18,Mini Tiffin Thali,Thali,1,157.5,150,Register,Cash,Payment,Saravana Bhavan Corner,Chennai,0.0
2026-03-18,Plain Dosa,Dosa,1,73.5,70,Register,Cash,Payment,Saravana Bhavan Corner,Chennai,0.0
2026-03-18,Masala Dosa,Dosa,1,85.05,90,Register,Cash,Payment,Saravana Bhavan Corner,Chennai,0.0
2026-03-18,Sambar Rice,Rice,1,107.1,120,Register,Cash,Payment,Saravana Bhavan Corner,Chennai,0.0
2026-03-18,Rava Dosa,Dosa,2,196.35,110,Register,Card,Payment,Saravana Bhavan Corner,Chennai,0.0
2026-03-18,Idli Vada Combo,Tiffin,1,94.5,90,Register,Card,Payment,Saravana Bhavan Corner,Chennai,0.0
2026-03-18,Mini Tiffin Thali,Thali,2,315.0,150,Swiggy,UPI,Payment,Saravana Bhavan Corner,Chennai,0.0
2026-03-18,Veg Thali,Thali,1,189.0,180,Swiggy,UPI,Payment,Saravana Bhavan Corner,Chennai,0.0
2026-03-18,Masala Dosa,Dosa,1,94.5,90,Register,UPI,Payment,Saravana Bhavan Corner,Chennai,0.0
2026-03-18,Veg Thali,Thali,2,378.0,180,Swiggy,Card,Payment,Saravana Bhavan Corner,Chennai,0.0
2026-03-18,Idli (4pc),Tiffin,2,126.0,60,Register,Cash,Payment,Saravana Bhavan Corner,Chennai,0.0
2026-03-18,Bisi Bele Bath,Rice,1,136.5,130,Register,Cash,Payment,Saravana Bhavan Corner,Chennai,0.0
2026-03-18,Rasgulla (2pc),Desserts,1,73.5,70,Register,Cash,Payment,Saravana Bhavan Corner,Chennai,0.0
2026-03-18,Idli (4pc),Tiffin,2,113.4,60,Register,Card,Payment,Saravana Bhavan Corner,Chennai,0.0
2026-03-18,Idli (4pc),Tiffin,1,63.0,60,Register,Card,Payment,Saravana Bhavan Corner,Chennai,0.0
2026-03-18,Bisi Bele Bath,Rice,1,136.5,130,Swiggy,Card,Payment,Saravana Bhavan Corner,Chennai,0.0
2026-03-18,Onion Uttapam,Dosa,2,210.0,100,Register,Cash,Payment,Saravana Bhavan Corner,Chennai,0.0
2026-03-18,Idli Vada Combo,Tiffin,1,94.5,90,Register,Cash,Payment,Saravana Bhavan Corner,Chennai,0.0
2026-03-18,Idli Vada Combo,Tiffin,2,189.0,90,Register,Card,Payment,Saravana Bhavan Corner,Chennai,0.0
2026-03-18,Idli (4pc),Tiffin,2,126.0,60,Register,Card,Payment,Saravana Bhavan Corner,Chennai,0.0
2026-03-18,Plain Dosa,Dosa,1,73.5,70,Register,Cash,Payment,Saravana Bhavan Corner,Chennai,0.0
2026-03-18,Sambar Rice,Rice,1,126.0,120,Register,Card,Payment,Saravana Bhavan Corner,Chennai,0.0
2026-03-18,Veg Thali,Thali,2,378.0,180,Register,UPI,Payment,Saravana Bhavan Corner,Chennai,0.0
2026-03-18,Idli Vada Combo,Tiffin,1,94.5,90,Register,UPI,Payment,Saravana Bhavan Corner,Chennai,0.0
2026-03-18,Masala Chai,Beverages,1,33.08,35,Register,UPI,Payment,Saravana Bhavan Corner,Chennai,0.0
2026-03-18,Curd Rice,Rice,2,160.65,90,Register,UPI,Payment,Saravana Bhavan Corner,Chennai,0.0
2026-03-18,Plain Dosa,Dosa,1,73.5,70,Swiggy,UPI,Payment,Saravana Bhavan Corner,Chennai,0.0
2026-03-18,Veg Thali,Thali,2,378.0,180,Swiggy,UPI,Payment,Saravana Bhavan Corner,Chennai,0.0
2026-03-18,Mysore Bonda,Snacks,1,63.0,60,Swiggy,UPI,Payment,Saravana Bhavan Corner,Chennai,0.0
2026-03-18,Onion Uttapam,Dosa,1,89.25,100,Register,UPI,Payment,Saravana Bhavan Corner,Chennai,0.0
2026-03-18,Veg Thali,Thali,1,189.0,180,Register,Card,Payment,Saravana Bhavan Corner,Chennai,0.0
2026-03-18,Mysore Bonda,Snacks,3,189.0,60,Register,Cash,Payment,Saravana Bhavan Corner,Chennai,0.0
2026-03-18,Sambar Rice,Rice,2,252.0,120,Register,Card,Payment,Saravana Bhavan Corner,Chennai,0.0
2026-03-18,Veg Thali,Thali,1,189.0,180,Register,Cash,Payment,Saravana Bhavan Corner,Chennai,0.0
2026-03-18,Medu Vada Chaat,Snacks,1,73.5,70,Register,Cash,Payment,Saravana Bhavan Corner,Chennai,0.0
2026-03-18,Curd Rice,Rice,3,283.5,90,Swiggy,UPI,Payment,Saravana Bhavan Corner,Chennai,0.0
2026-03-18,Filter Coffee,Beverages,1,42.0,40,Swiggy,UPI,Payment,Saravana Bhavan Corner,Chennai,0.0
2026-03-18,Vada (2pc),Tiffin,1,52.5,50,Swiggy,UPI,Payment,Saravana Bhavan Corner,Chennai,0.0
2026-03-18,Idli (4pc),Tiffin,1,63.0,60,Register,Card,Payment,Saravana Bhavan Corner,Chennai,0.0
2026-03-18,Bisi Bele Bath,Rice,1,136.5,130,Register,Card,Payment,Saravana Bhavan Corner,Chennai,0.0
2026-03-18,Masala Dosa,Dosa,1,94.5,90,Register,Card,Payment,Saravana Bhavan Corner,Chennai,0.0
2026-03-18,Vada (2pc),Tiffin,1,52.5,50,Register,Card,Payment,Saravana Bhavan Corner,Chennai,0.0
2026-03-18,Filter Coffee,Beverages,3,126.0,40,Register,Card,Payment,Saravana Bhavan Corner,Chennai,0.0
2026-03-18,Mysore Bonda,Snacks,1,56.7,60,Register,Card,Payment,Saravana Bhavan Corner,Chennai,0.0
2026-03-18,Sambar Rice,Rice,1,126.0,120,Swiggy,UPI,Payment,Saravana Bhavan Corner,Chennai,0.0
2026-03-18,Lemon Rice,Rice,2,210.0,100,Swiggy,UPI,Payment,Saravana Bhavan Corner,Chennai,0.0
2026-03-18,Lemon Rice,Rice,2,210.0,100,Swiggy,Card,Payment,Saravana Bhavan Corner,Chennai,0.0
2026-03-18,Veg Thali,Thali,1,189.0,180,Register,Card,Payment,Saravana Bhavan Corner,Chennai,0.0
2026-03-18,Buttermilk,Beverages,1,31.5,30,Register,Cash,Payment,Saravana Bhavan Corner,Chennai,0.0
2026-03-18,Pongal,Tiffin,1,84.0,80,Swiggy,UPI,Payment,Saravana Bhavan Corner,Chennai,0.0
2026-03-18,Sambar Rice,Rice,1,126.0,120,Swiggy,Card,Payment,Saravana Bhavan Corner,Chennai,0.0
2026-03-18,Idli (4pc),Tiffin,1,63.0,60,Swiggy,UPI,Payment,Saravana Bhavan Corner,Chennai,0.0
2026-03-18,Veg Thali,Thali,1,189.0,180,Register,UPI,Payment,Saravana Bhavan Corner,Chennai,0.0
2026-03-18,Filter Coffee,Beverages,1,37.8,40,Register,UPI,Payment,Saravana Bhavan Corner,Chennai,0.0
2026-03-18,Vada (2pc),Tiffin,2,105.0,50,Register,UPI,Payment,Saravana Bhavan Corner,Chennai,0.0
2026-03-18,Mysore Bonda,Snacks,1,63.0,60,Register,UPI,Payment,Saravana Bhavan Corner,Chennai,0.0
2026-03-18,Buttermilk,Beverages,2,63.0,30,Register,UPI,Payment,Saravana Bhavan Corner,Chennai,0.0
2026-03-18,Vada (2pc),Tiffin,1,52.5,50,Register,Card,Payment,Saravana Bhavan Corner,Chennai,0.0
2026-03-18,Masala Chai,Beverages,1,36.75,35,Register,Card,Payment,Saravana Bhavan Corner,Chennai,0.0
2026-03-18,Masala Chai,Beverages,1,36.75,35,Register,Card,Payment,Saravana Bhavan Corner,Chennai,0.0
2026-03-18,Mini Tiffin Thali,Thali,-2,-315.0,150,Swiggy,Card,Refund,Saravana Bhavan Corner,Chennai,0.0
2026-03-18,Plain Dosa,Dosa,2,132.3,70,Register,Card,Payment,Saravana Bhavan Corner,Chennai,0.0
2026-03-18,Masala Chai,Beverages,1,36.75,35,Register,Card,Payment,Saravana Bhavan Corner,Chennai,0.0
2026-03-18,Rava Dosa,Dosa,1,103.95,110,Register,Card,Payment,Saravana Bhavan Corner,Chennai,0.0
2026-03-18,Curd Rice,Rice,1,94.5,90,Register,Cash,Payment,Saravana Bhavan Corner,Chennai,0.0
2026-03-18,Buttermilk,Beverages,1,31.5,30,Register,Cash,Payment,Saravana Bhavan Corner,Chennai,0.0
2026-03-18,Masala Dosa,Dosa,1,94.5,90,Register,Cash,Payment,Saravana Bhavan Corner,Chennai,0.0
2026-03-18,Idli (4pc),Tiffin,-2,-126.0,60,Swiggy,Card,Refund,Saravana Bhavan Corner,Chennai,0.0
2026-03-18,Bisi Bele Bath,Rice,1,136.5,130,Swiggy,UPI,Payment,Saravana Bhavan Corner,Chennai,0.0
2026-03-19,Filter Coffee,Beverages,2,84.0,40,Register,Cash,Payment,Saravana Bhavan Corner,Chennai,0.0
2026-03-19,Masala Chai,Beverages,1,31.24,35,Register,Card,Payment,Saravana Bhavan Corner,Chennai,0.0
2026-03-19,Plain Dosa,Dosa,3,220.5,70,Register,Card,Payment,Saravana Bhavan Corner,Chennai,0.0
2026-03-19,Bisi Bele Bath,Rice,1,136.5,130,Register,Card,Payment,Saravana Bhavan Corner,Chennai,0.0
2026-03-19,Rava Dosa,Dosa,2,231.0,110,Register,Cash,Payment,Saravana Bhavan Corner,Chennai,0.0
2026-03-19,Filter Coffee,Beverages,1,42.0,40,Register,Cash,Payment,Saravana Bhavan Corner,Chennai,0.0
2026-03-19,Idli (4pc),Tiffin,1,63.0,60,Register,UPI,Payment,Saravana Bhavan Corner,Chennai,0.0
2026-03-19,Mysore Bonda,Snacks,1,63.0,60,Swiggy,Card,Payment,Saravana Bhavan Corner,Chennai,0.0
2026-03-19,Buttermilk,Beverages,1,31.5,30,Swiggy,Card,Payment,Saravana Bhavan Corner,Chennai,0.0
2026-03-19,Sambar Rice,Rice,1,126.0,120,Register,Cash,Payment,Saravana Bhavan Corner,Chennai,0.0
2026-03-19,Vada (2pc),Tiffin,1,47.25,50,Register,Cash,Payment,Saravana Bhavan Corner,Chennai,0.0
2026-03-19,Masala Chai,Beverages,1,36.75,35,Swiggy,UPI,Payment,Saravana Bhavan Corner,Chennai,0.0
2026-03-19,Buttermilk,Beverages,2,63.0,30,Swiggy,UPI,Payment,Saravana Bhavan Corner,Chennai,0.0
2026-03-19,Lemon Rice,Rice,1,89.25,100,Register,Card,Payment,Saravana Bhavan Corner,Chennai,0.0
2026-03-19,Sambar Rice,Rice,1,113.4,120,Swiggy,Card,Payment,Saravana Bhavan Corner,Chennai,0.0
2026-03-19,Vada (2pc),Tiffin,1,52.5,50,Register,Card,Payment,Saravana Bhavan Corner,Chennai,0.0
2026-03-19,Veg Thali,Thali,1,189.0,180,Swiggy,UPI,Payment,Saravana Bhavan Corner,Chennai,0.0
2026-03-19,Mini Tiffin Thali,Thali,1,157.5,150,Register,Cash,Payment,Saravana Bhavan Corner,Chennai,0.0
2026-03-19,Bisi Bele Bath,Rice,1,136.5,130,Register,UPI,Payment,Saravana Bhavan Corner,Chennai,0.0
2026-03-19,Masala Dosa,Dosa,1,94.5,90,Swiggy,Card,Payment,Saravana Bhavan Corner,Chennai,0.0
2026-03-19,Masala Chai,Beverages,2,73.5,35,Swiggy,UPI,Payment,Saravana Bhavan Corner,Chennai,0.0
2026-03-19,Masala Chai,Beverages,1,36.75,35,Swiggy,UPI,Payment,Saravana Bhavan Corner,Chennai,0.0
2026-03-19,Pongal,Tiffin,1,84.0,80,Swiggy,UPI,Payment,Saravana Bhavan Corner,Chennai,0.0
2026-03-19,Plain Dosa,Dosa,1,73.5,70,Swiggy,UPI,Payment,Saravana Bhavan Corner,Chennai,0.0
2026-03-19,Onion Uttapam,Dosa,1,105.0,100,Register,UPI,Payment,Saravana Bhavan Corner,Chennai,0.0
2026-03-19,Onion Uttapam,Dosa,1,105.0,100,Register,UPI,Payment,Saravana Bhavan Corner,Chennai,0.0
2026-03-19,Filter Coffee,Beverages,2,84.0,40,Swiggy,UPI,Payment,Saravana Bhavan Corner,Chennai,0.0
2026-03-19,Vada (2pc),Tiffin,1,52.5,50,Swiggy,UPI,Payment,Saravana Bhavan Corner,Chennai,0.0
2026-03-19,Vada (2pc),Tiffin,1,52.5,50,Register,UPI,Payment,Saravana Bhavan Corner,Chennai,0.0
2026-03-19,Masala Dosa,Dosa,1,94.5,90,Register,UPI,Payment,Saravana Bhavan Corner,Chennai,0.0
2026-03-19,Vada (2pc),Tiffin,1,52.5,50,Register,UPI,Payment,Saravana Bhavan Corner,Chennai,0.0
2026-03-19,Bisi Bele Bath,Rice,1,136.5,130,Register,Cash,Payment,Saravana Bhavan Corner,Chennai,0.0
2026-03-19,Medu Vada Chaat,Snacks,1,73.5,70,Register,UPI,Payment,Saravana Bhavan Corner,Chennai,0.0
2026-03-19,Filter Coffee,Beverages,1,42.0,40,Register,Card,Payment,Saravana Bhavan Corner,Chennai,0.0
2026-03-19,Mini Tiffin Thali,Thali,2,315.0,150,Swiggy,UPI,Payment,Saravana Bhavan Corner,Chennai,0.0
2026-03-19,Sambar Rice,Rice,2,252.0,120,Register,Card,Payment,Saravana Bhavan Corner,Chennai,0.0
2026-03-19,Masala Chai,Beverages,1,36.75,35,Swiggy,Card,Payment,Saravana Bhavan Corner,Chennai,0.0
2026-03-19,Rasgulla (2pc),Desserts,1,73.5,70,Swiggy,Card,Payment,Saravana Bhavan Corner,Chennai,0.0
2026-03-19,Idli (4pc),Tiffin,3,189.0,60,Register,Card,Payment,Saravana Bhavan Corner,Chennai,0.0
2026-03-19,Idli (4pc),Tiffin,2,126.0,60,Register,Card,Payment,Saravana Bhavan Corner,Chennai,0.0
2026-03-19,Idli Vada Combo,Tiffin,1,94.5,90,Swiggy,UPI,Payment,Saravana Bhavan Corner,Chennai,0.0
2026-03-19,Masala Dosa,Dosa,1,94.5,90,Swiggy,UPI,Payment,Saravana Bhavan Corner,Chennai,0.0
2026-03-19,Masala Dosa,Dosa,1,94.5,90,Swiggy,UPI,Payment,Saravana Bhavan Corner,Chennai,0.0
2026-03-19,Onion Uttapam,Dosa,1,105.0,100,Swiggy,UPI,Payment,Saravana Bhavan Corner,Chennai,0.0
2026-03-19,Masala Dosa,Dosa,1,94.5,90,Swiggy,Card,Payment,Saravana Bhavan Corner,Chennai,0.0
2026-03-19,Mini Tiffin Thali,Thali,2,315.0,150,Swiggy,Card,Payment,Saravana Bhavan Corner,Chennai,0.0
2026-03-19,Curd Rice,Rice,2,189.0,90,Register,Card,Payment,Saravana Bhavan Corner,Chennai,0.0
2026-03-19,Lemon Rice,Rice,1,105.0,100,Register,Card,Payment,Saravana Bhavan Corner,Chennai,0.0
2026-03-19,Vada (2pc),Tiffin,3,157.5,50,Swiggy,UPI,Payment,Saravana Bhavan Corner,Chennai,0.0
2026-03-19,Veg Thali,Thali,3,567.0,180,Swiggy,UPI,Payment,Saravana Bhavan Corner,Chennai,0.0
2026-03-19,Veg Thali,Thali,1,189.0,180,Register,Card,Payment,Saravana Bhavan Corner,Chennai,0.0
2026-03-19,Rava Dosa,Dosa,1,115.5,110,Swiggy,Card,Payment,Saravana Bhavan Corner,Chennai,0.0
2026-03-19,Sambar Rice,Rice,2,252.0,120,Register,Cash,Payment,Saravana Bhavan Corner,Chennai,0.0
2026-03-19,Bisi Bele Bath,Rice,3,409.5,130,Swiggy,Card,Payment,Saravana Bhavan Corner,Chennai,0.0
2026-03-19,Buttermilk,Beverages,2,56.7,30,Swiggy,Card,Payment,Saravana Bhavan Corner,Chennai,0.0
2026-03-19,Rava Dosa,Dosa,2,231.0,110,Register,Cash,Payment,Saravana Bhavan Corner,Chennai,0.0
2026-03-19,Mini Tiffin Thali,Thali,2,283.5,150,Register,Cash,Payment,Saravana Bhavan Corner,Chennai,0.0
2026-03-19,Pongal,Tiffin,1,84.0,80,Register,Cash,Payment,Saravana Bhavan Corner,Chennai,0.0
2026-03-19,Onion Uttapam,Dosa,1,105.0,100,Register,UPI,Payment,Saravana Bhavan Corner,Chennai,0.0
2026-03-19,Onion Uttapam,Dosa,1,105.0,100,Swiggy,UPI,Payment,Saravana Bhavan Corner,Chennai,0.0
2026-03-19,Pongal,Tiffin,1,71.4,80,Swiggy,UPI,Payment,Saravana Bhavan Corner,Chennai,0.0
2026-03-19,Rava Dosa,Dosa,2,231.0,110,Register,Card,Payment,Saravana Bhavan Corner,Chennai,0.0
2026-03-19,Buttermilk,Beverages,1,31.5,30,Register,UPI,Payment,Saravana Bhavan Corner,Chennai,0.0
2026-03-19,Filter Coffee,Beverages,2,84.0,40,Register,Cash,Payment,Saravana Bhavan Corner,Chennai,0.0
2026-03-19,Mysore Bonda,Snacks,1,63.0,60,Register,Cash,Payment,Saravana Bhavan Corner,Chennai,0.0
2026-03-19,Onion Uttapam,Dosa,1,105.0,100,Register,Cash,Payment,Saravana Bhavan Corner,Chennai,0.0
2026-03-19,Plain Dosa,Dosa,1,73.5,70,Register,Cash,Payment,Saravana Bhavan Corner,Chennai,0.0
2026-03-19,Idli (4pc),Tiffin,1,63.0,60,Swiggy,Card,Payment,Saravana Bhavan Corner,Chennai,0.0
2026-03-19,Plain Dosa,Dosa,2,147.0,70,Register,Card,Payment,Saravana Bhavan Corner,Chennai,0.0
2026-03-19,Filter Coffee,Beverages,1,42.0,40,Swiggy,Card,Payment,Saravana Bhavan Corner,Chennai,0.0
2026-03-20,Bisi Bele Bath,Rice,2,273.0,130,Register,UPI,Payment,Saravana Bhavan Corner,Chennai,0.0
2026-03-20,Mini Tiffin Thali,Thali,1,157.5,150,Swiggy,Card,Payment,Saravana Bhavan Corner,Chennai,0.0
2026-03-20,Masala Dosa,Dosa,3,283.5,90,Swiggy,Card,Payment,Saravana Bhavan Corner,Chennai,0.0
2026-03-20,Masala Dosa,Dosa,2,189.0,90,Swiggy,Card,Payment,Saravana Bhavan Corner,Chennai,0.0
2026-03-20,Plain Dosa,Dosa,1,73.5,70,Register,UPI,Payment,Saravana Bhavan Corner,Chennai,0.0
2026-03-20,Idli (4pc),Tiffin,1,56.7,60,Register,Cash,Payment,Saravana Bhavan Corner,Chennai,0.0
2026-03-20,Masala Dosa,Dosa,1,94.5,90,Register,Cash,Payment,Saravana Bhavan Corner,Chennai,0.0
2026-03-20,Masala Chai,Beverages,1,36.75,35,Register,UPI,Payment,Saravana Bhavan Corner,Chennai,0.0
2026-03-20,Masala Chai,Beverages,1,36.75,35,Swiggy,Card,Payment,Saravana Bhavan Corner,Chennai,0.0
2026-03-20,Mysore Bonda,Snacks,1,63.0,60,Register,UPI,Payment,Saravana Bhavan Corner,Chennai,0.0
2026-03-20,Mini Tiffin Thali,Thali,2,315.0,150,Swiggy,UPI,Payment,Saravana Bhavan Corner,Chennai,0.0
2026-03-20,Veg Thali,Thali,1,160.65,180,Register,UPI,Payment,Saravana Bhavan Corner,Chennai,0.0
2026-03-20,Lemon Rice,Rice,1,105.0,100,Register,Cash,Payment,Saravana Bhavan Corner,Chennai,0.0
2026-03-20,Buttermilk,Beverages,1,31.5,30,Register,Cash,Payment,Saravana Bhavan Corner,Chennai,0.0
2026-03-20,Vada (2pc),Tiffin,3,157.5,50,Register,Cash,Payment,Saravana Bhavan Corner,Chennai,0.0
2026-03-20,Vada (2pc),Tiffin,2,94.5,50,Register,Cash,Payment,Saravana Bhavan Corner,Chennai,0.0
2026-03-20,Sambar Rice,Rice,1,126.0,120,Swiggy,UPI,Payment,Saravana Bhavan Corner,Chennai,0.0
2026-03-20,Idli Vada Combo,Tiffin,2,189.0,90,Swiggy,UPI,Payment,Saravana Bhavan Corner,Chennai,0.0
2026-03-20,Filter Coffee,Beverages,1,37.8,40,Register,Card,Payment,Saravana Bhavan Corner,Chennai,0.0
2026-03-20,Masala Chai,Beverages,2,73.5,35,Register,Cash,Payment,Saravana Bhavan Corner,Chennai,0.0
2026-03-20,Idli Vada Combo,Tiffin,1,94.5,90,Register,UPI,Payment,Saravana Bhavan Corner,Chennai,0.0
2026-03-20,Filter Coffee,Beverages,2,84.0,40,Register,Cash,Payment,Saravana Bhavan Corner,Chennai,0.0
2026-03-20,Masala Dosa,Dosa,1,94.5,90,Register,Cash,Payment,Saravana Bhavan Corner,Chennai,0.0
2026-03-20,Masala Dosa,Dosa,1,94.5,90,Register,Card,Payment,Saravana Bhavan Corner,Chennai,0.0
2026-03-20,Idli (4pc),Tiffin,1,63.0,60,Register,Card,Payment,Saravana Bhavan Corner,Chennai,0.0
2026-03-20,Mysore Bonda,Snacks,2,126.0,60,Register,Card,Payment,Saravana Bhavan Corner,Chennai,0.0
2026-03-20,Sambar Rice,Rice,2,252.0,120,Register,Card,Payment,Saravana Bhavan Corner,Chennai,0.0
2026-03-20,Onion Uttapam,Dosa,1,105.0,100,Register,Card,Payment,Saravana Bhavan Corner,Chennai,0.0
2026-03-20,Masala Dosa,Dosa,1,94.5,90,Register,Card,Payment,Saravana Bhavan Corner,Chennai,0.0
2026-03-20,Bisi Bele Bath,Rice,1,136.5,130,Register,Cash,Payment,Saravana Bhavan Corner,Chennai,0.0
2026-03-20,Sambar Rice,Rice,1,126.0,120,Swiggy,UPI,Payment,Saravana Bhavan Corner,Chennai,0.0
2026-03-20,Medu Vada Chaat,Snacks,2,147.0,70,Swiggy,UPI,Payment,Saravana Bhavan Corner,Chennai,0.0
2026-03-20,Idli (4pc),Tiffin,2,126.0,60,Swiggy,UPI,Payment,Saravana Bhavan Corner,Chennai,0.0
2026-03-20,Rava Dosa,Dosa,2,231.0,110,Swiggy,Card,Payment,Saravana Bhavan Corner,Chennai,0.0
2026-03-20,Filter Coffee,Beverages,3,107.1,40,Swiggy,Card,Payment,Saravana Bhavan Corner,Chennai,0.0
2026-03-20,Curd Rice,Rice,1,80.33,90,Swiggy,Card,Payment,Saravana Bhavan Corner,Chennai,0.0
2026-03-20,Filter Coffee,Beverages,2,84.0,40,Swiggy,Card,Payment,Saravana Bhavan Corner,Chennai,0.0
2026-03-20,Filter Coffee,Beverages,1,42.0,40,Swiggy,UPI,Payment,Saravana Bhavan Corner,Chennai,0.0
2026-03-20,Plain Dosa,Dosa,1,73.5,70,Swiggy,UPI,Payment,Saravana Bhavan Corner,Chennai,0.0
2026-03-20,Masala Chai,Beverages,3,110.25,35,Swiggy,UPI,Payment,Saravana Bhavan Corner,Chennai,0.0
2026-03-20,Masala Chai,Beverages,1,36.75,35,Swiggy,UPI,Payment,Saravana Bhavan Corner,Chennai,0.0
2026-03-20,Sambar Rice,Rice,2,252.0,120,Swiggy,UPI,Payment,Saravana Bhavan Corner,Chennai,0.0
2026-03-20,Filter Coffee,Beverages,1,42.0,40,Swiggy,UPI,Payment,Saravana Bhavan Corner,Chennai,0.0
2026-03-20,Filter Coffee,Beverages,1,42.0,40,Swiggy,UPI,Payment,Saravana Bhavan Corner,Chennai,0.0
2026-03-20,Idli (4pc),Tiffin,2,126.0,60,Register,UPI,Payment,Saravana Bhavan Corner,Chennai,0.0
2026-03-20,Masala Chai,Beverages,2,73.5,35,Register,Cash,Payment,Saravana Bhavan Corner,Chennai,0.0
2026-03-20,Masala Dosa,Dosa,2,189.0,90,Register,Card,Payment,Saravana Bhavan Corner,Chennai,0.0
2026-03-20,Vada (2pc),Tiffin,1,52.5,50,Register,UPI,Payment,Saravana Bhavan Corner,Chennai,0.0
2026-03-20,Filter Coffee,Beverages,1,42.0,40,Register,Card,Payment,Saravana Bhavan Corner,Chennai,0.0
2026-03-20,Idli (4pc),Tiffin,2,126.0,60,Register,UPI,Payment,Saravana Bhavan Corner,Chennai,0.0
2026-03-20,Vada (2pc),Tiffin,2,105.0,50,Register,Cash,Payment,Saravana Bhavan Corner,Chennai,0.0
2026-03-20,Filter Coffee,Beverages,1,42.0,40,Register,Cash,Payment,Saravana Bhavan Corner,Chennai,0.0
2026-03-20,Idli Vada Combo,Tiffin,1,94.5,90,Register,Cash,Payment,Saravana Bhavan Corner,Chennai,0.0
2026-03-20,Rava Dosa,Dosa,1,115.5,110,Register,UPI,Payment,Saravana Bhavan Corner,Chennai,0.0
2026-03-20,Idli (4pc),Tiffin,3,189.0,60,Register,UPI,Payment,Saravana Bhavan Corner,Chennai,0.0
2026-03-20,Veg Thali,Thali,2,378.0,180,Register,UPI,Payment,Saravana Bhavan Corner,Chennai,0.0
2026-03-20,Vada (2pc),Tiffin,1,52.5,50,Register,UPI,Payment,Saravana Bhavan Corner,Chennai,0.0
2026-03-20,Vada (2pc),Tiffin,2,105.0,50,Register,UPI,Payment,Saravana Bhavan Corner,Chennai,0.0
2026-03-20,Vada (2pc),Tiffin,1,52.5,50,Register,UPI,Payment,Saravana Bhavan Corner,Chennai,0.0
2026-03-20,Plain Dosa,Dosa,1,73.5,70,Register,UPI,Payment,Saravana Bhavan Corner,Chennai,0.0
2026-03-20,Veg Thali,Thali,1,189.0,180,Register,Card,Payment,Saravana Bhavan Corner,Chennai,0.0
2026-03-20,Mysore Bonda,Snacks,1,56.7,60,Register,Card,Payment,Saravana Bhavan Corner,Chennai,0.0
2026-03-20,Sambar Rice,Rice,1,126.0,120,Register,Card,Payment,Saravana Bhavan Corner,Chennai,0.0
2026-03-20,Idli (4pc),Tiffin,1,63.0,60,Register,Card,Payment,Saravana Bhavan Corner,Chennai,0.0
2026-03-20,Masala Chai,Beverages,1,36.75,35,Register,Card,Payment,Saravana Bhavan Corner,Chennai,0.0
2026-03-20,Vada (2pc),Tiffin,2,105.0,50,Register,Card,Payment,Saravana Bhavan Corner,Chennai,0.0
2026-03-20,Vada (2pc),Tiffin,1,52.5,50,Register,Card,Payment,Saravana Bhavan Corner,Chennai,0.0
2026-03-20,Rasgulla (2pc),Desserts,2,132.3,70,Register,Card,Payment,Saravana Bhavan Corner,Chennai,0.0
2026-03-20,Masala Chai,Beverages,3,99.23,35,Register,Card,Payment,Saravana Bhavan Corner,Chennai,0.0
2026-03-20,Bisi Bele Bath,Rice,1,136.5,130,Swiggy,Card,Payment,Saravana Bhavan Corner,Chennai,0.0
2026-03-20,Rava Dosa,Dosa,1,115.5,110,Register,Cash,Payment,Saravana Bhavan Corner,Chennai,0.0
2026-03-20,Rava Dosa,Dosa,1,115.5,110,Swiggy,Card,Payment,Saravana Bhavan Corner,Chennai,0.0
2026-03-20,Filter Coffee,Beverages,1,42.0,40,Swiggy,UPI,Payment,Saravana Bhavan Corner,Chennai,0.0
2026-03-20,Idli (4pc),Tiffin,1,63.0,60,Register,Card,Payment,Saravana Bhavan Corner,Chennai,0.0
2026-03-20,Lemon Rice,Rice,1,105.0,100,Register,Cash,Payment,Saravana Bhavan Corner,Chennai,0.0
2026-03-20,Onion Uttapam,Dosa,1,105.0,100,Register,Card,Payment,Saravana Bhavan Corner,Chennai,0.0
2026-03-20,Idli (4pc),Tiffin,1,63.0,60,Register,Card,Payment,Saravana Bhavan Corner,Chennai,0.0
2026-03-20,Buttermilk,Beverages,1,31.5,30,Register,UPI,Payment,Saravana Bhavan Corner,Chennai,0.0
2026-03-20,Curd Rice,Rice,2,189.0,90,Swiggy,Card,Payment,Saravana Bhavan Corner,Chennai,0.0
2026-03-20,Curd Rice,Rice,1,85.05,90,Register,Cash,Payment,Saravana Bhavan Corner,Chennai,0.0
2026-03-20,Masala Dosa,Dosa,1,94.5,90,Register,Cash,Payment,Saravana Bhavan Corner,Chennai,0.0
2026-03-20,Vada (2pc),Tiffin,1,47.25,50,Register,Cash,Payment,Saravana Bhavan Corner,Chennai,0.0
2026-03-20,Rava Dosa,Dosa,1,115.5,110,Register,Cash,Payment,Saravana Bhavan Corner,Chennai,0.0
2026-03-20,Idli (4pc),Tiffin,1,63.0,60,Swiggy,Card,Payment,Saravana Bhavan Corner,Chennai,0.0
2026-03-20,Masala Dosa,Dosa,2,170.1,90,Register,UPI,Payment,Saravana Bhavan Corner,Chennai,0.0
2026-03-20,Medu Vada Chaat,Snacks,1,73.5,70,Register,UPI,Payment,Saravana Bhavan Corner,Chennai,0.0
2026-03-20,Lemon Rice,Rice,3,283.5,100,Register,UPI,Payment,Saravana Bhavan Corner,Chennai,0.0
2026-03-20,Veg Thali,Thali,2,378.0,180,Swiggy,Card,Payment,Saravana Bhavan Corner,Chennai,0.0
2026-03-20,Idli Vada Combo,Tiffin,1,94.5,90,Swiggy,Card,Payment,Saravana Bhavan Corner,Chennai,0.0
2026-03-20,Buttermilk,Beverages,-1,-31.5,30,Register,Card,Refund,Saravana Bhavan Corner,Chennai,0.0
2026-03-20,Curd Rice,Rice,-1,-94.5,90,Register,Card,Refund,Saravana Bhavan Corner,Chennai,0.0
2026-03-20,Rava Dosa,Dosa,1,115.5,110,Register,UPI,Payment,Saravana Bhavan Corner,Chennai,0.0
2026-03-20,Rava Dosa,Dosa,2,231.0,110,Swiggy,UPI,Payment,Saravana Bhavan Corner,Chennai,0.0
2026-03-20,Filter Coffee,Beverages,2,75.6,40,Swiggy,UPI,Payment,Saravana Bhavan Corner,Chennai,0.0
2026-03-21,Lemon Rice,Rice,2,210.0,100,Swiggy,UPI,Payment,Saravana Bhavan Corner,Chennai,0.0
2026-03-21,Vada (2pc),Tiffin,1,52.5,50,Swiggy,Card,Payment,Saravana Bhavan Corner,Chennai,0.0
2026-03-21,Filter Coffee,Beverages,1,42.0,40,Register,Cash,Payment,Saravana Bhavan Corner,Chennai,0.0
2026-03-21,Buttermilk,Beverages,1,31.5,30,Swiggy,UPI,Payment,Saravana Bhavan Corner,Chennai,0.0
2026-03-21,Pongal,Tiffin,1,84.0,80,Register,Cash,Payment,Saravana Bhavan Corner,Chennai,0.0
2026-03-21,Idli Vada Combo,Tiffin,2,189.0,90,Swiggy,UPI,Payment,Saravana Bhavan Corner,Chennai,0.0
2026-03-21,Plain Dosa,Dosa,2,147.0,70,Swiggy,UPI,Payment,Saravana Bhavan Corner,Chennai,0.0
2026-03-21,Idli Vada Combo,Tiffin,2,189.0,90,Swiggy,UPI,Payment,Saravana Bhavan Corner,Chennai,0.0
2026-03-21,Sambar Rice,Rice,3,378.0,120,Swiggy,UPI,Payment,Saravana Bhavan Corner,Chennai,0.0
2026-03-21,Rava Dosa,Dosa,1,115.5,110,Swiggy,UPI,Payment,Saravana Bhavan Corner,Chennai,0.0
2026-03-21,Idli (4pc),Tiffin,1,63.0,60,Swiggy,UPI,Payment,Saravana Bhavan Corner,Chennai,0.0
2026-03-21,Rasgulla (2pc),Desserts,3,220.5,70,Register,UPI,Payment,Saravana Bhavan Corner,Chennai,0.0
2026-03-21,Bisi Bele Bath,Rice,1,136.5,130,Register,UPI,Payment,Saravana Bhavan Corner,Chennai,0.0
2026-03-21,Sambar Rice,Rice,1,126.0,120,Register,Cash,Payment,Saravana Bhavan Corner,Chennai,0.0
2026-03-21,Vada (2pc),Tiffin,1,52.5,50,Register,Card,Payment,Saravana Bhavan Corner,Chennai,0.0
2026-03-21,Plain Dosa,Dosa,2,132.3,70,Register,Card,Payment,Saravana Bhavan Corner,Chennai,0.0
2026-03-21,Idli (4pc),Tiffin,1,63.0,60,Register,Card,Payment,Saravana Bhavan Corner,Chennai,0.0
2026-03-21,Sambar Rice,Rice,1,107.1,120,Register,Card,Payment,Saravana Bhavan Corner,Chennai,0.0
2026-03-21,Rava Dosa,Dosa,-2,-231.0,110,Register,UPI,Refund,Saravana Bhavan Corner,Chennai,0.0
2026-03-21,Lemon Rice,Rice,-1,-105.0,100,Register,UPI,Refund,Saravana Bhavan Corner,Chennai,0.0
2026-03-21,Curd Rice,Rice,1,80.33,90,Register,UPI,Payment,Saravana Bhavan Corner,Chennai,0.0
2026-03-21,Curd Rice,Rice,1,80.33,90,Swiggy,UPI,Payment,Saravana Bhavan Corner,Chennai,0.0
2026-03-21,Masala Dosa,Dosa,1,94.5,90,Swiggy,UPI,Payment,Saravana Bhavan Corner,Chennai,0.0
2026-03-21,Idli (4pc),Tiffin,3,189.0,60,Swiggy,UPI,Payment,Saravana Bhavan Corner,Chennai,0.0
2026-03-21,Plain Dosa,Dosa,1,73.5,70,Swiggy,UPI,Payment,Saravana Bhavan Corner,Chennai,0.0
2026-03-21,Filter Coffee,Beverages,2,84.0,40,Register,UPI,Payment,Saravana Bhavan Corner,Chennai,0.0
2026-03-21,Pongal,Tiffin,1,84.0,80,Register,Card,Payment,Saravana Bhavan Corner,Chennai,0.0
2026-03-21,Masala Dosa,Dosa,2,189.0,90,Swiggy,UPI,Payment,Saravana Bhavan Corner,Chennai,0.0
2026-03-21,Sambar Rice,Rice,2,252.0,120,Register,UPI,Payment,Saravana Bhavan Corner,Chennai,0.0
2026-03-21,Mini Tiffin Thali,Thali,2,315.0,150,Swiggy,UPI,Payment,Saravana Bhavan Corner,Chennai,0.0
2026-03-21,Rava Dosa,Dosa,1,115.5,110,Swiggy,UPI,Payment,Saravana Bhavan Corner,Chennai,0.0
2026-03-21,Vada (2pc),Tiffin,3,157.5,50,Swiggy,UPI,Payment,Saravana Bhavan Corner,Chennai,0.0
2026-03-21,Idli (4pc),Tiffin,1,63.0,60,Swiggy,Card,Payment,Saravana Bhavan Corner,Chennai,0.0
2026-03-21,Masala Chai,Beverages,1,36.75,35,Swiggy,Card,Payment,Saravana Bhavan Corner,Chennai,0.0
2026-03-21,Veg Thali,Thali,2,378.0,180,Swiggy,Card,Payment,Saravana Bhavan Corner,Chennai,0.0
2026-03-21,Vada (2pc),Tiffin,1,52.5,50,Swiggy,UPI,Payment,Saravana Bhavan Corner,Chennai,0.0
2026-03-21,Vada (2pc),Tiffin,1,52.5,50,Swiggy,UPI,Payment,Saravana Bhavan Corner,Chennai,0.0
2026-03-21,Curd Rice,Rice,1,80.33,90,Register,Card,Payment,Saravana Bhavan Corner,Chennai,0.0
2026-03-21,Idli (4pc),Tiffin,2,126.0,60,Register,Card,Payment,Saravana Bhavan Corner,Chennai,0.0
2026-03-21,Masala Chai,Beverages,1,36.75,35,Register,Card,Payment,Saravana Bhavan Corner,Chennai,0.0
2026-03-21,Rava Dosa,Dosa,1,115.5,110,Register,Card,Payment,Saravana Bhavan Corner,Chennai,0.0
2026-03-21,Masala Chai,Beverages,1,36.75,35,Register,UPI,Payment,Saravana Bhavan Corner,Chennai,0.0
2026-03-21,Rava Dosa,Dosa,1,115.5,110,Register,Cash,Payment,Saravana Bhavan Corner,Chennai,0.0
2026-03-21,Veg Thali,Thali,2,340.2,180,Register,Cash,Payment,Saravana Bhavan Corner,Chennai,0.0
2026-03-21,Masala Dosa,Dosa,1,94.5,90,Swiggy,UPI,Payment,Saravana Bhavan Corner,Chennai,0.0
2026-03-21,Idli (4pc),Tiffin,2,126.0,60,Swiggy,UPI,Payment,Saravana Bhavan Corner,Chennai,0.0
2026-03-21,Sambar Rice,Rice,3,378.0,120,Swiggy,UPI,Payment,Saravana Bhavan Corner,Chennai,0.0
2026-03-21,Plain Dosa,Dosa,1,73.5,70,Register,Card,Payment,Saravana Bhavan Corner,Chennai,0.0
2026-03-21,Sambar Rice,Rice,2,252.0,120,Register,Card,Payment,Saravana Bhavan Corner,Chennai,0.0
2026-03-21,Curd Rice,Rice,2,170.1,90,Register,Cash,Payment,Saravana Bhavan Corner,Chennai,0.0
2026-03-21,Masala Chai,Beverages,1,36.75,35,Register,Cash,Payment,Saravana Bhavan Corner,Chennai,0.0
2026-03-21,Lemon Rice,Rice,1,105.0,100,Register,Cash,Payment,Saravana Bhavan Corner,Chennai,0.0
2026-03-21,Onion Uttapam,Dosa,1,105.0,100,Swiggy,Card,Payment,Saravana Bhavan Corner,Chennai,0.0
2026-03-21,Curd Rice,Rice,2,189.0,90,Register,UPI,Payment,Saravana Bhavan Corner,Chennai,0.0
2026-03-21,Masala Chai,Beverages,2,73.5,35,Register,UPI,Payment,Saravana Bhavan Corner,Chennai,0.0
2026-03-21,Veg Thali,Thali,3,567.0,180,Register,Cash,Payment,Saravana Bhavan Corner,Chennai,0.0
2026-03-21,Buttermilk,Beverages,1,31.5,30,Swiggy,UPI,Payment,Saravana Bhavan Corner,Chennai,0.0
2026-03-21,Rasgulla (2pc),Desserts,1,73.5,70,Register,UPI,Payment,Saravana Bhavan Corner,Chennai,0.0
2026-03-21,Curd Rice,Rice,1,94.5,90,Swiggy,Card,Payment,Saravana Bhavan Corner,Chennai,0.0
2026-03-21,Sambar Rice,Rice,3,378.0,120,Swiggy,Card,Payment,Saravana Bhavan Corner,Chennai,0.0
2026-03-21,Idli Vada Combo,Tiffin,1,94.5,90,Register,Card,Payment,Saravana Bhavan Corner,Chennai,0.0
2026-03-21,Bisi Bele Bath,Rice,1,136.5,130,Swiggy,Card,Payment,Saravana Bhavan Corner,Chennai,0.0
2026-03-21,Vada (2pc),Tiffin,1,47.25,50,Swiggy,Card,Payment,Saravana Bhavan Corner,Chennai,0.0
2026-03-21,Medu Vada Chaat,Snacks,1,73.5,70,Register,UPI,Payment,Saravana Bhavan Corner,Chennai,0.0
2026-03-21,Medu Vada Chaat,Snacks,1,73.5,70,Register,UPI,Payment,Saravana Bhavan Corner,Chennai,0.0
2026-03-21,Filter Coffee,Beverages,2,84.0,40,Register,UPI,Payment,Saravana Bhavan Corner,Chennai,0.0
2026-03-21,Rasgulla (2pc),Desserts,1,73.5,70,Register,Card,Payment,Saravana Bhavan Corner,Chennai,0.0
2026-03-21,Pongal,Tiffin,1,84.0,80,Register,Card,Payment,Saravana Bhavan Corner,Chennai,0.0
2026-03-21,Plain Dosa,Dosa,2,147.0,70,Register,Card,Payment,Saravana Bhavan Corner,Chennai,0.0
2026-03-21,Masala Dosa,Dosa,1,94.5,90,Swiggy,UPI,Payment,Saravana Bhavan Corner,Chennai,0.0
2026-03-21,Rasgulla (2pc),Desserts,3,220.5,70,Register,Cash,Payment,Saravana Bhavan Corner,Chennai,0.0
2026-03-21,Rava Dosa,Dosa,1,115.5,110,Register,Cash,Payment,Saravana Bhavan Corner,Chennai,0.0
2026-03-21,Buttermilk,Beverages,1,28.35,30,Register,Card,Payment,Saravana Bhavan Corner,Chennai,0.0
2026-03-21,Filter Coffee,Beverages,2,84.0,40,Register,Card,Payment,Saravana Bhavan Corner,Chennai,0.0
2026-03-21,Filter Coffee,Beverages,1,42.0,40,Register,Cash,Payment,Saravana Bhavan Corner,Chennai,0.0
2026-03-21,Curd Rice,Rice,2,189.0,90,Register,Cash,Payment,Saravana Bhavan Corner,Chennai,0.0
2026-03-21,Filter Coffee,Beverages,2,84.0,40,Swiggy,UPI,Payment,Saravana Bhavan Corner,Chennai,0.0
2026-03-21,Masala Dosa,Dosa,1,94.5,90,Swiggy,UPI,Payment,Saravana Bhavan Corner,Chennai,0.0
2026-03-21,Medu Vada Chaat,Snacks,2,147.0,70,Register,Cash,Payment,Saravana Bhavan Corner,Chennai,0.0
2026-03-21,Medu Vada Chaat,Snacks,1,66.15,70,Register,Cash,Payment,Saravana Bhavan Corner,Chennai,0.0
2026-03-21,Filter Coffee,Beverages,2,84.0,40,Swiggy,UPI,Payment,Saravana Bhavan Corner,Chennai,0.0
2026-03-21,Vada (2pc),Tiffin,1,52.5,50,Swiggy,Card,Payment,Saravana Bhavan Corner,Chennai,0.0
2026-03-21,Bisi Bele Bath,Rice,1,136.5,130,Swiggy,Card,Payment,Saravana Bhavan Corner,Chennai,0.0
2026-03-21,Masala Dosa,Dosa,1,80.33,90,Swiggy,Card,Payment,Saravana Bhavan Corner,Chennai,0.0
2026-03-21,Curd Rice,Rice,1,94.5,90,Swiggy,Card,Payment,Saravana Bhavan Corner,Chennai,0.0
2026-03-21,Filter Coffee,Beverages,1,42.0,40,Register,Card,Payment,Saravana Bhavan Corner,Chennai,0.0
2026-03-21,Filter Coffee,Beverages,1,42.0,40,Register,Cash,Payment,Saravana Bhavan Corner,Chennai,0.0
2026-03-21,Rava Dosa,Dosa,1,115.5,110,Register,UPI,Payment,Saravana Bhavan Corner,Chennai,0.0
2026-03-21,Plain Dosa,Dosa,1,73.5,70,Register,UPI,Payment,Saravana Bhavan Corner,Chennai,0.0
2026-03-21,Masala Dosa,Dosa,2,189.0,90,Register,Card,Payment,Saravana Bhavan Corner,Chennai,0.0
2026-03-21,Masala Dosa,Dosa,1,94.5,90,Register,Card,Payment,Saravana Bhavan Corner,Chennai,0.0
2026-03-21,Vada (2pc),Tiffin,1,52.5,50,Register,Card,Payment,Saravana Bhavan Corner,Chennai,0.0
2026-03-21,Rava Dosa,Dosa,1,115.5,110,Swiggy,UPI,Payment,Saravana Bhavan Corner,Chennai,0.0
2026-03-21,Onion Uttapam,Dosa,2,210.0,100,Swiggy,UPI,Payment,Saravana Bhavan Corner,Chennai,0.0
2026-03-21,Filter Coffee,Beverages,2,84.0,40,Register,Cash,Payment,Saravana Bhavan Corner,Chennai,0.0
2026-03-21,Filter Coffee,Beverages,1,42.0,40,Swiggy,UPI,Payment,Saravana Bhavan Corner,Chennai,0.0
2026-03-21,Mini Tiffin Thali,Thali,2,315.0,150,Swiggy,UPI,Payment,Saravana Bhavan Corner,Chennai,0.0
2026-03-21,Masala Dosa,Dosa,1,94.5,90,Swiggy,UPI,Payment,Saravana Bhavan Corner,Chennai,0.0
2026-03-21,Vada (2pc),Tiffin,1,52.5,50,Register,Card,Payment,Saravana Bhavan Corner,Chennai,0.0
2026-03-21,Vada (2pc),Tiffin,1,44.62,50,Register,Card,Payment,Saravana Bhavan Corner,Chennai,0.0
2026-03-21,Bisi Bele Bath,Rice,2,273.0,130,Swiggy,UPI,Payment,Saravana Bhavan Corner,Chennai,0.0
2026-03-21,Masala Dosa,Dosa,1,94.5,90,Register,Cash,Payment,Saravana Bhavan Corner,Chennai,0.0
2026-03-21,Rasgulla (2pc),Desserts,1,73.5,70,Register,Card,Payment,Saravana Bhavan Corner,Chennai,0.0
2026-03-21,Masala Chai,Beverages,1,36.75,35,Register,Card,Payment,Saravana Bhavan Corner,Chennai,0.0
2026-03-21,Pongal,Tiffin,2,168.0,80,Swiggy,Card,Payment,Saravana Bhavan Corner,Chennai,0.0
2026-03-21,Mysore Bonda,Snacks,1,63.0,60,Swiggy,Card,Payment,Saravana Bhavan Corner,Chennai,0.0
2026-03-21,Masala Chai,Beverages,1,36.75,35,Swiggy,Card,Payment,Saravana Bhavan Corner,Chennai,0.0
2026-03-21,Idli (4pc),Tiffin,1,56.7,60,Swiggy,Card,Payment,Saravana Bhavan Corner,Chennai,0.0
2026-03-21,Idli (4pc),Tiffin,1,63.0,60,Register,Cash,Payment,Saravana Bhavan Corner,Chennai,0.0
2026-03-21,Rasgulla (2pc),Desserts,2,147.0,70,Register,Cash,Payment,Saravana Bhavan Corner,Chennai,0.0
2026-03-21,Sambar Rice,Rice,2,252.0,120,Register,UPI,Payment,Saravana Bhavan Corner,Chennai,0.0
2026-03-21,Medu Vada Chaat,Snacks,3,198.45,70,Register,UPI,Payment,Saravana Bhavan Corner,Chennai,0.0
2026-03-21,Masala Dosa,Dosa,1,94.5,90,Register,Cash,Payment,Saravana Bhavan Corner,Chennai,0.0
2026-03-21,Filter Coffee,Beverages,1,42.0,40,Register,Card,Payment,Saravana Bhavan Corner,Chennai,0.0
2026-03-22,Masala Dosa,Dosa,1,94.5,90,Register,UPI,Payment,Saravana Bhavan Corner,Chennai,0.0
2026-03-22,Idli (4pc),Tiffin,1,63.0,60,Register,UPI,Payment,Saravana Bhavan Corner,Chennai,0.0
2026-03-22,Idli (4pc),Tiffin,1,56.7,60,Register,UPI,Payment,Saravana Bhavan Corner,Chennai,0.0
2026-03-22,Filter Coffee,Beverages,1,42.0,40,Register,UPI,Payment,Saravana Bhavan Corner,Chennai,0.0
2026-03-22,Rasgulla (2pc),Desserts,1,73.5,70,Swiggy,Card,Payment,Saravana Bhavan Corner,Chennai,0.0
2026-03-22,Medu Vada Chaat,Snacks,1,73.5,70,Swiggy,Card,Payment,Saravana Bhavan Corner,Chennai,0.0
2026-03-22,Mini Tiffin Thali,Thali,2,315.0,150,Register,Cash,Payment,Saravana Bhavan Corner,Chennai,0.0
2026-03-22,Medu Vada Chaat,Snacks,1,73.5,70,Register,Cash,Payment,Saravana Bhavan Corner,Chennai,0.0
2026-03-22,Lemon Rice,Rice,2,210.0,100,Register,UPI,Payment,Saravana Bhavan Corner,Chennai,0.0
2026-03-22,Idli Vada Combo,Tiffin,1,94.5,90,Register,Cash,Payment,Saravana Bhavan Corner,Chennai,0.0
2026-03-22,Plain Dosa,Dosa,1,73.5,70,Register,UPI,Payment,Saravana Bhavan Corner,Chennai,0.0
2026-03-22,Filter Coffee,Beverages,2,84.0,40,Register,UPI,Payment,Saravana Bhavan Corner,Chennai,0.0
2026-03-22,Idli (4pc),Tiffin,1,63.0,60,Register,Card,Payment,Saravana Bhavan Corner,Chennai,0.0
2026-03-22,Plain Dosa,Dosa,1,73.5,70,Register,Cash,Payment,Saravana Bhavan Corner,Chennai,0.0
2026-03-22,Veg Thali,Thali,1,189.0,180,Register,Cash,Payment,Saravana Bhavan Corner,Chennai,0.0
2026-03-22,Idli (4pc),Tiffin,3,189.0,60,Register,Cash,Payment,Saravana Bhavan Corner,Chennai,0.0
2026-03-22,Filter Coffee,Beverages,1,42.0,40,Register,Cash,Payment,Saravana Bhavan Corner,Chennai,0.0
2026-03-22,Onion Uttapam,Dosa,2,210.0,100,Register,UPI,Payment,Saravana Bhavan Corner,Chennai,0.0
2026-03-22,Lemon Rice,Rice,1,105.0,100,Swiggy,UPI,Payment,Saravana Bhavan Corner,Chennai,0.0
2026-03-22,Curd Rice,Rice,1,94.5,90,Register,UPI,Payment,Saravana Bhavan Corner,Chennai,0.0
2026-03-22,Rava Dosa,Dosa,2,231.0,110,Register,UPI,Payment,Saravana Bhavan Corner,Chennai,0.0
2026-03-22,Masala Chai,Beverages,1,36.75,35,Swiggy,Card,Payment,Saravana Bhavan Corner,Chennai,0.0
2026-03-22,Rasgulla (2pc),Desserts,1,73.5,70,Swiggy,Card,Payment,Saravana Bhavan Corner,Chennai,0.0
2026-03-22,Masala Chai,Beverages,1,31.24,35,Register,Cash,Payment,Saravana Bhavan Corner,Chennai,0.0
2026-03-22,Masala Dosa,Dosa,1,80.33,90,Register,Card,Payment,Saravana Bhavan Corner,Chennai,0.0
2026-03-22,Curd Rice,Rice,1,94.5,90,Swiggy,UPI,Payment,Saravana Bhavan Corner,Chennai,0.0
2026-03-22,Medu Vada Chaat,Snacks,1,66.15,70,Swiggy,UPI,Payment,Saravana Bhavan Corner,Chennai,0.0
2026-03-22,Rasgulla (2pc),Desserts,1,73.5,70,Register,Card,Payment,Saravana Bhavan Corner,Chennai,0.0
2026-03-22,Idli Vada Combo,Tiffin,1,94.5,90,Register,UPI,Payment,Saravana Bhavan Corner,Chennai,0.0
2026-03-22,Onion Uttapam,Dosa,3,315.0,100,Register,UPI,Payment,Saravana Bhavan Corner,Chennai,0.0
2026-03-22,Medu Vada Chaat,Snacks,1,66.15,70,Register,Cash,Payment,Saravana Bhavan Corner,Chennai,0.0
2026-03-22,Lemon Rice,Rice,2,210.0,100,Swiggy,Card,Payment,Saravana Bhavan Corner,Chennai,0.0
2026-03-22,Buttermilk,Beverages,1,31.5,30,Swiggy,Card,Payment,Saravana Bhavan Corner,Chennai,0.0
2026-03-22,Sambar Rice,Rice,2,226.8,120,Swiggy,UPI,Payment,Saravana Bhavan Corner,Chennai,0.0
2026-03-22,Rava Dosa,Dosa,1,98.17,110,Swiggy,UPI,Payment,Saravana Bhavan Corner,Chennai,0.0
2026-03-22,Filter Coffee,Beverages,1,42.0,40,Register,UPI,Payment,Saravana Bhavan Corner,Chennai,0.0
2026-03-22,Medu Vada Chaat,Snacks,1,73.5,70,Register,UPI,Payment,Saravana Bhavan Corner,Chennai,0.0
2026-03-22,Rava Dosa,Dosa,1,115.5,110,Register,Card,Payment,Saravana Bhavan Corner,Chennai,0.0
2026-03-22,Veg Thali,Thali,1,160.65,180,Register,Card,Payment,Saravana Bhavan Corner,Chennai,0.0
2026-03-22,Curd Rice,Rice,1,94.5,90,Swiggy,Card,Payment,Saravana Bhavan Corner,Chennai,0.0
2026-03-22,Onion Uttapam,Dosa,2,210.0,100,Swiggy,Card,Payment,Saravana Bhavan Corner,Chennai,0.0
2026-03-22,Masala Chai,Beverages,3,110.25,35,Swiggy,Card,Payment,Saravana Bhavan Corner,Chennai,0.0
2026-03-22,Plain Dosa,Dosa,1,73.5,70,Swiggy,Card,Payment,Saravana Bhavan Corner,Chennai,0.0
2026-03-22,Lemon Rice,Rice,1,105.0,100,Register,Cash,Payment,Saravana Bhavan Corner,Chennai,0.0
2026-03-22,Idli Vada Combo,Tiffin,1,94.5,90,Swiggy,UPI,Payment,Saravana Bhavan Corner,Chennai,0.0
2026-03-22,Onion Uttapam,Dosa,1,94.5,100,Swiggy,Card,Payment,Saravana Bhavan Corner,Chennai,0.0
2026-03-22,Onion Uttapam,Dosa,2,210.0,100,Register,Card,Payment,Saravana Bhavan Corner,Chennai,0.0
2026-03-22,Veg Thali,Thali,2,378.0,180,Register,Card,Payment,Saravana Bhavan Corner,Chennai,0.0
2026-03-22,Bisi Bele Bath,Rice,2,273.0,130,Swiggy,Card,Payment,Saravana Bhavan Corner,Chennai,0.0
2026-03-22,Idli (4pc),Tiffin,2,107.1,60,Register,UPI,Payment,Saravana Bhavan Corner,Chennai,0.0
2026-03-22,Idli (4pc),Tiffin,2,126.0,60,Register,UPI,Payment,Saravana Bhavan Corner,Chennai,0.0
2026-03-22,Vada (2pc),Tiffin,1,52.5,50,Register,UPI,Payment,Saravana Bhavan Corner,Chennai,0.0
2026-03-22,Onion Uttapam,Dosa,1,94.5,100,Register,Cash,Payment,Saravana Bhavan Corner,Chennai,0.0
2026-03-22,Filter Coffee,Beverages,1,42.0,40,Register,Cash,Payment,Saravana Bhavan Corner,Chennai,0.0
2026-03-22,Vada (2pc),Tiffin,1,52.5,50,Register,Cash,Payment,Saravana Bhavan Corner,Chennai,0.0
2026-03-22,Masala Chai,Beverages,3,110.25,35,Register,UPI,Payment,Saravana Bhavan Corner,Chennai,0.0
2026-03-22,Masala Chai,Beverages,1,36.75,35,Register,Card,Payment,Saravana Bhavan Corner,Chennai,0.0
2026-03-22,Plain Dosa,Dosa,2,147.0,70,Register,Card,Payment,Saravana Bhavan Corner,Chennai,0.0
2026-03-22,Idli (4pc),Tiffin,1,63.0,60,Register,UPI,Payment,Saravana Bhavan Corner,Chennai,0.0
2026-03-22,Masala Dosa,Dosa,1,94.5,90,Register,UPI,Payment,Saravana Bhavan Corner,Chennai,0.0
2026-03-22,Filter Coffee,Beverages,1,42.0,40,Register,UPI,Payment,Saravana Bhavan Corner,Chennai,0.0
2026-03-22,Plain Dosa,Dosa,2,147.0,70,Register,Card,Payment,Saravana Bhavan Corner,Chennai,0.0
2026-03-22,Mysore Bonda,Snacks,1,63.0,60,Register,Card,Payment,Saravana Bhavan Corner,Chennai,0.0
2026-03-22,Plain Dosa,Dosa,2,124.95,70,Register,UPI,Payment,Saravana Bhavan Corner,Chennai,0.0
2026-03-22,Plain Dosa,Dosa,3,220.5,70,Swiggy,Card,Payment,Saravana Bhavan Corner,Chennai,0.0
2026-03-22,Masala Dosa,Dosa,2,189.0,90,Register,Card,Payment,Saravana Bhavan Corner,Chennai,0.0
2026-03-22,Masala Dosa,Dosa,1,94.5,90,Register,Card,Payment,Saravana Bhavan Corner,Chennai,0.0
2026-03-22,Curd Rice,Rice,1,94.5,90,Register,UPI,Payment,Saravana Bhavan Corner,Chennai,0.0
2026-03-22,Onion Uttapam,Dosa,1,105.0,100,Register,Cash,Payment,Saravana Bhavan Corner,Chennai,0.0
2026-03-22,Filter Coffee,Beverages,2,84.0,40,Register,UPI,Payment,Saravana Bhavan Corner,Chennai,0.0
2026-03-22,Rava Dosa,Dosa,1,103.95,110,Register,UPI,Payment,Saravana Bhavan Corner,Chennai,0.0
2026-03-22,Medu Vada Chaat,Snacks,2,147.0,70,Register,Cash,Payment,Saravana Bhavan Corner,Chennai,0.0
2026-03-22,Masala Chai,Beverages,1,36.75,35,Register,UPI,Payment,Saravana Bhavan Corner,Chennai,0.0
2026-03-22,Lemon Rice,Rice,1,105.0,100,Register,UPI,Payment,Saravana Bhavan Corner,Chennai,0.0
2026-03-22,Curd Rice,Rice,1,94.5,90,Register,UPI,Payment,Saravana Bhavan Corner,Chennai,0.0
2026-03-22,Vada (2pc),Tiffin,1,47.25,50,Swiggy,UPI,Payment,Saravana Bhavan Corner,Chennai,0.0
2026-03-22,Masala Dosa,Dosa,1,94.5,90,Swiggy,UPI,Payment,Saravana Bhavan Corner,Chennai,0.0
2026-03-22,Rava Dosa,Dosa,1,115.5,110,Swiggy,Card,Payment,Saravana Bhavan Corner,Chennai,0.0
2026-03-22,Filter Coffee,Beverages,2,84.0,40,Register,UPI,Payment,Saravana Bhavan Corner,Chennai,0.0
2026-03-22,Vada (2pc),Tiffin,2,105.0,50,Register,UPI,Payment,Saravana Bhavan Corner,Chennai,0.0
2026-03-22,Idli Vada Combo,Tiffin,1,94.5,90,Register,UPI,Payment,Saravana Bhavan Corner,Chennai,0.0
2026-03-22,Mysore Bonda,Snacks,2,126.0,60,Swiggy,Card,Payment,Saravana Bhavan Corner,Chennai,0.0
2026-03-22,Veg Thali,Thali,1,189.0,180,Swiggy,Card,Payment,Saravana Bhavan Corner,Chennai,0.0
2026-03-22,Veg Thali,Thali,1,189.0,180,Swiggy,Card,Payment,Saravana Bhavan Corner,Chennai,0.0
2026-03-22,Sambar Rice,Rice,1,126.0,120,Swiggy,Card,Payment,Saravana Bhavan Corner,Chennai,0.0
2026-03-22,Onion Uttapam,Dosa,1,105.0,100,Swiggy,UPI,Payment,Saravana Bhavan Corner,Chennai,0.0
2026-03-22,Lemon Rice,Rice,1,105.0,100,Swiggy,UPI,Payment,Saravana Bhavan Corner,Chennai,0.0
2026-03-22,Mini Tiffin Thali,Thali,2,315.0,150,Register,UPI,Payment,Saravana Bhavan Corner,Chennai,0.0
2026-03-22,Rava Dosa,Dosa,1,103.95,110,Swiggy,UPI,Payment,Saravana Bhavan Corner,Chennai,0.0
2026-03-23,Buttermilk,Beverages,2,63.0,30,Swiggy,UPI,Payment,Saravana Bhavan Corner,Chennai,0.0
2026-03-23,Masala Chai,Beverages,1,33.08,35,Register,Card,Payment,Saravana Bhavan Corner,Chennai,0.0
2026-03-23,Idli (4pc),Tiffin,1,63.0,60,Register,Card,Payment,Saravana Bhavan Corner,Chennai,0.0
2026-03-23,Sambar Rice,Rice,1,126.0,120,Register,Card,Payment,Saravana Bhavan Corner,Chennai,0.0
2026-03-23,Buttermilk,Beverages,1,31.5,30,Register,Card,Payment,Saravana Bhavan Corner,Chennai,0.0
2026-03-23,Vada (2pc),Tiffin,2,94.5,50,Swiggy,UPI,Payment,Saravana Bhavan Corner,Chennai,0.0
2026-03-23,Masala Dosa,Dosa,2,189.0,90,Register,Cash,Payment,Saravana Bhavan Corner,Chennai,0.0
2026-03-23,Mysore Bonda,Snacks,2,126.0,60,Swiggy,Card,Payment,Saravana Bhavan Corner,Chennai,0.0
2026-03-23,Idli Vada Combo,Tiffin,3,283.5,90,Register,Cash,Payment,Saravana Bhavan Corner,Chennai,0.0
2026-03-23,Sambar Rice,Rice,1,126.0,120,Swiggy,UPI,Payment,Saravana Bhavan Corner,Chennai,0.0
2026-03-23,Sambar Rice,Rice,2,252.0,120,Swiggy,UPI,Payment,Saravana Bhavan Corner,Chennai,0.0
2026-03-23,Masala Dosa,Dosa,1,94.5,90,Register,Card,Payment,Saravana Bhavan Corner,Chennai,0.0
2026-03-23,Sambar Rice,Rice,2,252.0,120,Register,Card,Payment,Saravana Bhavan Corner,Chennai,0.0
2026-03-23,Veg Thali,Thali,1,189.0,180,Swiggy,UPI,Payment,Saravana Bhavan Corner,Chennai,0.0
2026-03-23,Idli Vada Combo,Tiffin,1,94.5,90,Register,Card,Payment,Saravana Bhavan Corner,Chennai,0.0
2026-03-23,Idli Vada Combo,Tiffin,1,94.5,90,Register,Card,Payment,Saravana Bhavan Corner,Chennai,0.0
2026-03-23,Veg Thali,Thali,1,189.0,180,Register,UPI,Payment,Saravana Bhavan Corner,Chennai,0.0
2026-03-23,Rasgulla (2pc),Desserts,1,73.5,70,Register,UPI,Payment,Saravana Bhavan Corner,Chennai,0.0
2026-03-23,Veg Thali,Thali,1,189.0,180,Register,Cash,Payment,Saravana Bhavan Corner,Chennai,0.0
2026-03-23,Veg Thali,Thali,3,567.0,180,Register,Cash,Payment,Saravana Bhavan Corner,Chennai,0.0
2026-03-23,Veg Thali,Thali,1,189.0,180,Register,UPI,Payment,Saravana Bhavan Corner,Chennai,0.0
2026-03-23,Rava Dosa,Dosa,1,115.5,110,Register,UPI,Payment,Saravana Bhavan Corner,Chennai,0.0
2026-03-23,Masala Chai,Beverages,1,36.75,35,Register,UPI,Payment,Saravana Bhavan Corner,Chennai,0.0
2026-03-23,Vada (2pc),Tiffin,2,105.0,50,Register,UPI,Payment,Saravana Bhavan Corner,Chennai,0.0
2026-03-23,Mini Tiffin Thali,Thali,2,315.0,150,Register,Card,Payment,Saravana Bhavan Corner,Chennai,0.0
2026-03-23,Idli Vada Combo,Tiffin,1,85.05,90,Register,Card,Payment,Saravana Bhavan Corner,Chennai,0.0
2026-03-23,Filter Coffee,Beverages,1,42.0,40,Register,Card,Payment,Saravana Bhavan Corner,Chennai,0.0
2026-03-23,Masala Dosa,Dosa,1,94.5,90,Register,Cash,Payment,Saravana Bhavan Corner,Chennai,0.0
2026-03-23,Vada (2pc),Tiffin,3,157.5,50,Register,Cash,Payment,Saravana Bhavan Corner,Chennai,0.0
2026-03-23,Vada (2pc),Tiffin,3,157.5,50,Register,Card,Payment,Saravana Bhavan Corner,Chennai,0.0
2026-03-23,Rasgulla (2pc),Desserts,1,73.5,70,Register,Card,Payment,Saravana Bhavan Corner,Chennai,0.0
2026-03-23,Vada (2pc),Tiffin,3,157.5,50,Register,Card,Payment,Saravana Bhavan Corner,Chennai,0.0
2026-03-23,Idli (4pc),Tiffin,1,63.0,60,Register,UPI,Payment,Saravana Bhavan Corner,Chennai,0.0
2026-03-23,Medu Vada Chaat,Snacks,1,73.5,70,Register,Cash,Payment,Saravana Bhavan Corner,Chennai,0.0
2026-03-23,Curd Rice,Rice,1,94.5,90,Register,Card,Payment,Saravana Bhavan Corner,Chennai,0.0
2026-03-23,Buttermilk,Beverages,2,56.7,30,Register,Cash,Payment,Saravana Bhavan Corner,Chennai,0.0
2026-03-23,Medu Vada Chaat,Snacks,1,73.5,70,Swiggy,UPI,Payment,Saravana Bhavan Corner,Chennai,0.0
2026-03-23,Rasgulla (2pc),Desserts,2,147.0,70,Register,Card,Payment,Saravana Bhavan Corner,Chennai,0.0
2026-03-23,Veg Thali,Thali,2,340.2,180,Swiggy,Card,Payment,Saravana Bhavan Corner,Chennai,0.0
2026-03-23,Medu Vada Chaat,Snacks,1,73.5,70,Swiggy,Card,Payment,Saravana Bhavan Corner,Chennai,0.0
2026-03-23,Masala Chai,Beverages,1,36.75,35,Swiggy,Card,Payment,Saravana Bhavan Corner,Chennai,0.0
2026-03-23,Bisi Bele Bath,Rice,1,136.5,130,Swiggy,Card,Payment,Saravana Bhavan Corner,Chennai,0.0
2026-03-23,Mysore Bonda,Snacks,1,53.55,60,Register,Cash,Payment,Saravana Bhavan Corner,Chennai,0.0
2026-03-23,Bisi Bele Bath,Rice,1,136.5,130,Swiggy,Card,Payment,Saravana Bhavan Corner,Chennai,0.0
2026-03-23,Sambar Rice,Rice,2,226.8,120,Swiggy,Card,Payment,Saravana Bhavan Corner,Chennai,0.0
2026-03-23,Idli Vada Combo,Tiffin,1,94.5,90,Swiggy,Card,Payment,Saravana Bhavan Corner,Chennai,0.0
2026-03-23,Idli Vada Combo,Tiffin,1,94.5,90,Register,Cash,Payment,Saravana Bhavan Corner,Chennai,0.0
2026-03-23,Curd Rice,Rice,1,94.5,90,Register,Cash,Payment,Saravana Bhavan Corner,Chennai,0.0
2026-03-23,Filter Coffee,Beverages,1,37.8,40,Register,Cash,Payment,Saravana Bhavan Corner,Chennai,0.0
2026-03-23,Masala Dosa,Dosa,1,94.5,90,Swiggy,Card,Payment,Saravana Bhavan Corner,Chennai,0.0
2026-03-23,Filter Coffee,Beverages,1,42.0,40,Register,UPI,Payment,Saravana Bhavan Corner,Chennai,0.0
2026-03-23,Curd Rice,Rice,2,189.0,90,Register,Cash,Payment,Saravana Bhavan Corner,Chennai,0.0
2026-03-23,Mysore Bonda,Snacks,1,63.0,60,Register,Cash,Payment,Saravana Bhavan Corner,Chennai,0.0
2026-03-23,Masala Dosa,Dosa,1,85.05,90,Register,UPI,Payment,Saravana Bhavan Corner,Chennai,0.0
2026-03-23,Rasgulla (2pc),Desserts,2,147.0,70,Register,UPI,Payment,Saravana Bhavan Corner,Chennai,0.0
2026-03-23,Masala Dosa,Dosa,1,94.5,90,Register,Card,Payment,Saravana Bhavan Corner,Chennai,0.0
2026-03-23,Lemon Rice,Rice,1,94.5,100,Register,Card,Payment,Saravana Bhavan Corner,Chennai,0.0
2026-03-23,Masala Dosa,Dosa,1,94.5,90,Register,UPI,Payment,Saravana Bhavan Corner,Chennai,0.0
2026-03-23,Pongal,Tiffin,1,84.0,80,Register,Cash,Payment,Saravana Bhavan Corner,Chennai,0.0
2026-03-23,Sambar Rice,Rice,2,252.0,120,Register,Cash,Payment,Saravana Bhavan Corner,Chennai,0.0
2026-03-23,Medu Vada Chaat,Snacks,2,132.3,70,Register,Cash,Payment,Saravana Bhavan Corner,Chennai,0.0
2026-03-23,Idli Vada Combo,Tiffin,1,94.5,90,Register,Cash,Payment,Saravana Bhavan Corner,Chennai,0.0
2026-03-23,Mysore Bonda,Snacks,1,63.0,60,Register,UPI,Payment,Saravana Bhavan Corner,Chennai,0.0
2026-03-23,Vada (2pc),Tiffin,1,52.5,50,Register,UPI,Payment,Saravana Bhavan Corner,Chennai,0.0
2026-03-23,Curd Rice,Rice,2,189.0,90,Register,UPI,Payment,Saravana Bhavan Corner,Chennai,0.0
2026-03-24,Medu Vada Chaat,Snacks,2,147.0,70,Register,Cash,Payment,Saravana Bhavan Corner,Chennai,0.0
2026-03-24,Buttermilk,Beverages,2,56.7,30,Register,Cash,Payment,Saravana Bhavan Corner,Chennai,0.0
2026-03-24,Vada (2pc),Tiffin,1,44.62,50,Swiggy,Card,Payment,Saravana Bhavan Corner,Chennai,0.0
2026-03-24,Rava Dosa,Dosa,1,115.5,110,Register,Card,Payment,Saravana Bhavan Corner,Chennai,0.0
2026-03-24,Masala Chai,Beverages,2,73.5,35,Register,Card,Payment,Saravana Bhavan Corner,Chennai,0.0
2026-03-24,Pongal,Tiffin,1,84.0,80,Register,Cash,Payment,Saravana Bhavan Corner,Chennai,0.0
2026-03-24,Filter Coffee,Beverages,1,42.0,40,Register,Cash,Payment,Saravana Bhavan Corner,Chennai,0.0
2026-03-24,Plain Dosa,Dosa,1,73.5,70,Register,Cash,Payment,Saravana Bhavan Corner,Chennai,0.0
2026-03-24,Sambar Rice,Rice,1,113.4,120,Register,Card,Payment,Saravana Bhavan Corner,Chennai,0.0
2026-03-24,Masala Chai,Beverages,2,73.5,35,Register,Cash,Payment,Saravana Bhavan Corner,Chennai,0.0
2026-03-24,Masala Chai,Beverages,1,36.75,35,Register,UPI,Payment,Saravana Bhavan Corner,Chennai,0.0
2026-03-24,Mini Tiffin Thali,Thali,1,157.5,150,Register,UPI,Payment,Saravana Bhavan Corner,Chennai,0.0
2026-03-24,Filter Coffee,Beverages,1,42.0,40,Register,Card,Payment,Saravana Bhavan Corner,Chennai,0.0
2026-03-24,Idli (4pc),Tiffin,1,63.0,60,Register,Card,Payment,Saravana Bhavan Corner,Chennai,0.0
2026-03-24,Veg Thali,Thali,1,189.0,180,Register,UPI,Payment,Saravana Bhavan Corner,Chennai,0.0
2026-03-24,Rava Dosa,Dosa,1,115.5,110,Register,Card,Payment,Saravana Bhavan Corner,Chennai,0.0
2026-03-24,Sambar Rice,Rice,1,126.0,120,Register,Cash,Payment,Saravana Bhavan Corner,Chennai,0.0
2026-03-24,Veg Thali,Thali,1,189.0,180,Register,Card,Payment,Saravana Bhavan Corner,Chennai,0.0
2026-03-24,Plain Dosa,Dosa,1,66.15,70,Swiggy,Card,Payment,Saravana Bhavan Corner,Chennai,0.0
2026-03-24,Masala Dosa,Dosa,1,94.5,90,Register,Card,Payment,Saravana Bhavan Corner,Chennai,0.0
2026-03-24,Veg Thali,Thali,2,378.0,180,Register,UPI,Payment,Saravana Bhavan Corner,Chennai,0.0
2026-03-24,Sambar Rice,Rice,2,252.0,120,Register,UPI,Payment,Saravana Bhavan Corner,Chennai,0.0
2026-03-24,Curd Rice,Rice,1,94.5,90,Register,UPI,Payment,Saravana Bhavan Corner,Chennai,0.0
2026-03-24,Plain Dosa,Dosa,2,147.0,70,Register,UPI,Payment,Saravana Bhavan Corner,Chennai,0.0
2026-03-24,Mini Tiffin Thali,Thali,1,157.5,150,Swiggy,Card,Payment,Saravana Bhavan Corner,Chennai,0.0
2026-03-24,Veg Thali,Thali,2,378.0,180,Register,Card,Payment,Saravana Bhavan Corner,Chennai,0.0
2026-03-24,Curd Rice,Rice,1,94.5,90,Register,Card,Payment,Saravana Bhavan Corner,Chennai,0.0
2026-03-24,Bisi Bele Bath,Rice,2,273.0,130,Register,Card,Payment,Saravana Bhavan Corner,Chennai,0.0
2026-03-24,Vada (2pc),Tiffin,2,105.0,50,Register,Card,Payment,Saravana Bhavan Corner,Chennai,0.0
2026-03-24,Veg Thali,Thali,1,160.65,180,Register,Card,Payment,Saravana Bhavan Corner,Chennai,0.0
2026-03-24,Pongal,Tiffin,2,168.0,80,Register,Card,Payment,Saravana Bhavan Corner,Chennai,0.0
2026-03-24,Idli Vada Combo,Tiffin,1,94.5,90,Register,Card,Payment,Saravana Bhavan Corner,Chennai,0.0
2026-03-24,Plain Dosa,Dosa,1,73.5,70,Register,Card,Payment,Saravana Bhavan Corner,Chennai,0.0
2026-03-24,Rava Dosa,Dosa,2,231.0,110,Swiggy,UPI,Payment,Saravana Bhavan Corner,Chennai,0.0
2026-03-24,Veg Thali,Thali,1,170.1,180,Swiggy,UPI,Payment,Saravana Bhavan Corner,Chennai,0.0
2026-03-24,Pongal,Tiffin,3,252.0,80,Swiggy,Card,Payment,Saravana Bhavan Corner,Chennai,0.0
2026-03-24,Buttermilk,Beverages,1,31.5,30,Register,Card,Payment,Saravana Bhavan Corner,Chennai,0.0
2026-03-24,Mini Tiffin Thali,Thali,1,157.5,150,Register,Card,Payment,Saravana Bhavan Corner,Chennai,0.0
2026-03-24,Plain Dosa,Dosa,2,147.0,70,Register,Cash,Payment,Saravana Bhavan Corner,Chennai,0.0
2026-03-24,Veg Thali,Thali,1,170.1,180,Register,Cash,Payment,Saravana Bhavan Corner,Chennai,0.0
2026-03-24,Onion Uttapam,Dosa,2,210.0,100,Register,Cash,Payment,Saravana Bhavan Corner,Chennai,0.0
2026-03-24,Rasgulla (2pc),Desserts,1,73.5,70,Register,Cash,Payment,Saravana Bhavan Corner,Chennai,0.0
2026-03-24,Mini Tiffin Thali,Thali,1,157.5,150,Register,UPI,Payment,Saravana Bhavan Corner,Chennai,0.0
2026-03-24,Pongal,Tiffin,2,168.0,80,Register,UPI,Payment,Saravana Bhavan Corner,Chennai,0.0
2026-03-24,Sambar Rice,Rice,1,126.0,120,Register,UPI,Payment,Saravana Bhavan Corner,Chennai,0.0
2026-03-24,Mini Tiffin Thali,Thali,2,315.0,150,Swiggy,UPI,Payment,Saravana Bhavan Corner,Chennai,0.0
2026-03-24,Lemon Rice,Rice,1,105.0,100,Swiggy,UPI,Payment,Saravana Bhavan Corner,Chennai,0.0
2026-03-24,Vada (2pc),Tiffin,1,52.5,50,Swiggy,UPI,Payment,Saravana Bhavan Corner,Chennai,0.0
2026-03-24,Masala Dosa,Dosa,2,189.0,90,Swiggy,UPI,Payment,Saravana Bhavan Corner,Chennai,0.0
2026-03-24,Medu Vada Chaat,Snacks,2,147.0,70,Swiggy,UPI,Payment,Saravana Bhavan Corner,Chennai,0.0
2026-03-24,Veg Thali,Thali,1,189.0,180,Swiggy,UPI,Payment,Saravana Bhavan Corner,Chennai,0.0
2026-03-24,Masala Dosa,Dosa,2,189.0,90,Register,Card,Payment,Saravana Bhavan Corner,Chennai,0.0
2026-03-24,Curd Rice,Rice,2,189.0,90,Register,Card,Payment,Saravana Bhavan Corner,Chennai,0.0
2026-03-24,Masala Dosa,Dosa,2,189.0,90,Register,Card,Payment,Saravana Bhavan Corner,Chennai,0.0
2026-03-24,Vada (2pc),Tiffin,2,105.0,50,Register,Card,Payment,Saravana Bhavan Corner,Chennai,0.0
2026-03-24,Masala Dosa,Dosa,2,189.0,90,Register,Card,Payment,Saravana Bhavan Corner,Chennai,0.0
2026-03-24,Vada (2pc),Tiffin,1,52.5,50,Register,Card,Payment,Saravana Bhavan Corner,Chennai,0.0
2026-03-24,Masala Dosa,Dosa,1,80.33,90,Register,Card,Payment,Saravana Bhavan Corner,Chennai,0.0
2026-03-24,Masala Dosa,Dosa,2,160.65,90,Register,UPI,Payment,Saravana Bhavan Corner,Chennai,0.0
2026-03-24,Idli (4pc),Tiffin,1,63.0,60,Swiggy,UPI,Payment,Saravana Bhavan Corner,Chennai,0.0
2026-03-24,Masala Chai,Beverages,1,36.75,35,Register,Card,Payment,Saravana Bhavan Corner,Chennai,0.0
2026-03-24,Filter Coffee,Beverages,2,84.0,40,Register,Card,Payment,Saravana Bhavan Corner,Chennai,0.0
2026-03-24,Veg Thali,Thali,2,378.0,180,Register,Cash,Payment,Saravana Bhavan Corner,Chennai,0.0
2026-03-24,Sambar Rice,Rice,1,107.1,120,Swiggy,UPI,Payment,Saravana Bhavan Corner,Chennai,0.0
2026-03-24,Rasgulla (2pc),Desserts,2,147.0,70,Register,Card,Payment,Saravana Bhavan Corner,Chennai,0.0
2026-03-24,Plain Dosa,Dosa,2,147.0,70,Swiggy,UPI,Payment,Saravana Bhavan Corner,Chennai,0.0
2026-03-24,Vada (2pc),Tiffin,3,157.5,50,Swiggy,UPI,Payment,Saravana Bhavan Corner,Chennai,0.0
2026-03-24,Plain Dosa,Dosa,1,73.5,70,Register,Card,Payment,Saravana Bhavan Corner,Chennai,0.0
2026-03-24,Mysore Bonda,Snacks,2,126.0,60,Register,Card,Payment,Saravana Bhavan Corner,Chennai,0.0
2026-03-24,Pongal,Tiffin,1,84.0,80,Register,Card,Payment,Saravana Bhavan Corner,Chennai,0.0
2026-03-24,Filter Coffee,Beverages,2,84.0,40,Swiggy,UPI,Payment,Saravana Bhavan Corner,Chennai,0.0
2026-03-24,Veg Thali,Thali,2,378.0,180,Swiggy,Card,Payment,Saravana Bhavan Corner,Chennai,0.0
2026-03-24,Idli Vada Combo,Tiffin,1,94.5,90,Register,UPI,Payment,Saravana Bhavan Corner,Chennai,0.0
2026-03-24,Masala Chai,Beverages,2,62.48,35,Swiggy,Card,Payment,Saravana Bhavan Corner,Chennai,0.0
2026-03-24,Mysore Bonda,Snacks,2,126.0,60,Swiggy,Card,Payment,Saravana Bhavan Corner,Chennai,0.0
2026-03-24,Masala Dosa,Dosa,2,189.0,90,Swiggy,Card,Payment,Saravana Bhavan Corner,Chennai,0.0
2026-03-24,Onion Uttapam,Dosa,1,105.0,100,Register,Card,Payment,Saravana Bhavan Corner,Chennai,0.0
2026-03-24,Vada (2pc),Tiffin,1,44.62,50,Register,Card,Payment,Saravana Bhavan Corner,Chennai,0.0
2026-03-24,Plain Dosa,Dosa,2,147.0,70,Register,Card,Payment,Saravana Bhavan Corner,Chennai,0.0
2026-03-24,Bisi Bele Bath,Rice,1,136.5,130,Register,Cash,Payment,Saravana Bhavan Corner,Chennai,0.0
2026-03-25,Idli (4pc),Tiffin,1,63.0,60,Register,UPI,Payment,Saravana Bhavan Corner,Chennai,0.0
2026-03-25,Vada (2pc),Tiffin,1,47.25,50,Register,UPI,Payment,Saravana Bhavan Corner,Chennai,0.0
2026-03-25,Veg Thali,Thali,1,189.0,180,Register,UPI,Payment,Saravana Bhavan Corner,Chennai,0.0
2026-03-25,Idli (4pc),Tiffin,2,126.0,60,Swiggy,UPI,Payment,Saravana Bhavan Corner,Chennai,0.0
2026-03-25,Masala Chai,Beverages,2,73.5,35,Swiggy,UPI,Payment,Saravana Bhavan Corner,Chennai,0.0
2026-03-25,Masala Chai,Beverages,2,73.5,35,Register,Cash,Payment,Saravana Bhavan Corner,Chennai,0.0
2026-03-25,Bulk Catering Order,Uncategorized,1,3150.0,3000,Register,Card,Payment,Saravana Bhavan Corner,Chennai,0.0
2026-03-25,Plain Dosa,Dosa,2,147.0,70,Register,Card,Payment,Saravana Bhavan Corner,Chennai,0.0
2026-03-25,Masala Chai,Beverages,1,36.75,35,Register,Card,Payment,Saravana Bhavan Corner,Chennai,0.0
2026-03-25,Rasgulla (2pc),Desserts,2,147.0,70,Register,Card,Payment,Saravana Bhavan Corner,Chennai,0.0
2026-03-25,Masala Dosa,Dosa,1,94.5,90,Register,Card,Payment,Saravana Bhavan Corner,Chennai,0.0
2026-03-25,Rava Dosa,Dosa,1,115.5,110,Register,Card,Payment,Saravana Bhavan Corner,Chennai,0.0
2026-03-25,Idli Vada Combo,Tiffin,3,283.5,90,Register,UPI,Payment,Saravana Bhavan Corner,Chennai,0.0
2026-03-25,Buttermilk,Beverages,1,31.5,30,Register,UPI,Payment,Saravana Bhavan Corner,Chennai,0.0
2026-03-25,Masala Dosa,Dosa,1,85.05,90,Register,Card,Payment,Saravana Bhavan Corner,Chennai,0.0
2026-03-25,Vada (2pc),Tiffin,3,157.5,50,Register,UPI,Payment,Saravana Bhavan Corner,Chennai,0.0
2026-03-25,Idli Vada Combo,Tiffin,1,94.5,90,Register,Cash,Payment,Saravana Bhavan Corner,Chennai,0.0
2026-03-25,Lemon Rice,Rice,1,105.0,100,Register,Cash,Payment,Saravana Bhavan Corner,Chennai,0.0
2026-03-25,Onion Uttapam,Dosa,1,89.25,100,Register,UPI,Payment,Saravana Bhavan Corner,Chennai,0.0
2026-03-25,Vada (2pc),Tiffin,2,105.0,50,Register,UPI,Payment,Saravana Bhavan Corner,Chennai,0.0
2026-03-25,Onion Uttapam,Dosa,1,105.0,100,Register,UPI,Payment,Saravana Bhavan Corner,Chennai,0.0
2026-03-25,Lemon Rice,Rice,2,210.0,100,Register,UPI,Payment,Saravana Bhavan Corner,Chennai,0.0
2026-03-25,Curd Rice,Rice,2,189.0,90,Register,Cash,Payment,Saravana Bhavan Corner,Chennai,0.0
2026-03-25,Idli Vada Combo,Tiffin,2,189.0,90,Register,UPI,Payment,Saravana Bhavan Corner,Chennai,0.0
2026-03-25,Plain Dosa,Dosa,1,62.48,70,Register,Cash,Payment,Saravana Bhavan Corner,Chennai,0.0
2026-03-25,Sambar Rice,Rice,1,126.0,120,Register,Cash,Payment,Saravana Bhavan Corner,Chennai,0.0
2026-03-25,Idli (4pc),Tiffin,2,126.0,60,Swiggy,UPI,Payment,Saravana Bhavan Corner,Chennai,0.0
2026-03-25,Idli Vada Combo,Tiffin,1,94.5,90,Swiggy,UPI,Payment,Saravana Bhavan Corner,Chennai,0.0
2026-03-25,Plain Dosa,Dosa,1,73.5,70,Swiggy,UPI,Payment,Saravana Bhavan Corner,Chennai,0.0
2026-03-25,Idli (4pc),Tiffin,1,63.0,60,Swiggy,UPI,Payment,Saravana Bhavan Corner,Chennai,0.0
2026-03-25,Idli (4pc),Tiffin,1,63.0,60,Register,UPI,Payment,Saravana Bhavan Corner,Chennai,0.0
2026-03-25,Idli (4pc),Tiffin,1,56.7,60,Register,UPI,Payment,Saravana Bhavan Corner,Chennai,0.0
2026-03-25,Rava Dosa,Dosa,2,231.0,110,Register,Cash,Payment,Saravana Bhavan Corner,Chennai,0.0
2026-03-25,Filter Coffee,Beverages,1,42.0,40,Register,Cash,Payment,Saravana Bhavan Corner,Chennai,0.0
2026-03-25,Plain Dosa,Dosa,1,73.5,70,Swiggy,UPI,Payment,Saravana Bhavan Corner,Chennai,0.0
2026-03-25,Curd Rice,Rice,2,189.0,90,Register,Cash,Payment,Saravana Bhavan Corner,Chennai,0.0
2026-03-25,Rava Dosa,Dosa,1,115.5,110,Swiggy,Card,Payment,Saravana Bhavan Corner,Chennai,0.0
2026-03-25,Mini Tiffin Thali,Thali,2,315.0,150,Swiggy,Card,Payment,Saravana Bhavan Corner,Chennai,0.0
2026-03-25,Veg Thali,Thali,1,160.65,180,Swiggy,Card,Payment,Saravana Bhavan Corner,Chennai,0.0
2026-03-25,Veg Thali,Thali,1,189.0,180,Swiggy,Card,Payment,Saravana Bhavan Corner,Chennai,0.0
2026-03-25,Onion Uttapam,Dosa,1,105.0,100,Register,Cash,Payment,Saravana Bhavan Corner,Chennai,0.0
2026-03-25,Filter Coffee,Beverages,1,42.0,40,Register,Cash,Payment,Saravana Bhavan Corner,Chennai,0.0
2026-03-25,Idli (4pc),Tiffin,1,53.55,60,Swiggy,Card,Payment,Saravana Bhavan Corner,Chennai,0.0
2026-03-25,Filter Coffee,Beverages,3,126.0,40,Register,Cash,Payment,Saravana Bhavan Corner,Chennai,0.0
2026-03-25,Mysore Bonda,Snacks,2,126.0,60,Register,UPI,Payment,Saravana Bhavan Corner,Chennai,0.0
2026-03-25,Curd Rice,Rice,1,94.5,90,Register,Card,Payment,Saravana Bhavan Corner,Chennai,0.0
2026-03-25,Vada (2pc),Tiffin,3,157.5,50,Register,Cash,Payment,Saravana Bhavan Corner,Chennai,0.0
2026-03-25,Bisi Bele Bath,Rice,1,136.5,130,Register,UPI,Payment,Saravana Bhavan Corner,Chennai,0.0
2026-03-25,Sambar Rice,Rice,1,126.0,120,Register,UPI,Payment,Saravana Bhavan Corner,Chennai,0.0
2026-03-25,Idli (4pc),Tiffin,2,113.4,60,Register,UPI,Payment,Saravana Bhavan Corner,Chennai,0.0
2026-03-25,Idli Vada Combo,Tiffin,1,94.5,90,Register,UPI,Payment,Saravana Bhavan Corner,Chennai,0.0
2026-03-25,Onion Uttapam,Dosa,1,105.0,100,Register,UPI,Payment,Saravana Bhavan Corner,Chennai,0.0
2026-03-25,Plain Dosa,Dosa,2,147.0,70,Register,Card,Payment,Saravana Bhavan Corner,Chennai,0.0
2026-03-25,Rava Dosa,Dosa,-1,-115.5,110,Swiggy,Card,Refund,Saravana Bhavan Corner,Chennai,0.0
2026-03-25,Masala Chai,Beverages,-3,-99.23,35,Swiggy,Card,Refund,Saravana Bhavan Corner,Chennai,0.0
2026-03-25,Medu Vada Chaat,Snacks,1,73.5,70,Register,Cash,Payment,Saravana Bhavan Corner,Chennai,0.0
2026-03-25,Idli Vada Combo,Tiffin,1,94.5,90,Register,Card,Payment,Saravana Bhavan Corner,Chennai,0.0
2026-03-25,Plain Dosa,Dosa,1,73.5,70,Register,Cash,Payment,Saravana Bhavan Corner,Chennai,0.0
2026-03-25,Idli (4pc),Tiffin,1,63.0,60,Register,Cash,Payment,Saravana Bhavan Corner,Chennai,0.0
2026-03-25,Lemon Rice,Rice,2,210.0,100,Swiggy,Card,Payment,Saravana Bhavan Corner,Chennai,0.0
2026-03-25,Filter Coffee,Beverages,2,84.0,40,Register,Card,Payment,Saravana Bhavan Corner,Chennai,0.0
2026-03-25,Idli Vada Combo,Tiffin,2,189.0,90,Register,UPI,Payment,Saravana Bhavan Corner,Chennai,0.0
2026-03-25,Idli Vada Combo,Tiffin,1,94.5,90,Register,Cash,Payment,Saravana Bhavan Corner,Chennai,0.0
2026-03-25,Onion Uttapam,Dosa,1,105.0,100,Register,Cash,Payment,Saravana Bhavan Corner,Chennai,0.0
2026-03-25,Plain Dosa,Dosa,2,147.0,70,Register,Cash,Payment,Saravana Bhavan Corner,Chennai,0.0
2026-03-25,Bisi Bele Bath,Rice,1,136.5,130,Register,Cash,Payment,Saravana Bhavan Corner,Chennai,0.0
2026-03-25,Veg Thali,Thali,1,189.0,180,Swiggy,Card,Payment,Saravana Bhavan Corner,Chennai,0.0
2026-03-25,Bisi Bele Bath,Rice,-2,-273.0,130,Swiggy,Card,Refund,Saravana Bhavan Corner,Chennai,0.0
2026-03-26,Masala Chai,Beverages,1,36.75,35,Register,Cash,Payment,Saravana Bhavan Corner,Chennai,0.0
2026-03-26,Medu Vada Chaat,Snacks,1,73.5,70,Register,Cash,Payment,Saravana Bhavan Corner,Chennai,0.0
2026-03-26,Buttermilk,Beverages,1,31.5,30,Register,Cash,Payment,Saravana Bhavan Corner,Chennai,0.0
2026-03-26,Medu Vada Chaat,Snacks,3,220.5,70,Swiggy,Card,Payment,Saravana Bhavan Corner,Chennai,0.0
2026-03-26,Bisi Bele Bath,Rice,1,136.5,130,Swiggy,Card,Payment,Saravana Bhavan Corner,Chennai,0.0
2026-03-26,Masala Dosa,Dosa,1,94.5,90,Swiggy,Card,Payment,Saravana Bhavan Corner,Chennai,0.0
2026-03-26,Rava Dosa,Dosa,3,346.5,110,Register,UPI,Payment,Saravana Bhavan Corner,Chennai,0.0
2026-03-26,Curd Rice,Rice,1,85.05,90,Register,UPI,Payment,Saravana Bhavan Corner,Chennai,0.0
2026-03-26,Idli (4pc),Tiffin,1,63.0,60,Register,Cash,Payment,Saravana Bhavan Corner,Chennai,0.0
2026-03-26,Veg Thali,Thali,2,378.0,180,Register,UPI,Payment,Saravana Bhavan Corner,Chennai,0.0
2026-03-26,Rasgulla (2pc),Desserts,1,73.5,70,Swiggy,Card,Payment,Saravana Bhavan Corner,Chennai,0.0
2026-03-26,Veg Thali,Thali,1,189.0,180,Register,UPI,Payment,Saravana Bhavan Corner,Chennai,0.0
2026-03-26,Rasgulla (2pc),Desserts,1,73.5,70,Register,Cash,Payment,Saravana Bhavan Corner,Chennai,0.0
2026-03-26,Masala Chai,Beverages,1,33.08,35,Swiggy,UPI,Payment,Saravana Bhavan Corner,Chennai,0.0
2026-03-26,Masala Dosa,Dosa,1,94.5,90,Swiggy,UPI,Payment,Saravana Bhavan Corner,Chennai,0.0
2026-03-26,Lemon Rice,Rice,1,105.0,100,Register,Cash,Payment,Saravana Bhavan Corner,Chennai,0.0
2026-03-26,Rava Dosa,Dosa,1,115.5,110,Register,Cash,Payment,Saravana Bhavan Corner,Chennai,0.0
2026-03-26,Lemon Rice,Rice,2,210.0,100,Register,Cash,Payment,Saravana Bhavan Corner,Chennai,0.0
2026-03-26,Masala Dosa,Dosa,1,94.5,90,Register,UPI,Payment,Saravana Bhavan Corner,Chennai,0.0
2026-03-26,Medu Vada Chaat,Snacks,1,73.5,70,Register,UPI,Payment,Saravana Bhavan Corner,Chennai,0.0
2026-03-26,Veg Thali,Thali,1,189.0,180,Register,UPI,Payment,Saravana Bhavan Corner,Chennai,0.0
2026-03-26,Buttermilk,Beverages,-2,-63.0,30,Register,Cash,Refund,Saravana Bhavan Corner,Chennai,0.0
2026-03-26,Lemon Rice,Rice,-1,-105.0,100,Register,Cash,Refund,Saravana Bhavan Corner,Chennai,0.0
2026-03-26,Rasgulla (2pc),Desserts,1,73.5,70,Register,Cash,Payment,Saravana Bhavan Corner,Chennai,0.0
2026-03-26,Buttermilk,Beverages,2,63.0,30,Swiggy,UPI,Payment,Saravana Bhavan Corner,Chennai,0.0
2026-03-26,Plain Dosa,Dosa,1,73.5,70,Register,Cash,Payment,Saravana Bhavan Corner,Chennai,0.0
2026-03-26,Idli (4pc),Tiffin,1,63.0,60,Swiggy,Card,Payment,Saravana Bhavan Corner,Chennai,0.0
2026-03-26,Bisi Bele Bath,Rice,2,273.0,130,Register,Cash,Payment,Saravana Bhavan Corner,Chennai,0.0
2026-03-26,Masala Dosa,Dosa,1,94.5,90,Register,Cash,Payment,Saravana Bhavan Corner,Chennai,0.0
2026-03-26,Buttermilk,Beverages,1,31.5,30,Register,Cash,Payment,Saravana Bhavan Corner,Chennai,0.0
2026-03-26,Rasgulla (2pc),Desserts,1,73.5,70,Register,Cash,Payment,Saravana Bhavan Corner,Chennai,0.0
2026-03-26,Masala Dosa,Dosa,1,94.5,90,Register,Cash,Payment,Saravana Bhavan Corner,Chennai,0.0
2026-03-26,Veg Thali,Thali,2,378.0,180,Swiggy,Card,Payment,Saravana Bhavan Corner,Chennai,0.0
2026-03-26,Sambar Rice,Rice,2,226.8,120,Register,Cash,Payment,Saravana Bhavan Corner,Chennai,0.0
2026-03-26,Idli Vada Combo,Tiffin,1,94.5,90,Register,Cash,Payment,Saravana Bhavan Corner,Chennai,0.0
2026-03-26,Vada (2pc),Tiffin,1,52.5,50,Register,Card,Payment,Saravana Bhavan Corner,Chennai,0.0
2026-03-26,Plain Dosa,Dosa,3,220.5,70,Swiggy,Card,Payment,Saravana Bhavan Corner,Chennai,0.0
2026-03-26,Plain Dosa,Dosa,1,73.5,70,Swiggy,Card,Payment,Saravana Bhavan Corner,Chennai,0.0
2026-03-26,Idli (4pc),Tiffin,2,126.0,60,Swiggy,Card,Payment,Saravana Bhavan Corner,Chennai,0.0
2026-03-26,Masala Dosa,Dosa,1,94.5,90,Swiggy,Card,Payment,Saravana Bhavan Corner,Chennai,0.0
2026-03-26,Plain Dosa,Dosa,2,147.0,70,Register,Cash,Payment,Saravana Bhavan Corner,Chennai,0.0
2026-03-26,Veg Thali,Thali,1,189.0,180,Swiggy,Card,Payment,Saravana Bhavan Corner,Chennai,0.0
2026-03-26,Idli (4pc),Tiffin,3,189.0,60,Swiggy,UPI,Payment,Saravana Bhavan Corner,Chennai,0.0
2026-03-26,Masala Chai,Beverages,2,73.5,35,Swiggy,Card,Payment,Saravana Bhavan Corner,Chennai,0.0
2026-03-26,Masala Dosa,Dosa,2,170.1,90,Register,UPI,Payment,Saravana Bhavan Corner,Chennai,0.0
2026-03-26,Rava Dosa,Dosa,1,115.5,110,Register,UPI,Payment,Saravana Bhavan Corner,Chennai,0.0
2026-03-26,Veg Thali,Thali,1,189.0,180,Swiggy,UPI,Payment,Saravana Bhavan Corner,Chennai,0.0
2026-03-26,Vada (2pc),Tiffin,2,105.0,50,Register,UPI,Payment,Saravana Bhavan Corner,Chennai,0.0
2026-03-26,Sambar Rice,Rice,1,126.0,120,Register,Card,Payment,Saravana Bhavan Corner,Chennai,0.0
2026-03-26,Curd Rice,Rice,1,94.5,90,Register,Cash,Payment,Saravana Bhavan Corner,Chennai,0.0
2026-03-26,Curd Rice,Rice,1,94.5,90,Register,Cash,Payment,Saravana Bhavan Corner,Chennai,0.0
2026-03-26,Idli (4pc),Tiffin,1,63.0,60,Register,Cash,Payment,Saravana Bhavan Corner,Chennai,0.0
2026-03-26,Masala Chai,Beverages,2,73.5,35,Swiggy,UPI,Payment,Saravana Bhavan Corner,Chennai,0.0
2026-03-27,Masala Dosa,Dosa,1,94.5,90,Swiggy,UPI,Payment,Saravana Bhavan Corner,Chennai,0.0
2026-03-27,Idli (4pc),Tiffin,1,63.0,60,Register,Card,Payment,Saravana Bhavan Corner,Chennai,0.0
2026-03-27,Veg Thali,Thali,3,567.0,180,Register,Cash,Payment,Saravana Bhavan Corner,Chennai,0.0
2026-03-27,Masala Chai,Beverages,2,73.5,35,Swiggy,Card,Payment,Saravana Bhavan Corner,Chennai,0.0
2026-03-27,Buttermilk,Beverages,3,94.5,30,Swiggy,Card,Payment,Saravana Bhavan Corner,Chennai,0.0
2026-03-27,Rasgulla (2pc),Desserts,1,62.48,70,Swiggy,Card,Payment,Saravana Bhavan Corner,Chennai,0.0
2026-03-27,Idli (4pc),Tiffin,1,63.0,60,Swiggy,Card,Payment,Saravana Bhavan Corner,Chennai,0.0
2026-03-27,Masala Chai,Beverages,1,36.75,35,Register,Card,Payment,Saravana Bhavan Corner,Chennai,0.0
2026-03-27,Vada (2pc),Tiffin,2,105.0,50,Swiggy,UPI,Payment,Saravana Bhavan Corner,Chennai,0.0
2026-03-27,Masala Chai,Beverages,1,36.75,35,Swiggy,Card,Payment,Saravana Bhavan Corner,Chennai,0.0
2026-03-27,Rava Dosa,Dosa,1,115.5,110,Swiggy,Card,Payment,Saravana Bhavan Corner,Chennai,0.0
2026-03-27,Lemon Rice,Rice,1,105.0,100,Swiggy,Card,Payment,Saravana Bhavan Corner,Chennai,0.0
2026-03-27,Buttermilk,Beverages,1,31.5,30,Swiggy,UPI,Payment,Saravana Bhavan Corner,Chennai,0.0
2026-03-27,Medu Vada Chaat,Snacks,1,73.5,70,Register,Cash,Payment,Saravana Bhavan Corner,Chennai,0.0
2026-03-27,Masala Chai,Beverages,1,36.75,35,Register,Cash,Payment,Saravana Bhavan Corner,Chennai,0.0
2026-03-27,Mini Tiffin Thali,Thali,2,315.0,150,Swiggy,UPI,Payment,Saravana Bhavan Corner,Chennai,0.0
2026-03-27,Idli Vada Combo,Tiffin,2,189.0,90,Register,Card,Payment,Saravana Bhavan Corner,Chennai,0.0
2026-03-27,Plain Dosa,Dosa,1,73.5,70,Swiggy,UPI,Payment,Saravana Bhavan Corner,Chennai,0.0
2026-03-27,Bisi Bele Bath,Rice,2,273.0,130,Swiggy,Card,Payment,Saravana Bhavan Corner,Chennai,0.0
2026-03-27,Idli Vada Combo,Tiffin,2,170.1,90,Register,Cash,Payment,Saravana Bhavan Corner,Chennai,0.0
2026-03-27,Rava Dosa,Dosa,1,115.5,110,Register,Cash,Payment,Saravana Bhavan Corner,Chennai,0.0
2026-03-27,Bisi Bele Bath,Rice,1,116.03,130,Register,Cash,Payment,Saravana Bhavan Corner,Chennai,0.0
2026-03-27,Masala Chai,Beverages,1,36.75,35,Register,Cash,Payment,Saravana Bhavan Corner,Chennai,0.0
2026-03-27,Masala Chai,Beverages,2,73.5,35,Register,Cash,Payment,Saravana Bhavan Corner,Chennai,0.0
2026-03-27,Onion Uttapam,Dosa,1,105.0,100,Register,Cash,Payment,Saravana Bhavan Corner,Chennai,0.0
2026-03-27,Lemon Rice,Rice,1,105.0,100,Register,UPI,Payment,Saravana Bhavan Corner,Chennai,0.0
2026-03-27,Mini Tiffin Thali,Thali,1,157.5,150,Register,UPI,Payment,Saravana Bhavan Corner,Chennai,0.0
2026-03-27,Onion Uttapam,Dosa,2,210.0,100,Swiggy,UPI,Payment,Saravana Bhavan Corner,Chennai,0.0
2026-03-27,Vada (2pc),Tiffin,1,52.5,50,Register,Cash,Payment,Saravana Bhavan Corner,Chennai,0.0
2026-03-27,Mysore Bonda,Snacks,2,126.0,60,Register,UPI,Payment,Saravana Bhavan Corner,Chennai,0.0
2026-03-27,Masala Dosa,Dosa,1,80.33,90,Register,UPI,Payment,Saravana Bhavan Corner,Chennai,0.0
2026-03-27,Bisi Bele Bath,Rice,3,409.5,130,Swiggy,Card,Payment,Saravana Bhavan Corner,Chennai,0.0
2026-03-27,Curd Rice,Rice,1,94.5,90,Swiggy,Card,Payment,Saravana Bhavan Corner,Chennai,0.0
2026-03-27,Masala Chai,Beverages,1,36.75,35,Register,Cash,Payment,Saravana Bhavan Corner,Chennai,0.0
2026-03-27,Idli Vada Combo,Tiffin,1,94.5,90,Register,Cash,Payment,Saravana Bhavan Corner,Chennai,0.0
2026-03-27,Filter Coffee,Beverages,2,84.0,40,Register,Cash,Payment,Saravana Bhavan Corner,Chennai,0.0
2026-03-27,Mysore Bonda,Snacks,3,170.1,60,Swiggy,Card,Payment,Saravana Bhavan Corner,Chennai,0.0
2026-03-27,Pongal,Tiffin,1,84.0,80,Swiggy,Card,Payment,Saravana Bhavan Corner,Chennai,0.0
2026-03-27,Sambar Rice,Rice,2,252.0,120,Register,UPI,Payment,Saravana Bhavan Corner,Chennai,0.0
2026-03-27,Curd Rice,Rice,1,94.5,90,Register,Cash,Payment,Saravana Bhavan Corner,Chennai,0.0
2026-03-27,Veg Thali,Thali,2,378.0,180,Swiggy,Card,Payment,Saravana Bhavan Corner,Chennai,0.0
2026-03-27,Filter Coffee,Beverages,2,84.0,40,Swiggy,Card,Payment,Saravana Bhavan Corner,Chennai,0.0
2026-03-27,Idli (4pc),Tiffin,1,53.55,60,Swiggy,UPI,Payment,Saravana Bhavan Corner,Chennai,0.0
2026-03-27,Mini Tiffin Thali,Thali,2,315.0,150,Swiggy,Card,Payment,Saravana Bhavan Corner,Chennai,0.0
2026-03-27,Rava Dosa,Dosa,2,207.9,110,Swiggy,Card,Payment,Saravana Bhavan Corner,Chennai,0.0
2026-03-27,Curd Rice,Rice,2,170.1,90,Swiggy,Card,Payment,Saravana Bhavan Corner,Chennai,0.0
2026-03-27,Idli Vada Combo,Tiffin,2,189.0,90,Register,Cash,Payment,Saravana Bhavan Corner,Chennai,0.0
2026-03-27,Sambar Rice,Rice,1,126.0,120,Register,Cash,Payment,Saravana Bhavan Corner,Chennai,0.0
2026-03-27,Sambar Rice,Rice,1,126.0,120,Register,Cash,Payment,Saravana Bhavan Corner,Chennai,0.0
2026-03-27,Veg Thali,Thali,2,378.0,180,Register,UPI,Payment,Saravana Bhavan Corner,Chennai,0.0
2026-03-27,Idli Vada Combo,Tiffin,2,189.0,90,Register,UPI,Payment,Saravana Bhavan Corner,Chennai,0.0
2026-03-27,Vada (2pc),Tiffin,2,105.0,50,Swiggy,UPI,Payment,Saravana Bhavan Corner,Chennai,0.0
2026-03-27,Veg Thali,Thali,2,378.0,180,Swiggy,Card,Payment,Saravana Bhavan Corner,Chennai,0.0
2026-03-27,Sambar Rice,Rice,1,126.0,120,Swiggy,Card,Payment,Saravana Bhavan Corner,Chennai,0.0
2026-03-27,Idli Vada Combo,Tiffin,1,94.5,90,Swiggy,Card,Payment,Saravana Bhavan Corner,Chennai,0.0
2026-03-27,Filter Coffee,Beverages,3,113.4,40,Swiggy,Card,Payment,Saravana Bhavan Corner,Chennai,0.0
2026-03-27,Pongal,Tiffin,1,71.4,80,Register,Card,Payment,Saravana Bhavan Corner,Chennai,0.0
2026-03-27,Mini Tiffin Thali,Thali,1,157.5,150,Register,Cash,Payment,Saravana Bhavan Corner,Chennai,0.0
2026-03-27,Plain Dosa,Dosa,1,73.5,70,Swiggy,Card,Payment,Saravana Bhavan Corner,Chennai,0.0
2026-03-27,Sambar Rice,Rice,2,252.0,120,Swiggy,UPI,Payment,Saravana Bhavan Corner,Chennai,0.0
2026-03-27,Veg Thali,Thali,1,189.0,180,Swiggy,Card,Payment,Saravana Bhavan Corner,Chennai,0.0
2026-03-27,Sambar Rice,Rice,2,226.8,120,Register,UPI,Payment,Saravana Bhavan Corner,Chennai,0.0
2026-03-27,Onion Uttapam,Dosa,1,105.0,100,Swiggy,Card,Payment,Saravana Bhavan Corner,Chennai,0.0
2026-03-27,Masala Dosa,Dosa,1,85.05,90,Swiggy,Card,Payment,Saravana Bhavan Corner,Chennai,0.0
2026-03-27,Veg Thali,Thali,1,189.0,180,Swiggy,Card,Payment,Saravana Bhavan Corner,Chennai,0.0
2026-03-27,Plain Dosa,Dosa,1,73.5,70,Swiggy,Card,Payment,Saravana Bhavan Corner,Chennai,0.0
2026-03-27,Sambar Rice,Rice,1,126.0,120,Register,Cash,Payment,Saravana Bhavan Corner,Chennai,0.0
2026-03-27,Idli Vada Combo,Tiffin,3,283.5,90,Register,Cash,Payment,Saravana Bhavan Corner,Chennai,0.0
2026-03-27,Sambar Rice,Rice,1,126.0,120,Register,Cash,Payment,Saravana Bhavan Corner,Chennai,0.0
2026-03-27,Vada (2pc),Tiffin,1,52.5,50,Register,Card,Payment,Saravana Bhavan Corner,Chennai,0.0
2026-03-27,Mysore Bonda,Snacks,1,63.0,60,Register,Card,Payment,Saravana Bhavan Corner,Chennai,0.0
2026-03-27,Bisi Bele Bath,Rice,1,136.5,130,Swiggy,Card,Payment,Saravana Bhavan Corner,Chennai,0.0
2026-03-27,Filter Coffee,Beverages,1,42.0,40,Register,Card,Payment,Saravana Bhavan Corner,Chennai,0.0
2026-03-27,Veg Thali,Thali,1,189.0,180,Register,Card,Payment,Saravana Bhavan Corner,Chennai,0.0
2026-03-27,Bisi Bele Bath,Rice,2,273.0,130,Swiggy,Card,Payment,Saravana Bhavan Corner,Chennai,0.0
2026-03-27,Onion Uttapam,Dosa,1,94.5,100,Register,Card,Payment,Saravana Bhavan Corner,Chennai,0.0
2026-03-27,Veg Thali,Thali,2,378.0,180,Register,Card,Payment,Saravana Bhavan Corner,Chennai,0.0
2026-03-27,Pongal,Tiffin,1,84.0,80,Register,UPI,Payment,Saravana Bhavan Corner,Chennai,0.0
2026-03-27,Pongal,Tiffin,1,84.0,80,Register,UPI,Payment,Saravana Bhavan Corner,Chennai,0.0
2026-03-27,Filter Coffee,Beverages,1,42.0,40,Register,UPI,Payment,Saravana Bhavan Corner,Chennai,0.0
2026-03-27,Filter Coffee,Beverages,1,42.0,40,Swiggy,Card,Payment,Saravana Bhavan Corner,Chennai,0.0
2026-03-27,Rasgulla (2pc),Desserts,1,62.48,70,Register,Card,Payment,Saravana Bhavan Corner,Chennai,0.0
2026-03-28,Idli Vada Combo,Tiffin,2,189.0,90,Swiggy,Card,Payment,Saravana Bhavan Corner,Chennai,0.0
2026-03-28,Masala Chai,Beverages,2,73.5,35,Register,Card,Payment,Saravana Bhavan Corner,Chennai,0.0
2026-03-28,Veg Thali,Thali,1,189.0,180,Register,Card,Payment,Saravana Bhavan Corner,Chennai,0.0
2026-03-28,Vada (2pc),Tiffin,1,52.5,50,Register,UPI,Payment,Saravana Bhavan Corner,Chennai,0.0
2026-03-28,Mysore Bonda,Snacks,1,63.0,60,Swiggy,UPI,Payment,Saravana Bhavan Corner,Chennai,0.0
2026-03-28,Bulk Catering Order,Uncategorized,2,6300.0,3000,Register,Cash,Payment,Saravana Bhavan Corner,Chennai,0.0
2026-03-28,Mysore Bonda,Snacks,1,56.7,60,Swiggy,Card,Payment,Saravana Bhavan Corner,Chennai,0.0
2026-03-28,Filter Coffee,Beverages,2,84.0,40,Register,Card,Payment,Saravana Bhavan Corner,Chennai,0.0
2026-03-28,Medu Vada Chaat,Snacks,2,147.0,70,Swiggy,Card,Payment,Saravana Bhavan Corner,Chennai,0.0
2026-03-28,Masala Chai,Beverages,1,36.75,35,Register,Cash,Payment,Saravana Bhavan Corner,Chennai,0.0
2026-03-28,Pongal,Tiffin,1,75.6,80,Register,Cash,Payment,Saravana Bhavan Corner,Chennai,0.0
2026-03-28,Vada (2pc),Tiffin,1,52.5,50,Register,Cash,Payment,Saravana Bhavan Corner,Chennai,0.0
2026-03-28,Onion Uttapam,Dosa,1,89.25,100,Register,Cash,Payment,Saravana Bhavan Corner,Chennai,0.0
2026-03-28,Rava Dosa,Dosa,1,115.5,110,Register,Cash,Payment,Saravana Bhavan Corner,Chennai,0.0
2026-03-28,Curd Rice,Rice,1,94.5,90,Register,UPI,Payment,Saravana Bhavan Corner,Chennai,0.0
2026-03-28,Mysore Bonda,Snacks,1,63.0,60,Register,UPI,Payment,Saravana Bhavan Corner,Chennai,0.0
2026-03-28,Veg Thali,Thali,3,567.0,180,Register,UPI,Payment,Saravana Bhavan Corner,Chennai,0.0
2026-03-28,Plain Dosa,Dosa,3,220.5,70,Swiggy,UPI,Payment,Saravana Bhavan Corner,Chennai,0.0
2026-03-28,Vada (2pc),Tiffin,1,52.5,50,Register,Cash,Payment,Saravana Bhavan Corner,Chennai,0.0
2026-03-28,Idli Vada Combo,Tiffin,3,283.5,90,Register,UPI,Payment,Saravana Bhavan Corner,Chennai,0.0
2026-03-28,Plain Dosa,Dosa,1,73.5,70,Register,UPI,Payment,Saravana Bhavan Corner,Chennai,0.0
2026-03-28,Mysore Bonda,Snacks,-1,-53.55,60,Register,Cash,Refund,Saravana Bhavan Corner,Chennai,0.0
2026-03-28,Bisi Bele Bath,Rice,2,273.0,130,Register,Cash,Payment,Saravana Bhavan Corner,Chennai,0.0
2026-03-28,Rasgulla (2pc),Desserts,1,73.5,70,Register,UPI,Payment,Saravana Bhavan Corner,Chennai,0.0
2026-03-28,Masala Dosa,Dosa,2,189.0,90,Register,UPI,Payment,Saravana Bhavan Corner,Chennai,0.0
2026-03-28,Veg Thali,Thali,2,378.0,180,Register,UPI,Payment,Saravana Bhavan Corner,Chennai,0.0
2026-03-28,Bisi Bele Bath,Rice,2,273.0,130,Register,UPI,Payment,Saravana Bhavan Corner,Chennai,0.0
2026-03-28,Masala Chai,Beverages,1,36.75,35,Register,Cash,Payment,Saravana Bhavan Corner,Chennai,0.0
2026-03-28,Filter Coffee,Beverages,1,42.0,40,Register,Cash,Payment,Saravana Bhavan Corner,Chennai,0.0
2026-03-28,Bisi Bele Bath,Rice,1,136.5,130,Register,Cash,Payment,Saravana Bhavan Corner,Chennai,0.0
2026-03-28,Plain Dosa,Dosa,3,220.5,70,Register,Cash,Payment,Saravana Bhavan Corner,Chennai,0.0
2026-03-28,Mini Tiffin Thali,Thali,3,472.5,150,Register,Cash,Payment,Saravana Bhavan Corner,Chennai,0.0
2026-03-28,Sambar Rice,Rice,1,126.0,120,Register,Card,Payment,Saravana Bhavan Corner,Chennai,0.0
2026-03-28,Masala Chai,Beverages,2,73.5,35,Register,Card,Payment,Saravana Bhavan Corner,Chennai,0.0
2026-03-28,Filter Coffee,Beverages,1,42.0,40,Register,Card,Payment,Saravana Bhavan Corner,Chennai,0.0
2026-03-28,Rava Dosa,Dosa,1,115.5,110,Register,Card,Payment,Saravana Bhavan Corner,Chennai,0.0
2026-03-28,Pongal,Tiffin,1,84.0,80,Register,UPI,Payment,Saravana Bhavan Corner,Chennai,0.0
2026-03-28,Masala Chai,Beverages,1,36.75,35,Swiggy,Card,Payment,Saravana Bhavan Corner,Chennai,0.0
2026-03-28,Masala Dosa,Dosa,1,94.5,90,Swiggy,Card,Payment,Saravana Bhavan Corner,Chennai,0.0
2026-03-28,Idli Vada Combo,Tiffin,1,94.5,90,Register,Cash,Payment,Saravana Bhavan Corner,Chennai,0.0
2026-03-28,Plain Dosa,Dosa,1,73.5,70,Register,UPI,Payment,Saravana Bhavan Corner,Chennai,0.0
2026-03-28,Veg Thali,Thali,2,378.0,180,Register,UPI,Payment,Saravana Bhavan Corner,Chennai,0.0
2026-03-28,Rava Dosa,Dosa,2,231.0,110,Register,Cash,Payment,Saravana Bhavan Corner,Chennai,0.0
2026-03-28,Lemon Rice,Rice,1,105.0,100,Register,Cash,Payment,Saravana Bhavan Corner,Chennai,0.0
2026-03-28,Filter Coffee,Beverages,1,35.7,40,Swiggy,UPI,Payment,Saravana Bhavan Corner,Chennai,0.0
2026-03-28,Idli Vada Combo,Tiffin,1,94.5,90,Swiggy,Card,Payment,Saravana Bhavan Corner,Chennai,0.0
2026-03-28,Masala Chai,Beverages,2,73.5,35,Register,Card,Payment,Saravana Bhavan Corner,Chennai,0.0
2026-03-28,Masala Dosa,Dosa,1,94.5,90,Register,Card,Payment,Saravana Bhavan Corner,Chennai,0.0
2026-03-28,Veg Thali,Thali,1,189.0,180,Register,Card,Payment,Saravana Bhavan Corner,Chennai,0.0
2026-03-28,Sambar Rice,Rice,1,126.0,120,Register,Card,Payment,Saravana Bhavan Corner,Chennai,0.0
2026-03-28,Idli Vada Combo,Tiffin,1,94.5,90,Register,Card,Payment,Saravana Bhavan Corner,Chennai,0.0
2026-03-28,Onion Uttapam,Dosa,1,94.5,100,Register,UPI,Payment,Saravana Bhavan Corner,Chennai,0.0
2026-03-28,Mysore Bonda,Snacks,3,189.0,60,Register,UPI,Payment,Saravana Bhavan Corner,Chennai,0.0
2026-03-28,Bisi Bele Bath,Rice,2,273.0,130,Register,Card,Payment,Saravana Bhavan Corner,Chennai,0.0
2026-03-28,Rava Dosa,Dosa,2,231.0,110,Register,Card,Payment,Saravana Bhavan Corner,Chennai,0.0
2026-03-28,Veg Thali,Thali,1,189.0,180,Register,Card,Payment,Saravana Bhavan Corner,Chennai,0.0
2026-03-28,Lemon Rice,Rice,2,210.0,100,Swiggy,Card,Payment,Saravana Bhavan Corner,Chennai,0.0
2026-03-28,Masala Dosa,Dosa,3,283.5,90,Register,Cash,Payment,Saravana Bhavan Corner,Chennai,0.0
2026-03-28,Lemon Rice,Rice,1,105.0,100,Register,Cash,Payment,Saravana Bhavan Corner,Chennai,0.0
2026-03-28,Medu Vada Chaat,Snacks,2,147.0,70,Register,Cash,Payment,Saravana Bhavan Corner,Chennai,0.0
2026-03-28,Veg Thali,Thali,1,160.65,180,Register,UPI,Payment,Saravana Bhavan Corner,Chennai,0.0
2026-03-28,Idli Vada Combo,Tiffin,1,94.5,90,Register,UPI,Payment,Saravana Bhavan Corner,Chennai,0.0
2026-03-28,Rasgulla (2pc),Desserts,1,73.5,70,Register,Card,Payment,Saravana Bhavan Corner,Chennai,0.0
2026-03-28,Mini Tiffin Thali,Thali,2,315.0,150,Register,Cash,Payment,Saravana Bhavan Corner,Chennai,0.0
2026-03-28,Curd Rice,Rice,2,189.0,90,Register,UPI,Payment,Saravana Bhavan Corner,Chennai,0.0
2026-03-28,Buttermilk,Beverages,1,31.5,30,Register,Cash,Payment,Saravana Bhavan Corner,Chennai,0.0
2026-03-28,Lemon Rice,Rice,3,315.0,100,Register,Cash,Payment,Saravana Bhavan Corner,Chennai,0.0
2026-03-28,Onion Uttapam,Dosa,1,94.5,100,Register,Card,Payment,Saravana Bhavan Corner,Chennai,0.0
2026-03-28,Lemon Rice,Rice,3,315.0,100,Register,Cash,Payment,Saravana Bhavan Corner,Chennai,0.0
2026-03-28,Rasgulla (2pc),Desserts,2,147.0,70,Swiggy,UPI,Payment,Saravana Bhavan Corner,Chennai,0.0
2026-03-28,Idli Vada Combo,Tiffin,2,189.0,90,Register,UPI,Payment,Saravana Bhavan Corner,Chennai,0.0
2026-03-28,Masala Dosa,Dosa,1,94.5,90,Register,Card,Payment,Saravana Bhavan Corner,Chennai,0.0
2026-03-28,Mini Tiffin Thali,Thali,1,157.5,150,Register,Card,Payment,Saravana Bhavan Corner,Chennai,0.0
2026-03-28,Onion Uttapam,Dosa,2,210.0,100,Register,Card,Payment,Saravana Bhavan Corner,Chennai,0.0
2026-03-28,Curd Rice,Rice,1,94.5,90,Swiggy,Card,Payment,Saravana Bhavan Corner,Chennai,0.0
2026-03-28,Mysore Bonda,Snacks,1,63.0,60,Swiggy,Card,Payment,Saravana Bhavan Corner,Chennai,0.0
2026-03-28,Masala Chai,Beverages,1,36.75,35,Swiggy,Card,Payment,Saravana Bhavan Corner,Chennai,0.0
2026-03-28,Veg Thali,Thali,2,378.0,180,Register,Card,Payment,Saravana Bhavan Corner,Chennai,0.0
2026-03-28,Bisi Bele Bath,Rice,2,273.0,130,Swiggy,UPI,Payment,Saravana Bhavan Corner,Chennai,0.0
2026-03-28,Vada (2pc),Tiffin,2,105.0,50,Swiggy,UPI,Payment,Saravana Bhavan Corner,Chennai,0.0
2026-03-28,Masala Chai,Beverages,1,36.75,35,Register,UPI,Payment,Saravana Bhavan Corner,Chennai,0.0
2026-03-28,Idli (4pc),Tiffin,1,63.0,60,Register,UPI,Payment,Saravana Bhavan Corner,Chennai,0.0
2026-03-28,Rava Dosa,Dosa,2,231.0,110,Register,Cash,Payment,Saravana Bhavan Corner,Chennai,0.0
2026-03-28,Vada (2pc),Tiffin,2,105.0,50,Register,Cash,Payment,Saravana Bhavan Corner,Chennai,0.0
2026-03-28,Filter Coffee,Beverages,3,126.0,40,Register,Card,Payment,Saravana Bhavan Corner,Chennai,0.0
2026-03-28,Curd Rice,Rice,3,283.5,90,Register,Card,Payment,Saravana Bhavan Corner,Chennai,0.0
2026-03-28,Buttermilk,Beverages,1,31.5,30,Swiggy,Card,Payment,Saravana Bhavan Corner,Chennai,0.0
2026-03-28,Vada (2pc),Tiffin,1,52.5,50,Register,Card,Payment,Saravana Bhavan Corner,Chennai,0.0
2026-03-29,Filter Coffee,Beverages,1,42.0,40,Swiggy,Card,Payment,Saravana Bhavan Corner,Chennai,0.0
2026-03-29,Medu Vada Chaat,Snacks,1,62.48,70,Swiggy,UPI,Payment,Saravana Bhavan Corner,Chennai,0.0
2026-03-29,Veg Thali,Thali,2,378.0,180,Swiggy,UPI,Payment,Saravana Bhavan Corner,Chennai,0.0
2026-03-29,Onion Uttapam,Dosa,1,105.0,100,Swiggy,UPI,Payment,Saravana Bhavan Corner,Chennai,0.0
2026-03-29,Masala Chai,Beverages,2,73.5,35,Swiggy,Card,Payment,Saravana Bhavan Corner,Chennai,0.0
2026-03-29,Buttermilk,Beverages,2,63.0,30,Swiggy,Card,Payment,Saravana Bhavan Corner,Chennai,0.0
2026-03-29,Onion Uttapam,Dosa,2,210.0,100,Register,Card,Payment,Saravana Bhavan Corner,Chennai,0.0
2026-03-29,Masala Dosa,Dosa,2,189.0,90,Register,Card,Payment,Saravana Bhavan Corner,Chennai,0.0
2026-03-29,Vada (2pc),Tiffin,1,52.5,50,Register,Card,Payment,Saravana Bhavan Corner,Chennai,0.0
2026-03-29,Veg Thali,Thali,1,189.0,180,Register,Cash,Payment,Saravana Bhavan Corner,Chennai,0.0
2026-03-29,Plain Dosa,Dosa,1,73.5,70,Swiggy,Card,Payment,Saravana Bhavan Corner,Chennai,0.0
2026-03-29,Veg Thali,Thali,2,378.0,180,Register,Cash,Payment,Saravana Bhavan Corner,Chennai,0.0
2026-03-29,Buttermilk,Beverages,1,31.5,30,Swiggy,Card,Payment,Saravana Bhavan Corner,Chennai,0.0
2026-03-29,Masala Chai,Beverages,1,36.75,35,Swiggy,Card,Payment,Saravana Bhavan Corner,Chennai,0.0
2026-03-29,Mini Tiffin Thali,Thali,3,472.5,150,Register,UPI,Payment,Saravana Bhavan Corner,Chennai,0.0
2026-03-29,Masala Chai,Beverages,1,36.75,35,Swiggy,Card,Payment,Saravana Bhavan Corner,Chennai,0.0
2026-03-29,Filter Coffee,Beverages,1,35.7,40,Swiggy,Card,Payment,Saravana Bhavan Corner,Chennai,0.0
2026-03-29,Idli (4pc),Tiffin,2,126.0,60,Register,Cash,Payment,Saravana Bhavan Corner,Chennai,0.0
2026-03-29,Lemon Rice,Rice,1,105.0,100,Register,Cash,Payment,Saravana Bhavan Corner,Chennai,0.0
2026-03-29,Masala Dosa,Dosa,1,94.5,90,Register,Cash,Payment,Saravana Bhavan Corner,Chennai,0.0
2026-03-29,Idli Vada Combo,Tiffin,1,94.5,90,Register,Cash,Payment,Saravana Bhavan Corner,Chennai,0.0
2026-03-29,Filter Coffee,Beverages,2,84.0,40,Register,Cash,Payment,Saravana Bhavan Corner,Chennai,0.0
2026-03-29,Masala Chai,Beverages,1,36.75,35,Swiggy,Card,Payment,Saravana Bhavan Corner,Chennai,0.0
2026-03-29,Buttermilk,Beverages,2,53.55,30,Swiggy,Card,Payment,Saravana Bhavan Corner,Chennai,0.0
2026-03-29,Plain Dosa,Dosa,2,147.0,70,Register,UPI,Payment,Saravana Bhavan Corner,Chennai,0.0
2026-03-29,Bulk Catering Order,Uncategorized,2,6300.0,3000,Register,UPI,Payment,Saravana Bhavan Corner,Chennai,0.0
2026-03-29,Mysore Bonda,Snacks,1,63.0,60,Register,UPI,Payment,Saravana Bhavan Corner,Chennai,0.0
2026-03-29,Rava Dosa,Dosa,1,115.5,110,Register,Cash,Payment,Saravana Bhavan Corner,Chennai,0.0
2026-03-29,Idli Vada Combo,Tiffin,1,85.05,90,Register,Cash,Payment,Saravana Bhavan Corner,Chennai,0.0
2026-03-29,Idli (4pc),Tiffin,2,113.4,60,Swiggy,Card,Payment,Saravana Bhavan Corner,Chennai,0.0
2026-03-29,Masala Dosa,Dosa,1,80.33,90,Register,Cash,Payment,Saravana Bhavan Corner,Chennai,0.0
2026-03-29,Idli (4pc),Tiffin,3,170.1,60,Register,Card,Payment,Saravana Bhavan Corner,Chennai,0.0
2026-03-29,Filter Coffee,Beverages,2,84.0,40,Register,Cash,Payment,Saravana Bhavan Corner,Chennai,0.0
2026-03-29,Plain Dosa,Dosa,1,73.5,70,Swiggy,UPI,Payment,Saravana Bhavan Corner,Chennai,0.0
2026-03-29,Masala Dosa,Dosa,2,189.0,90,Register,Cash,Payment,Saravana Bhavan Corner,Chennai,0.0
2026-03-29,Sambar Rice,Rice,1,126.0,120,Register,UPI,Payment,Saravana Bhavan Corner,Chennai,0.0
2026-03-29,Veg Thali,Thali,1,189.0,180,Register,UPI,Payment,Saravana Bhavan Corner,Chennai,0.0
2026-03-29,Idli Vada Combo,Tiffin,3,283.5,90,Register,UPI,Payment,Saravana Bhavan Corner,Chennai,0.0
2026-03-29,Lemon Rice,Rice,2,210.0,100,Register,Cash,Payment,Saravana Bhavan Corner,Chennai,0.0
2026-03-29,Bulk Catering Order,Uncategorized,1,3150.0,3000,Register,Cash,Payment,Saravana Bhavan Corner,Chennai,0.0
2026-03-29,Veg Thali,Thali,1,189.0,180,Register,Cash,Payment,Saravana Bhavan Corner,Chennai,0.0
2026-03-29,Vada (2pc),Tiffin,1,52.5,50,Register,Card,Payment,Saravana Bhavan Corner,Chennai,0.0
2026-03-29,Medu Vada Chaat,Snacks,1,73.5,70,Register,Cash,Payment,Saravana Bhavan Corner,Chennai,0.0
2026-03-29,Bisi Bele Bath,Rice,1,136.5,130,Register,Card,Payment,Saravana Bhavan Corner,Chennai,0.0
2026-03-29,Mini Tiffin Thali,Thali,1,157.5,150,Register,Card,Payment,Saravana Bhavan Corner,Chennai,0.0
2026-03-29,Veg Thali,Thali,1,170.1,180,Register,UPI,Payment,Saravana Bhavan Corner,Chennai,0.0
2026-03-29,Vada (2pc),Tiffin,1,52.5,50,Register,UPI,Payment,Saravana Bhavan Corner,Chennai,0.0
2026-03-29,Sambar Rice,Rice,1,126.0,120,Register,Card,Payment,Saravana Bhavan Corner,Chennai,0.0
2026-03-29,Veg Thali,Thali,1,170.1,180,Register,Card,Payment,Saravana Bhavan Corner,Chennai,0.0
2026-03-29,Curd Rice,Rice,1,94.5,90,Register,Card,Payment,Saravana Bhavan Corner,Chennai,0.0
2026-03-29,Filter Coffee,Beverages,2,84.0,40,Register,Card,Payment,Saravana Bhavan Corner,Chennai,0.0
2026-03-29,Masala Dosa,Dosa,1,94.5,90,Swiggy,UPI,Payment,Saravana Bhavan Corner,Chennai,0.0
2026-03-29,Rava Dosa,Dosa,1,98.17,110,Swiggy,UPI,Payment,Saravana Bhavan Corner,Chennai,0.0
2026-03-29,Idli Vada Combo,Tiffin,2,189.0,90,Swiggy,UPI,Payment,Saravana Bhavan Corner,Chennai,0.0
2026-03-29,Mysore Bonda,Snacks,1,63.0,60,Register,Card,Payment,Saravana Bhavan Corner,Chennai,0.0
2026-03-29,Filter Coffee,Beverages,3,126.0,40,Register,Card,Payment,Saravana Bhavan Corner,Chennai,0.0
2026-03-29,Mini Tiffin Thali,Thali,3,401.62,150,Register,Card,Payment,Saravana Bhavan Corner,Chennai,0.0
2026-03-29,Masala Chai,Beverages,2,73.5,35,Register,Card,Payment,Saravana Bhavan Corner,Chennai,0.0
2026-03-29,Masala Chai,Beverages,1,36.75,35,Register,Card,Payment,Saravana Bhavan Corner,Chennai,0.0
2026-03-29,Sambar Rice,Rice,2,252.0,120,Register,Card,Payment,Saravana Bhavan Corner,Chennai,0.0
2026-03-29,Veg Thali,Thali,1,189.0,180,Register,Card,Payment,Saravana Bhavan Corner,Chennai,0.0
2026-03-29,Rasgulla (2pc),Desserts,1,73.5,70,Register,Cash,Payment,Saravana Bhavan Corner,Chennai,0.0
2026-03-29,Masala Dosa,Dosa,1,94.5,90,Register,Cash,Payment,Saravana Bhavan Corner,Chennai,0.0
2026-03-29,Idli Vada Combo,Tiffin,1,94.5,90,Swiggy,UPI,Payment,Saravana Bhavan Corner,Chennai,0.0
2026-03-29,Masala Dosa,Dosa,1,94.5,90,Register,Cash,Payment,Saravana Bhavan Corner,Chennai,0.0
2026-03-29,Filter Coffee,Beverages,1,42.0,40,Register,Card,Payment,Saravana Bhavan Corner,Chennai,0.0
2026-03-29,Filter Coffee,Beverages,2,84.0,40,Register,Cash,Payment,Saravana Bhavan Corner,Chennai,0.0
2026-03-29,Mysore Bonda,Snacks,2,126.0,60,Swiggy,Card,Payment,Saravana Bhavan Corner,Chennai,0.0
2026-03-29,Filter Coffee,Beverages,1,42.0,40,Swiggy,UPI,Payment,Saravana Bhavan Corner,Chennai,0.0
2026-03-29,Mysore Bonda,Snacks,1,53.55,60,Swiggy,Card,Payment,Saravana Bhavan Corner,Chennai,0.0
2026-03-29,Rasgulla (2pc),Desserts,1,73.5,70,Swiggy,Card,Payment,Saravana Bhavan Corner,Chennai,0.0
2026-03-29,Rava Dosa,Dosa,1,115.5,110,Register,Card,Payment,Saravana Bhavan Corner,Chennai,0.0
2026-03-29,Vada (2pc),Tiffin,2,105.0,50,Register,Card,Payment,Saravana Bhavan Corner,Chennai,0.0
2026-03-29,Masala Dosa,Dosa,1,94.5,90,Swiggy,Card,Payment,Saravana Bhavan Corner,Chennai,0.0
2026-03-29,Vada (2pc),Tiffin,1,52.5,50,Swiggy,Card,Payment,Saravana Bhavan Corner,Chennai,0.0
2026-03-29,Filter Coffee,Beverages,1,42.0,40,Register,UPI,Payment,Saravana Bhavan Corner,Chennai,0.0
2026-03-29,Rasgulla (2pc),Desserts,1,73.5,70,Register,UPI,Payment,Saravana Bhavan Corner,Chennai,0.0
2026-03-29,Mini Tiffin Thali,Thali,3,472.5,150,Swiggy,Card,Payment,Saravana Bhavan Corner,Chennai,0.0
2026-03-29,Lemon Rice,Rice,1,105.0,100,Swiggy,Card,Payment,Saravana Bhavan Corner,Chennai,0.0
2026-03-29,Plain Dosa,Dosa,2,147.0,70,Register,Cash,Payment,Saravana Bhavan Corner,Chennai,0.0
2026-03-29,Vada (2pc),Tiffin,1,52.5,50,Register,Cash,Payment,Saravana Bhavan Corner,Chennai,0.0
2026-03-29,Curd Rice,Rice,2,189.0,90,Register,UPI,Payment,Saravana Bhavan Corner,Chennai,0.0
2026-03-29,Idli Vada Combo,Tiffin,2,189.0,90,Register,UPI,Payment,Saravana Bhavan Corner,Chennai,0.0
2026-03-29,Filter Coffee,Beverages,1,37.8,40,Register,UPI,Payment,Saravana Bhavan Corner,Chennai,0.0
2026-03-29,Filter Coffee,Beverages,1,42.0,40,Register,UPI,Payment,Saravana Bhavan Corner,Chennai,0.0
2026-03-29,Rasgulla (2pc),Desserts,1,73.5,70,Register,Cash,Payment,Saravana Bhavan Corner,Chennai,0.0
2026-03-29,Veg Thali,Thali,1,189.0,180,Register,Cash,Payment,Saravana Bhavan Corner,Chennai,0.0
2026-03-29,Masala Dosa,Dosa,2,189.0,90,Register,Cash,Payment,Saravana Bhavan Corner,Chennai,0.0
2026-03-29,Masala Dosa,Dosa,1,94.5,90,Register,UPI,Payment,Saravana Bhavan Corner,Chennai,0.0
2026-03-29,Buttermilk,Beverages,2,63.0,30,Register,UPI,Payment,Saravana Bhavan Corner,Chennai,0.0
2026-03-29,Plain Dosa,Dosa,1,73.5,70,Register,UPI,Payment,Saravana Bhavan Corner,Chennai,0.0
2026-03-29,Vada (2pc),Tiffin,1,47.25,50,Register,UPI,Payment,Saravana Bhavan Corner,Chennai,0.0
2026-03-29,Bisi Bele Bath,Rice,2,273.0,130,Register,Cash,Payment,Saravana Bhavan Corner,Chennai,0.0
2026-03-29,Idli (4pc),Tiffin,2,126.0,60,Register,Cash,Payment,Saravana Bhavan Corner,Chennai,0.0
2026-03-29,Curd Rice,Rice,1,94.5,90,Register,Card,Payment,Saravana Bhavan Corner,Chennai,0.0
2026-03-29,Masala Dosa,Dosa,3,283.5,90,Register,Cash,Payment,Saravana Bhavan Corner,Chennai,0.0
2026-03-29,Rasgulla (2pc),Desserts,1,73.5,70,Register,Cash,Payment,Saravana Bhavan Corner,Chennai,0.0
2026-03-29,Curd Rice,Rice,1,94.5,90,Swiggy,Card,Payment,Saravana Bhavan Corner,Chennai,0.0
2026-03-29,Rava Dosa,Dosa,1,115.5,110,Register,Cash,Payment,Saravana Bhavan Corner,Chennai,0.0
2026-03-29,Idli Vada Combo,Tiffin,1,94.5,90,Register,Card,Payment,Saravana Bhavan Corner,Chennai,0.0
2026-03-29,Vada (2pc),Tiffin,1,47.25,50,Register,Card,Payment,Saravana Bhavan Corner,Chennai,0.0
2026-03-29,Masala Dosa,Dosa,2,189.0,90,Register,Card,Payment,Saravana Bhavan Corner,Chennai,0.0
2026-03-29,Mini Tiffin Thali,Thali,1,157.5,150,Register,UPI,Payment,Saravana Bhavan Corner,Chennai,0.0
2026-03-29,Veg Thali,Thali,2,378.0,180,Swiggy,UPI,Payment,Saravana Bhavan Corner,Chennai,0.0
2026-03-29,Rava Dosa,Dosa,3,346.5,110,Swiggy,Card,Payment,Saravana Bhavan Corner,Chennai,0.0
2026-03-29,Idli Vada Combo,Tiffin,1,94.5,90,Swiggy,Card,Payment,Saravana Bhavan Corner,Chennai,0.0
2026-03-29,Sambar Rice,Rice,1,126.0,120,Register,Cash,Payment,Saravana Bhavan Corner,Chennai,0.0
2026-03-29,Onion Uttapam,Dosa,1,94.5,100,Register,Cash,Payment,Saravana Bhavan Corner,Chennai,0.0
2026-03-29,Filter Coffee,Beverages,2,84.0,40,Register,Cash,Payment,Saravana Bhavan Corner,Chennai,0.0
2026-03-29,Vada (2pc),Tiffin,1,52.5,50,Swiggy,UPI,Payment,Saravana Bhavan Corner,Chennai,0.0
2026-03-29,Masala Dosa,Dosa,2,170.1,90,Swiggy,UPI,Payment,Saravana Bhavan Corner,Chennai,0.0
2026-03-29,Filter Coffee,Beverages,2,75.6,40,Swiggy,UPI,Payment,Saravana Bhavan Corner,Chennai,0.0
2026-03-29,Pongal,Tiffin,1,84.0,80,Register,Card,Payment,Saravana Bhavan Corner,Chennai,0.0
2026-03-29,Vada (2pc),Tiffin,1,44.62,50,Register,Card,Payment,Saravana Bhavan Corner,Chennai,0.0
2026-03-29,Vada (2pc),Tiffin,1,52.5,50,Swiggy,UPI,Payment,Saravana Bhavan Corner,Chennai,0.0
2026-03-29,Curd Rice,Rice,1,80.33,90,Register,Card,Payment,Saravana Bhavan Corner,Chennai,0.0
2026-03-29,Rasgulla (2pc),Desserts,1,73.5,70,Register,Cash,Payment,Saravana Bhavan Corner,Chennai,0.0
2026-03-29,Vada (2pc),Tiffin,1,52.5,50,Register,Card,Payment,Saravana Bhavan Corner,Chennai,0.0
2026-03-29,Filter Coffee,Beverages,1,42.0,40,Register,Cash,Payment,Saravana Bhavan Corner,Chennai,0.0
2026-03-29,Veg Thali,Thali,3,481.95,180,Register,Cash,Payment,Saravana Bhavan Corner,Chennai,0.0
2026-03-29,Rasgulla (2pc),Desserts,2,147.0,70,Swiggy,UPI,Payment,Saravana Bhavan Corner,Chennai,0.0
2026-03-29,Mini Tiffin Thali,Thali,2,315.0,150,Swiggy,UPI,Payment,Saravana Bhavan Corner,Chennai,0.0
2026-03-29,Masala Chai,Beverages,1,36.75,35,Swiggy,UPI,Payment,Saravana Bhavan Corner,Chennai,0.0
2026-03-29,Sambar Rice,Rice,2,252.0,120,Register,Cash,Payment,Saravana Bhavan Corner,Chennai,0.0
2026-03-29,Filter Coffee,Beverages,1,42.0,40,Register,UPI,Payment,Saravana Bhavan Corner,Chennai,0.0
2026-03-29,Filter Coffee,Beverages,2,71.4,40,Swiggy,UPI,Payment,Saravana Bhavan Corner,Chennai,0.0
2026-03-29,Mini Tiffin Thali,Thali,1,157.5,150,Swiggy,UPI,Payment,Saravana Bhavan Corner,Chennai,0.0
2026-03-29,Masala Chai,Beverages,2,73.5,35,Swiggy,UPI,Payment,Saravana Bhavan Corner,Chennai,0.0
2026-03-29,Filter Coffee,Beverages,2,84.0,40,Swiggy,UPI,Payment,Saravana Bhavan Corner,Chennai,0.0
2026-03-30,Lemon Rice,Rice,1,105.0,100,Swiggy,UPI,Payment,Saravana Bhavan Corner,Chennai,0.0
2026-03-30,Masala Dosa,Dosa,1,94.5,90,Register,Card,Payment,Saravana Bhavan Corner,Chennai,0.0
2026-03-30,Masala Dosa,Dosa,2,189.0,90,Register,Card,Payment,Saravana Bhavan Corner,Chennai,0.0
2026-03-30,Veg Thali,Thali,1,189.0,180,Swiggy,UPI,Payment,Saravana Bhavan Corner,Chennai,0.0
2026-03-30,Masala Chai,Beverages,1,36.75,35,Register,Card,Payment,Saravana Bhavan Corner,Chennai,0.0
2026-03-30,Mini Tiffin Thali,Thali,1,157.5,150,Register,Card,Payment,Saravana Bhavan Corner,Chennai,0.0
2026-03-30,Bisi Bele Bath,Rice,1,136.5,130,Register,Card,Payment,Saravana Bhavan Corner,Chennai,0.0
2026-03-30,Sambar Rice,Rice,2,226.8,120,Register,Card,Payment,Saravana Bhavan Corner,Chennai,0.0
2026-03-30,Plain Dosa,Dosa,1,73.5,70,Swiggy,UPI,Payment,Saravana Bhavan Corner,Chennai,0.0
2026-03-30,Vada (2pc),Tiffin,1,52.5,50,Register,Cash,Payment,Saravana Bhavan Corner,Chennai,0.0
2026-03-30,Vada (2pc),Tiffin,1,52.5,50,Register,Card,Payment,Saravana Bhavan Corner,Chennai,0.0
2026-03-30,Masala Chai,Beverages,1,36.75,35,Register,Cash,Payment,Saravana Bhavan Corner,Chennai,0.0
2026-03-30,Masala Dosa,Dosa,2,189.0,90,Register,Card,Payment,Saravana Bhavan Corner,Chennai,0.0
2026-03-30,Buttermilk,Beverages,1,31.5,30,Swiggy,UPI,Payment,Saravana Bhavan Corner,Chennai,0.0
2026-03-30,Pongal,Tiffin,2,142.8,80,Swiggy,UPI,Payment,Saravana Bhavan Corner,Chennai,0.0
2026-03-30,Sambar Rice,Rice,1,126.0,120,Swiggy,UPI,Payment,Saravana Bhavan Corner,Chennai,0.0
2026-03-30,Idli (4pc),Tiffin,1,63.0,60,Register,Card,Payment,Saravana Bhavan Corner,Chennai,0.0
2026-03-30,Rava Dosa,Dosa,2,231.0,110,Register,Card,Payment,Saravana Bhavan Corner,Chennai,0.0
2026-03-30,Filter Coffee,Beverages,1,37.8,40,Register,UPI,Payment,Saravana Bhavan Corner,Chennai,0.0
2026-03-30,Vada (2pc),Tiffin,1,52.5,50,Register,UPI,Payment,Saravana Bhavan Corner,Chennai,0.0
2026-03-30,Vada (2pc),Tiffin,1,52.5,50,Register,UPI,Payment,Saravana Bhavan Corner,Chennai,0.0
2026-03-30,Rava Dosa,Dosa,-1,-103.95,110,Register,Cash,Refund,Saravana Bhavan Corner,Chennai,0.0
2026-03-30,Plain Dosa,Dosa,1,73.5,70,Swiggy,Card,Payment,Saravana Bhavan Corner,Chennai,0.0
2026-03-30,Sambar Rice,Rice,1,126.0,120,Swiggy,UPI,Payment,Saravana Bhavan Corner,Chennai,0.0
2026-03-30,Veg Thali,Thali,1,189.0,180,Swiggy,UPI,Payment,Saravana Bhavan Corner,Chennai,0.0
2026-03-30,Sambar Rice,Rice,3,378.0,120,Register,Cash,Payment,Saravana Bhavan Corner,Chennai,0.0
2026-03-30,Pongal,Tiffin,2,168.0,80,Swiggy,Card,Payment,Saravana Bhavan Corner,Chennai,0.0
2026-03-30,Masala Chai,Beverages,1,36.75,35,Swiggy,UPI,Payment,Saravana Bhavan Corner,Chennai,0.0
2026-03-30,Curd Rice,Rice,2,189.0,90,Swiggy,Card,Payment,Saravana Bhavan Corner,Chennai,0.0
2026-03-30,Mysore Bonda,Snacks,2,126.0,60,Swiggy,Card,Payment,Saravana Bhavan Corner,Chennai,0.0
2026-03-30,Curd Rice,Rice,1,94.5,90,Swiggy,UPI,Payment,Saravana Bhavan Corner,Chennai,0.0
2026-03-30,Rava Dosa,Dosa,1,115.5,110,Swiggy,UPI,Payment,Saravana Bhavan Corner,Chennai,0.0
2026-03-30,Vada (2pc),Tiffin,2,105.0,50,Swiggy,UPI,Payment,Saravana Bhavan Corner,Chennai,0.0
2026-03-30,Bisi Bele Bath,Rice,1,136.5,130,Swiggy,UPI,Payment,Saravana Bhavan Corner,Chennai,0.0
2026-03-30,Masala Dosa,Dosa,2,189.0,90,Swiggy,UPI,Payment,Saravana Bhavan Corner,Chennai,0.0
2026-03-30,Sambar Rice,Rice,1,126.0,120,Register,UPI,Payment,Saravana Bhavan Corner,Chennai,0.0
2026-03-30,Vada (2pc),Tiffin,2,105.0,50,Register,UPI,Payment,Saravana Bhavan Corner,Chennai,0.0
2026-03-30,Mini Tiffin Thali,Thali,1,157.5,150,Swiggy,Card,Payment,Saravana Bhavan Corner,Chennai,0.0
2026-03-30,Masala Chai,Beverages,1,36.75,35,Swiggy,Card,Payment,Saravana Bhavan Corner,Chennai,0.0
2026-03-30,Onion Uttapam,Dosa,1,105.0,100,Register,Card,Payment,Saravana Bhavan Corner,Chennai,0.0
2026-03-30,Filter Coffee,Beverages,1,42.0,40,Register,Card,Payment,Saravana Bhavan Corner,Chennai,0.0
2026-03-30,Vada (2pc),Tiffin,2,94.5,50,Swiggy,Card,Payment,Saravana Bhavan Corner,Chennai,0.0
2026-03-30,Masala Chai,Beverages,1,33.08,35,Register,UPI,Payment,Saravana Bhavan Corner,Chennai,0.0
2026-03-30,Medu Vada Chaat,Snacks,2,147.0,70,Swiggy,UPI,Payment,Saravana Bhavan Corner,Chennai,0.0
2026-03-30,Masala Dosa,Dosa,1,94.5,90,Register,Card,Payment,Saravana Bhavan Corner,Chennai,0.0
2026-03-30,Pongal,Tiffin,1,84.0,80,Swiggy,Card,Payment,Saravana Bhavan Corner,Chennai,0.0
2026-03-30,Vada (2pc),Tiffin,2,105.0,50,Register,Card,Payment,Saravana Bhavan Corner,Chennai,0.0
2026-03-30,Rava Dosa,Dosa,1,115.5,110,Register,Card,Payment,Saravana Bhavan Corner,Chennai,0.0
2026-03-30,Plain Dosa,Dosa,2,132.3,70,Swiggy,UPI,Payment,Saravana Bhavan Corner,Chennai,0.0
2026-03-30,Veg Thali,Thali,1,170.1,180,Swiggy,UPI,Payment,Saravana Bhavan Corner,Chennai,0.0
2026-03-30,Sambar Rice,Rice,1,126.0,120,Swiggy,UPI,Payment,Saravana Bhavan Corner,Chennai,0.0
2026-03-30,Mysore Bonda,Snacks,1,63.0,60,Swiggy,Card,Payment,Saravana Bhavan Corner,Chennai,0.0
2026-03-30,Filter Coffee,Beverages,1,42.0,40,Swiggy,Card,Payment,Saravana Bhavan Corner,Chennai,0.0
2026-03-30,Filter Coffee,Beverages,1,42.0,40,Swiggy,Card,Payment,Saravana Bhavan Corner,Chennai,0.0
2026-03-30,Curd Rice,Rice,3,283.5,90,Swiggy,UPI,Payment,Saravana Bhavan Corner,Chennai,0.0
2026-03-30,Idli (4pc),Tiffin,1,63.0,60,Swiggy,Card,Payment,Saravana Bhavan Corner,Chennai,0.0
2026-03-31,Sambar Rice,Rice,1,126.0,120,Register,UPI,Payment,Saravana Bhavan Corner,Chennai,0.0
2026-03-31,Pongal,Tiffin,1,84.0,80,Swiggy,Card,Payment,Saravana Bhavan Corner,Chennai,0.0
2026-03-31,Filter Coffee,Beverages,1,42.0,40,Register,Cash,Payment,Saravana Bhavan Corner,Chennai,0.0
2026-03-31,Sambar Rice,Rice,2,252.0,120,Register,Cash,Payment,Saravana Bhavan Corner,Chennai,0.0
2026-03-31,Masala Chai,Beverages,2,73.5,35,Swiggy,Card,Payment,Saravana Bhavan Corner,Chennai,0.0
2026-03-31,Idli (4pc),Tiffin,1,56.7,60,Swiggy,Card,Payment,Saravana Bhavan Corner,Chennai,0.0
2026-03-31,Vada (2pc),Tiffin,3,133.88,50,Swiggy,Card,Payment,Saravana Bhavan Corner,Chennai,0.0
2026-03-31,Rava Dosa,Dosa,2,231.0,110,Swiggy,UPI,Payment,Saravana Bhavan Corner,Chennai,0.0
2026-03-31,Veg Thali,Thali,2,340.2,180,Swiggy,UPI,Payment,Saravana Bhavan Corner,Chennai,0.0
2026-03-31,Vada (2pc),Tiffin,1,52.5,50,Swiggy,Card,Payment,Saravana Bhavan Corner,Chennai,0.0
2026-03-31,Bisi Bele Bath,Rice,1,122.85,130,Swiggy,Card,Payment,Saravana Bhavan Corner,Chennai,0.0
2026-03-31,Curd Rice,Rice,1,94.5,90,Register,UPI,Payment,Saravana Bhavan Corner,Chennai,0.0
2026-03-31,Lemon Rice,Rice,1,105.0,100,Swiggy,Card,Payment,Saravana Bhavan Corner,Chennai,0.0
2026-03-31,Buttermilk,Beverages,2,63.0,30,Register,Card,Payment,Saravana Bhavan Corner,Chennai,0.0
2026-03-31,Sambar Rice,Rice,1,113.4,120,Swiggy,UPI,Payment,Saravana Bhavan Corner,Chennai,0.0
2026-03-31,Medu Vada Chaat,Snacks,1,73.5,70,Register,Card,Payment,Saravana Bhavan Corner,Chennai,0.0
2026-03-31,Filter Coffee,Beverages,1,42.0,40,Register,Cash,Payment,Saravana Bhavan Corner,Chennai,0.0
2026-03-31,Lemon Rice,Rice,1,105.0,100,Register,Cash,Payment,Saravana Bhavan Corner,Chennai,0.0
2026-03-31,Buttermilk,Beverages,2,56.7,30,Swiggy,UPI,Payment,Saravana Bhavan Corner,Chennai,0.0
2026-03-31,Buttermilk,Beverages,1,31.5,30,Swiggy,UPI,Payment,Saravana Bhavan Corner,Chennai,0.0
2026-03-31,Curd Rice,Rice,1,94.5,90,Swiggy,UPI,Payment,Saravana Bhavan Corner,Chennai,0.0
2026-03-31,Rava Dosa,Dosa,3,346.5,110,Swiggy,UPI,Payment,Saravana Bhavan Corner,Chennai,0.0
2026-03-31,Rava Dosa,Dosa,1,115.5,110,Swiggy,Card,Payment,Saravana Bhavan Corner,Chennai,0.0
2026-03-31,Sambar Rice,Rice,2,252.0,120,Swiggy,Card,Payment,Saravana Bhavan Corner,Chennai,0.0
2026-03-31,Rava Dosa,Dosa,1,115.5,110,Swiggy,Card,Payment,Saravana Bhavan Corner,Chennai,0.0
2026-03-31,Idli Vada Combo,Tiffin,2,189.0,90,Register,UPI,Payment,Saravana Bhavan Corner,Chennai,0.0
2026-03-31,Vada (2pc),Tiffin,2,105.0,50,Swiggy,Card,Payment,Saravana Bhavan Corner,Chennai,0.0
2026-03-31,Sambar Rice,Rice,1,126.0,120,Swiggy,UPI,Payment,Saravana Bhavan Corner,Chennai,0.0
2026-03-31,Masala Dosa,Dosa,2,189.0,90,Register,Cash,Payment,Saravana Bhavan Corner,Chennai,0.0
2026-03-31,Bisi Bele Bath,Rice,2,273.0,130,Register,Card,Payment,Saravana Bhavan Corner,Chennai,0.0
2026-03-31,Veg Thali,Thali,2,378.0,180,Register,UPI,Payment,Saravana Bhavan Corner,Chennai,0.0
2026-03-31,Pongal,Tiffin,1,84.0,80,Swiggy,Card,Payment,Saravana Bhavan Corner,Chennai,0.0
2026-03-31,Masala Dosa,Dosa,1,94.5,90,Register,Card,Payment,Saravana Bhavan Corner,Chennai,0.0
2026-03-31,Filter Coffee,Beverages,1,42.0,40,Register,UPI,Payment,Saravana Bhavan Corner,Chennai,0.0
2026-03-31,Idli (4pc),Tiffin,1,63.0,60,Register,Card,Payment,Saravana Bhavan Corner,Chennai,0.0
2026-03-31,Veg Thali,Thali,1,170.1,180,Register,Card,Payment,Saravana Bhavan Corner,Chennai,0.0
2026-03-31,Medu Vada Chaat,Snacks,3,220.5,70,Swiggy,UPI,Payment,Saravana Bhavan Corner,Chennai,0.0
2026-03-31,Plain Dosa,Dosa,1,73.5,70,Register,Cash,Payment,Saravana Bhavan Corner,Chennai,0.0
2026-03-31,Masala Dosa,Dosa,1,94.5,90,Register,Cash,Payment,Saravana Bhavan Corner,Chennai,0.0
2026-03-31,Pongal,Tiffin,1,84.0,80,Register,Card,Payment,Saravana Bhavan Corner,Chennai,0.0
2026-03-31,Idli (4pc),Tiffin,1,63.0,60,Register,Card,Payment,Saravana Bhavan Corner,Chennai,0.0
2026-03-31,Idli Vada Combo,Tiffin,2,160.65,90,Register,Card,Payment,Saravana Bhavan Corner,Chennai,0.0
2026-03-31,Masala Chai,Beverages,1,31.24,35,Register,Cash,Payment,Saravana Bhavan Corner,Chennai,0.0
2026-03-31,Plain Dosa,Dosa,1,73.5,70,Register,Cash,Payment,Saravana Bhavan Corner,Chennai,0.0
2026-03-31,Buttermilk,Beverages,1,31.5,30,Swiggy,Card,Payment,Saravana Bhavan Corner,Chennai,0.0
2026-03-31,Mysore Bonda,Snacks,3,189.0,60,Swiggy,Card,Payment,Saravana Bhavan Corner,Chennai,0.0
2026-03-31,Rava Dosa,Dosa,1,103.95,110,Register,Card,Payment,Saravana Bhavan Corner,Chennai,0.0
2026-03-31,Lemon Rice,Rice,1,105.0,100,Swiggy,Card,Payment,Saravana Bhavan Corner,Chennai,0.0
2026-03-31,Plain Dosa,Dosa,2,147.0,70,Register,Card,Payment,Saravana Bhavan Corner,Chennai,0.0
2026-03-31,Plain Dosa,Dosa,1,66.15,70,Register,Card,Payment,Saravana Bhavan Corner,Chennai,0.0
2026-03-31,Pongal,Tiffin,1,84.0,80,Register,Card,Payment,Saravana Bhavan Corner,Chennai,0.0
2026-03-31,Curd Rice,Rice,1,80.33,90,Swiggy,Card,Payment,Saravana Bhavan Corner,Chennai,0.0
2026-03-31,Sambar Rice,Rice,2,252.0,120,Swiggy,UPI,Payment,Saravana Bhavan Corner,Chennai,0.0
2026-03-31,Pongal,Tiffin,1,84.0,80,Swiggy,UPI,Payment,Saravana Bhavan Corner,Chennai,0.0
2026-03-31,Vada (2pc),Tiffin,1,44.62,50,Swiggy,UPI,Payment,Saravana Bhavan Corner,Chennai,0.0
2026-03-31,Lemon Rice,Rice,1,105.0,100,Swiggy,UPI,Payment,Saravana Bhavan Corner,Chennai,0.0
2026-03-31,Sambar Rice,Rice,2,252.0,120,Swiggy,UPI,Payment,Saravana Bhavan Corner,Chennai,0.0
2026-03-31,Veg Thali,Thali,1,189.0,180,Swiggy,UPI,Payment,Saravana Bhavan Corner,Chennai,0.0
2026-03-31,Idli Vada Combo,Tiffin,1,94.5,90,Register,Cash,Payment,Saravana Bhavan Corner,Chennai,0.0
2026-03-31,Curd Rice,Rice,1,94.5,90,Register,Cash,Payment,Saravana Bhavan Corner,Chennai,0.0
2026-03-31,Idli Vada Combo,Tiffin,1,94.5,90,Register,Cash,Payment,Saravana Bhavan Corner,Chennai,0.0
2026-03-31,Bisi Bele Bath,Rice,1,136.5,130,Register,Cash,Payment,Saravana Bhavan Corner,Chennai,0.0
2026-03-31,Filter Coffee,Beverages,1,37.8,40,Register,Card,Payment,Saravana Bhavan Corner,Chennai,0.0
2026-03-31,Buttermilk,Beverages,2,53.55,30,Register,Card,Payment,Saravana Bhavan Corner,Chennai,0.0
2026-04-01,Medu Vada Chaat,Snacks,1,62.48,70,Swiggy,Card,Payment,Saravana Bhavan Corner,Chennai,0.0
2026-04-01,Sambar Rice,Rice,1,126.0,120,Register,Cash,Payment,Saravana Bhavan Corner,Chennai,0.0
2026-04-01,Masala Dosa,Dosa,2,189.0,90,Register,Cash,Payment,Saravana Bhavan Corner,Chennai,0.0
2026-04-01,Mysore Bonda,Snacks,1,56.7,60,Register,Cash,Payment,Saravana Bhavan Corner,Chennai,0.0
2026-04-01,Masala Dosa,Dosa,1,94.5,90,Register,Cash,Payment,Saravana Bhavan Corner,Chennai,0.0
2026-04-01,Medu Vada Chaat,Snacks,1,73.5,70,Swiggy,Card,Payment,Saravana Bhavan Corner,Chennai,0.0
2026-04-01,Masala Chai,Beverages,1,36.75,35,Register,Cash,Payment,Saravana Bhavan Corner,Chennai,0.0
2026-04-01,Masala Dosa,Dosa,1,80.33,90,Swiggy,UPI,Payment,Saravana Bhavan Corner,Chennai,0.0
2026-04-01,Rasgulla (2pc),Desserts,3,220.5,70,Swiggy,Card,Payment,Saravana Bhavan Corner,Chennai,0.0
2026-04-01,Sambar Rice,Rice,1,126.0,120,Register,Cash,Payment,Saravana Bhavan Corner,Chennai,0.0
2026-04-01,Sambar Rice,Rice,1,126.0,120,Register,Cash,Payment,Saravana Bhavan Corner,Chennai,0.0
2026-04-01,Masala Dosa,Dosa,2,189.0,90,Register,UPI,Payment,Saravana Bhavan Corner,Chennai,0.0
2026-04-01,Masala Dosa,Dosa,2,189.0,90,Register,UPI,Payment,Saravana Bhavan Corner,Chennai,0.0
2026-04-01,Masala Chai,Beverages,1,36.75,35,Register,Card,Payment,Saravana Bhavan Corner,Chennai,0.0
2026-04-01,Idli (4pc),Tiffin,1,63.0,60,Register,Card,Payment,Saravana Bhavan Corner,Chennai,0.0
2026-04-01,Buttermilk,Beverages,2,63.0,30,Register,Cash,Payment,Saravana Bhavan Corner,Chennai,0.0
2026-04-01,Plain Dosa,Dosa,1,73.5,70,Register,Cash,Payment,Saravana Bhavan Corner,Chennai,0.0
2026-04-01,Masala Dosa,Dosa,2,189.0,90,Register,Card,Payment,Saravana Bhavan Corner,Chennai,0.0
2026-04-01,Masala Chai,Beverages,1,36.75,35,Register,UPI,Payment,Saravana Bhavan Corner,Chennai,0.0
2026-04-01,Rava Dosa,Dosa,2,231.0,110,Swiggy,Card,Payment,Saravana Bhavan Corner,Chennai,0.0
2026-04-01,Filter Coffee,Beverages,1,42.0,40,Swiggy,Card,Payment,Saravana Bhavan Corner,Chennai,0.0
2026-04-01,Plain Dosa,Dosa,1,73.5,70,Swiggy,Card,Payment,Saravana Bhavan Corner,Chennai,0.0
2026-04-01,Masala Dosa,Dosa,1,94.5,90,Register,UPI,Payment,Saravana Bhavan Corner,Chennai,0.0
2026-04-01,Bisi Bele Bath,Rice,2,273.0,130,Register,UPI,Payment,Saravana Bhavan Corner,Chennai,0.0
2026-04-01,Mysore Bonda,Snacks,2,126.0,60,Register,Card,Payment,Saravana Bhavan Corner,Chennai,0.0
2026-04-01,Medu Vada Chaat,Snacks,3,220.5,70,Register,Card,Payment,Saravana Bhavan Corner,Chennai,0.0
2026-04-01,Rava Dosa,Dosa,1,115.5,110,Swiggy,UPI,Payment,Saravana Bhavan Corner,Chennai,0.0
2026-04-01,Bisi Bele Bath,Rice,2,273.0,130,Swiggy,Card,Payment,Saravana Bhavan Corner,Chennai,0.0
2026-04-01,Veg Thali,Thali,2,378.0,180,Swiggy,UPI,Payment,Saravana Bhavan Corner,Chennai,0.0
2026-04-01,Masala Dosa,Dosa,1,94.5,90,Register,Cash,Payment,Saravana Bhavan Corner,Chennai,0.0
2026-04-01,Buttermilk,Beverages,1,31.5,30,Register,Cash,Payment,Saravana Bhavan Corner,Chennai,0.0
2026-04-01,Curd Rice,Rice,2,189.0,90,Register,UPI,Payment,Saravana Bhavan Corner,Chennai,0.0
2026-04-01,Idli (4pc),Tiffin,1,63.0,60,Register,UPI,Payment,Saravana Bhavan Corner,Chennai,0.0
2026-04-01,Veg Thali,Thali,3,567.0,180,Swiggy,UPI,Payment,Saravana Bhavan Corner,Chennai,0.0
2026-04-01,Veg Thali,Thali,1,189.0,180,Swiggy,UPI,Payment,Saravana Bhavan Corner,Chennai,0.0
2026-04-01,Curd Rice,Rice,2,189.0,90,Swiggy,Card,Payment,Saravana Bhavan Corner,Chennai,0.0
2026-04-01,Veg Thali,Thali,1,189.0,180,Register,UPI,Payment,Saravana Bhavan Corner,Chennai,0.0
2026-04-01,Mini Tiffin Thali,Thali,2,315.0,150,Swiggy,Card,Payment,Saravana Bhavan Corner,Chennai,0.0
2026-04-01,Mini Tiffin Thali,Thali,1,141.75,150,Register,Cash,Payment,Saravana Bhavan Corner,Chennai,0.0
2026-04-01,Masala Chai,Beverages,1,36.75,35,Register,UPI,Payment,Saravana Bhavan Corner,Chennai,0.0
2026-04-01,Rasgulla (2pc),Desserts,2,147.0,70,Swiggy,UPI,Payment,Saravana Bhavan Corner,Chennai,0.0
2026-04-01,Masala Dosa,Dosa,1,94.5,90,Swiggy,UPI,Payment,Saravana Bhavan Corner,Chennai,0.0
2026-04-01,Rasgulla (2pc),Desserts,1,73.5,70,Swiggy,UPI,Payment,Saravana Bhavan Corner,Chennai,0.0
2026-04-01,Mysore Bonda,Snacks,1,63.0,60,Register,UPI,Payment,Saravana Bhavan Corner,Chennai,0.0
2026-04-01,Rava Dosa,Dosa,1,115.5,110,Register,UPI,Payment,Saravana Bhavan Corner,Chennai,0.0
2026-04-01,Plain Dosa,Dosa,2,147.0,70,Register,UPI,Payment,Saravana Bhavan Corner,Chennai,0.0
2026-04-01,Plain Dosa,Dosa,1,73.5,70,Register,UPI,Payment,Saravana Bhavan Corner,Chennai,0.0
2026-04-01,Plain Dosa,Dosa,3,220.5,70,Register,Cash,Payment,Saravana Bhavan Corner,Chennai,0.0
2026-04-01,Curd Rice,Rice,2,189.0,90,Register,Cash,Payment,Saravana Bhavan Corner,Chennai,0.0
2026-04-01,Veg Thali,Thali,1,189.0,180,Register,UPI,Payment,Saravana Bhavan Corner,Chennai,0.0
2026-04-01,Vada (2pc),Tiffin,2,105.0,50,Register,UPI,Payment,Saravana Bhavan Corner,Chennai,0.0
2026-04-01,Masala Chai,Beverages,1,36.75,35,Register,UPI,Payment,Saravana Bhavan Corner,Chennai,0.0
2026-04-01,Mysore Bonda,Snacks,1,63.0,60,Register,UPI,Payment,Saravana Bhavan Corner,Chennai,0.0
2026-04-01,Filter Coffee,Beverages,1,35.7,40,Register,UPI,Payment,Saravana Bhavan Corner,Chennai,0.0
2026-04-01,Sambar Rice,Rice,2,252.0,120,Register,UPI,Payment,Saravana Bhavan Corner,Chennai,0.0
2026-04-01,Buttermilk,Beverages,2,63.0,30,Swiggy,UPI,Payment,Saravana Bhavan Corner,Chennai,0.0
2026-04-01,Filter Coffee,Beverages,3,126.0,40,Swiggy,UPI,Payment,Saravana Bhavan Corner,Chennai,0.0
2026-04-01,Lemon Rice,Rice,1,105.0,100,Register,UPI,Payment,Saravana Bhavan Corner,Chennai,0.0
2026-04-01,Pongal,Tiffin,1,84.0,80,Swiggy,UPI,Payment,Saravana Bhavan Corner,Chennai,0.0
2026-04-01,Sambar Rice,Rice,1,126.0,120,Swiggy,UPI,Payment,Saravana Bhavan Corner,Chennai,0.0
2026-04-01,Vada (2pc),Tiffin,3,141.75,50,Swiggy,UPI,Payment,Saravana Bhavan Corner,Chennai,0.0
2026-04-01,Onion Uttapam,Dosa,3,315.0,100,Register,Cash,Payment,Saravana Bhavan Corner,Chennai,0.0
2026-04-01,Plain Dosa,Dosa,1,73.5,70,Register,Cash,Payment,Saravana Bhavan Corner,Chennai,0.0
2026-04-01,Vada (2pc),Tiffin,2,105.0,50,Swiggy,Card,Payment,Saravana Bhavan Corner,Chennai,0.0
2026-04-01,Rava Dosa,Dosa,1,115.5,110,Swiggy,UPI,Payment,Saravana Bhavan Corner,Chennai,0.0
2026-04-01,Idli (4pc),Tiffin,1,56.7,60,Swiggy,Card,Payment,Saravana Bhavan Corner,Chennai,0.0
2026-04-01,Veg Thali,Thali,2,378.0,180,Swiggy,Card,Payment,Saravana Bhavan Corner,Chennai,0.0
2026-04-01,Buttermilk,Beverages,1,31.5,30,Swiggy,Card,Payment,Saravana Bhavan Corner,Chennai,0.0
2026-04-01,Lemon Rice,Rice,1,105.0,100,Swiggy,Card,Payment,Saravana Bhavan Corner,Chennai,0.0
2026-04-01,Plain Dosa,Dosa,1,73.5,70,Register,Card,Payment,Saravana Bhavan Corner,Chennai,0.0
2026-04-01,Masala Dosa,Dosa,1,94.5,90,Register,Card,Payment,Saravana Bhavan Corner,Chennai,0.0
2026-04-01,Idli Vada Combo,Tiffin,2,189.0,90,Register,UPI,Payment,Saravana Bhavan Corner,Chennai,0.0
2026-04-01,Mysore Bonda,Snacks,1,63.0,60,Register,UPI,Payment,Saravana Bhavan Corner,Chennai,0.0
2026-04-01,Masala Dosa,Dosa,1,94.5,90,Register,UPI,Payment,Saravana Bhavan Corner,Chennai,0.0
2026-04-01,Onion Uttapam,Dosa,2,210.0,100,Swiggy,UPI,Payment,Saravana Bhavan Corner,Chennai,0.0
2026-04-01,Lemon Rice,Rice,1,105.0,100,Swiggy,Card,Payment,Saravana Bhavan Corner,Chennai,0.0
2026-04-02,Masala Chai,Beverages,3,110.25,35,Register,UPI,Payment,Saravana Bhavan Corner,Chennai,0.0
2026-04-02,Bisi Bele Bath,Rice,1,136.5,130,Register,UPI,Payment,Saravana Bhavan Corner,Chennai,0.0
2026-04-02,Idli Vada Combo,Tiffin,3,255.15,90,Swiggy,UPI,Payment,Saravana Bhavan Corner,Chennai,0.0
2026-04-02,Filter Coffee,Beverages,3,126.0,40,Swiggy,UPI,Payment,Saravana Bhavan Corner,Chennai,0.0
2026-04-02,Plain Dosa,Dosa,1,73.5,70,Swiggy,UPI,Payment,Saravana Bhavan Corner,Chennai,0.0
2026-04-02,Veg Thali,Thali,2,321.3,180,Register,Cash,Payment,Saravana Bhavan Corner,Chennai,0.0
2026-04-02,Idli Vada Combo,Tiffin,1,85.05,90,Swiggy,Card,Payment,Saravana Bhavan Corner,Chennai,0.0
2026-04-02,Medu Vada Chaat,Snacks,1,62.48,70,Swiggy,UPI,Payment,Saravana Bhavan Corner,Chennai,0.0
2026-04-02,Curd Rice,Rice,1,94.5,90,Register,Card,Payment,Saravana Bhavan Corner,Chennai,0.0
2026-04-02,Vada (2pc),Tiffin,1,52.5,50,Swiggy,Card,Payment,Saravana Bhavan Corner,Chennai,0.0
2026-04-02,Idli (4pc),Tiffin,2,126.0,60,Swiggy,Card,Payment,Saravana Bhavan Corner,Chennai,0.0
2026-04-02,Veg Thali,Thali,1,189.0,180,Swiggy,Card,Payment,Saravana Bhavan Corner,Chennai,0.0
2026-04-02,Filter Coffee,Beverages,3,126.0,40,Swiggy,Card,Payment,Saravana Bhavan Corner,Chennai,0.0
2026-04-02,Masala Chai,Beverages,1,36.75,35,Register,UPI,Payment,Saravana Bhavan Corner,Chennai,0.0
2026-04-02,Vada (2pc),Tiffin,1,52.5,50,Swiggy,UPI,Payment,Saravana Bhavan Corner,Chennai,0.0
2026-04-02,Sambar Rice,Rice,2,252.0,120,Swiggy,Card,Payment,Saravana Bhavan Corner,Chennai,0.0
2026-04-02,Rava Dosa,Dosa,1,98.17,110,Swiggy,Card,Payment,Saravana Bhavan Corner,Chennai,0.0
2026-04-02,Sambar Rice,Rice,1,126.0,120,Swiggy,UPI,Payment,Saravana Bhavan Corner,Chennai,0.0
2026-04-02,Lemon Rice,Rice,1,105.0,100,Register,UPI,Payment,Saravana Bhavan Corner,Chennai,0.0
2026-04-02,Idli (4pc),Tiffin,1,63.0,60,Swiggy,Card,Payment,Saravana Bhavan Corner,Chennai,0.0
2026-04-02,Filter Coffee,Beverages,1,42.0,40,Swiggy,Card,Payment,Saravana Bhavan Corner,Chennai,0.0
2026-04-02,Lemon Rice,Rice,1,94.5,100,Swiggy,UPI,Payment,Saravana Bhavan Corner,Chennai,0.0
2026-04-02,Buttermilk,Beverages,1,31.5,30,Swiggy,UPI,Payment,Saravana Bhavan Corner,Chennai,0.0
2026-04-02,Masala Dosa,Dosa,1,94.5,90,Swiggy,UPI,Payment,Saravana Bhavan Corner,Chennai,0.0
2026-04-02,Idli (4pc),Tiffin,1,63.0,60,Swiggy,Card,Payment,Saravana Bhavan Corner,Chennai,0.0
2026-04-02,Sambar Rice,Rice,1,126.0,120,Swiggy,UPI,Payment,Saravana Bhavan Corner,Chennai,0.0
2026-04-02,Masala Chai,Beverages,2,73.5,35,Swiggy,UPI,Payment,Saravana Bhavan Corner,Chennai,0.0
2026-04-02,Bisi Bele Bath,Rice,1,136.5,130,Swiggy,Card,Payment,Saravana Bhavan Corner,Chennai,0.0
2026-04-02,Onion Uttapam,Dosa,1,89.25,100,Register,UPI,Payment,Saravana Bhavan Corner,Chennai,0.0
2026-04-02,Filter Coffee,Beverages,1,42.0,40,Register,UPI,Payment,Saravana Bhavan Corner,Chennai,0.0
2026-04-02,Masala Dosa,Dosa,1,94.5,90,Swiggy,Card,Payment,Saravana Bhavan Corner,Chennai,0.0
2026-04-02,Veg Thali,Thali,1,189.0,180,Swiggy,Card,Payment,Saravana Bhavan Corner,Chennai,0.0
2026-04-02,Mysore Bonda,Snacks,1,63.0,60,Swiggy,UPI,Payment,Saravana Bhavan Corner,Chennai,0.0
2026-04-02,Plain Dosa,Dosa,2,147.0,70,Swiggy,UPI,Payment,Saravana Bhavan Corner,Chennai,0.0
2026-04-02,Sambar Rice,Rice,3,378.0,120,Register,UPI,Payment,Saravana Bhavan Corner,Chennai,0.0
2026-04-02,Mini Tiffin Thali,Thali,1,157.5,150,Register,UPI,Payment,Saravana Bhavan Corner,Chennai,0.0
2026-04-02,Idli (4pc),Tiffin,2,126.0,60,Swiggy,UPI,Payment,Saravana Bhavan Corner,Chennai,0.0
2026-04-02,Onion Uttapam,Dosa,2,210.0,100,Register,UPI,Payment,Saravana Bhavan Corner,Chennai,0.0
2026-04-02,Bisi Bele Bath,Rice,1,136.5,130,Register,Card,Payment,Saravana Bhavan Corner,Chennai,0.0
2026-04-02,Rava Dosa,Dosa,1,103.95,110,Register,Card,Payment,Saravana Bhavan Corner,Chennai,0.0
2026-04-02,Sambar Rice,Rice,2,252.0,120,Register,Card,Payment,Saravana Bhavan Corner,Chennai,0.0
2026-04-02,Medu Vada Chaat,Snacks,2,147.0,70,Register,Card,Payment,Saravana Bhavan Corner,Chennai,0.0
2026-04-02,Masala Dosa,Dosa,1,94.5,90,Register,Cash,Payment,Saravana Bhavan Corner,Chennai,0.0
2026-04-02,Pongal,Tiffin,2,168.0,80,Register,Cash,Payment,Saravana Bhavan Corner,Chennai,0.0
2026-04-02,Veg Thali,Thali,1,189.0,180,Swiggy,UPI,Payment,Saravana Bhavan Corner,Chennai,0.0
2026-04-02,Sambar Rice,Rice,1,126.0,120,Swiggy,UPI,Payment,Saravana Bhavan Corner,Chennai,0.0
2026-04-02,Rava Dosa,Dosa,2,231.0,110,Swiggy,UPI,Payment,Saravana Bhavan Corner,Chennai,0.0
2026-04-02,Medu Vada Chaat,Snacks,1,73.5,70,Swiggy,UPI,Payment,Saravana Bhavan Corner,Chennai,0.0
2026-04-02,Idli (4pc),Tiffin,1,63.0,60,Swiggy,UPI,Payment,Saravana Bhavan Corner,Chennai,0.0
2026-04-02,Plain Dosa,Dosa,1,73.5,70,Register,Cash,Payment,Saravana Bhavan Corner,Chennai,0.0
2026-04-02,Idli (4pc),Tiffin,1,63.0,60,Register,Cash,Payment,Saravana Bhavan Corner,Chennai,0.0
2026-04-02,Rava Dosa,Dosa,1,115.5,110,Register,UPI,Payment,Saravana Bhavan Corner,Chennai,0.0
2026-04-02,Mysore Bonda,Snacks,2,126.0,60,Swiggy,UPI,Payment,Saravana Bhavan Corner,Chennai,0.0
2026-04-02,Mini Tiffin Thali,Thali,1,157.5,150,Swiggy,UPI,Payment,Saravana Bhavan Corner,Chennai,0.0
2026-04-02,Masala Chai,Beverages,1,36.75,35,Swiggy,UPI,Payment,Saravana Bhavan Corner,Chennai,0.0
2026-04-02,Buttermilk,Beverages,3,94.5,30,Register,Card,Payment,Saravana Bhavan Corner,Chennai,0.0
2026-04-02,Mini Tiffin Thali,Thali,1,157.5,150,Swiggy,UPI,Payment,Saravana Bhavan Corner,Chennai,0.0
2026-04-02,Buttermilk,Beverages,2,63.0,30,Swiggy,UPI,Payment,Saravana Bhavan Corner,Chennai,0.0
2026-04-02,Bisi Bele Bath,Rice,3,368.55,130,Swiggy,UPI,Payment,Saravana Bhavan Corner,Chennai,0.0
2026-04-02,Rava Dosa,Dosa,1,115.5,110,Register,Card,Payment,Saravana Bhavan Corner,Chennai,0.0
2026-04-02,Vada (2pc),Tiffin,1,44.62,50,Register,Card,Payment,Saravana Bhavan Corner,Chennai,0.0
2026-04-02,Filter Coffee,Beverages,2,84.0,40,Register,Cash,Payment,Saravana Bhavan Corner,Chennai,0.0
2026-04-02,Masala Chai,Beverages,1,36.75,35,Register,Cash,Payment,Saravana Bhavan Corner,Chennai,0.0
2026-04-02,Masala Dosa,Dosa,1,94.5,90,Register,Card,Payment,Saravana Bhavan Corner,Chennai,0.0
2026-04-02,Mini Tiffin Thali,Thali,1,133.88,150,Register,Cash,Payment,Saravana Bhavan Corner,Chennai,0.0
2026-04-02,Sambar Rice,Rice,1,107.1,120,Register,Cash,Payment,Saravana Bhavan Corner,Chennai,0.0
2026-04-02,Vada (2pc),Tiffin,2,105.0,50,Register,Cash,Payment,Saravana Bhavan Corner,Chennai,0.0
2026-04-02,Veg Thali,Thali,1,189.0,180,Swiggy,Card,Payment,Saravana Bhavan Corner,Chennai,0.0
2026-04-02,Mysore Bonda,Snacks,2,107.1,60,Swiggy,Card,Payment,Saravana Bhavan Corner,Chennai,0.0
2026-04-02,Rasgulla (2pc),Desserts,1,73.5,70,Swiggy,Card,Payment,Saravana Bhavan Corner,Chennai,0.0
2026-04-02,Lemon Rice,Rice,1,105.0,100,Register,Card,Payment,Saravana Bhavan Corner,Chennai,0.0
2026-04-03,Buttermilk,Beverages,2,63.0,30,Register,Cash,Payment,Saravana Bhavan Corner,Chennai,0.0
2026-04-03,Masala Chai,Beverages,2,73.5,35,Swiggy,Card,Payment,Saravana Bhavan Corner,Chennai,0.0
2026-04-03,Lemon Rice,Rice,2,210.0,100,Swiggy,Card,Payment,Saravana Bhavan Corner,Chennai,0.0
2026-04-03,Masala Chai,Beverages,1,36.75,35,Swiggy,Card,Payment,Saravana Bhavan Corner,Chennai,0.0
2026-04-03,Plain Dosa,Dosa,2,147.0,70,Swiggy,Card,Payment,Saravana Bhavan Corner,Chennai,0.0
2026-04-03,Sambar Rice,Rice,2,252.0,120,Register,UPI,Payment,Saravana Bhavan Corner,Chennai,0.0
2026-04-03,Mini Tiffin Thali,Thali,3,472.5,150,Swiggy,UPI,Payment,Saravana Bhavan Corner,Chennai,0.0
2026-04-03,Mysore Bonda,Snacks,2,126.0,60,Swiggy,Card,Payment,Saravana Bhavan Corner,Chennai,0.0
2026-04-03,Mini Tiffin Thali,Thali,2,283.5,150,Register,Cash,Payment,Saravana Bhavan Corner,Chennai,0.0
2026-04-03,Sambar Rice,Rice,1,126.0,120,Register,Cash,Payment,Saravana Bhavan Corner,Chennai,0.0
2026-04-03,Curd Rice,Rice,1,94.5,90,Register,UPI,Payment,Saravana Bhavan Corner,Chennai,0.0
2026-04-03,Masala Dosa,Dosa,3,283.5,90,Register,UPI,Payment,Saravana Bhavan Corner,Chennai,0.0
2026-04-03,Rava Dosa,Dosa,1,98.17,110,Register,UPI,Payment,Saravana Bhavan Corner,Chennai,0.0
2026-04-03,Idli Vada Combo,Tiffin,2,189.0,90,Register,Cash,Payment,Saravana Bhavan Corner,Chennai,0.0
2026-04-03,Masala Chai,Beverages,-3,-110.25,35,Swiggy,Card,Refund,Saravana Bhavan Corner,Chennai,0.0
2026-04-03,Buttermilk,Beverages,1,31.5,30,Register,Cash,Payment,Saravana Bhavan Corner,Chennai,0.0
2026-04-03,Plain Dosa,Dosa,2,132.3,70,Register,Cash,Payment,Saravana Bhavan Corner,Chennai,0.0
2026-04-03,Mysore Bonda,Snacks,1,56.7,60,Swiggy,UPI,Payment,Saravana Bhavan Corner,Chennai,0.0
2026-04-03,Masala Dosa,Dosa,1,85.05,90,Register,Cash,Payment,Saravana Bhavan Corner,Chennai,0.0
2026-04-03,Pongal,Tiffin,1,84.0,80,Swiggy,UPI,Payment,Saravana Bhavan Corner,Chennai,0.0
2026-04-03,Idli Vada Combo,Tiffin,1,94.5,90,Swiggy,Card,Payment,Saravana Bhavan Corner,Chennai,0.0
2026-04-03,Mini Tiffin Thali,Thali,1,157.5,150,Swiggy,UPI,Payment,Saravana Bhavan Corner,Chennai,0.0
2026-04-03,Curd Rice,Rice,-1,-94.5,90,Swiggy,Card,Refund,Saravana Bhavan Corner,Chennai,0.0
2026-04-03,Idli Vada Combo,Tiffin,2,189.0,90,Swiggy,Card,Payment,Saravana Bhavan Corner,Chennai,0.0
2026-04-03,Mysore Bonda,Snacks,1,63.0,60,Swiggy,Card,Payment,Saravana Bhavan Corner,Chennai,0.0
2026-04-03,Filter Coffee,Beverages,2,84.0,40,Swiggy,Card,Payment,Saravana Bhavan Corner,Chennai,0.0
2026-04-03,Idli (4pc),Tiffin,1,63.0,60,Swiggy,Card,Payment,Saravana Bhavan Corner,Chennai,0.0
2026-04-03,Filter Coffee,Beverages,1,42.0,40,Register,Card,Payment,Saravana Bhavan Corner,Chennai,0.0
2026-04-03,Pongal,Tiffin,1,84.0,80,Register,Card,Payment,Saravana Bhavan Corner,Chennai,0.0
2026-04-03,Veg Thali,Thali,1,189.0,180,Register,Card,Payment,Saravana Bhavan Corner,Chennai,0.0
2026-04-03,Mysore Bonda,Snacks,2,126.0,60,Swiggy,Card,Payment,Saravana Bhavan Corner,Chennai,0.0
2026-04-03,Filter Coffee,Beverages,1,42.0,40,Register,Cash,Payment,Saravana Bhavan Corner,Chennai,0.0
2026-04-03,Idli Vada Combo,Tiffin,2,189.0,90,Register,Card,Payment,Saravana Bhavan Corner,Chennai,0.0
2026-04-03,Filter Coffee,Beverages,1,37.8,40,Register,UPI,Payment,Saravana Bhavan Corner,Chennai,0.0
2026-04-03,Lemon Rice,Rice,2,210.0,100,Register,Card,Payment,Saravana Bhavan Corner,Chennai,0.0
2026-04-03,Medu Vada Chaat,Snacks,1,73.5,70,Register,Card,Payment,Saravana Bhavan Corner,Chennai,0.0
2026-04-03,Vada (2pc),Tiffin,1,52.5,50,Register,Card,Payment,Saravana Bhavan Corner,Chennai,0.0
2026-04-03,Sambar Rice,Rice,1,126.0,120,Register,Card,Payment,Saravana Bhavan Corner,Chennai,0.0
2026-04-03,Veg Thali,Thali,2,378.0,180,Register,Card,Payment,Saravana Bhavan Corner,Chennai,0.0
2026-04-03,Vada (2pc),Tiffin,1,52.5,50,Register,Card,Payment,Saravana Bhavan Corner,Chennai,0.0
2026-04-03,Masala Dosa,Dosa,2,189.0,90,Register,Card,Payment,Saravana Bhavan Corner,Chennai,0.0
2026-04-03,Sambar Rice,Rice,-1,-113.4,120,Swiggy,Card,Refund,Saravana Bhavan Corner,Chennai,0.0
2026-04-03,Sambar Rice,Rice,3,378.0,120,Swiggy,UPI,Payment,Saravana Bhavan Corner,Chennai,0.0
2026-04-03,Veg Thali,Thali,2,378.0,180,Register,Cash,Payment,Saravana Bhavan Corner,Chennai,0.0
2026-04-03,Vada (2pc),Tiffin,2,89.25,50,Register,Card,Payment,Saravana Bhavan Corner,Chennai,0.0
2026-04-03,Masala Chai,Beverages,1,36.75,35,Register,Cash,Payment,Saravana Bhavan Corner,Chennai,0.0
2026-04-03,Plain Dosa,Dosa,1,73.5,70,Register,Cash,Payment,Saravana Bhavan Corner,Chennai,0.0
2026-04-03,Lemon Rice,Rice,2,210.0,100,Swiggy,UPI,Payment,Saravana Bhavan Corner,Chennai,0.0
2026-04-03,Medu Vada Chaat,Snacks,2,124.95,70,Swiggy,UPI,Payment,Saravana Bhavan Corner,Chennai,0.0
2026-04-03,Sambar Rice,Rice,1,126.0,120,Swiggy,UPI,Payment,Saravana Bhavan Corner,Chennai,0.0
2026-04-03,Idli Vada Combo,Tiffin,1,94.5,90,Register,UPI,Payment,Saravana Bhavan Corner,Chennai,0.0
2026-04-03,Curd Rice,Rice,1,85.05,90,Register,UPI,Payment,Saravana Bhavan Corner,Chennai,0.0
2026-04-03,Idli Vada Combo,Tiffin,1,94.5,90,Register,Card,Payment,Saravana Bhavan Corner,Chennai,0.0
2026-04-03,Plain Dosa,Dosa,1,73.5,70,Register,UPI,Payment,Saravana Bhavan Corner,Chennai,0.0
2026-04-03,Mini Tiffin Thali,Thali,1,141.75,150,Register,UPI,Payment,Saravana Bhavan Corner,Chennai,0.0
2026-04-03,Veg Thali,Thali,3,567.0,180,Register,UPI,Payment,Saravana Bhavan Corner,Chennai,0.0
2026-04-03,Vada (2pc),Tiffin,2,105.0,50,Register,Card,Payment,Saravana Bhavan Corner,Chennai,0.0
2026-04-03,Filter Coffee,Beverages,1,42.0,40,Register,Card,Payment,Saravana Bhavan Corner,Chennai,0.0
2026-04-03,Plain Dosa,Dosa,3,220.5,70,Register,UPI,Payment,Saravana Bhavan Corner,Chennai,0.0
2026-04-03,Medu Vada Chaat,Snacks,2,147.0,70,Register,UPI,Payment,Saravana Bhavan Corner,Chennai,0.0
2026-04-03,Mini Tiffin Thali,Thali,3,472.5,150,Register,UPI,Payment,Saravana Bhavan Corner,Chennai,0.0
2026-04-03,Mysore Bonda,Snacks,1,63.0,60,Register,Cash,Payment,Saravana Bhavan Corner,Chennai,0.0
2026-04-03,Masala Dosa,Dosa,1,94.5,90,Register,UPI,Payment,Saravana Bhavan Corner,Chennai,0.0
2026-04-03,Idli (4pc),Tiffin,1,63.0,60,Swiggy,UPI,Payment,Saravana Bhavan Corner,Chennai,0.0
2026-04-03,Filter Coffee,Beverages,1,42.0,40,Register,Card,Payment,Saravana Bhavan Corner,Chennai,0.0
2026-04-03,Mini Tiffin Thali,Thali,2,315.0,150,Swiggy,Card,Payment,Saravana Bhavan Corner,Chennai,0.0
2026-04-03,Onion Uttapam,Dosa,1,105.0,100,Register,UPI,Payment,Saravana Bhavan Corner,Chennai,0.0
2026-04-03,Onion Uttapam,Dosa,1,105.0,100,Swiggy,UPI,Payment,Saravana Bhavan Corner,Chennai,0.0
2026-04-03,Rasgulla (2pc),Desserts,2,147.0,70,Register,UPI,Payment,Saravana Bhavan Corner,Chennai,0.0
2026-04-03,Bisi Bele Bath,Rice,1,122.85,130,Register,UPI,Payment,Saravana Bhavan Corner,Chennai,0.0
2026-04-03,Bisi Bele Bath,Rice,1,136.5,130,Register,Cash,Payment,Saravana Bhavan Corner,Chennai,0.0
2026-04-03,Bisi Bele Bath,Rice,2,273.0,130,Register,UPI,Payment,Saravana Bhavan Corner,Chennai,0.0
2026-04-03,Idli (4pc),Tiffin,1,63.0,60,Register,UPI,Payment,Saravana Bhavan Corner,Chennai,0.0
2026-04-03,Filter Coffee,Beverages,1,42.0,40,Register,UPI,Payment,Saravana Bhavan Corner,Chennai,0.0
2026-04-03,Masala Dosa,Dosa,2,160.65,90,Register,UPI,Payment,Saravana Bhavan Corner,Chennai,0.0
2026-04-03,Vada (2pc),Tiffin,2,105.0,50,Register,UPI,Payment,Saravana Bhavan Corner,Chennai,0.0
2026-04-03,Idli Vada Combo,Tiffin,2,189.0,90,Register,UPI,Payment,Saravana Bhavan Corner,Chennai,0.0
2026-04-03,Mysore Bonda,Snacks,1,63.0,60,Register,UPI,Payment,Saravana Bhavan Corner,Chennai,0.0
2026-04-03,Idli (4pc),Tiffin,2,126.0,60,Swiggy,Card,Payment,Saravana Bhavan Corner,Chennai,0.0
2026-04-03,Filter Coffee,Beverages,1,42.0,40,Swiggy,UPI,Payment,Saravana Bhavan Corner,Chennai,0.0
2026-04-03,Sambar Rice,Rice,1,126.0,120,Swiggy,UPI,Payment,Saravana Bhavan Corner,Chennai,0.0
2026-04-03,Idli (4pc),Tiffin,1,63.0,60,Swiggy,UPI,Payment,Saravana Bhavan Corner,Chennai,0.0
2026-04-03,Idli Vada Combo,Tiffin,3,255.15,90,Swiggy,Card,Payment,Saravana Bhavan Corner,Chennai,0.0
2026-04-03,Buttermilk,Beverages,2,63.0,30,Register,UPI,Payment,Saravana Bhavan Corner,Chennai,0.0
2026-04-03,Medu Vada Chaat,Snacks,1,73.5,70,Swiggy,Card,Payment,Saravana Bhavan Corner,Chennai,0.0
2026-04-04,Lemon Rice,Rice,1,105.0,100,Swiggy,UPI,Payment,Saravana Bhavan Corner,Chennai,0.0
2026-04-04,Sambar Rice,Rice,1,126.0,120,Register,Card,Payment,Saravana Bhavan Corner,Chennai,0.0
2026-04-04,Sambar Rice,Rice,3,378.0,120,Register,Cash,Payment,Saravana Bhavan Corner,Chennai,0.0
2026-04-04,Veg Thali,Thali,1,189.0,180,Register,Cash,Payment,Saravana Bhavan Corner,Chennai,0.0
2026-04-04,Masala Dosa,Dosa,2,189.0,90,Register,UPI,Payment,Saravana Bhavan Corner,Chennai,0.0
2026-04-04,Sambar Rice,Rice,2,252.0,120,Swiggy,UPI,Payment,Saravana Bhavan Corner,Chennai,0.0
2026-04-04,Onion Uttapam,Dosa,2,210.0,100,Swiggy,UPI,Payment,Saravana Bhavan Corner,Chennai,0.0
2026-04-04,Masala Dosa,Dosa,2,189.0,90,Register,Card,Payment,Saravana Bhavan Corner,Chennai,0.0
2026-04-04,Vada (2pc),Tiffin,2,105.0,50,Swiggy,Card,Payment,Saravana Bhavan Corner,Chennai,0.0
2026-04-04,Medu Vada Chaat,Snacks,1,73.5,70,Swiggy,Card,Payment,Saravana Bhavan Corner,Chennai,0.0
2026-04-04,Curd Rice,Rice,2,189.0,90,Swiggy,UPI,Payment,Saravana Bhavan Corner,Chennai,0.0
2026-04-04,Filter Coffee,Beverages,1,42.0,40,Swiggy,Card,Payment,Saravana Bhavan Corner,Chennai,0.0
2026-04-04,Idli Vada Combo,Tiffin,1,94.5,90,Register,UPI,Payment,Saravana Bhavan Corner,Chennai,0.0
2026-04-04,Filter Coffee,Beverages,2,71.4,40,Register,UPI,Payment,Saravana Bhavan Corner,Chennai,0.0
2026-04-04,Filter Coffee,Beverages,1,42.0,40,Swiggy,UPI,Payment,Saravana Bhavan Corner,Chennai,0.0
2026-04-04,Lemon Rice,Rice,1,105.0,100,Register,Card,Payment,Saravana Bhavan Corner,Chennai,0.0
2026-04-04,Idli Vada Combo,Tiffin,1,94.5,90,Swiggy,Card,Payment,Saravana Bhavan Corner,Chennai,0.0
2026-04-04,Mini Tiffin Thali,Thali,1,157.5,150,Swiggy,Card,Payment,Saravana Bhavan Corner,Chennai,0.0
2026-04-04,Masala Dosa,Dosa,1,94.5,90,Swiggy,Card,Payment,Saravana Bhavan Corner,Chennai,0.0
2026-04-04,Masala Dosa,Dosa,2,189.0,90,Register,Cash,Payment,Saravana Bhavan Corner,Chennai,0.0
2026-04-04,Pongal,Tiffin,1,84.0,80,Register,Cash,Payment,Saravana Bhavan Corner,Chennai,0.0
2026-04-04,Rava Dosa,Dosa,2,231.0,110,Swiggy,UPI,Payment,Saravana Bhavan Corner,Chennai,0.0
2026-04-04,Idli (4pc),Tiffin,1,63.0,60,Swiggy,UPI,Payment,Saravana Bhavan Corner,Chennai,0.0
2026-04-04,Idli (4pc),Tiffin,2,126.0,60,Swiggy,UPI,Payment,Saravana Bhavan Corner,Chennai,0.0
2026-04-04,Vada (2pc),Tiffin,2,89.25,50,Swiggy,UPI,Payment,Saravana Bhavan Corner,Chennai,0.0
2026-04-04,Idli Vada Combo,Tiffin,3,283.5,90,Swiggy,UPI,Payment,Saravana Bhavan Corner,Chennai,0.0
2026-04-04,Mysore Bonda,Snacks,1,63.0,60,Swiggy,UPI,Payment,Saravana Bhavan Corner,Chennai,0.0
2026-04-04,Buttermilk,Beverages,1,31.5,30,Register,UPI,Payment,Saravana Bhavan Corner,Chennai,0.0
2026-04-04,Veg Thali,Thali,2,378.0,180,Register,Card,Payment,Saravana Bhavan Corner,Chennai,0.0
2026-04-04,Filter Coffee,Beverages,1,42.0,40,Swiggy,UPI,Payment,Saravana Bhavan Corner,Chennai,0.0
2026-04-04,Mini Tiffin Thali,Thali,2,315.0,150,Register,Cash,Payment,Saravana Bhavan Corner,Chennai,0.0
2026-04-04,Rava Dosa,Dosa,1,115.5,110,Register,UPI,Payment,Saravana Bhavan Corner,Chennai,0.0
2026-04-04,Filter Coffee,Beverages,1,42.0,40,Swiggy,UPI,Payment,Saravana Bhavan Corner,Chennai,0.0
2026-04-04,Pongal,Tiffin,1,84.0,80,Register,Cash,Payment,Saravana Bhavan Corner,Chennai,0.0
2026-04-04,Masala Dosa,Dosa,1,80.33,90,Register,UPI,Payment,Saravana Bhavan Corner,Chennai,0.0
2026-04-04,Pongal,Tiffin,1,84.0,80,Register,UPI,Payment,Saravana Bhavan Corner,Chennai,0.0
2026-04-04,Medu Vada Chaat,Snacks,1,73.5,70,Register,UPI,Payment,Saravana Bhavan Corner,Chennai,0.0
2026-04-04,Rava Dosa,Dosa,1,115.5,110,Register,UPI,Payment,Saravana Bhavan Corner,Chennai,0.0
2026-04-04,Mini Tiffin Thali,Thali,1,141.75,150,Register,UPI,Payment,Saravana Bhavan Corner,Chennai,0.0
2026-04-04,Masala Chai,Beverages,1,36.75,35,Register,UPI,Payment,Saravana Bhavan Corner,Chennai,0.0
2026-04-04,Vada (2pc),Tiffin,1,52.5,50,Register,UPI,Payment,Saravana Bhavan Corner,Chennai,0.0
2026-04-04,Mini Tiffin Thali,Thali,1,141.75,150,Register,UPI,Payment,Saravana Bhavan Corner,Chennai,0.0
2026-04-04,Rava Dosa,Dosa,1,115.5,110,Register,Cash,Payment,Saravana Bhavan Corner,Chennai,0.0
2026-04-04,Buttermilk,Beverages,1,31.5,30,Register,UPI,Payment,Saravana Bhavan Corner,Chennai,0.0
2026-04-04,Idli Vada Combo,Tiffin,1,94.5,90,Register,UPI,Payment,Saravana Bhavan Corner,Chennai,0.0
2026-04-04,Rasgulla (2pc),Desserts,1,73.5,70,Register,UPI,Payment,Saravana Bhavan Corner,Chennai,0.0
2026-04-04,Pongal,Tiffin,1,84.0,80,Swiggy,UPI,Payment,Saravana Bhavan Corner,Chennai,0.0
2026-04-04,Mini Tiffin Thali,Thali,1,157.5,150,Register,Cash,Payment,Saravana Bhavan Corner,Chennai,0.0
2026-04-04,Onion Uttapam,Dosa,3,315.0,100,Register,Cash,Payment,Saravana Bhavan Corner,Chennai,0.0
2026-04-04,Veg Thali,Thali,1,189.0,180,Register,Cash,Payment,Saravana Bhavan Corner,Chennai,0.0
2026-04-04,Mini Tiffin Thali,Thali,1,133.88,150,Swiggy,UPI,Payment,Saravana Bhavan Corner,Chennai,0.0
2026-04-04,Curd Rice,Rice,3,240.98,90,Swiggy,UPI,Payment,Saravana Bhavan Corner,Chennai,0.0
2026-04-04,Mini Tiffin Thali,Thali,2,267.75,150,Swiggy,UPI,Payment,Saravana Bhavan Corner,Chennai,0.0
2026-04-04,Idli Vada Combo,Tiffin,1,94.5,90,Swiggy,UPI,Payment,Saravana Bhavan Corner,Chennai,0.0
2026-04-04,Sambar Rice,Rice,1,113.4,120,Swiggy,UPI,Payment,Saravana Bhavan Corner,Chennai,0.0
2026-04-04,Filter Coffee,Beverages,2,84.0,40,Swiggy,UPI,Payment,Saravana Bhavan Corner,Chennai,0.0
2026-04-04,Masala Chai,Beverages,1,36.75,35,Swiggy,UPI,Payment,Saravana Bhavan Corner,Chennai,0.0
2026-04-04,Onion Uttapam,Dosa,1,105.0,100,Swiggy,UPI,Payment,Saravana Bhavan Corner,Chennai,0.0
2026-04-04,Mini Tiffin Thali,Thali,1,157.5,150,Register,Cash,Payment,Saravana Bhavan Corner,Chennai,0.0
2026-04-04,Masala Dosa,Dosa,1,94.5,90,Register,Cash,Payment,Saravana Bhavan Corner,Chennai,0.0
2026-04-04,Filter Coffee,Beverages,1,42.0,40,Swiggy,UPI,Payment,Saravana Bhavan Corner,Chennai,0.0
2026-04-04,Idli (4pc),Tiffin,2,113.4,60,Register,Card,Payment,Saravana Bhavan Corner,Chennai,0.0
2026-04-04,Masala Dosa,Dosa,1,94.5,90,Register,UPI,Payment,Saravana Bhavan Corner,Chennai,0.0
2026-04-04,Pongal,Tiffin,1,84.0,80,Swiggy,Card,Payment,Saravana Bhavan Corner,Chennai,0.0
2026-04-04,Bulk Catering Order,Uncategorized,1,3150.0,3000,Register,Cash,Payment,Saravana Bhavan Corner,Chennai,0.0
2026-04-04,Idli (4pc),Tiffin,1,63.0,60,Register,Cash,Payment,Saravana Bhavan Corner,Chennai,0.0
2026-04-04,Pongal,Tiffin,1,84.0,80,Register,UPI,Payment,Saravana Bhavan Corner,Chennai,0.0
2026-04-04,Idli (4pc),Tiffin,1,63.0,60,Register,UPI,Payment,Saravana Bhavan Corner,Chennai,0.0
2026-04-04,Vada (2pc),Tiffin,2,89.25,50,Register,Card,Payment,Saravana Bhavan Corner,Chennai,0.0
2026-04-04,Sambar Rice,Rice,2,252.0,120,Swiggy,Card,Payment,Saravana Bhavan Corner,Chennai,0.0
2026-04-04,Mysore Bonda,Snacks,1,63.0,60,Swiggy,Card,Payment,Saravana Bhavan Corner,Chennai,0.0
2026-04-04,Idli Vada Combo,Tiffin,1,94.5,90,Swiggy,Card,Payment,Saravana Bhavan Corner,Chennai,0.0
2026-04-04,Rava Dosa,Dosa,1,115.5,110,Swiggy,Card,Payment,Saravana Bhavan Corner,Chennai,0.0
2026-04-04,Sambar Rice,Rice,1,126.0,120,Swiggy,UPI,Payment,Saravana Bhavan Corner,Chennai,0.0
2026-04-04,Curd Rice,Rice,1,94.5,90,Swiggy,UPI,Payment,Saravana Bhavan Corner,Chennai,0.0
2026-04-04,Masala Chai,Beverages,1,36.75,35,Swiggy,UPI,Payment,Saravana Bhavan Corner,Chennai,0.0
2026-04-04,Idli Vada Combo,Tiffin,3,283.5,90,Swiggy,UPI,Payment,Saravana Bhavan Corner,Chennai,0.0
2026-04-04,Lemon Rice,Rice,1,105.0,100,Register,Cash,Payment,Saravana Bhavan Corner,Chennai,0.0
2026-04-04,Masala Dosa,Dosa,1,85.05,90,Swiggy,Card,Payment,Saravana Bhavan Corner,Chennai,0.0
2026-04-04,Buttermilk,Beverages,2,56.7,30,Register,Card,Payment,Saravana Bhavan Corner,Chennai,0.0
2026-04-04,Sambar Rice,Rice,3,378.0,120,Register,Card,Payment,Saravana Bhavan Corner,Chennai,0.0
2026-04-04,Idli (4pc),Tiffin,2,126.0,60,Register,Card,Payment,Saravana Bhavan Corner,Chennai,0.0
2026-04-04,Sambar Rice,Rice,2,252.0,120,Register,Card,Payment,Saravana Bhavan Corner,Chennai,0.0
2026-04-04,Filter Coffee,Beverages,1,42.0,40,Register,UPI,Payment,Saravana Bhavan Corner,Chennai,0.0
2026-04-04,Masala Dosa,Dosa,1,80.33,90,Swiggy,Card,Payment,Saravana Bhavan Corner,Chennai,0.0
2026-04-04,Rava Dosa,Dosa,1,115.5,110,Swiggy,Card,Payment,Saravana Bhavan Corner,Chennai,0.0
2026-04-04,Veg Thali,Thali,2,378.0,180,Register,UPI,Payment,Saravana Bhavan Corner,Chennai,0.0
2026-04-04,Filter Coffee,Beverages,3,126.0,40,Register,UPI,Payment,Saravana Bhavan Corner,Chennai,0.0
2026-04-04,Idli Vada Combo,Tiffin,2,189.0,90,Register,UPI,Payment,Saravana Bhavan Corner,Chennai,0.0
2026-04-04,Veg Thali,Thali,1,189.0,180,Swiggy,Card,Payment,Saravana Bhavan Corner,Chennai,0.0
2026-04-04,Idli (4pc),Tiffin,2,126.0,60,Swiggy,Card,Payment,Saravana Bhavan Corner,Chennai,0.0
2026-04-04,Idli Vada Combo,Tiffin,3,283.5,90,Swiggy,Card,Payment,Saravana Bhavan Corner,Chennai,0.0
2026-04-04,Medu Vada Chaat,Snacks,1,73.5,70,Swiggy,Card,Payment,Saravana Bhavan Corner,Chennai,0.0
2026-04-04,Veg Thali,Thali,1,189.0,180,Register,Cash,Payment,Saravana Bhavan Corner,Chennai,0.0
2026-04-04,Lemon Rice,Rice,1,105.0,100,Swiggy,Card,Payment,Saravana Bhavan Corner,Chennai,0.0
2026-04-04,Plain Dosa,Dosa,1,73.5,70,Register,UPI,Payment,Saravana Bhavan Corner,Chennai,0.0
2026-04-04,Veg Thali,Thali,2,378.0,180,Register,UPI,Payment,Saravana Bhavan Corner,Chennai,0.0
2026-04-04,Onion Uttapam,Dosa,1,89.25,100,Register,Cash,Payment,Saravana Bhavan Corner,Chennai,0.0
2026-04-04,Filter Coffee,Beverages,1,37.8,40,Register,Cash,Payment,Saravana Bhavan Corner,Chennai,0.0
2026-04-04,Masala Dosa,Dosa,1,94.5,90,Register,Cash,Payment,Saravana Bhavan Corner,Chennai,0.0
2026-04-04,Masala Chai,Beverages,2,73.5,35,Register,UPI,Payment,Saravana Bhavan Corner,Chennai,0.0
2026-04-04,Idli Vada Combo,Tiffin,2,170.1,90,Register,Cash,Payment,Saravana Bhavan Corner,Chennai,0.0
2026-04-04,Mini Tiffin Thali,Thali,3,472.5,150,Register,Cash,Payment,Saravana Bhavan Corner,Chennai,0.0
2026-04-04,Idli Vada Combo,Tiffin,2,189.0,90,Swiggy,UPI,Payment,Saravana Bhavan Corner,Chennai,0.0
2026-04-04,Masala Chai,Beverages,2,73.5,35,Swiggy,UPI,Payment,Saravana Bhavan Corner,Chennai,0.0
2026-04-04,Medu Vada Chaat,Snacks,2,147.0,70,Swiggy,UPI,Payment,Saravana Bhavan Corner,Chennai,0.0
2026-04-04,Vada (2pc),Tiffin,1,52.5,50,Swiggy,UPI,Payment,Saravana Bhavan Corner,Chennai,0.0
2026-04-04,Idli (4pc),Tiffin,1,63.0,60,Swiggy,Card,Payment,Saravana Bhavan Corner,Chennai,0.0
2026-04-04,Rava Dosa,Dosa,1,115.5,110,Swiggy,Card,Payment,Saravana Bhavan Corner,Chennai,0.0
2026-04-04,Vada (2pc),Tiffin,1,52.5,50,Swiggy,UPI,Payment,Saravana Bhavan Corner,Chennai,0.0
2026-04-04,Vada (2pc),Tiffin,1,52.5,50,Register,UPI,Payment,Saravana Bhavan Corner,Chennai,0.0
2026-04-04,Veg Thali,Thali,3,567.0,180,Register,UPI,Payment,Saravana Bhavan Corner,Chennai,0.0
2026-04-04,Masala Dosa,Dosa,1,94.5,90,Swiggy,Card,Payment,Saravana Bhavan Corner,Chennai,0.0
2026-04-04,Filter Coffee,Beverages,1,42.0,40,Register,UPI,Payment,Saravana Bhavan Corner,Chennai,0.0
2026-04-04,Idli (4pc),Tiffin,1,63.0,60,Swiggy,Card,Payment,Saravana Bhavan Corner,Chennai,0.0
2026-04-04,Rava Dosa,Dosa,1,98.17,110,Register,Card,Payment,Saravana Bhavan Corner,Chennai,0.0
2026-04-04,Plain Dosa,Dosa,1,73.5,70,Register,UPI,Payment,Saravana Bhavan Corner,Chennai,0.0
2026-04-04,Medu Vada Chaat,Snacks,1,73.5,70,Register,Card,Payment,Saravana Bhavan Corner,Chennai,0.0
2026-04-04,Pongal,Tiffin,1,84.0,80,Register,UPI,Payment,Saravana Bhavan Corner,Chennai,0.0
2026-04-04,Mysore Bonda,Snacks,2,126.0,60,Swiggy,UPI,Payment,Saravana Bhavan Corner,Chennai,0.0
2026-04-04,Mysore Bonda,Snacks,1,53.55,60,Swiggy,UPI,Payment,Saravana Bhavan Corner,Chennai,0.0
2026-04-04,Plain Dosa,Dosa,2,147.0,70,Register,UPI,Payment,Saravana Bhavan Corner,Chennai,0.0
2026-04-04,Mini Tiffin Thali,Thali,1,157.5,150,Swiggy,UPI,Payment,Saravana Bhavan Corner,Chennai,0.0
2026-04-04,Curd Rice,Rice,1,80.33,90,Register,Cash,Payment,Saravana Bhavan Corner,Chennai,0.0
2026-04-04,Vada (2pc),Tiffin,2,105.0,50,Swiggy,UPI,Payment,Saravana Bhavan Corner,Chennai,0.0
2026-04-05,Vada (2pc),Tiffin,3,157.5,50,Swiggy,Card,Payment,Saravana Bhavan Corner,Chennai,0.0
2026-04-05,Curd Rice,Rice,2,189.0,90,Register,Card,Payment,Saravana Bhavan Corner,Chennai,0.0
2026-04-05,Veg Thali,Thali,1,189.0,180,Register,UPI,Payment,Saravana Bhavan Corner,Chennai,0.0
2026-04-05,Vada (2pc),Tiffin,1,52.5,50,Swiggy,Card,Payment,Saravana Bhavan Corner,Chennai,0.0
2026-04-05,Lemon Rice,Rice,3,315.0,100,Register,Card,Payment,Saravana Bhavan Corner,Chennai,0.0
2026-04-05,Buttermilk,Beverages,2,63.0,30,Swiggy,Card,Payment,Saravana Bhavan Corner,Chennai,0.0
2026-04-05,Sambar Rice,Rice,1,126.0,120,Swiggy,Card,Payment,Saravana Bhavan Corner,Chennai,0.0
2026-04-05,Rasgulla (2pc),Desserts,1,73.5,70,Swiggy,Card,Payment,Saravana Bhavan Corner,Chennai,0.0
2026-04-05,Idli (4pc),Tiffin,1,63.0,60,Swiggy,Card,Payment,Saravana Bhavan Corner,Chennai,0.0
2026-04-05,Rasgulla (2pc),Desserts,1,66.15,70,Register,UPI,Payment,Saravana Bhavan Corner,Chennai,0.0
2026-04-05,Bisi Bele Bath,Rice,1,136.5,130,Register,UPI,Payment,Saravana Bhavan Corner,Chennai,0.0
2026-04-05,Curd Rice,Rice,3,283.5,90,Register,Cash,Payment,Saravana Bhavan Corner,Chennai,0.0
2026-04-05,Masala Chai,Beverages,3,110.25,35,Register,Cash,Payment,Saravana Bhavan Corner,Chennai,0.0
2026-04-05,Sambar Rice,Rice,2,252.0,120,Register,Cash,Payment,Saravana Bhavan Corner,Chennai,0.0
2026-04-05,Rava Dosa,Dosa,2,231.0,110,Swiggy,Card,Payment,Saravana Bhavan Corner,Chennai,0.0
2026-04-05,Filter Coffee,Beverages,2,84.0,40,Register,UPI,Payment,Saravana Bhavan Corner,Chennai,0.0
2026-04-05,Veg Thali,Thali,1,160.65,180,Swiggy,UPI,Payment,Saravana Bhavan Corner,Chennai,0.0
2026-04-05,Mysore Bonda,Snacks,1,63.0,60,Swiggy,UPI,Payment,Saravana Bhavan Corner,Chennai,0.0
2026-04-05,Rava Dosa,Dosa,1,115.5,110,Register,Card,Payment,Saravana Bhavan Corner,Chennai,0.0
2026-04-05,Buttermilk,Beverages,3,94.5,30,Swiggy,Card,Payment,Saravana Bhavan Corner,Chennai,0.0
2026-04-05,Mysore Bonda,Snacks,2,126.0,60,Register,UPI,Payment,Saravana Bhavan Corner,Chennai,0.0
2026-04-05,Plain Dosa,Dosa,1,73.5,70,Register,Card,Payment,Saravana Bhavan Corner,Chennai,0.0
2026-04-05,Veg Thali,Thali,1,189.0,180,Swiggy,Card,Payment,Saravana Bhavan Corner,Chennai,0.0
2026-04-05,Filter Coffee,Beverages,1,42.0,40,Register,Card,Payment,Saravana Bhavan Corner,Chennai,0.0
2026-04-05,Plain Dosa,Dosa,1,73.5,70,Register,Cash,Payment,Saravana Bhavan Corner,Chennai,0.0
2026-04-05,Sambar Rice,Rice,1,126.0,120,Register,Cash,Payment,Saravana Bhavan Corner,Chennai,0.0
2026-04-05,Idli (4pc),Tiffin,1,63.0,60,Register,Cash,Payment,Saravana Bhavan Corner,Chennai,0.0
2026-04-05,Filter Coffee,Beverages,1,42.0,40,Register,Cash,Payment,Saravana Bhavan Corner,Chennai,0.0
2026-04-05,Medu Vada Chaat,Snacks,1,73.5,70,Register,Cash,Payment,Saravana Bhavan Corner,Chennai,0.0
2026-04-05,Buttermilk,Beverages,1,31.5,30,Register,UPI,Payment,Saravana Bhavan Corner,Chennai,0.0
2026-04-05,Vada (2pc),Tiffin,2,105.0,50,Register,UPI,Payment,Saravana Bhavan Corner,Chennai,0.0
2026-04-05,Onion Uttapam,Dosa,2,210.0,100,Register,UPI,Payment,Saravana Bhavan Corner,Chennai,0.0
2026-04-05,Plain Dosa,Dosa,1,73.5,70,Swiggy,Card,Payment,Saravana Bhavan Corner,Chennai,0.0
2026-04-05,Buttermilk,Beverages,2,63.0,30,Register,Card,Payment,Saravana Bhavan Corner,Chennai,0.0
2026-04-05,Curd Rice,Rice,2,189.0,90,Swiggy,Card,Payment,Saravana Bhavan Corner,Chennai,0.0
2026-04-05,Vada (2pc),Tiffin,1,52.5,50,Register,Card,Payment,Saravana Bhavan Corner,Chennai,0.0
2026-04-05,Idli (4pc),Tiffin,1,56.7,60,Register,UPI,Payment,Saravana Bhavan Corner,Chennai,0.0
2026-04-05,Filter Coffee,Beverages,1,42.0,40,Swiggy,Card,Payment,Saravana Bhavan Corner,Chennai,0.0
2026-04-05,Masala Chai,Beverages,1,36.75,35,Swiggy,Card,Payment,Saravana Bhavan Corner,Chennai,0.0
2026-04-05,Idli (4pc),Tiffin,1,63.0,60,Register,Cash,Payment,Saravana Bhavan Corner,Chennai,0.0
2026-04-05,Sambar Rice,Rice,2,252.0,120,Swiggy,UPI,Payment,Saravana Bhavan Corner,Chennai,0.0
2026-04-05,Plain Dosa,Dosa,1,62.48,70,Swiggy,Card,Payment,Saravana Bhavan Corner,Chennai,0.0
2026-04-05,Filter Coffee,Beverages,1,42.0,40,Swiggy,Card,Payment,Saravana Bhavan Corner,Chennai,0.0
2026-04-05,Sambar Rice,Rice,2,252.0,120,Swiggy,Card,Payment,Saravana Bhavan Corner,Chennai,0.0
2026-04-05,Curd Rice,Rice,1,94.5,90,Register,Card,Payment,Saravana Bhavan Corner,Chennai,0.0
2026-04-05,Masala Chai,Beverages,3,110.25,35,Swiggy,UPI,Payment,Saravana Bhavan Corner,Chennai,0.0
2026-04-05,Rasgulla (2pc),Desserts,1,73.5,70,Swiggy,Card,Payment,Saravana Bhavan Corner,Chennai,0.0
2026-04-05,Plain Dosa,Dosa,1,73.5,70,Swiggy,UPI,Payment,Saravana Bhavan Corner,Chennai,0.0
2026-04-05,Masala Dosa,Dosa,1,94.5,90,Swiggy,UPI,Payment,Saravana Bhavan Corner,Chennai,0.0
2026-04-05,Sambar Rice,Rice,1,126.0,120,Swiggy,UPI,Payment,Saravana Bhavan Corner,Chennai,0.0
2026-04-05,Rava Dosa,Dosa,2,231.0,110,Swiggy,UPI,Payment,Saravana Bhavan Corner,Chennai,0.0
2026-04-05,Masala Chai,Beverages,1,33.08,35,Register,Cash,Payment,Saravana Bhavan Corner,Chennai,0.0
2026-04-05,Masala Chai,Beverages,1,36.75,35,Register,Cash,Payment,Saravana Bhavan Corner,Chennai,0.0
2026-04-05,Rava Dosa,Dosa,1,103.95,110,Swiggy,UPI,Payment,Saravana Bhavan Corner,Chennai,0.0
2026-04-05,Mysore Bonda,Snacks,3,189.0,60,Swiggy,UPI,Payment,Saravana Bhavan Corner,Chennai,0.0
2026-04-05,Rava Dosa,Dosa,1,115.5,110,Swiggy,UPI,Payment,Saravana Bhavan Corner,Chennai,0.0
2026-04-05,Buttermilk,Beverages,1,31.5,30,Swiggy,UPI,Payment,Saravana Bhavan Corner,Chennai,0.0
2026-04-05,Masala Dosa,Dosa,1,94.5,90,Register,Cash,Payment,Saravana Bhavan Corner,Chennai,0.0
2026-04-05,Mysore Bonda,Snacks,2,126.0,60,Swiggy,Card,Payment,Saravana Bhavan Corner,Chennai,0.0
2026-04-05,Filter Coffee,Beverages,2,84.0,40,Swiggy,UPI,Payment,Saravana Bhavan Corner,Chennai,0.0
2026-04-05,Idli Vada Combo,Tiffin,2,170.1,90,Register,Card,Payment,Saravana Bhavan Corner,Chennai,0.0
2026-04-05,Lemon Rice,Rice,1,105.0,100,Register,Card,Payment,Saravana Bhavan Corner,Chennai,0.0
2026-04-05,Plain Dosa,Dosa,1,73.5,70,Register,Card,Payment,Saravana Bhavan Corner,Chennai,0.0
2026-04-05,Buttermilk,Beverages,1,31.5,30,Register,Card,Payment,Saravana Bhavan Corner,Chennai,0.0
2026-04-05,Filter Coffee,Beverages,3,113.4,40,Register,Card,Payment,Saravana Bhavan Corner,Chennai,0.0
2026-04-05,Buttermilk,Beverages,1,31.5,30,Register,Card,Payment,Saravana Bhavan Corner,Chennai,0.0
2026-04-05,Lemon Rice,Rice,2,210.0,100,Register,Cash,Payment,Saravana Bhavan Corner,Chennai,0.0
2026-04-05,Vada (2pc),Tiffin,1,52.5,50,Swiggy,UPI,Payment,Saravana Bhavan Corner,Chennai,0.0
2026-04-05,Rasgulla (2pc),Desserts,2,147.0,70,Swiggy,Card,Payment,Saravana Bhavan Corner,Chennai,0.0
2026-04-05,Mini Tiffin Thali,Thali,1,157.5,150,Swiggy,UPI,Payment,Saravana Bhavan Corner,Chennai,0.0
2026-04-05,Masala Chai,Beverages,1,36.75,35,Register,Card,Payment,Saravana Bhavan Corner,Chennai,0.0
2026-04-05,Curd Rice,Rice,2,189.0,90,Swiggy,UPI,Payment,Saravana Bhavan Corner,Chennai,0.0
2026-04-05,Filter Coffee,Beverages,1,37.8,40,Swiggy,UPI,Payment,Saravana Bhavan Corner,Chennai,0.0
2026-04-05,Filter Coffee,Beverages,2,84.0,40,Swiggy,UPI,Payment,Saravana Bhavan Corner,Chennai,0.0
2026-04-05,Bisi Bele Bath,Rice,1,136.5,130,Swiggy,UPI,Payment,Saravana Bhavan Corner,Chennai,0.0
2026-04-05,Masala Dosa,Dosa,1,94.5,90,Swiggy,UPI,Payment,Saravana Bhavan Corner,Chennai,0.0
2026-04-05,Veg Thali,Thali,2,378.0,180,Register,Card,Payment,Saravana Bhavan Corner,Chennai,0.0
2026-04-05,Filter Coffee,Beverages,1,42.0,40,Register,Card,Payment,Saravana Bhavan Corner,Chennai,0.0
2026-04-05,Mysore Bonda,Snacks,3,189.0,60,Register,Card,Payment,Saravana Bhavan Corner,Chennai,0.0
2026-04-05,Curd Rice,Rice,1,94.5,90,Register,Card,Payment,Saravana Bhavan Corner,Chennai,0.0
2026-04-05,Plain Dosa,Dosa,2,147.0,70,Register,UPI,Payment,Saravana Bhavan Corner,Chennai,0.0
2026-04-05,Vada (2pc),Tiffin,1,52.5,50,Register,UPI,Payment,Saravana Bhavan Corner,Chennai,0.0
2026-04-05,Bisi Bele Bath,Rice,1,136.5,130,Swiggy,UPI,Payment,Saravana Bhavan Corner,Chennai,0.0
2026-04-05,Idli (4pc),Tiffin,2,126.0,60,Swiggy,UPI,Payment,Saravana Bhavan Corner,Chennai,0.0
2026-04-05,Masala Dosa,Dosa,1,94.5,90,Swiggy,Card,Payment,Saravana Bhavan Corner,Chennai,0.0
2026-04-05,Plain Dosa,Dosa,1,73.5,70,Swiggy,UPI,Payment,Saravana Bhavan Corner,Chennai,0.0
2026-04-05,Mini Tiffin Thali,Thali,1,157.5,150,Register,Cash,Payment,Saravana Bhavan Corner,Chennai,0.0
2026-04-05,Pongal,Tiffin,1,84.0,80,Register,Cash,Payment,Saravana Bhavan Corner,Chennai,0.0
2026-04-05,Lemon Rice,Rice,2,210.0,100,Register,Cash,Payment,Saravana Bhavan Corner,Chennai,0.0
2026-04-05,Rava Dosa,Dosa,1,115.5,110,Register,Card,Payment,Saravana Bhavan Corner,Chennai,0.0
2026-04-05,Plain Dosa,Dosa,1,62.48,70,Register,Card,Payment,Saravana Bhavan Corner,Chennai,0.0
2026-04-05,Filter Coffee,Beverages,1,42.0,40,Swiggy,Card,Payment,Saravana Bhavan Corner,Chennai,0.0
2026-04-05,Pongal,Tiffin,2,142.8,80,Register,Cash,Payment,Saravana Bhavan Corner,Chennai,0.0
2026-04-05,Lemon Rice,Rice,1,105.0,100,Swiggy,UPI,Payment,Saravana Bhavan Corner,Chennai,0.0
2026-04-06,Idli (4pc),Tiffin,1,63.0,60,Swiggy,Card,Payment,Saravana Bhavan Corner,Chennai,0.0
2026-04-06,Lemon Rice,Rice,2,189.0,100,Swiggy,Card,Payment,Saravana Bhavan Corner,Chennai,0.0
2026-04-06,Plain Dosa,Dosa,1,66.15,70,Register,Card,Payment,Saravana Bhavan Corner,Chennai,0.0
2026-04-06,Filter Coffee,Beverages,1,42.0,40,Register,Card,Payment,Saravana Bhavan Corner,Chennai,0.0
2026-04-06,Rava Dosa,Dosa,3,311.85,110,Register,Card,Payment,Saravana Bhavan Corner,Chennai,0.0
2026-04-06,Rasgulla (2pc),Desserts,1,73.5,70,Register,Card,Payment,Saravana Bhavan Corner,Chennai,0.0
2026-04-06,Curd Rice,Rice,1,94.5,90,Register,Card,Payment,Saravana Bhavan Corner,Chennai,0.0
2026-04-06,Mini Tiffin Thali,Thali,1,157.5,150,Register,Card,Payment,Saravana Bhavan Corner,Chennai,0.0
2026-04-06,Sambar Rice,Rice,1,126.0,120,Register,Cash,Payment,Saravana Bhavan Corner,Chennai,0.0
2026-04-06,Sambar Rice,Rice,2,252.0,120,Register,Cash,Payment,Saravana Bhavan Corner,Chennai,0.0
2026-04-06,Filter Coffee,Beverages,1,37.8,40,Register,Cash,Payment,Saravana Bhavan Corner,Chennai,0.0
2026-04-06,Idli (4pc),Tiffin,2,126.0,60,Register,UPI,Payment,Saravana Bhavan Corner,Chennai,0.0
2026-04-06,Vada (2pc),Tiffin,1,52.5,50,Register,UPI,Payment,Saravana Bhavan Corner,Chennai,0.0
2026-04-06,Idli (4pc),Tiffin,1,63.0,60,Register,UPI,Payment,Saravana Bhavan Corner,Chennai,0.0
2026-04-06,Vada (2pc),Tiffin,1,47.25,50,Swiggy,Card,Payment,Saravana Bhavan Corner,Chennai,0.0
2026-04-06,Rava Dosa,Dosa,1,103.95,110,Register,UPI,Payment,Saravana Bhavan Corner,Chennai,0.0
2026-04-06,Idli Vada Combo,Tiffin,1,94.5,90,Register,UPI,Payment,Saravana Bhavan Corner,Chennai,0.0
2026-04-06,Lemon Rice,Rice,1,105.0,100,Register,Cash,Payment,Saravana Bhavan Corner,Chennai,0.0
2026-04-06,Mini Tiffin Thali,Thali,2,315.0,150,Register,UPI,Payment,Saravana Bhavan Corner,Chennai,0.0
2026-04-06,Plain Dosa,Dosa,2,132.3,70,Register,UPI,Payment,Saravana Bhavan Corner,Chennai,0.0
2026-04-06,Veg Thali,Thali,1,189.0,180,Register,UPI,Payment,Saravana Bhavan Corner,Chennai,0.0
2026-04-06,Rava Dosa,Dosa,1,115.5,110,Register,UPI,Payment,Saravana Bhavan Corner,Chennai,0.0
2026-04-06,Vada (2pc),Tiffin,1,52.5,50,Swiggy,Card,Payment,Saravana Bhavan Corner,Chennai,0.0
2026-04-06,Veg Thali,Thali,2,378.0,180,Register,UPI,Payment,Saravana Bhavan Corner,Chennai,0.0
2026-04-06,Idli Vada Combo,Tiffin,2,189.0,90,Register,Cash,Payment,Saravana Bhavan Corner,Chennai,0.0
2026-04-06,Rava Dosa,Dosa,1,103.95,110,Register,Card,Payment,Saravana Bhavan Corner,Chennai,0.0
2026-04-06,Idli (4pc),Tiffin,3,170.1,60,Register,UPI,Payment,Saravana Bhavan Corner,Chennai,0.0
2026-04-06,Masala Dosa,Dosa,2,170.1,90,Register,UPI,Payment,Saravana Bhavan Corner,Chennai,0.0
2026-04-06,Plain Dosa,Dosa,1,73.5,70,Swiggy,Card,Payment,Saravana Bhavan Corner,Chennai,0.0
2026-04-06,Rava Dosa,Dosa,1,115.5,110,Register,UPI,Payment,Saravana Bhavan Corner,Chennai,0.0
2026-04-06,Filter Coffee,Beverages,1,42.0,40,Swiggy,Card,Payment,Saravana Bhavan Corner,Chennai,0.0
2026-04-06,Sambar Rice,Rice,3,378.0,120,Register,UPI,Payment,Saravana Bhavan Corner,Chennai,0.0
2026-04-06,Masala Dosa,Dosa,1,94.5,90,Register,UPI,Payment,Saravana Bhavan Corner,Chennai,0.0
2026-04-06,Idli (4pc),Tiffin,2,126.0,60,Register,Card,Payment,Saravana Bhavan Corner,Chennai,0.0
2026-04-06,Plain Dosa,Dosa,1,66.15,70,Register,Card,Payment,Saravana Bhavan Corner,Chennai,0.0
2026-04-06,Idli (4pc),Tiffin,1,63.0,60,Register,Card,Payment,Saravana Bhavan Corner,Chennai,0.0
2026-04-06,Buttermilk,Beverages,2,63.0,30,Register,Card,Payment,Saravana Bhavan Corner,Chennai,0.0
2026-04-06,Buttermilk,Beverages,1,31.5,30,Register,Card,Payment,Saravana Bhavan Corner,Chennai,0.0
2026-04-06,Vada (2pc),Tiffin,1,52.5,50,Register,Card,Payment,Saravana Bhavan Corner,Chennai,0.0
2026-04-06,Rava Dosa,Dosa,2,231.0,110,Register,Cash,Payment,Saravana Bhavan Corner,Chennai,0.0
2026-04-06,Veg Thali,Thali,1,189.0,180,Swiggy,Card,Payment,Saravana Bhavan Corner,Chennai,0.0
2026-04-06,Rava Dosa,Dosa,1,115.5,110,Register,Card,Payment,Saravana Bhavan Corner,Chennai,0.0
2026-04-06,Mysore Bonda,Snacks,1,56.7,60,Register,UPI,Payment,Saravana Bhavan Corner,Chennai,0.0
2026-04-06,Sambar Rice,Rice,1,126.0,120,Swiggy,Card,Payment,Saravana Bhavan Corner,Chennai,0.0
2026-04-06,Sambar Rice,Rice,1,126.0,120,Swiggy,Card,Payment,Saravana Bhavan Corner,Chennai,0.0
2026-04-06,Curd Rice,Rice,1,85.05,90,Register,Cash,Payment,Saravana Bhavan Corner,Chennai,0.0
2026-04-06,Filter Coffee,Beverages,1,42.0,40,Register,Cash,Payment,Saravana Bhavan Corner,Chennai,0.0
2026-04-06,Rasgulla (2pc),Desserts,1,73.5,70,Register,Cash,Payment,Saravana Bhavan Corner,Chennai,0.0
2026-04-06,Rava Dosa,Dosa,1,115.5,110,Register,Cash,Payment,Saravana Bhavan Corner,Chennai,0.0
2026-04-06,Masala Chai,Beverages,1,36.75,35,Register,Cash,Payment,Saravana Bhavan Corner,Chennai,0.0
2026-04-06,Mysore Bonda,Snacks,1,63.0,60,Register,Cash,Payment,Saravana Bhavan Corner,Chennai,0.0
2026-04-06,Bulk Catering Order,Uncategorized,1,2835.0,3000,Register,Cash,Payment,Saravana Bhavan Corner,Chennai,0.0
2026-04-06,Idli (4pc),Tiffin,1,63.0,60,Swiggy,Card,Payment,Saravana Bhavan Corner,Chennai,0.0
2026-04-06,Idli Vada Combo,Tiffin,1,94.5,90,Swiggy,UPI,Payment,Saravana Bhavan Corner,Chennai,0.0
2026-04-06,Sambar Rice,Rice,1,113.4,120,Swiggy,UPI,Payment,Saravana Bhavan Corner,Chennai,0.0
2026-04-06,Filter Coffee,Beverages,1,42.0,40,Swiggy,UPI,Payment,Saravana Bhavan Corner,Chennai,0.0
2026-04-06,Idli (4pc),Tiffin,2,126.0,60,Swiggy,Card,Payment,Saravana Bhavan Corner,Chennai,0.0
2026-04-06,Masala Chai,Beverages,1,36.75,35,Register,UPI,Payment,Saravana Bhavan Corner,Chennai,0.0
2026-04-06,Masala Dosa,Dosa,3,283.5,90,Swiggy,Card,Payment,Saravana Bhavan Corner,Chennai,0.0
2026-04-06,Rava Dosa,Dosa,1,115.5,110,Swiggy,Card,Payment,Saravana Bhavan Corner,Chennai,0.0
2026-04-06,Sambar Rice,Rice,1,113.4,120,Swiggy,Card,Payment,Saravana Bhavan Corner,Chennai,0.0
2026-04-06,Mysore Bonda,Snacks,1,56.7,60,Swiggy,Card,Payment,Saravana Bhavan Corner,Chennai,0.0
2026-04-06,Buttermilk,Beverages,1,28.35,30,Swiggy,Card,Payment,Saravana Bhavan Corner,Chennai,0.0
2026-04-06,Bisi Bele Bath,Rice,1,136.5,130,Swiggy,Card,Payment,Saravana Bhavan Corner,Chennai,0.0
2026-04-06,Idli (4pc),Tiffin,1,53.55,60,Swiggy,Card,Payment,Saravana Bhavan Corner,Chennai,0.0
2026-04-06,Buttermilk,Beverages,3,94.5,30,Register,UPI,Payment,Saravana Bhavan Corner,Chennai,0.0
2026-04-06,Buttermilk,Beverages,1,31.5,30,Swiggy,UPI,Payment,Saravana Bhavan Corner,Chennai,0.0
2026-04-06,Masala Chai,Beverages,1,36.75,35,Swiggy,UPI,Payment,Saravana Bhavan Corner,Chennai,0.0
2026-04-06,Plain Dosa,Dosa,1,73.5,70,Swiggy,Card,Payment,Saravana Bhavan Corner,Chennai,0.0
2026-04-06,Plain Dosa,Dosa,2,147.0,70,Swiggy,Card,Payment,Saravana Bhavan Corner,Chennai,0.0
2026-04-06,Onion Uttapam,Dosa,2,210.0,100,Swiggy,Card,Payment,Saravana Bhavan Corner,Chennai,0.0
2026-04-06,Masala Dosa,Dosa,1,94.5,90,Swiggy,Card,Payment,Saravana Bhavan Corner,Chennai,0.0
2026-04-06,Lemon Rice,Rice,1,105.0,100,Register,Card,Payment,Saravana Bhavan Corner,Chennai,0.0
2026-04-06,Curd Rice,Rice,2,189.0,90,Swiggy,UPI,Payment,Saravana Bhavan Corner,Chennai,0.0
2026-04-06,Masala Chai,Beverages,1,36.75,35,Swiggy,UPI,Payment,Saravana Bhavan Corner,Chennai,0.0
2026-04-06,Lemon Rice,Rice,1,105.0,100,Register,Cash,Payment,Saravana Bhavan Corner,Chennai,0.0
2026-04-06,Sambar Rice,Rice,1,126.0,120,Register,Cash,Payment,Saravana Bhavan Corner,Chennai,0.0
2026-04-06,Idli (4pc),Tiffin,2,126.0,60,Swiggy,UPI,Payment,Saravana Bhavan Corner,Chennai,0.0
2026-04-06,Bisi Bele Bath,Rice,2,273.0,130,Swiggy,UPI,Payment,Saravana Bhavan Corner,Chennai,0.0
2026-04-06,Buttermilk,Beverages,1,31.5,30,Swiggy,UPI,Payment,Saravana Bhavan Corner,Chennai,0.0
2026-04-06,Onion Uttapam,Dosa,1,105.0,100,Swiggy,Card,Payment,Saravana Bhavan Corner,Chennai,0.0
2026-04-06,Filter Coffee,Beverages,2,84.0,40,Register,Card,Payment,Saravana Bhavan Corner,Chennai,0.0
2026-04-06,Filter Coffee,Beverages,2,84.0,40,Swiggy,Card,Payment,Saravana Bhavan Corner,Chennai,0.0
2026-04-07,Vada (2pc),Tiffin,1,52.5,50,Register,Cash,Payment,Saravana Bhavan Corner,Chennai,0.0
2026-04-07,Medu Vada Chaat,Snacks,1,73.5,70,Register,Cash,Payment,Saravana Bhavan Corner,Chennai,0.0
2026-04-07,Sambar Rice,Rice,2,252.0,120,Register,UPI,Payment,Saravana Bhavan Corner,Chennai,0.0
2026-04-07,Sambar Rice,Rice,1,126.0,120,Register,UPI,Payment,Saravana Bhavan Corner,Chennai,0.0
2026-04-07,Masala Chai,Beverages,2,73.5,35,Register,UPI,Payment,Saravana Bhavan Corner,Chennai,0.0
2026-04-07,Veg Thali,Thali,1,189.0,180,Register,UPI,Payment,Saravana Bhavan Corner,Chennai,0.0
2026-04-07,Plain Dosa,Dosa,1,73.5,70,Swiggy,UPI,Payment,Saravana Bhavan Corner,Chennai,0.0
2026-04-07,Buttermilk,Beverages,1,31.5,30,Swiggy,UPI,Payment,Saravana Bhavan Corner,Chennai,0.0
2026-04-07,Filter Coffee,Beverages,1,42.0,40,Swiggy,UPI,Payment,Saravana Bhavan Corner,Chennai,0.0
2026-04-07,Filter Coffee,Beverages,1,42.0,40,Swiggy,Card,Payment,Saravana Bhavan Corner,Chennai,0.0
2026-04-07,Filter Coffee,Beverages,1,42.0,40,Swiggy,Card,Payment,Saravana Bhavan Corner,Chennai,0.0
2026-04-07,Bisi Bele Bath,Rice,1,136.5,130,Swiggy,Card,Payment,Saravana Bhavan Corner,Chennai,0.0
2026-04-07,Plain Dosa,Dosa,1,73.5,70,Register,Card,Payment,Saravana Bhavan Corner,Chennai,0.0
2026-04-07,Masala Chai,Beverages,2,73.5,35,Swiggy,UPI,Payment,Saravana Bhavan Corner,Chennai,0.0
2026-04-07,Filter Coffee,Beverages,2,84.0,40,Register,UPI,Payment,Saravana Bhavan Corner,Chennai,0.0
2026-04-07,Rasgulla (2pc),Desserts,2,147.0,70,Swiggy,UPI,Payment,Saravana Bhavan Corner,Chennai,0.0
2026-04-07,Filter Coffee,Beverages,-2,-75.6,40,Register,Card,Refund,Saravana Bhavan Corner,Chennai,0.0
2026-04-07,Mini Tiffin Thali,Thali,1,157.5,150,Swiggy,Card,Payment,Saravana Bhavan Corner,Chennai,0.0
2026-04-07,Sambar Rice,Rice,3,378.0,120,Swiggy,UPI,Payment,Saravana Bhavan Corner,Chennai,0.0
2026-04-07,Rava Dosa,Dosa,1,115.5,110,Swiggy,UPI,Payment,Saravana Bhavan Corner,Chennai,0.0
2026-04-07,Mysore Bonda,Snacks,1,63.0,60,Swiggy,UPI,Payment,Saravana Bhavan Corner,Chennai,0.0
2026-04-07,Masala Dosa,Dosa,2,189.0,90,Swiggy,UPI,Payment,Saravana Bhavan Corner,Chennai,0.0
2026-04-07,Veg Thali,Thali,1,170.1,180,Swiggy,UPI,Payment,Saravana Bhavan Corner,Chennai,0.0
2026-04-07,Rava Dosa,Dosa,1,115.5,110,Register,UPI,Payment,Saravana Bhavan Corner,Chennai,0.0
2026-04-07,Sambar Rice,Rice,1,126.0,120,Register,UPI,Payment,Saravana Bhavan Corner,Chennai,0.0
2026-04-07,Mysore Bonda,Snacks,1,63.0,60,Register,UPI,Payment,Saravana Bhavan Corner,Chennai,0.0
2026-04-07,Rasgulla (2pc),Desserts,1,73.5,70,Swiggy,Card,Payment,Saravana Bhavan Corner,Chennai,0.0
2026-04-07,Masala Dosa,Dosa,2,160.65,90,Swiggy,Card,Payment,Saravana Bhavan Corner,Chennai,0.0
2026-04-07,Medu Vada Chaat,Snacks,1,73.5,70,Swiggy,Card,Payment,Saravana Bhavan Corner,Chennai,0.0
2026-04-07,Sambar Rice,Rice,1,126.0,120,Swiggy,Card,Payment,Saravana Bhavan Corner,Chennai,0.0
2026-04-07,Mini Tiffin Thali,Thali,1,157.5,150,Register,UPI,Payment,Saravana Bhavan Corner,Chennai,0.0
2026-04-07,Plain Dosa,Dosa,1,73.5,70,Register,UPI,Payment,Saravana Bhavan Corner,Chennai,0.0
2026-04-07,Onion Uttapam,Dosa,3,315.0,100,Swiggy,Card,Payment,Saravana Bhavan Corner,Chennai,0.0
2026-04-07,Curd Rice,Rice,2,189.0,90,Swiggy,Card,Payment,Saravana Bhavan Corner,Chennai,0.0
2026-04-07,Curd Rice,Rice,2,189.0,90,Register,Card,Payment,Saravana Bhavan Corner,Chennai,0.0
2026-04-07,Vada (2pc),Tiffin,1,52.5,50,Register,UPI,Payment,Saravana Bhavan Corner,Chennai,0.0
2026-04-07,Masala Chai,Beverages,3,93.71,35,Register,Card,Payment,Saravana Bhavan Corner,Chennai,0.0
2026-04-07,Veg Thali,Thali,1,189.0,180,Register,Cash,Payment,Saravana Bhavan Corner,Chennai,0.0
2026-04-07,Mysore Bonda,Snacks,1,63.0,60,Register,Cash,Payment,Saravana Bhavan Corner,Chennai,0.0
2026-04-07,Buttermilk,Beverages,1,26.78,30,Swiggy,UPI,Payment,Saravana Bhavan Corner,Chennai,0.0
2026-04-07,Veg Thali,Thali,1,160.65,180,Swiggy,UPI,Payment,Saravana Bhavan Corner,Chennai,0.0
2026-04-07,Vada (2pc),Tiffin,1,52.5,50,Swiggy,UPI,Payment,Saravana Bhavan Corner,Chennai,0.0
2026-04-07,Pongal,Tiffin,1,84.0,80,Register,Cash,Payment,Saravana Bhavan Corner,Chennai,0.0
2026-04-07,Buttermilk,Beverages,1,31.5,30,Register,Cash,Payment,Saravana Bhavan Corner,Chennai,0.0
2026-04-07,Lemon Rice,Rice,1,105.0,100,Register,Cash,Payment,Saravana Bhavan Corner,Chennai,0.0
2026-04-07,Bisi Bele Bath,Rice,2,273.0,130,Register,Card,Payment,Saravana Bhavan Corner,Chennai,0.0
2026-04-07,Masala Chai,Beverages,3,110.25,35,Register,Card,Payment,Saravana Bhavan Corner,Chennai,0.0
2026-04-07,Onion Uttapam,Dosa,3,315.0,100,Register,Card,Payment,Saravana Bhavan Corner,Chennai,0.0
2026-04-07,Filter Coffee,Beverages,2,75.6,40,Register,Card,Payment,Saravana Bhavan Corner,Chennai,0.0
2026-04-07,Lemon Rice,Rice,1,105.0,100,Swiggy,UPI,Payment,Saravana Bhavan Corner,Chennai,0.0
2026-04-07,Filter Coffee,Beverages,1,37.8,40,Register,UPI,Payment,Saravana Bhavan Corner,Chennai,0.0
2026-04-07,Masala Dosa,Dosa,1,94.5,90,Register,Cash,Payment,Saravana Bhavan Corner,Chennai,0.0
2026-04-07,Veg Thali,Thali,1,160.65,180,Swiggy,UPI,Payment,Saravana Bhavan Corner,Chennai,0.0
2026-04-07,Idli (4pc),Tiffin,2,126.0,60,Register,UPI,Payment,Saravana Bhavan Corner,Chennai,0.0
2026-04-07,Filter Coffee,Beverages,2,84.0,40,Register,Cash,Payment,Saravana Bhavan Corner,Chennai,0.0
2026-04-07,Medu Vada Chaat,Snacks,1,73.5,70,Register,UPI,Payment,Saravana Bhavan Corner,Chennai,0.0
2026-04-07,Rava Dosa,Dosa,2,231.0,110,Register,UPI,Payment,Saravana Bhavan Corner,Chennai,0.0
2026-04-07,Pongal,Tiffin,2,168.0,80,Register,Cash,Payment,Saravana Bhavan Corner,Chennai,0.0
2026-04-07,Veg Thali,Thali,1,189.0,180,Swiggy,Card,Payment,Saravana Bhavan Corner,Chennai,0.0
2026-04-07,Curd Rice,Rice,2,189.0,90,Swiggy,Card,Payment,Saravana Bhavan Corner,Chennai,0.0
2026-04-07,Lemon Rice,Rice,2,210.0,100,Register,Cash,Payment,Saravana Bhavan Corner,Chennai,0.0
2026-04-07,Idli Vada Combo,Tiffin,2,189.0,90,Swiggy,UPI,Payment,Saravana Bhavan Corner,Chennai,0.0
2026-04-07,Bisi Bele Bath,Rice,1,136.5,130,Swiggy,Card,Payment,Saravana Bhavan Corner,Chennai,0.0
2026-04-07,Medu Vada Chaat,Snacks,2,147.0,70,Register,Card,Payment,Saravana Bhavan Corner,Chennai,0.0
2026-04-07,Sambar Rice,Rice,1,126.0,120,Register,Card,Payment,Saravana Bhavan Corner,Chennai,0.0
2026-04-07,Veg Thali,Thali,1,189.0,180,Register,Card,Payment,Saravana Bhavan Corner,Chennai,0.0
2026-04-07,Vada (2pc),Tiffin,2,105.0,50,Register,Cash,Payment,Saravana Bhavan Corner,Chennai,0.0
2026-04-07,Mysore Bonda,Snacks,1,63.0,60,Register,Cash,Payment,Saravana Bhavan Corner,Chennai,0.0
2026-04-07,Filter Coffee,Beverages,2,84.0,40,Register,Cash,Payment,Saravana Bhavan Corner,Chennai,0.0
2026-04-07,Mysore Bonda,Snacks,2,126.0,60,Swiggy,Card,Payment,Saravana Bhavan Corner,Chennai,0.0
2026-04-07,Filter Coffee,Beverages,1,42.0,40,Register,UPI,Payment,Saravana Bhavan Corner,Chennai,0.0
2026-04-08,Veg Thali,Thali,2,378.0,180,Register,Card,Payment,Saravana Bhavan Corner,Chennai,0.0
2026-04-08,Curd Rice,Rice,2,189.0,90,Register,Card,Payment,Saravana Bhavan Corner,Chennai,0.0
2026-04-08,Plain Dosa,Dosa,1,66.15,70,Swiggy,Card,Payment,Saravana Bhavan Corner,Chennai,0.0
2026-04-08,Idli Vada Combo,Tiffin,2,189.0,90,Register,Cash,Payment,Saravana Bhavan Corner,Chennai,0.0
2026-04-08,Idli (4pc),Tiffin,1,63.0,60,Register,Cash,Payment,Saravana Bhavan Corner,Chennai,0.0
2026-04-08,Masala Dosa,Dosa,1,94.5,90,Register,Cash,Payment,Saravana Bhavan Corner,Chennai,0.0
2026-04-08,Masala Dosa,Dosa,2,189.0,90,Register,Card,Payment,Saravana Bhavan Corner,Chennai,0.0
2026-04-08,Pongal,Tiffin,2,168.0,80,Register,UPI,Payment,Saravana Bhavan Corner,Chennai,0.0
2026-04-08,Idli Vada Combo,Tiffin,1,94.5,90,Register,UPI,Payment,Saravana Bhavan Corner,Chennai,0.0
2026-04-08,Idli Vada Combo,Tiffin,2,189.0,90,Register,UPI,Payment,Saravana Bhavan Corner,Chennai,0.0
2026-04-08,Sambar Rice,Rice,1,126.0,120,Register,UPI,Payment,Saravana Bhavan Corner,Chennai,0.0
2026-04-08,Veg Thali,Thali,2,321.3,180,Register,UPI,Payment,Saravana Bhavan Corner,Chennai,0.0
2026-04-08,Rasgulla (2pc),Desserts,1,62.48,70,Register,Card,Payment,Saravana Bhavan Corner,Chennai,0.0
2026-04-08,Idli (4pc),Tiffin,1,63.0,60,Register,Card,Payment,Saravana Bhavan Corner,Chennai,0.0
2026-04-08,Veg Thali,Thali,1,189.0,180,Register,UPI,Payment,Saravana Bhavan Corner,Chennai,0.0
2026-04-08,Masala Dosa,Dosa,1,94.5,90,Register,Cash,Payment,Saravana Bhavan Corner,Chennai,0.0
2026-04-08,Rasgulla (2pc),Desserts,2,147.0,70,Register,UPI,Payment,Saravana Bhavan Corner,Chennai,0.0
2026-04-08,Lemon Rice,Rice,1,105.0,100,Register,Card,Payment,Saravana Bhavan Corner,Chennai,0.0
2026-04-08,Onion Uttapam,Dosa,2,210.0,100,Register,Card,Payment,Saravana Bhavan Corner,Chennai,0.0
2026-04-08,Plain Dosa,Dosa,1,73.5,70,Register,UPI,Payment,Saravana Bhavan Corner,Chennai,0.0
2026-04-08,Sambar Rice,Rice,1,126.0,120,Register,UPI,Payment,Saravana Bhavan Corner,Chennai,0.0
2026-04-08,Sambar Rice,Rice,1,126.0,120,Register,UPI,Payment,Saravana Bhavan Corner,Chennai,0.0
2026-04-08,Masala Chai,Beverages,1,36.75,35,Register,UPI,Payment,Saravana Bhavan Corner,Chennai,0.0
2026-04-08,Curd Rice,Rice,1,94.5,90,Register,Cash,Payment,Saravana Bhavan Corner,Chennai,0.0
2026-04-08,Filter Coffee,Beverages,1,42.0,40,Register,Cash,Payment,Saravana Bhavan Corner,Chennai,0.0
2026-04-08,Masala Chai,Beverages,1,36.75,35,Register,Cash,Payment,Saravana Bhavan Corner,Chennai,0.0
2026-04-08,Mini Tiffin Thali,Thali,1,157.5,150,Register,Cash,Payment,Saravana Bhavan Corner,Chennai,0.0
2026-04-08,Medu Vada Chaat,Snacks,1,73.5,70,Register,UPI,Payment,Saravana Bhavan Corner,Chennai,0.0
2026-04-08,Onion Uttapam,Dosa,2,210.0,100,Register,UPI,Payment,Saravana Bhavan Corner,Chennai,0.0
2026-04-08,Masala Chai,Beverages,1,36.75,35,Swiggy,UPI,Payment,Saravana Bhavan Corner,Chennai,0.0
2026-04-08,Bisi Bele Bath,Rice,1,136.5,130,Swiggy,UPI,Payment,Saravana Bhavan Corner,Chennai,0.0
2026-04-08,Idli (4pc),Tiffin,1,63.0,60,Register,UPI,Payment,Saravana Bhavan Corner,Chennai,0.0
2026-04-08,Curd Rice,Rice,1,94.5,90,Register,UPI,Payment,Saravana Bhavan Corner,Chennai,0.0
2026-04-08,Masala Chai,Beverages,1,33.08,35,Register,Card,Payment,Saravana Bhavan Corner,Chennai,0.0
2026-04-08,Idli (4pc),Tiffin,2,126.0,60,Swiggy,UPI,Payment,Saravana Bhavan Corner,Chennai,0.0
2026-04-08,Curd Rice,Rice,1,85.05,90,Register,UPI,Payment,Saravana Bhavan Corner,Chennai,0.0
2026-04-08,Filter Coffee,Beverages,1,42.0,40,Swiggy,UPI,Payment,Saravana Bhavan Corner,Chennai,0.0
2026-04-08,Masala Dosa,Dosa,2,189.0,90,Swiggy,Card,Payment,Saravana Bhavan Corner,Chennai,0.0
2026-04-08,Buttermilk,Beverages,1,31.5,30,Register,Cash,Payment,Saravana Bhavan Corner,Chennai,0.0
2026-04-08,Masala Dosa,Dosa,2,189.0,90,Swiggy,UPI,Payment,Saravana Bhavan Corner,Chennai,0.0
2026-04-08,Mini Tiffin Thali,Thali,2,315.0,150,Swiggy,UPI,Payment,Saravana Bhavan Corner,Chennai,0.0
2026-04-08,Veg Thali,Thali,1,160.65,180,Register,Cash,Payment,Saravana Bhavan Corner,Chennai,0.0
2026-04-08,Rava Dosa,Dosa,1,115.5,110,Register,Cash,Payment,Saravana Bhavan Corner,Chennai,0.0
2026-04-08,Filter Coffee,Beverages,1,42.0,40,Swiggy,Card,Payment,Saravana Bhavan Corner,Chennai,0.0
2026-04-08,Mysore Bonda,Snacks,1,63.0,60,Register,Cash,Payment,Saravana Bhavan Corner,Chennai,0.0
2026-04-08,Masala Chai,Beverages,1,36.75,35,Register,UPI,Payment,Saravana Bhavan Corner,Chennai,0.0
2026-04-08,Idli (4pc),Tiffin,1,56.7,60,Swiggy,UPI,Payment,Saravana Bhavan Corner,Chennai,0.0
2026-04-08,Idli Vada Combo,Tiffin,1,94.5,90,Swiggy,UPI,Payment,Saravana Bhavan Corner,Chennai,0.0
2026-04-08,Onion Uttapam,Dosa,1,105.0,100,Register,Cash,Payment,Saravana Bhavan Corner,Chennai,0.0
2026-04-08,Plain Dosa,Dosa,1,73.5,70,Register,Cash,Payment,Saravana Bhavan Corner,Chennai,0.0
2026-04-08,Filter Coffee,Beverages,2,84.0,40,Swiggy,UPI,Payment,Saravana Bhavan Corner,Chennai,0.0
2026-04-08,Idli Vada Combo,Tiffin,1,94.5,90,Register,UPI,Payment,Saravana Bhavan Corner,Chennai,0.0
2026-04-08,Masala Dosa,Dosa,1,85.05,90,Swiggy,Card,Payment,Saravana Bhavan Corner,Chennai,0.0
2026-04-08,Idli (4pc),Tiffin,2,126.0,60,Register,UPI,Payment,Saravana Bhavan Corner,Chennai,0.0
2026-04-08,Rasgulla (2pc),Desserts,2,147.0,70,Swiggy,UPI,Payment,Saravana Bhavan Corner,Chennai,0.0
2026-04-08,Vada (2pc),Tiffin,2,105.0,50,Swiggy,Card,Payment,Saravana Bhavan Corner,Chennai,0.0
2026-04-08,Filter Coffee,Beverages,2,84.0,40,Swiggy,UPI,Payment,Saravana Bhavan Corner,Chennai,0.0
2026-04-08,Medu Vada Chaat,Snacks,1,73.5,70,Register,Card,Payment,Saravana Bhavan Corner,Chennai,0.0
2026-04-08,Masala Dosa,Dosa,2,189.0,90,Register,UPI,Payment,Saravana Bhavan Corner,Chennai,0.0
2026-04-08,Buttermilk,Beverages,1,31.5,30,Register,UPI,Payment,Saravana Bhavan Corner,Chennai,0.0
2026-04-08,Masala Chai,Beverages,2,73.5,35,Register,Cash,Payment,Saravana Bhavan Corner,Chennai,0.0
2026-04-08,Idli (4pc),Tiffin,3,189.0,60,Register,Cash,Payment,Saravana Bhavan Corner,Chennai,0.0
2026-04-08,Vada (2pc),Tiffin,1,52.5,50,Register,UPI,Payment,Saravana Bhavan Corner,Chennai,0.0
2026-04-08,Masala Dosa,Dosa,1,94.5,90,Register,Card,Payment,Saravana Bhavan Corner,Chennai,0.0
2026-04-08,Curd Rice,Rice,2,189.0,90,Register,UPI,Payment,Saravana Bhavan Corner,Chennai,0.0
2026-04-08,Curd Rice,Rice,3,283.5,90,Register,UPI,Payment,Saravana Bhavan Corner,Chennai,0.0
2026-04-08,Filter Coffee,Beverages,1,42.0,40,Register,UPI,Payment,Saravana Bhavan Corner,Chennai,0.0
2026-04-08,Vada (2pc),Tiffin,1,52.5,50,Register,UPI,Payment,Saravana Bhavan Corner,Chennai,0.0
2026-04-08,Sambar Rice,Rice,3,340.2,120,Register,Card,Payment,Saravana Bhavan Corner,Chennai,0.0
2026-04-08,Lemon Rice,Rice,2,210.0,100,Register,UPI,Payment,Saravana Bhavan Corner,Chennai,0.0
2026-04-08,Bisi Bele Bath,Rice,1,136.5,130,Register,UPI,Payment,Saravana Bhavan Corner,Chennai,0.0
2026-04-09,Curd Rice,Rice,3,283.5,90,Register,Cash,Payment,Saravana Bhavan Corner,Chennai,0.0
2026-04-09,Idli (4pc),Tiffin,1,63.0,60,Register,Cash,Payment,Saravana Bhavan Corner,Chennai,0.0
2026-04-09,Sambar Rice,Rice,2,252.0,120,Register,Cash,Payment,Saravana Bhavan Corner,Chennai,0.0
2026-04-09,Idli (4pc),Tiffin,2,126.0,60,Swiggy,UPI,Payment,Saravana Bhavan Corner,Chennai,0.0
2026-04-09,Filter Coffee,Beverages,-2,-84.0,40,Register,UPI,Refund,Saravana Bhavan Corner,Chennai,0.0
2026-04-09,Idli Vada Combo,Tiffin,3,283.5,90,Swiggy,UPI,Payment,Saravana Bhavan Corner,Chennai,0.0
2026-04-09,Masala Chai,Beverages,-2,-73.5,35,Register,UPI,Refund,Saravana Bhavan Corner,Chennai,0.0
2026-04-09,Bisi Bele Bath,Rice,1,136.5,130,Register,Cash,Payment,Saravana Bhavan Corner,Chennai,0.0
2026-04-09,Vada (2pc),Tiffin,1,52.5,50,Swiggy,Card,Payment,Saravana Bhavan Corner,Chennai,0.0
2026-04-09,Idli Vada Combo,Tiffin,1,94.5,90,Register,Cash,Payment,Saravana Bhavan Corner,Chennai,0.0
2026-04-09,Curd Rice,Rice,1,80.33,90,Swiggy,UPI,Payment,Saravana Bhavan Corner,Chennai,0.0
2026-04-09,Mini Tiffin Thali,Thali,2,315.0,150,Swiggy,UPI,Payment,Saravana Bhavan Corner,Chennai,0.0
2026-04-09,Masala Chai,Beverages,2,73.5,35,Swiggy,Card,Payment,Saravana Bhavan Corner,Chennai,0.0
2026-04-09,Mysore Bonda,Snacks,1,63.0,60,Register,UPI,Payment,Saravana Bhavan Corner,Chennai,0.0
2026-04-09,Masala Dosa,Dosa,1,94.5,90,Register,UPI,Payment,Saravana Bhavan Corner,Chennai,0.0
2026-04-09,Masala Chai,Beverages,1,36.75,35,Swiggy,Card,Payment,Saravana Bhavan Corner,Chennai,0.0
2026-04-09,Plain Dosa,Dosa,2,147.0,70,Swiggy,Card,Payment,Saravana Bhavan Corner,Chennai,0.0
2026-04-09,Lemon Rice,Rice,1,105.0,100,Swiggy,Card,Payment,Saravana Bhavan Corner,Chennai,0.0
2026-04-09,Idli Vada Combo,Tiffin,1,94.5,90,Swiggy,Card,Payment,Saravana Bhavan Corner,Chennai,0.0
2026-04-09,Idli (4pc),Tiffin,3,189.0,60,Swiggy,Card,Payment,Saravana Bhavan Corner,Chennai,0.0
2026-04-09,Buttermilk,Beverages,1,31.5,30,Swiggy,UPI,Payment,Saravana Bhavan Corner,Chennai,0.0
2026-04-09,Masala Dosa,Dosa,1,94.5,90,Swiggy,UPI,Payment,Saravana Bhavan Corner,Chennai,0.0
2026-04-09,Curd Rice,Rice,1,80.33,90,Swiggy,UPI,Payment,Saravana Bhavan Corner,Chennai,0.0
2026-04-09,Bulk Catering Order,Uncategorized,1,3150.0,3000,Swiggy,Card,Payment,Saravana Bhavan Corner,Chennai,0.0
2026-04-09,Buttermilk,Beverages,3,80.33,30,Register,Card,Payment,Saravana Bhavan Corner,Chennai,0.0
2026-04-09,Curd Rice,Rice,2,189.0,90,Swiggy,UPI,Payment,Saravana Bhavan Corner,Chennai,0.0
2026-04-09,Mysore Bonda,Snacks,1,63.0,60,Swiggy,UPI,Payment,Saravana Bhavan Corner,Chennai,0.0
2026-04-09,Buttermilk,Beverages,2,63.0,30,Swiggy,UPI,Payment,Saravana Bhavan Corner,Chennai,0.0
2026-04-09,Idli Vada Combo,Tiffin,1,94.5,90,Register,Cash,Payment,Saravana Bhavan Corner,Chennai,0.0
2026-04-09,Vada (2pc),Tiffin,3,157.5,50,Swiggy,Card,Payment,Saravana Bhavan Corner,Chennai,0.0
2026-04-09,Vada (2pc),Tiffin,1,52.5,50,Swiggy,Card,Payment,Saravana Bhavan Corner,Chennai,0.0
2026-04-09,Rava Dosa,Dosa,3,346.5,110,Register,UPI,Payment,Saravana Bhavan Corner,Chennai,0.0
2026-04-09,Mini Tiffin Thali,Thali,1,157.5,150,Register,UPI,Payment,Saravana Bhavan Corner,Chennai,0.0
2026-04-09,Mysore Bonda,Snacks,2,126.0,60,Register,UPI,Payment,Saravana Bhavan Corner,Chennai,0.0
2026-04-09,Bisi Bele Bath,Rice,2,273.0,130,Register,UPI,Payment,Saravana Bhavan Corner,Chennai,0.0
2026-04-09,Rasgulla (2pc),Desserts,2,147.0,70,Register,UPI,Payment,Saravana Bhavan Corner,Chennai,0.0
2026-04-09,Veg Thali,Thali,3,567.0,180,Swiggy,Card,Payment,Saravana Bhavan Corner,Chennai,0.0
2026-04-09,Mini Tiffin Thali,Thali,1,141.75,150,Swiggy,Card,Payment,Saravana Bhavan Corner,Chennai,0.0
2026-04-09,Vada (2pc),Tiffin,1,52.5,50,Swiggy,Card,Payment,Saravana Bhavan Corner,Chennai,0.0
2026-04-09,Buttermilk,Beverages,2,63.0,30,Register,Card,Payment,Saravana Bhavan Corner,Chennai,0.0
2026-04-09,Filter Coffee,Beverages,1,42.0,40,Register,Card,Payment,Saravana Bhavan Corner,Chennai,0.0
2026-04-09,Buttermilk,Beverages,1,31.5,30,Register,Card,Payment,Saravana Bhavan Corner,Chennai,0.0
2026-04-09,Rava Dosa,Dosa,1,115.5,110,Swiggy,UPI,Payment,Saravana Bhavan Corner,Chennai,0.0
2026-04-09,Veg Thali,Thali,1,189.0,180,Register,UPI,Payment,Saravana Bhavan Corner,Chennai,0.0
2026-04-09,Idli Vada Combo,Tiffin,2,189.0,90,Swiggy,UPI,Payment,Saravana Bhavan Corner,Chennai,0.0
2026-04-09,Sambar Rice,Rice,1,126.0,120,Swiggy,UPI,Payment,Saravana Bhavan Corner,Chennai,0.0
2026-04-09,Masala Chai,Beverages,1,36.75,35,Register,Card,Payment,Saravana Bhavan Corner,Chennai,0.0
2026-04-09,Rava Dosa,Dosa,3,346.5,110,Swiggy,UPI,Payment,Saravana Bhavan Corner,Chennai,0.0
2026-04-09,Filter Coffee,Beverages,3,126.0,40,Register,Card,Payment,Saravana Bhavan Corner,Chennai,0.0
2026-04-09,Sambar Rice,Rice,1,126.0,120,Swiggy,UPI,Payment,Saravana Bhavan Corner,Chennai,0.0
2026-04-09,Mysore Bonda,Snacks,2,113.4,60,Swiggy,UPI,Payment,Saravana Bhavan Corner,Chennai,0.0
2026-04-09,Filter Coffee,Beverages,1,42.0,40,Register,Cash,Payment,Saravana Bhavan Corner,Chennai,0.0
2026-04-09,Onion Uttapam,Dosa,3,315.0,100,Swiggy,UPI,Payment,Saravana Bhavan Corner,Chennai,0.0
2026-04-09,Rasgulla (2pc),Desserts,2,147.0,70,Swiggy,UPI,Payment,Saravana Bhavan Corner,Chennai,0.0
2026-04-09,Vada (2pc),Tiffin,1,52.5,50,Register,Card,Payment,Saravana Bhavan Corner,Chennai,0.0
2026-04-09,Rava Dosa,Dosa,2,231.0,110,Swiggy,Card,Payment,Saravana Bhavan Corner,Chennai,0.0
2026-04-09,Curd Rice,Rice,1,94.5,90,Register,Cash,Payment,Saravana Bhavan Corner,Chennai,0.0
2026-04-09,Lemon Rice,Rice,2,210.0,100,Register,Cash,Payment,Saravana Bhavan Corner,Chennai,0.0
2026-04-10,Onion Uttapam,Dosa,1,94.5,100,Swiggy,Card,Payment,Saravana Bhavan Corner,Chennai,0.0
2026-04-10,Rasgulla (2pc),Desserts,1,73.5,70,Register,Card,Payment,Saravana Bhavan Corner,Chennai,0.0
2026-04-10,Filter Coffee,Beverages,2,71.4,40,Register,Card,Payment,Saravana Bhavan Corner,Chennai,0.0
2026-04-10,Bisi Bele Bath,Rice,1,136.5,130,Swiggy,Card,Payment,Saravana Bhavan Corner,Chennai,0.0
2026-04-10,Idli (4pc),Tiffin,1,63.0,60,Swiggy,Card,Payment,Saravana Bhavan Corner,Chennai,0.0
2026-04-10,Bisi Bele Bath,Rice,1,136.5,130,Register,Cash,Payment,Saravana Bhavan Corner,Chennai,0.0
2026-04-10,Filter Coffee,Beverages,3,126.0,40,Register,Cash,Payment,Saravana Bhavan Corner,Chennai,0.0
2026-04-10,Bisi Bele Bath,Rice,1,136.5,130,Swiggy,UPI,Payment,Saravana Bhavan Corner,Chennai,0.0
2026-04-10,Masala Chai,Beverages,2,73.5,35,Swiggy,UPI,Payment,Saravana Bhavan Corner,Chennai,0.0
2026-04-10,Rasgulla (2pc),Desserts,1,73.5,70,Register,Card,Payment,Saravana Bhavan Corner,Chennai,0.0
2026-04-10,Masala Dosa,Dosa,2,189.0,90,Register,Cash,Payment,Saravana Bhavan Corner,Chennai,0.0
2026-04-10,Curd Rice,Rice,3,283.5,90,Register,Cash,Payment,Saravana Bhavan Corner,Chennai,0.0
2026-04-10,Filter Coffee,Beverages,2,84.0,40,Register,UPI,Payment,Saravana Bhavan Corner,Chennai,0.0
2026-04-10,Veg Thali,Thali,2,378.0,180,Swiggy,UPI,Payment,Saravana Bhavan Corner,Chennai,0.0
2026-04-10,Masala Dosa,Dosa,1,94.5,90,Swiggy,UPI,Payment,Saravana Bhavan Corner,Chennai,0.0
2026-04-10,Idli Vada Combo,Tiffin,2,189.0,90,Register,Cash,Payment,Saravana Bhavan Corner,Chennai,0.0
2026-04-10,Vada (2pc),Tiffin,2,105.0,50,Register,Cash,Payment,Saravana Bhavan Corner,Chennai,0.0
2026-04-10,Mysore Bonda,Snacks,1,63.0,60,Register,Cash,Payment,Saravana Bhavan Corner,Chennai,0.0
2026-04-10,Lemon Rice,Rice,2,210.0,100,Register,Cash,Payment,Saravana Bhavan Corner,Chennai,0.0
2026-04-10,Filter Coffee,Beverages,1,42.0,40,Register,Cash,Payment,Saravana Bhavan Corner,Chennai,0.0
2026-04-10,Buttermilk,Beverages,1,31.5,30,Register,Card,Payment,Saravana Bhavan Corner,Chennai,0.0
2026-04-10,Mysore Bonda,Snacks,2,126.0,60,Register,UPI,Payment,Saravana Bhavan Corner,Chennai,0.0
2026-04-10,Lemon Rice,Rice,2,210.0,100,Register,Card,Payment,Saravana Bhavan Corner,Chennai,0.0
2026-04-10,Plain Dosa,Dosa,2,147.0,70,Swiggy,Card,Payment,Saravana Bhavan Corner,Chennai,0.0
2026-04-10,Vada (2pc),Tiffin,1,52.5,50,Register,Card,Payment,Saravana Bhavan Corner,Chennai,0.0
2026-04-10,Masala Chai,Beverages,1,36.75,35,Swiggy,UPI,Payment,Saravana Bhavan Corner,Chennai,0.0
2026-04-10,Medu Vada Chaat,Snacks,2,147.0,70,Register,UPI,Payment,Saravana Bhavan Corner,Chennai,0.0
2026-04-10,Buttermilk,Beverages,1,31.5,30,Register,UPI,Payment,Saravana Bhavan Corner,Chennai,0.0
2026-04-10,Idli Vada Combo,Tiffin,2,189.0,90,Register,Cash,Payment,Saravana Bhavan Corner,Chennai,0.0
2026-04-10,Sambar Rice,Rice,1,126.0,120,Register,UPI,Payment,Saravana Bhavan Corner,Chennai,0.0
2026-04-10,Lemon Rice,Rice,1,105.0,100,Register,UPI,Payment,Saravana Bhavan Corner,Chennai,0.0
2026-04-10,Medu Vada Chaat,Snacks,2,147.0,70,Register,UPI,Payment,Saravana Bhavan Corner,Chennai,0.0
2026-04-10,Masala Dosa,Dosa,1,85.05,90,Register,UPI,Payment,Saravana Bhavan Corner,Chennai,0.0
2026-04-10,Plain Dosa,Dosa,1,73.5,70,Register,UPI,Payment,Saravana Bhavan Corner,Chennai,0.0
2026-04-10,Masala Chai,Beverages,1,36.75,35,Swiggy,Card,Payment,Saravana Bhavan Corner,Chennai,0.0
2026-04-10,Onion Uttapam,Dosa,1,89.25,100,Swiggy,UPI,Payment,Saravana Bhavan Corner,Chennai,0.0
2026-04-10,Masala Dosa,Dosa,2,189.0,90,Register,Card,Payment,Saravana Bhavan Corner,Chennai,0.0
2026-04-10,Curd Rice,Rice,1,94.5,90,Register,Card,Payment,Saravana Bhavan Corner,Chennai,0.0
2026-04-10,Medu Vada Chaat,Snacks,1,73.5,70,Register,Card,Payment,Saravana Bhavan Corner,Chennai,0.0
2026-04-10,Rava Dosa,Dosa,2,231.0,110,Register,Card,Payment,Saravana Bhavan Corner,Chennai,0.0
2026-04-10,Masala Dosa,Dosa,1,94.5,90,Register,UPI,Payment,Saravana Bhavan Corner,Chennai,0.0
2026-04-10,Mysore Bonda,Snacks,1,56.7,60,Register,UPI,Payment,Saravana Bhavan Corner,Chennai,0.0
2026-04-10,Sambar Rice,Rice,1,126.0,120,Register,UPI,Payment,Saravana Bhavan Corner,Chennai,0.0
2026-04-10,Pongal,Tiffin,2,168.0,80,Register,UPI,Payment,Saravana Bhavan Corner,Chennai,0.0
2026-04-10,Medu Vada Chaat,Snacks,3,220.5,70,Register,UPI,Payment,Saravana Bhavan Corner,Chennai,0.0
2026-04-10,Filter Coffee,Beverages,2,84.0,40,Register,Cash,Payment,Saravana Bhavan Corner,Chennai,0.0
2026-04-10,Mini Tiffin Thali,Thali,1,141.75,150,Register,Card,Payment,Saravana Bhavan Corner,Chennai,0.0
2026-04-10,Sambar Rice,Rice,2,252.0,120,Swiggy,UPI,Payment,Saravana Bhavan Corner,Chennai,0.0
2026-04-10,Plain Dosa,Dosa,1,73.5,70,Register,Cash,Payment,Saravana Bhavan Corner,Chennai,0.0
2026-04-10,Filter Coffee,Beverages,1,37.8,40,Register,Card,Payment,Saravana Bhavan Corner,Chennai,0.0
2026-04-10,Curd Rice,Rice,1,80.33,90,Swiggy,UPI,Payment,Saravana Bhavan Corner,Chennai,0.0
2026-04-10,Veg Thali,Thali,1,189.0,180,Swiggy,UPI,Payment,Saravana Bhavan Corner,Chennai,0.0
2026-04-10,Filter Coffee,Beverages,1,37.8,40,Swiggy,Card,Payment,Saravana Bhavan Corner,Chennai,0.0
2026-04-10,Masala Chai,Beverages,1,36.75,35,Register,Card,Payment,Saravana Bhavan Corner,Chennai,0.0
2026-04-10,Vada (2pc),Tiffin,1,52.5,50,Register,Card,Payment,Saravana Bhavan Corner,Chennai,0.0
2026-04-10,Pongal,Tiffin,1,84.0,80,Register,Card,Payment,Saravana Bhavan Corner,Chennai,0.0
2026-04-10,Sambar Rice,Rice,1,126.0,120,Register,Card,Payment,Saravana Bhavan Corner,Chennai,0.0
2026-04-10,Bulk Catering Order,Uncategorized,1,3150.0,3000,Register,Cash,Payment,Saravana Bhavan Corner,Chennai,0.0
2026-04-10,Buttermilk,Beverages,1,31.5,30,Register,UPI,Payment,Saravana Bhavan Corner,Chennai,0.0
2026-04-10,Filter Coffee,Beverages,2,84.0,40,Register,Card,Payment,Saravana Bhavan Corner,Chennai,0.0
2026-04-10,Veg Thali,Thali,1,170.1,180,Register,Card,Payment,Saravana Bhavan Corner,Chennai,0.0
2026-04-10,Idli (4pc),Tiffin,1,63.0,60,Register,Card,Payment,Saravana Bhavan Corner,Chennai,0.0
2026-04-10,Mini Tiffin Thali,Thali,3,472.5,150,Register,Card,Payment,Saravana Bhavan Corner,Chennai,0.0
2026-04-10,Sambar Rice,Rice,1,113.4,120,Swiggy,Card,Payment,Saravana Bhavan Corner,Chennai,0.0
2026-04-10,Mysore Bonda,Snacks,1,63.0,60,Swiggy,Card,Payment,Saravana Bhavan Corner,Chennai,0.0
2026-04-10,Idli (4pc),Tiffin,1,63.0,60,Swiggy,UPI,Payment,Saravana Bhavan Corner,Chennai,0.0
2026-04-10,Filter Coffee,Beverages,1,42.0,40,Swiggy,UPI,Payment,Saravana Bhavan Corner,Chennai,0.0
2026-04-10,Idli Vada Combo,Tiffin,1,94.5,90,Register,UPI,Payment,Saravana Bhavan Corner,Chennai,0.0
2026-04-10,Onion Uttapam,Dosa,2,210.0,100,Register,Cash,Payment,Saravana Bhavan Corner,Chennai,0.0
2026-04-10,Onion Uttapam,Dosa,3,315.0,100,Register,Cash,Payment,Saravana Bhavan Corner,Chennai,0.0
2026-04-10,Sambar Rice,Rice,2,214.2,120,Register,Card,Payment,Saravana Bhavan Corner,Chennai,0.0
2026-04-10,Veg Thali,Thali,1,189.0,180,Swiggy,UPI,Payment,Saravana Bhavan Corner,Chennai,0.0
2026-04-10,Masala Chai,Beverages,2,73.5,35,Register,UPI,Payment,Saravana Bhavan Corner,Chennai,0.0
2026-04-10,Sambar Rice,Rice,2,252.0,120,Swiggy,UPI,Payment,Saravana Bhavan Corner,Chennai,0.0
2026-04-10,Vada (2pc),Tiffin,1,52.5,50,Register,Card,Payment,Saravana Bhavan Corner,Chennai,0.0
2026-04-10,Masala Dosa,Dosa,2,189.0,90,Register,Cash,Payment,Saravana Bhavan Corner,Chennai,0.0
2026-04-10,Masala Chai,Beverages,1,36.75,35,Swiggy,UPI,Payment,Saravana Bhavan Corner,Chennai,0.0
2026-04-10,Lemon Rice,Rice,2,210.0,100,Register,Cash,Payment,Saravana Bhavan Corner,Chennai,0.0
2026-04-10,Filter Coffee,Beverages,3,126.0,40,Register,Cash,Payment,Saravana Bhavan Corner,Chennai,0.0
2026-04-10,Vada (2pc),Tiffin,2,105.0,50,Register,UPI,Payment,Saravana Bhavan Corner,Chennai,0.0
2026-04-10,Masala Chai,Beverages,1,36.75,35,Register,UPI,Payment,Saravana Bhavan Corner,Chennai,0.0
2026-04-10,Mysore Bonda,Snacks,2,113.4,60,Register,UPI,Payment,Saravana Bhavan Corner,Chennai,0.0
2026-04-10,Rava Dosa,Dosa,2,207.9,110,Swiggy,UPI,Payment,Saravana Bhavan Corner,Chennai,0.0
2026-04-10,Veg Thali,Thali,1,189.0,180,Swiggy,UPI,Payment,Saravana Bhavan Corner,Chennai,0.0
2026-04-10,Filter Coffee,Beverages,1,42.0,40,Swiggy,Card,Payment,Saravana Bhavan Corner,Chennai,0.0
2026-04-10,Vada (2pc),Tiffin,1,52.5,50,Register,UPI,Payment,Saravana Bhavan Corner,Chennai,0.0
2026-04-10,Medu Vada Chaat,Snacks,1,73.5,70,Register,Card,Payment,Saravana Bhavan Corner,Chennai,0.0
2026-04-10,Idli Vada Combo,Tiffin,1,94.5,90,Register,Card,Payment,Saravana Bhavan Corner,Chennai,0.0
2026-04-10,Curd Rice,Rice,1,94.5,90,Register,Card,Payment,Saravana Bhavan Corner,Chennai,0.0
2026-04-10,Filter Coffee,Beverages,1,42.0,40,Register,UPI,Payment,Saravana Bhavan Corner,Chennai,0.0
2026-04-10,Idli (4pc),Tiffin,2,126.0,60,Swiggy,Card,Payment,Saravana Bhavan Corner,Chennai,0.0
2026-04-10,Rava Dosa,Dosa,1,115.5,110,Swiggy,Card,Payment,Saravana Bhavan Corner,Chennai,0.0
2026-04-10,Vada (2pc),Tiffin,1,47.25,50,Register,Card,Payment,Saravana Bhavan Corner,Chennai,0.0
2026-04-10,Curd Rice,Rice,1,94.5,90,Register,Card,Payment,Saravana Bhavan Corner,Chennai,0.0
2026-04-10,Rasgulla (2pc),Desserts,1,73.5,70,Swiggy,UPI,Payment,Saravana Bhavan Corner,Chennai,0.0
2026-04-10,Idli (4pc),Tiffin,1,63.0,60,Swiggy,Card,Payment,Saravana Bhavan Corner,Chennai,0.0
2026-04-10,Masala Dosa,Dosa,3,283.5,90,Register,UPI,Payment,Saravana Bhavan Corner,Chennai,0.0
2026-04-11,Idli (4pc),Tiffin,-1,-53.55,60,Register,Cash,Refund,Saravana Bhavan Corner,Chennai,0.0
2026-04-11,Mini Tiffin Thali,Thali,1,141.75,150,Swiggy,UPI,Payment,Saravana Bhavan Corner,Chennai,0.0
2026-04-11,Idli (4pc),Tiffin,1,63.0,60,Register,UPI,Payment,Saravana Bhavan Corner,Chennai,0.0
2026-04-11,Idli Vada Combo,Tiffin,1,94.5,90,Swiggy,UPI,Payment,Saravana Bhavan Corner,Chennai,0.0
2026-04-11,Masala Dosa,Dosa,1,94.5,90,Register,UPI,Payment,Saravana Bhavan Corner,Chennai,0.0
2026-04-11,Sambar Rice,Rice,2,252.0,120,Register,UPI,Payment,Saravana Bhavan Corner,Chennai,0.0
2026-04-11,Idli Vada Combo,Tiffin,2,189.0,90,Swiggy,Card,Payment,Saravana Bhavan Corner,Chennai,0.0
2026-04-11,Masala Dosa,Dosa,2,189.0,90,Swiggy,Card,Payment,Saravana Bhavan Corner,Chennai,0.0
2026-04-11,Onion Uttapam,Dosa,3,315.0,100,Swiggy,Card,Payment,Saravana Bhavan Corner,Chennai,0.0
2026-04-11,Mysore Bonda,Snacks,3,189.0,60,Register,Cash,Payment,Saravana Bhavan Corner,Chennai,0.0
2026-04-11,Filter Coffee,Beverages,1,42.0,40,Register,Cash,Payment,Saravana Bhavan Corner,Chennai,0.0
2026-04-11,Masala Chai,Beverages,3,99.23,35,Register,Cash,Payment,Saravana Bhavan Corner,Chennai,0.0
2026-04-11,Masala Dosa,Dosa,-2,-189.0,90,Register,Cash,Refund,Saravana Bhavan Corner,Chennai,0.0
2026-04-11,Masala Dosa,Dosa,1,94.5,90,Register,Cash,Payment,Saravana Bhavan Corner,Chennai,0.0
2026-04-11,Idli (4pc),Tiffin,1,53.55,60,Register,UPI,Payment,Saravana Bhavan Corner,Chennai,0.0
2026-04-11,Idli (4pc),Tiffin,2,126.0,60,Swiggy,UPI,Payment,Saravana Bhavan Corner,Chennai,0.0
2026-04-11,Vada (2pc),Tiffin,2,105.0,50,Swiggy,UPI,Payment,Saravana Bhavan Corner,Chennai,0.0
2026-04-11,Lemon Rice,Rice,1,105.0,100,Swiggy,UPI,Payment,Saravana Bhavan Corner,Chennai,0.0
2026-04-11,Vada (2pc),Tiffin,1,52.5,50,Register,Cash,Payment,Saravana Bhavan Corner,Chennai,0.0
2026-04-11,Buttermilk,Beverages,2,63.0,30,Swiggy,UPI,Payment,Saravana Bhavan Corner,Chennai,0.0
2026-04-11,Sambar Rice,Rice,1,113.4,120,Swiggy,UPI,Payment,Saravana Bhavan Corner,Chennai,0.0
2026-04-11,Veg Thali,Thali,1,189.0,180,Swiggy,Card,Payment,Saravana Bhavan Corner,Chennai,0.0
2026-04-11,Curd Rice,Rice,1,94.5,90,Swiggy,Card,Payment,Saravana Bhavan Corner,Chennai,0.0
2026-04-11,Sambar Rice,Rice,2,252.0,120,Swiggy,Card,Payment,Saravana Bhavan Corner,Chennai,0.0
2026-04-11,Lemon Rice,Rice,2,210.0,100,Register,Card,Payment,Saravana Bhavan Corner,Chennai,0.0
2026-04-11,Onion Uttapam,Dosa,1,105.0,100,Swiggy,UPI,Payment,Saravana Bhavan Corner,Chennai,0.0
2026-04-11,Vada (2pc),Tiffin,1,52.5,50,Swiggy,Card,Payment,Saravana Bhavan Corner,Chennai,0.0
2026-04-11,Rava Dosa,Dosa,2,231.0,110,Register,Card,Payment,Saravana Bhavan Corner,Chennai,0.0
2026-04-11,Masala Dosa,Dosa,1,94.5,90,Register,Card,Payment,Saravana Bhavan Corner,Chennai,0.0
2026-04-11,Veg Thali,Thali,1,189.0,180,Register,Card,Payment,Saravana Bhavan Corner,Chennai,0.0
2026-04-11,Mini Tiffin Thali,Thali,3,472.5,150,Register,Card,Payment,Saravana Bhavan Corner,Chennai,0.0
2026-04-11,Idli (4pc),Tiffin,2,126.0,60,Register,Card,Payment,Saravana Bhavan Corner,Chennai,0.0
2026-04-11,Idli Vada Combo,Tiffin,2,189.0,90,Swiggy,UPI,Payment,Saravana Bhavan Corner,Chennai,0.0
2026-04-11,Buttermilk,Beverages,1,31.5,30,Swiggy,UPI,Payment,Saravana Bhavan Corner,Chennai,0.0
2026-04-11,Idli (4pc),Tiffin,1,63.0,60,Register,Card,Payment,Saravana Bhavan Corner,Chennai,0.0
2026-04-11,Curd Rice,Rice,-1,-80.33,90,Register,Card,Refund,Saravana Bhavan Corner,Chennai,0.0
2026-04-11,Veg Thali,Thali,2,378.0,180,Swiggy,UPI,Payment,Saravana Bhavan Corner,Chennai,0.0
2026-04-11,Veg Thali,Thali,2,378.0,180,Swiggy,Card,Payment,Saravana Bhavan Corner,Chennai,0.0
2026-04-11,Masala Dosa,Dosa,1,85.05,90,Swiggy,UPI,Payment,Saravana Bhavan Corner,Chennai,0.0
2026-04-11,Filter Coffee,Beverages,-1,-42.0,40,Register,Card,Refund,Saravana Bhavan Corner,Chennai,0.0
2026-04-11,Curd Rice,Rice,1,94.5,90,Register,UPI,Payment,Saravana Bhavan Corner,Chennai,0.0
2026-04-11,Masala Chai,Beverages,2,73.5,35,Register,UPI,Payment,Saravana Bhavan Corner,Chennai,0.0
2026-04-11,Medu Vada Chaat,Snacks,1,73.5,70,Register,UPI,Payment,Saravana Bhavan Corner,Chennai,0.0
2026-04-11,Filter Coffee,Beverages,2,84.0,40,Swiggy,Card,Payment,Saravana Bhavan Corner,Chennai,0.0
2026-04-11,Buttermilk,Beverages,1,26.78,30,Register,UPI,Payment,Saravana Bhavan Corner,Chennai,0.0
2026-04-11,Curd Rice,Rice,2,170.1,90,Register,UPI,Payment,Saravana Bhavan Corner,Chennai,0.0
2026-04-11,Filter Coffee,Beverages,2,84.0,40,Register,UPI,Payment,Saravana Bhavan Corner,Chennai,0.0
2026-04-11,Curd Rice,Rice,2,189.0,90,Register,UPI,Payment,Saravana Bhavan Corner,Chennai,0.0
2026-04-11,Vada (2pc),Tiffin,2,105.0,50,Swiggy,Card,Payment,Saravana Bhavan Corner,Chennai,0.0
2026-04-11,Masala Chai,Beverages,1,36.75,35,Swiggy,Card,Payment,Saravana Bhavan Corner,Chennai,0.0
2026-04-11,Mini Tiffin Thali,Thali,1,157.5,150,Swiggy,UPI,Payment,Saravana Bhavan Corner,Chennai,0.0
2026-04-11,Idli Vada Combo,Tiffin,1,94.5,90,Register,UPI,Payment,Saravana Bhavan Corner,Chennai,0.0
2026-04-11,Masala Chai,Beverages,1,33.08,35,Register,Cash,Payment,Saravana Bhavan Corner,Chennai,0.0
2026-04-11,Medu Vada Chaat,Snacks,2,147.0,70,Register,Cash,Payment,Saravana Bhavan Corner,Chennai,0.0
2026-04-11,Idli (4pc),Tiffin,2,126.0,60,Swiggy,Card,Payment,Saravana Bhavan Corner,Chennai,0.0
2026-04-11,Vada (2pc),Tiffin,3,157.5,50,Register,UPI,Payment,Saravana Bhavan Corner,Chennai,0.0
2026-04-11,Filter Coffee,Beverages,2,84.0,40,Register,UPI,Payment,Saravana Bhavan Corner,Chennai,0.0
2026-04-11,Veg Thali,Thali,1,189.0,180,Register,UPI,Payment,Saravana Bhavan Corner,Chennai,0.0
2026-04-11,Filter Coffee,Beverages,2,84.0,40,Register,UPI,Payment,Saravana Bhavan Corner,Chennai,0.0
2026-04-11,Vada (2pc),Tiffin,1,52.5,50,Register,UPI,Payment,Saravana Bhavan Corner,Chennai,0.0
2026-04-11,Rasgulla (2pc),Desserts,1,73.5,70,Register,UPI,Payment,Saravana Bhavan Corner,Chennai,0.0
2026-04-11,Masala Chai,Beverages,3,110.25,35,Register,UPI,Payment,Saravana Bhavan Corner,Chennai,0.0
2026-04-11,Rava Dosa,Dosa,1,115.5,110,Register,UPI,Payment,Saravana Bhavan Corner,Chennai,0.0
2026-04-11,Mini Tiffin Thali,Thali,1,157.5,150,Register,Cash,Payment,Saravana Bhavan Corner,Chennai,0.0
2026-04-11,Curd Rice,Rice,2,189.0,90,Register,Cash,Payment,Saravana Bhavan Corner,Chennai,0.0
2026-04-11,Masala Dosa,Dosa,3,283.5,90,Register,Cash,Payment,Saravana Bhavan Corner,Chennai,0.0
2026-04-11,Masala Chai,Beverages,3,110.25,35,Swiggy,UPI,Payment,Saravana Bhavan Corner,Chennai,0.0
2026-04-11,Buttermilk,Beverages,2,63.0,30,Swiggy,UPI,Payment,Saravana Bhavan Corner,Chennai,0.0
2026-04-11,Idli (4pc),Tiffin,1,63.0,60,Register,Cash,Payment,Saravana Bhavan Corner,Chennai,0.0
2026-04-11,Idli (4pc),Tiffin,2,107.1,60,Swiggy,Card,Payment,Saravana Bhavan Corner,Chennai,0.0
2026-04-11,Lemon Rice,Rice,1,105.0,100,Register,UPI,Payment,Saravana Bhavan Corner,Chennai,0.0
2026-04-11,Sambar Rice,Rice,2,252.0,120,Swiggy,UPI,Payment,Saravana Bhavan Corner,Chennai,0.0
2026-04-11,Veg Thali,Thali,1,189.0,180,Register,UPI,Payment,Saravana Bhavan Corner,Chennai,0.0
2026-04-11,Veg Thali,Thali,1,189.0,180,Register,Cash,Payment,Saravana Bhavan Corner,Chennai,0.0
2026-04-11,Veg Thali,Thali,2,321.3,180,Register,UPI,Payment,Saravana Bhavan Corner,Chennai,0.0
2026-04-11,Idli Vada Combo,Tiffin,1,85.05,90,Register,UPI,Payment,Saravana Bhavan Corner,Chennai,0.0
2026-04-11,Idli (4pc),Tiffin,1,63.0,60,Swiggy,UPI,Payment,Saravana Bhavan Corner,Chennai,0.0
2026-04-11,Veg Thali,Thali,2,378.0,180,Swiggy,UPI,Payment,Saravana Bhavan Corner,Chennai,0.0
2026-04-11,Lemon Rice,Rice,1,105.0,100,Swiggy,UPI,Payment,Saravana Bhavan Corner,Chennai,0.0
2026-04-11,Veg Thali,Thali,1,189.0,180,Register,UPI,Payment,Saravana Bhavan Corner,Chennai,0.0
2026-04-11,Idli (4pc),Tiffin,1,63.0,60,Register,UPI,Payment,Saravana Bhavan Corner,Chennai,0.0
2026-04-11,Bulk Catering Order,Uncategorized,2,6300.0,3000,Swiggy,UPI,Payment,Saravana Bhavan Corner,Chennai,0.0
2026-04-11,Idli Vada Combo,Tiffin,1,80.33,90,Swiggy,UPI,Payment,Saravana Bhavan Corner,Chennai,0.0
2026-04-11,Mini Tiffin Thali,Thali,1,157.5,150,Swiggy,UPI,Payment,Saravana Bhavan Corner,Chennai,0.0
2026-04-11,Pongal,Tiffin,1,84.0,80,Swiggy,UPI,Payment,Saravana Bhavan Corner,Chennai,0.0
2026-04-11,Rasgulla (2pc),Desserts,1,73.5,70,Swiggy,UPI,Payment,Saravana Bhavan Corner,Chennai,0.0
2026-04-11,Lemon Rice,Rice,1,105.0,100,Swiggy,UPI,Payment,Saravana Bhavan Corner,Chennai,0.0
2026-04-11,Masala Dosa,Dosa,2,170.1,90,Register,UPI,Payment,Saravana Bhavan Corner,Chennai,0.0
2026-04-11,Veg Thali,Thali,1,189.0,180,Swiggy,UPI,Payment,Saravana Bhavan Corner,Chennai,0.0
2026-04-11,Idli (4pc),Tiffin,1,56.7,60,Register,UPI,Payment,Saravana Bhavan Corner,Chennai,0.0
2026-04-11,Rava Dosa,Dosa,3,346.5,110,Register,UPI,Payment,Saravana Bhavan Corner,Chennai,0.0
2026-04-11,Vada (2pc),Tiffin,1,52.5,50,Register,Card,Payment,Saravana Bhavan Corner,Chennai,0.0
2026-04-11,Masala Chai,Beverages,1,36.75,35,Swiggy,UPI,Payment,Saravana Bhavan Corner,Chennai,0.0
2026-04-11,Veg Thali,Thali,2,378.0,180,Register,Cash,Payment,Saravana Bhavan Corner,Chennai,0.0
2026-04-11,Lemon Rice,Rice,1,105.0,100,Register,Cash,Payment,Saravana Bhavan Corner,Chennai,0.0
2026-04-11,Veg Thali,Thali,2,378.0,180,Register,Cash,Payment,Saravana Bhavan Corner,Chennai,0.0
2026-04-11,Curd Rice,Rice,1,94.5,90,Register,UPI,Payment,Saravana Bhavan Corner,Chennai,0.0
2026-04-11,Vada (2pc),Tiffin,1,52.5,50,Register,UPI,Payment,Saravana Bhavan Corner,Chennai,0.0
2026-04-11,Masala Chai,Beverages,2,73.5,35,Register,Card,Payment,Saravana Bhavan Corner,Chennai,0.0
2026-04-11,Filter Coffee,Beverages,2,84.0,40,Register,UPI,Payment,Saravana Bhavan Corner,Chennai,0.0
2026-04-11,Idli Vada Combo,Tiffin,1,80.33,90,Register,UPI,Payment,Saravana Bhavan Corner,Chennai,0.0
2026-04-11,Idli (4pc),Tiffin,1,63.0,60,Register,UPI,Payment,Saravana Bhavan Corner,Chennai,0.0
2026-04-11,Curd Rice,Rice,2,189.0,90,Register,UPI,Payment,Saravana Bhavan Corner,Chennai,0.0
2026-04-11,Veg Thali,Thali,1,189.0,180,Register,UPI,Payment,Saravana Bhavan Corner,Chennai,0.0
2026-04-11,Mini Tiffin Thali,Thali,2,315.0,150,Register,UPI,Payment,Saravana Bhavan Corner,Chennai,0.0
2026-04-11,Mini Tiffin Thali,Thali,1,157.5,150,Register,Card,Payment,Saravana Bhavan Corner,Chennai,0.0
2026-04-11,Filter Coffee,Beverages,2,84.0,40,Register,Card,Payment,Saravana Bhavan Corner,Chennai,0.0
2026-04-11,Idli (4pc),Tiffin,2,126.0,60,Register,UPI,Payment,Saravana Bhavan Corner,Chennai,0.0
2026-04-11,Vada (2pc),Tiffin,1,52.5,50,Register,Cash,Payment,Saravana Bhavan Corner,Chennai,0.0
2026-04-11,Sambar Rice,Rice,1,107.1,120,Register,UPI,Payment,Saravana Bhavan Corner,Chennai,0.0
2026-04-11,Buttermilk,Beverages,2,63.0,30,Register,UPI,Payment,Saravana Bhavan Corner,Chennai,0.0
2026-04-11,Idli Vada Combo,Tiffin,1,94.5,90,Register,UPI,Payment,Saravana Bhavan Corner,Chennai,0.0
2026-04-11,Idli Vada Combo,Tiffin,2,189.0,90,Register,UPI,Payment,Saravana Bhavan Corner,Chennai,0.0
2026-04-11,Rasgulla (2pc),Desserts,1,66.15,70,Register,UPI,Payment,Saravana Bhavan Corner,Chennai,0.0
2026-04-11,Sambar Rice,Rice,3,378.0,120,Register,Cash,Payment,Saravana Bhavan Corner,Chennai,0.0
2026-04-11,Buttermilk,Beverages,1,31.5,30,Swiggy,UPI,Payment,Saravana Bhavan Corner,Chennai,0.0
2026-04-11,Masala Dosa,Dosa,1,94.5,90,Swiggy,Card,Payment,Saravana Bhavan Corner,Chennai,0.0
2026-04-11,Masala Dosa,Dosa,1,94.5,90,Swiggy,UPI,Payment,Saravana Bhavan Corner,Chennai,0.0
2026-04-11,Filter Coffee,Beverages,1,35.7,40,Register,Cash,Payment,Saravana Bhavan Corner,Chennai,0.0
2026-04-11,Vada (2pc),Tiffin,1,52.5,50,Register,Cash,Payment,Saravana Bhavan Corner,Chennai,0.0
2026-04-11,Rasgulla (2pc),Desserts,2,147.0,70,Register,Cash,Payment,Saravana Bhavan Corner,Chennai,0.0
2026-04-11,Pongal,Tiffin,2,168.0,80,Register,Cash,Payment,Saravana Bhavan Corner,Chennai,0.0
2026-04-11,Filter Coffee,Beverages,1,42.0,40,Register,Cash,Payment,Saravana Bhavan Corner,Chennai,0.0
2026-04-11,Idli (4pc),Tiffin,3,189.0,60,Register,UPI,Payment,Saravana Bhavan Corner,Chennai,0.0
2026-04-11,Onion Uttapam,Dosa,1,105.0,100,Register,Cash,Payment,Saravana Bhavan Corner,Chennai,0.0
2026-04-11,Rava Dosa,Dosa,1,115.5,110,Swiggy,Card,Payment,Saravana Bhavan Corner,Chennai,0.0
2026-04-11,Idli Vada Combo,Tiffin,2,170.1,90,Register,Cash,Payment,Saravana Bhavan Corner,Chennai,0.0
2026-04-11,Onion Uttapam,Dosa,3,315.0,100,Register,UPI,Payment,Saravana Bhavan Corner,Chennai,0.0
2026-04-11,Mini Tiffin Thali,Thali,1,157.5,150,Register,UPI,Payment,Saravana Bhavan Corner,Chennai,0.0
2026-04-11,Masala Dosa,Dosa,1,94.5,90,Register,UPI,Payment,Saravana Bhavan Corner,Chennai,0.0
2026-04-11,Buttermilk,Beverages,1,31.5,30,Register,UPI,Payment,Saravana Bhavan Corner,Chennai,0.0
2026-04-11,Curd Rice,Rice,1,94.5,90,Swiggy,UPI,Payment,Saravana Bhavan Corner,Chennai,0.0
2026-04-11,Mysore Bonda,Snacks,1,63.0,60,Swiggy,UPI,Payment,Saravana Bhavan Corner,Chennai,0.0
2026-04-11,Buttermilk,Beverages,1,31.5,30,Swiggy,UPI,Payment,Saravana Bhavan Corner,Chennai,0.0
2026-04-11,Idli (4pc),Tiffin,1,53.55,60,Swiggy,Card,Payment,Saravana Bhavan Corner,Chennai,0.0
2026-04-11,Plain Dosa,Dosa,1,73.5,70,Register,UPI,Payment,Saravana Bhavan Corner,Chennai,0.0
2026-04-11,Vada (2pc),Tiffin,1,52.5,50,Swiggy,Card,Payment,Saravana Bhavan Corner,Chennai,0.0
2026-04-11,Medu Vada Chaat,Snacks,2,147.0,70,Register,UPI,Payment,Saravana Bhavan Corner,Chennai,0.0
2026-04-11,Onion Uttapam,Dosa,2,210.0,100,Swiggy,Card,Payment,Saravana Bhavan Corner,Chennai,0.0
2026-04-11,Vada (2pc),Tiffin,1,52.5,50,Swiggy,Card,Payment,Saravana Bhavan Corner,Chennai,0.0
2026-04-11,Plain Dosa,Dosa,2,147.0,70,Register,UPI,Payment,Saravana Bhavan Corner,Chennai,0.0
2026-04-11,Filter Coffee,Beverages,1,42.0,40,Swiggy,Card,Payment,Saravana Bhavan Corner,Chennai,0.0
2026-04-11,Onion Uttapam,Dosa,2,178.5,100,Swiggy,Card,Payment,Saravana Bhavan Corner,Chennai,0.0
2026-04-11,Filter Coffee,Beverages,1,42.0,40,Register,UPI,Payment,Saravana Bhavan Corner,Chennai,0.0
2026-04-12,Onion Uttapam,Dosa,-1,-94.5,100,Register,Card,Refund,Saravana Bhavan Corner,Chennai,0.0
2026-04-12,Mini Tiffin Thali,Thali,2,315.0,150,Register,Cash,Payment,Saravana Bhavan Corner,Chennai,0.0
2026-04-12,Idli Vada Combo,Tiffin,3,283.5,90,Register,Cash,Payment,Saravana Bhavan Corner,Chennai,0.0
2026-04-12,Buttermilk,Beverages,1,31.5,30,Swiggy,Card,Payment,Saravana Bhavan Corner,Chennai,0.0
2026-04-12,Plain Dosa,Dosa,1,73.5,70,Swiggy,Card,Payment,Saravana Bhavan Corner,Chennai,0.0
2026-04-12,Idli (4pc),Tiffin,1,56.7,60,Register,Card,Payment,Saravana Bhavan Corner,Chennai,0.0
2026-04-12,Mini Tiffin Thali,Thali,2,315.0,150,Register,Card,Payment,Saravana Bhavan Corner,Chennai,0.0
2026-04-12,Curd Rice,Rice,1,94.5,90,Register,Card,Payment,Saravana Bhavan Corner,Chennai,0.0
2026-04-12,Veg Thali,Thali,1,170.1,180,Register,Card,Payment,Saravana Bhavan Corner,Chennai,0.0
2026-04-12,Veg Thali,Thali,1,189.0,180,Register,UPI,Payment,Saravana Bhavan Corner,Chennai,0.0
2026-04-12,Plain Dosa,Dosa,-1,-73.5,70,Register,Card,Refund,Saravana Bhavan Corner,Chennai,0.0
2026-04-12,Mysore Bonda,Snacks,2,126.0,60,Register,Cash,Payment,Saravana Bhavan Corner,Chennai,0.0
2026-04-12,Mysore Bonda,Snacks,-1,-63.0,60,Register,Card,Refund,Saravana Bhavan Corner,Chennai,0.0
2026-04-12,Plain Dosa,Dosa,2,147.0,70,Register,UPI,Payment,Saravana Bhavan Corner,Chennai,0.0
2026-04-12,Lemon Rice,Rice,2,210.0,100,Register,Cash,Payment,Saravana Bhavan Corner,Chennai,0.0
2026-04-12,Plain Dosa,Dosa,1,66.15,70,Register,Card,Payment,Saravana Bhavan Corner,Chennai,0.0
2026-04-12,Filter Coffee,Beverages,1,42.0,40,Swiggy,UPI,Payment,Saravana Bhavan Corner,Chennai,0.0
2026-04-12,Curd Rice,Rice,2,189.0,90,Swiggy,UPI,Payment,Saravana Bhavan Corner,Chennai,0.0
2026-04-12,Masala Dosa,Dosa,2,189.0,90,Swiggy,Card,Payment,Saravana Bhavan Corner,Chennai,0.0
2026-04-12,Rava Dosa,Dosa,2,231.0,110,Swiggy,Card,Payment,Saravana Bhavan Corner,Chennai,0.0
2026-04-12,Onion Uttapam,Dosa,2,210.0,100,Swiggy,Card,Payment,Saravana Bhavan Corner,Chennai,0.0
2026-04-12,Idli Vada Combo,Tiffin,1,85.05,90,Register,Cash,Payment,Saravana Bhavan Corner,Chennai,0.0
2026-04-12,Buttermilk,Beverages,2,63.0,30,Register,Cash,Payment,Saravana Bhavan Corner,Chennai,0.0
2026-04-12,Rava Dosa,Dosa,2,231.0,110,Swiggy,Card,Payment,Saravana Bhavan Corner,Chennai,0.0
2026-04-12,Rava Dosa,Dosa,3,311.85,110,Swiggy,UPI,Payment,Saravana Bhavan Corner,Chennai,0.0
2026-04-12,Idli Vada Combo,Tiffin,1,94.5,90,Swiggy,UPI,Payment,Saravana Bhavan Corner,Chennai,0.0
2026-04-12,Sambar Rice,Rice,1,126.0,120,Swiggy,UPI,Payment,Saravana Bhavan Corner,Chennai,0.0
2026-04-12,Masala Dosa,Dosa,1,85.05,90,Register,Card,Payment,Saravana Bhavan Corner,Chennai,0.0
2026-04-12,Sambar Rice,Rice,1,126.0,120,Swiggy,UPI,Payment,Saravana Bhavan Corner,Chennai,0.0
2026-04-12,Filter Coffee,Beverages,2,75.6,40,Register,Cash,Payment,Saravana Bhavan Corner,Chennai,0.0
2026-04-12,Pongal,Tiffin,2,168.0,80,Register,Card,Payment,Saravana Bhavan Corner,Chennai,0.0
2026-04-12,Filter Coffee,Beverages,1,42.0,40,Swiggy,Card,Payment,Saravana Bhavan Corner,Chennai,0.0
2026-04-12,Pongal,Tiffin,2,168.0,80,Register,Card,Payment,Saravana Bhavan Corner,Chennai,0.0
2026-04-12,Veg Thali,Thali,1,189.0,180,Swiggy,UPI,Payment,Saravana Bhavan Corner,Chennai,0.0
2026-04-12,Onion Uttapam,Dosa,1,105.0,100,Swiggy,UPI,Payment,Saravana Bhavan Corner,Chennai,0.0
2026-04-12,Filter Coffee,Beverages,1,42.0,40,Swiggy,UPI,Payment,Saravana Bhavan Corner,Chennai,0.0
2026-04-12,Vada (2pc),Tiffin,1,52.5,50,Swiggy,UPI,Payment,Saravana Bhavan Corner,Chennai,0.0
2026-04-12,Idli Vada Combo,Tiffin,1,94.5,90,Swiggy,UPI,Payment,Saravana Bhavan Corner,Chennai,0.0
2026-04-12,Rasgulla (2pc),Desserts,3,220.5,70,Register,Cash,Payment,Saravana Bhavan Corner,Chennai,0.0
2026-04-12,Veg Thali,Thali,2,378.0,180,Swiggy,Card,Payment,Saravana Bhavan Corner,Chennai,0.0
2026-04-12,Bisi Bele Bath,Rice,1,136.5,130,Swiggy,Card,Payment,Saravana Bhavan Corner,Chennai,0.0
2026-04-12,Mysore Bonda,Snacks,2,126.0,60,Swiggy,Card,Payment,Saravana Bhavan Corner,Chennai,0.0
2026-04-12,Idli Vada Combo,Tiffin,3,283.5,90,Swiggy,Card,Payment,Saravana Bhavan Corner,Chennai,0.0
2026-04-12,Onion Uttapam,Dosa,1,105.0,100,Swiggy,UPI,Payment,Saravana Bhavan Corner,Chennai,0.0
2026-04-12,Rasgulla (2pc),Desserts,2,132.3,70,Register,Cash,Payment,Saravana Bhavan Corner,Chennai,0.0
2026-04-12,Sambar Rice,Rice,2,252.0,120,Register,Cash,Payment,Saravana Bhavan Corner,Chennai,0.0
2026-04-12,Vada (2pc),Tiffin,2,105.0,50,Register,Cash,Payment,Saravana Bhavan Corner,Chennai,0.0
2026-04-12,Veg Thali,Thali,1,189.0,180,Register,Card,Payment,Saravana Bhavan Corner,Chennai,0.0
2026-04-12,Masala Chai,Beverages,1,36.75,35,Swiggy,Card,Payment,Saravana Bhavan Corner,Chennai,0.0
2026-04-12,Idli Vada Combo,Tiffin,2,189.0,90,Register,Cash,Payment,Saravana Bhavan Corner,Chennai,0.0
2026-04-12,Idli Vada Combo,Tiffin,1,94.5,90,Swiggy,UPI,Payment,Saravana Bhavan Corner,Chennai,0.0
2026-04-12,Sambar Rice,Rice,1,126.0,120,Swiggy,UPI,Payment,Saravana Bhavan Corner,Chennai,0.0
2026-04-12,Buttermilk,Beverages,2,63.0,30,Swiggy,UPI,Payment,Saravana Bhavan Corner,Chennai,0.0
2026-04-12,Bisi Bele Bath,Rice,2,273.0,130,Swiggy,UPI,Payment,Saravana Bhavan Corner,Chennai,0.0
2026-04-12,Masala Chai,Beverages,2,73.5,35,Swiggy,UPI,Payment,Saravana Bhavan Corner,Chennai,0.0
2026-04-12,Idli (4pc),Tiffin,1,56.7,60,Swiggy,UPI,Payment,Saravana Bhavan Corner,Chennai,0.0
2026-04-12,Vada (2pc),Tiffin,1,52.5,50,Register,UPI,Payment,Saravana Bhavan Corner,Chennai,0.0
2026-04-12,Bisi Bele Bath,Rice,2,273.0,130,Register,UPI,Payment,Saravana Bhavan Corner,Chennai,0.0
2026-04-12,Sambar Rice,Rice,-2,-252.0,120,Register,UPI,Refund,Saravana Bhavan Corner,Chennai,0.0
2026-04-12,Curd Rice,Rice,-1,-94.5,90,Register,UPI,Refund,Saravana Bhavan Corner,Chennai,0.0
2026-04-12,Mysore Bonda,Snacks,1,56.7,60,Swiggy,UPI,Payment,Saravana Bhavan Corner,Chennai,0.0
2026-04-12,Curd Rice,Rice,3,255.15,90,Swiggy,UPI,Payment,Saravana Bhavan Corner,Chennai,0.0
2026-04-12,Masala Chai,Beverages,1,36.75,35,Swiggy,UPI,Payment,Saravana Bhavan Corner,Chennai,0.0
2026-04-12,Masala Chai,Beverages,1,36.75,35,Register,Cash,Payment,Saravana Bhavan Corner,Chennai,0.0
2026-04-12,Masala Dosa,Dosa,1,94.5,90,Swiggy,UPI,Payment,Saravana Bhavan Corner,Chennai,0.0
2026-04-12,Plain Dosa,Dosa,1,73.5,70,Register,Card,Payment,Saravana Bhavan Corner,Chennai,0.0
2026-04-12,Sambar Rice,Rice,2,252.0,120,Swiggy,UPI,Payment,Saravana Bhavan Corner,Chennai,0.0
2026-04-12,Pongal,Tiffin,1,75.6,80,Register,Card,Payment,Saravana Bhavan Corner,Chennai,0.0
2026-04-12,Plain Dosa,Dosa,2,147.0,70,Register,Card,Payment,Saravana Bhavan Corner,Chennai,0.0
2026-04-12,Filter Coffee,Beverages,1,42.0,40,Register,Card,Payment,Saravana Bhavan Corner,Chennai,0.0
2026-04-12,Filter Coffee,Beverages,2,71.4,40,Swiggy,UPI,Payment,Saravana Bhavan Corner,Chennai,0.0
2026-04-12,Masala Chai,Beverages,2,62.48,35,Register,UPI,Payment,Saravana Bhavan Corner,Chennai,0.0
2026-04-12,Buttermilk,Beverages,2,63.0,30,Register,UPI,Payment,Saravana Bhavan Corner,Chennai,0.0
2026-04-12,Mini Tiffin Thali,Thali,1,157.5,150,Register,Card,Payment,Saravana Bhavan Corner,Chennai,0.0
2026-04-12,Masala Dosa,Dosa,2,189.0,90,Register,Cash,Payment,Saravana Bhavan Corner,Chennai,0.0
2026-04-12,Mini Tiffin Thali,Thali,1,157.5,150,Register,Cash,Payment,Saravana Bhavan Corner,Chennai,0.0
2026-04-12,Buttermilk,Beverages,1,31.5,30,Register,Card,Payment,Saravana Bhavan Corner,Chennai,0.0
2026-04-12,Veg Thali,Thali,1,189.0,180,Register,Card,Payment,Saravana Bhavan Corner,Chennai,0.0
2026-04-12,Bisi Bele Bath,Rice,2,273.0,130,Swiggy,UPI,Payment,Saravana Bhavan Corner,Chennai,0.0
2026-04-12,Masala Dosa,Dosa,2,189.0,90,Register,Card,Payment,Saravana Bhavan Corner,Chennai,0.0
2026-04-12,Onion Uttapam,Dosa,2,210.0,100,Register,Card,Payment,Saravana Bhavan Corner,Chennai,0.0
2026-04-12,Vada (2pc),Tiffin,2,105.0,50,Register,UPI,Payment,Saravana Bhavan Corner,Chennai,0.0
2026-04-12,Idli (4pc),Tiffin,1,63.0,60,Swiggy,UPI,Payment,Saravana Bhavan Corner,Chennai,0.0
2026-04-12,Vada (2pc),Tiffin,2,105.0,50,Swiggy,UPI,Payment,Saravana Bhavan Corner,Chennai,0.0
2026-04-12,Bisi Bele Bath,Rice,1,136.5,130,Swiggy,UPI,Payment,Saravana Bhavan Corner,Chennai,0.0
2026-04-12,Filter Coffee,Beverages,1,42.0,40,Register,Cash,Payment,Saravana Bhavan Corner,Chennai,0.0
2026-04-12,Masala Chai,Beverages,2,73.5,35,Register,Cash,Payment,Saravana Bhavan Corner,Chennai,0.0
2026-04-12,Veg Thali,Thali,1,189.0,180,Swiggy,Card,Payment,Saravana Bhavan Corner,Chennai,0.0
2026-04-12,Idli Vada Combo,Tiffin,1,94.5,90,Swiggy,Card,Payment,Saravana Bhavan Corner,Chennai,0.0
2026-04-12,Plain Dosa,Dosa,1,73.5,70,Swiggy,Card,Payment,Saravana Bhavan Corner,Chennai,0.0
2026-04-12,Masala Chai,Beverages,2,73.5,35,Register,Card,Payment,Saravana Bhavan Corner,Chennai,0.0
2026-04-12,Rava Dosa,Dosa,1,103.95,110,Register,UPI,Payment,Saravana Bhavan Corner,Chennai,0.0
2026-04-12,Filter Coffee,Beverages,2,84.0,40,Swiggy,Card,Payment,Saravana Bhavan Corner,Chennai,0.0
2026-04-12,Veg Thali,Thali,2,378.0,180,Register,Card,Payment,Saravana Bhavan Corner,Chennai,0.0
2026-04-12,Pongal,Tiffin,1,84.0,80,Register,Card,Payment,Saravana Bhavan Corner,Chennai,0.0
2026-04-12,Masala Dosa,Dosa,1,94.5,90,Register,Card,Payment,Saravana Bhavan Corner,Chennai,0.0
2026-04-12,Idli Vada Combo,Tiffin,2,189.0,90,Swiggy,UPI,Payment,Saravana Bhavan Corner,Chennai,0.0
2026-04-12,Rasgulla (2pc),Desserts,2,147.0,70,Swiggy,UPI,Payment,Saravana Bhavan Corner,Chennai,0.0
2026-04-12,Filter Coffee,Beverages,1,42.0,40,Register,Card,Payment,Saravana Bhavan Corner,Chennai,0.0
2026-04-12,Bisi Bele Bath,Rice,3,409.5,130,Swiggy,UPI,Payment,Saravana Bhavan Corner,Chennai,0.0
2026-04-12,Plain Dosa,Dosa,1,73.5,70,Register,Card,Payment,Saravana Bhavan Corner,Chennai,0.0
2026-04-12,Buttermilk,Beverages,1,31.5,30,Register,Card,Payment,Saravana Bhavan Corner,Chennai,0.0
2026-04-12,Rava Dosa,Dosa,3,346.5,110,Register,Card,Payment,Saravana Bhavan Corner,Chennai,0.0
2026-04-12,Onion Uttapam,Dosa,2,210.0,100,Register,Card,Payment,Saravana Bhavan Corner,Chennai,0.0
2026-04-12,Masala Dosa,Dosa,1,94.5,90,Swiggy,UPI,Payment,Saravana Bhavan Corner,Chennai,0.0
2026-04-12,Veg Thali,Thali,-1,-170.1,180,Register,Cash,Refund,Saravana Bhavan Corner,Chennai,0.0
2026-04-12,Filter Coffee,Beverages,-1,-42.0,40,Register,Cash,Refund,Saravana Bhavan Corner,Chennai,0.0
2026-04-12,Medu Vada Chaat,Snacks,-1,-73.5,70,Register,Cash,Refund,Saravana Bhavan Corner,Chennai,0.0
2026-04-12,Buttermilk,Beverages,2,63.0,30,Register,UPI,Payment,Saravana Bhavan Corner,Chennai,0.0
2026-04-12,Lemon Rice,Rice,1,105.0,100,Register,UPI,Payment,Saravana Bhavan Corner,Chennai,0.0
2026-04-12,Sambar Rice,Rice,2,252.0,120,Register,UPI,Payment,Saravana Bhavan Corner,Chennai,0.0
2026-04-12,Mysore Bonda,Snacks,2,126.0,60,Register,UPI,Payment,Saravana Bhavan Corner,Chennai,0.0
2026-04-12,Idli Vada Combo,Tiffin,1,85.05,90,Register,UPI,Payment,Saravana Bhavan Corner,Chennai,0.0
2026-04-12,Filter Coffee,Beverages,2,84.0,40,Swiggy,Card,Payment,Saravana Bhavan Corner,Chennai,0.0
2026-04-12,Filter Coffee,Beverages,1,42.0,40,Swiggy,Card,Payment,Saravana Bhavan Corner,Chennai,0.0
2026-04-12,Veg Thali,Thali,-3,-567.0,180,Register,Cash,Refund,Saravana Bhavan Corner,Chennai,0.0
2026-04-12,Lemon Rice,Rice,1,105.0,100,Register,UPI,Payment,Saravana Bhavan Corner,Chennai,0.0
2026-04-12,Curd Rice,Rice,1,94.5,90,Register,Cash,Payment,Saravana Bhavan Corner,Chennai,0.0
2026-04-12,Medu Vada Chaat,Snacks,1,73.5,70,Register,Card,Payment,Saravana Bhavan Corner,Chennai,0.0
2026-04-12,Pongal,Tiffin,1,84.0,80,Register,UPI,Payment,Saravana Bhavan Corner,Chennai,0.0
2026-04-12,Rava Dosa,Dosa,3,346.5,110,Swiggy,Card,Payment,Saravana Bhavan Corner,Chennai,0.0
2026-04-12,Filter Coffee,Beverages,2,84.0,40,Register,Card,Payment,Saravana Bhavan Corner,Chennai,0.0
2026-04-12,Masala Dosa,Dosa,2,160.65,90,Register,Cash,Payment,Saravana Bhavan Corner,Chennai,0.0
2026-04-12,Vada (2pc),Tiffin,1,52.5,50,Swiggy,Card,Payment,Saravana Bhavan Corner,Chennai,0.0
2026-04-12,Buttermilk,Beverages,1,31.5,30,Swiggy,Card,Payment,Saravana Bhavan Corner,Chennai,0.0
2026-04-12,Rava Dosa,Dosa,3,346.5,110,Swiggy,Card,Payment,Saravana Bhavan Corner,Chennai,0.0
2026-04-12,Vada (2pc),Tiffin,1,52.5,50,Swiggy,Card,Payment,Saravana Bhavan Corner,Chennai,0.0
2026-04-12,Idli (4pc),Tiffin,2,126.0,60,Swiggy,Card,Payment,Saravana Bhavan Corner,Chennai,0.0
2026-04-12,Sambar Rice,Rice,1,126.0,120,Register,Card,Payment,Saravana Bhavan Corner,Chennai,0.0
2026-04-12,Bisi Bele Bath,Rice,1,116.03,130,Register,Card,Payment,Saravana Bhavan Corner,Chennai,0.0
2026-04-12,Bisi Bele Bath,Rice,2,232.05,130,Register,Card,Payment,Saravana Bhavan Corner,Chennai,0.0
2026-04-13,Idli (4pc),Tiffin,1,63.0,60,Register,Card,Payment,Saravana Bhavan Corner,Chennai,0.0
2026-04-13,Filter Coffee,Beverages,2,84.0,40,Register,Card,Payment,Saravana Bhavan Corner,Chennai,0.0
2026-04-13,Lemon Rice,Rice,1,105.0,100,Register,UPI,Payment,Saravana Bhavan Corner,Chennai,0.0
2026-04-13,Filter Coffee,Beverages,1,42.0,40,Register,Card,Payment,Saravana Bhavan Corner,Chennai,0.0
2026-04-13,Lemon Rice,Rice,2,189.0,100,Register,Card,Payment,Saravana Bhavan Corner,Chennai,0.0
2026-04-13,Masala Dosa,Dosa,1,94.5,90,Register,Card,Payment,Saravana Bhavan Corner,Chennai,0.0
2026-04-13,Bisi Bele Bath,Rice,1,136.5,130,Register,Card,Payment,Saravana Bhavan Corner,Chennai,0.0
2026-04-13,Rasgulla (2pc),Desserts,1,73.5,70,Register,Card,Payment,Saravana Bhavan Corner,Chennai,0.0
2026-04-13,Masala Chai,Beverages,1,36.75,35,Swiggy,UPI,Payment,Saravana Bhavan Corner,Chennai,0.0
2026-04-13,Plain Dosa,Dosa,1,73.5,70,Register,Cash,Payment,Saravana Bhavan Corner,Chennai,0.0
2026-04-13,Buttermilk,Beverages,2,63.0,30,Register,Cash,Payment,Saravana Bhavan Corner,Chennai,0.0
2026-04-13,Masala Dosa,Dosa,2,189.0,90,Register,Cash,Payment,Saravana Bhavan Corner,Chennai,0.0
2026-04-13,Vada (2pc),Tiffin,1,52.5,50,Swiggy,UPI,Payment,Saravana Bhavan Corner,Chennai,0.0
2026-04-13,Idli Vada Combo,Tiffin,1,94.5,90,Swiggy,UPI,Payment,Saravana Bhavan Corner,Chennai,0.0
2026-04-13,Veg Thali,Thali,2,378.0,180,Register,Card,Payment,Saravana Bhavan Corner,Chennai,0.0
2026-04-13,Mysore Bonda,Snacks,2,126.0,60,Swiggy,UPI,Payment,Saravana Bhavan Corner,Chennai,0.0
2026-04-13,Bisi Bele Bath,Rice,1,136.5,130,Register,Cash,Payment,Saravana Bhavan Corner,Chennai,0.0
2026-04-13,Vada (2pc),Tiffin,3,157.5,50,Swiggy,UPI,Payment,Saravana Bhavan Corner,Chennai,0.0
2026-04-13,Idli (4pc),Tiffin,1,56.7,60,Register,Cash,Payment,Saravana Bhavan Corner,Chennai,0.0
2026-04-13,Rasgulla (2pc),Desserts,2,147.0,70,Swiggy,UPI,Payment,Saravana Bhavan Corner,Chennai,0.0
2026-04-13,Buttermilk,Beverages,1,28.35,30,Register,UPI,Payment,Saravana Bhavan Corner,Chennai,0.0
2026-04-13,Mysore Bonda,Snacks,1,63.0,60,Register,Card,Payment,Saravana Bhavan Corner,Chennai,0.0
2026-04-13,Sambar Rice,Rice,2,252.0,120,Register,Card,Payment,Saravana Bhavan Corner,Chennai,0.0
2026-04-13,Mysore Bonda,Snacks,1,56.7,60,Register,Card,Payment,Saravana Bhavan Corner,Chennai,0.0
2026-04-13,Masala Dosa,Dosa,1,94.5,90,Register,Cash,Payment,Saravana Bhavan Corner,Chennai,0.0
2026-04-13,Rasgulla (2pc),Desserts,2,147.0,70,Register,UPI,Payment,Saravana Bhavan Corner,Chennai,0.0
2026-04-13,Sambar Rice,Rice,2,252.0,120,Register,UPI,Payment,Saravana Bhavan Corner,Chennai,0.0
2026-04-13,Plain Dosa,Dosa,1,73.5,70,Register,UPI,Payment,Saravana Bhavan Corner,Chennai,0.0
2026-04-13,Rasgulla (2pc),Desserts,2,147.0,70,Register,Card,Payment,Saravana Bhavan Corner,Chennai,0.0
2026-04-13,Pongal,Tiffin,1,84.0,80,Register,Card,Payment,Saravana Bhavan Corner,Chennai,0.0
2026-04-13,Mini Tiffin Thali,Thali,3,472.5,150,Register,Card,Payment,Saravana Bhavan Corner,Chennai,0.0
2026-04-13,Bisi Bele Bath,Rice,2,273.0,130,Register,Card,Payment,Saravana Bhavan Corner,Chennai,0.0
2026-04-13,Mysore Bonda,Snacks,1,63.0,60,Register,Card,Payment,Saravana Bhavan Corner,Chennai,0.0
2026-04-13,Masala Dosa,Dosa,1,80.33,90,Register,Card,Payment,Saravana Bhavan Corner,Chennai,0.0
2026-04-13,Mysore Bonda,Snacks,1,63.0,60,Swiggy,Card,Payment,Saravana Bhavan Corner,Chennai,0.0
2026-04-13,Idli Vada Combo,Tiffin,1,94.5,90,Swiggy,Card,Payment,Saravana Bhavan Corner,Chennai,0.0
2026-04-13,Idli (4pc),Tiffin,2,126.0,60,Register,Card,Payment,Saravana Bhavan Corner,Chennai,0.0
2026-04-13,Filter Coffee,Beverages,1,42.0,40,Swiggy,UPI,Payment,Saravana Bhavan Corner,Chennai,0.0
2026-04-13,Masala Dosa,Dosa,1,94.5,90,Register,UPI,Payment,Saravana Bhavan Corner,Chennai,0.0
2026-04-13,Masala Dosa,Dosa,1,94.5,90,Swiggy,Card,Payment,Saravana Bhavan Corner,Chennai,0.0
2026-04-13,Veg Thali,Thali,1,189.0,180,Register,UPI,Payment,Saravana Bhavan Corner,Chennai,0.0
2026-04-13,Masala Dosa,Dosa,2,189.0,90,Register,Cash,Payment,Saravana Bhavan Corner,Chennai,0.0
2026-04-13,Rasgulla (2pc),Desserts,2,147.0,70,Register,Cash,Payment,Saravana Bhavan Corner,Chennai,0.0
2026-04-13,Rava Dosa,Dosa,1,115.5,110,Swiggy,Card,Payment,Saravana Bhavan Corner,Chennai,0.0
2026-04-13,Mini Tiffin Thali,Thali,2,315.0,150,Swiggy,Card,Payment,Saravana Bhavan Corner,Chennai,0.0
2026-04-13,Masala Dosa,Dosa,1,94.5,90,Swiggy,Card,Payment,Saravana Bhavan Corner,Chennai,0.0
2026-04-13,Curd Rice,Rice,2,189.0,90,Register,Card,Payment,Saravana Bhavan Corner,Chennai,0.0
2026-04-13,Buttermilk,Beverages,2,63.0,30,Register,Card,Payment,Saravana Bhavan Corner,Chennai,0.0
2026-04-13,Bisi Bele Bath,Rice,1,136.5,130,Register,Card,Payment,Saravana Bhavan Corner,Chennai,0.0
2026-04-13,Rasgulla (2pc),Desserts,1,73.5,70,Swiggy,Card,Payment,Saravana Bhavan Corner,Chennai,0.0
2026-04-13,Filter Coffee,Beverages,1,35.7,40,Swiggy,UPI,Payment,Saravana Bhavan Corner,Chennai,0.0
2026-04-13,Rava Dosa,Dosa,2,231.0,110,Swiggy,UPI,Payment,Saravana Bhavan Corner,Chennai,0.0
2026-04-13,Idli Vada Combo,Tiffin,2,189.0,90,Swiggy,UPI,Payment,Saravana Bhavan Corner,Chennai,0.0
2026-04-13,Vada (2pc),Tiffin,1,52.5,50,Register,UPI,Payment,Saravana Bhavan Corner,Chennai,0.0
2026-04-13,Medu Vada Chaat,Snacks,2,147.0,70,Register,UPI,Payment,Saravana Bhavan Corner,Chennai,0.0
2026-04-13,Filter Coffee,Beverages,1,42.0,40,Register,UPI,Payment,Saravana Bhavan Corner,Chennai,0.0
2026-04-13,Onion Uttapam,Dosa,1,105.0,100,Register,UPI,Payment,Saravana Bhavan Corner,Chennai,0.0
2026-04-13,Vada (2pc),Tiffin,1,52.5,50,Register,UPI,Payment,Saravana Bhavan Corner,Chennai,0.0
2026-04-13,Masala Dosa,Dosa,1,94.5,90,Register,Cash,Payment,Saravana Bhavan Corner,Chennai,0.0
2026-04-13,Idli (4pc),Tiffin,2,126.0,60,Swiggy,UPI,Payment,Saravana Bhavan Corner,Chennai,0.0
2026-04-13,Bisi Bele Bath,Rice,1,136.5,130,Swiggy,UPI,Payment,Saravana Bhavan Corner,Chennai,0.0
2026-04-13,Buttermilk,Beverages,1,31.5,30,Register,UPI,Payment,Saravana Bhavan Corner,Chennai,0.0
2026-04-13,Curd Rice,Rice,1,94.5,90,Register,UPI,Payment,Saravana Bhavan Corner,Chennai,0.0
2026-04-13,Lemon Rice,Rice,1,105.0,100,Register,UPI,Payment,Saravana Bhavan Corner,Chennai,0.0
2026-04-13,Vada (2pc),Tiffin,2,94.5,50,Swiggy,UPI,Payment,Saravana Bhavan Corner,Chennai,0.0
2026-04-13,Lemon Rice,Rice,1,105.0,100,Swiggy,UPI,Payment,Saravana Bhavan Corner,Chennai,0.0
2026-04-13,Rasgulla (2pc),Desserts,1,66.15,70,Swiggy,Card,Payment,Saravana Bhavan Corner,Chennai,0.0
2026-04-13,Idli (4pc),Tiffin,2,126.0,60,Swiggy,Card,Payment,Saravana Bhavan Corner,Chennai,0.0
2026-04-13,Onion Uttapam,Dosa,1,105.0,100,Swiggy,UPI,Payment,Saravana Bhavan Corner,Chennai,0.0
2026-04-13,Veg Thali,Thali,2,340.2,180,Swiggy,UPI,Payment,Saravana Bhavan Corner,Chennai,0.0
2026-04-13,Rava Dosa,Dosa,1,115.5,110,Swiggy,UPI,Payment,Saravana Bhavan Corner,Chennai,0.0
2026-04-13,Masala Dosa,Dosa,1,94.5,90,Register,Card,Payment,Saravana Bhavan Corner,Chennai,0.0
2026-04-13,Sambar Rice,Rice,2,226.8,120,Register,Card,Payment,Saravana Bhavan Corner,Chennai,0.0
2026-04-13,Veg Thali,Thali,3,567.0,180,Swiggy,UPI,Payment,Saravana Bhavan Corner,Chennai,0.0
2026-04-13,Plain Dosa,Dosa,2,147.0,70,Swiggy,UPI,Payment,Saravana Bhavan Corner,Chennai,0.0
2026-04-13,Masala Dosa,Dosa,1,94.5,90,Swiggy,UPI,Payment,Saravana Bhavan Corner,Chennai,0.0
2026-04-13,Onion Uttapam,Dosa,3,315.0,100,Register,Cash,Payment,Saravana Bhavan Corner,Chennai,0.0
2026-04-13,Idli (4pc),Tiffin,2,126.0,60,Register,Cash,Payment,Saravana Bhavan Corner,Chennai,0.0
2026-04-13,Filter Coffee,Beverages,1,42.0,40,Register,Card,Payment,Saravana Bhavan Corner,Chennai,0.0
2026-04-13,Idli Vada Combo,Tiffin,1,94.5,90,Register,Cash,Payment,Saravana Bhavan Corner,Chennai,0.0
2026-04-14,Sambar Rice,Rice,3,378.0,120,Swiggy,Card,Payment,Saravana Bhavan Corner,Chennai,0.0
2026-04-14,Idli Vada Combo,Tiffin,2,189.0,90,Register,UPI,Payment,Saravana Bhavan Corner,Chennai,0.0
2026-04-14,Pongal,Tiffin,1,84.0,80,Register,UPI,Payment,Saravana Bhavan Corner,Chennai,0.0
2026-04-14,Veg Thali,Thali,1,189.0,180,Register,UPI,Payment,Saravana Bhavan Corner,Chennai,0.0
2026-04-14,Masala Dosa,Dosa,2,189.0,90,Register,UPI,Payment,Saravana Bhavan Corner,Chennai,0.0
2026-04-14,Idli Vada Combo,Tiffin,1,85.05,90,Register,Card,Payment,Saravana Bhavan Corner,Chennai,0.0
2026-04-14,Sambar Rice,Rice,2,252.0,120,Register,Card,Payment,Saravana Bhavan Corner,Chennai,0.0
2026-04-14,Rava Dosa,Dosa,1,115.5,110,Register,Card,Payment,Saravana Bhavan Corner,Chennai,0.0
2026-04-14,Vada (2pc),Tiffin,1,52.5,50,Swiggy,Card,Payment,Saravana Bhavan Corner,Chennai,0.0
2026-04-14,Veg Thali,Thali,2,378.0,180,Swiggy,UPI,Payment,Saravana Bhavan Corner,Chennai,0.0
2026-04-14,Vada (2pc),Tiffin,1,52.5,50,Register,Card,Payment,Saravana Bhavan Corner,Chennai,0.0
2026-04-14,Masala Chai,Beverages,2,73.5,35,Swiggy,UPI,Payment,Saravana Bhavan Corner,Chennai,0.0
2026-04-14,Idli Vada Combo,Tiffin,1,94.5,90,Swiggy,UPI,Payment,Saravana Bhavan Corner,Chennai,0.0
2026-04-14,Masala Dosa,Dosa,1,94.5,90,Swiggy,UPI,Payment,Saravana Bhavan Corner,Chennai,0.0
2026-04-14,Filter Coffee,Beverages,2,84.0,40,Register,Cash,Payment,Saravana Bhavan Corner,Chennai,0.0
2026-04-14,Filter Coffee,Beverages,2,84.0,40,Register,Cash,Payment,Saravana Bhavan Corner,Chennai,0.0
2026-04-14,Idli (4pc),Tiffin,2,126.0,60,Swiggy,Card,Payment,Saravana Bhavan Corner,Chennai,0.0
2026-04-14,Veg Thali,Thali,1,189.0,180,Swiggy,UPI,Payment,Saravana Bhavan Corner,Chennai,0.0
2026-04-14,Idli Vada Combo,Tiffin,1,94.5,90,Swiggy,UPI,Payment,Saravana Bhavan Corner,Chennai,0.0
2026-04-14,Masala Dosa,Dosa,2,189.0,90,Swiggy,UPI,Payment,Saravana Bhavan Corner,Chennai,0.0
2026-04-14,Masala Chai,Beverages,1,36.75,35,Swiggy,UPI,Payment,Saravana Bhavan Corner,Chennai,0.0
2026-04-14,Onion Uttapam,Dosa,1,105.0,100,Register,UPI,Payment,Saravana Bhavan Corner,Chennai,0.0
2026-04-14,Vada (2pc),Tiffin,1,52.5,50,Register,UPI,Payment,Saravana Bhavan Corner,Chennai,0.0
2026-04-14,Curd Rice,Rice,1,94.5,90,Register,UPI,Payment,Saravana Bhavan Corner,Chennai,0.0
2026-04-14,Idli (4pc),Tiffin,1,63.0,60,Swiggy,UPI,Payment,Saravana Bhavan Corner,Chennai,0.0
2026-04-14,Rasgulla (2pc),Desserts,1,73.5,70,Swiggy,UPI,Payment,Saravana Bhavan Corner,Chennai,0.0
2026-04-14,Mysore Bonda,Snacks,1,63.0,60,Swiggy,UPI,Payment,Saravana Bhavan Corner,Chennai,0.0
2026-04-14,Idli (4pc),Tiffin,3,189.0,60,Register,Card,Payment,Saravana Bhavan Corner,Chennai,0.0
2026-04-14,Bisi Bele Bath,Rice,1,136.5,130,Register,Cash,Payment,Saravana Bhavan Corner,Chennai,0.0
2026-04-14,Veg Thali,Thali,1,189.0,180,Register,Cash,Payment,Saravana Bhavan Corner,Chennai,0.0
2026-04-14,Masala Chai,Beverages,2,73.5,35,Register,Cash,Payment,Saravana Bhavan Corner,Chennai,0.0
2026-04-14,Sambar Rice,Rice,1,126.0,120,Register,Cash,Payment,Saravana Bhavan Corner,Chennai,0.0
2026-04-14,Rasgulla (2pc),Desserts,1,73.5,70,Swiggy,Card,Payment,Saravana Bhavan Corner,Chennai,0.0
2026-04-14,Curd Rice,Rice,1,94.5,90,Register,Card,Payment,Saravana Bhavan Corner,Chennai,0.0
2026-04-14,Veg Thali,Thali,1,189.0,180,Register,Card,Payment,Saravana Bhavan Corner,Chennai,0.0
2026-04-14,Lemon Rice,Rice,2,210.0,100,Register,Card,Payment,Saravana Bhavan Corner,Chennai,0.0
2026-04-14,Vada (2pc),Tiffin,1,52.5,50,Register,Card,Payment,Saravana Bhavan Corner,Chennai,0.0
2026-04-14,Lemon Rice,Rice,2,210.0,100,Register,Cash,Payment,Saravana Bhavan Corner,Chennai,0.0
2026-04-14,Filter Coffee,Beverages,1,42.0,40,Register,Cash,Payment,Saravana Bhavan Corner,Chennai,0.0
2026-04-14,Masala Dosa,Dosa,1,85.05,90,Register,Cash,Payment,Saravana Bhavan Corner,Chennai,0.0
2026-04-14,Masala Chai,Beverages,1,36.75,35,Swiggy,UPI,Payment,Saravana Bhavan Corner,Chennai,0.0
2026-04-14,Mysore Bonda,Snacks,1,63.0,60,Swiggy,Card,Payment,Saravana Bhavan Corner,Chennai,0.0
2026-04-14,Masala Chai,Beverages,1,31.24,35,Swiggy,UPI,Payment,Saravana Bhavan Corner,Chennai,0.0
2026-04-14,Veg Thali,Thali,3,567.0,180,Swiggy,UPI,Payment,Saravana Bhavan Corner,Chennai,0.0
2026-04-14,Bisi Bele Bath,Rice,1,136.5,130,Register,Cash,Payment,Saravana Bhavan Corner,Chennai,0.0
2026-04-14,Masala Chai,Beverages,1,36.75,35,Register,Cash,Payment,Saravana Bhavan Corner,Chennai,0.0
2026-04-14,Onion Uttapam,Dosa,1,105.0,100,Register,Card,Payment,Saravana Bhavan Corner,Chennai,0.0
2026-04-14,Rasgulla (2pc),Desserts,1,73.5,70,Register,Card,Payment,Saravana Bhavan Corner,Chennai,0.0
2026-04-14,Filter Coffee,Beverages,2,84.0,40,Register,Cash,Payment,Saravana Bhavan Corner,Chennai,0.0
2026-04-14,Bisi Bele Bath,Rice,2,232.05,130,Register,Card,Payment,Saravana Bhavan Corner,Chennai,0.0
2026-04-14,Masala Dosa,Dosa,1,80.33,90,Swiggy,UPI,Payment,Saravana Bhavan Corner,Chennai,0.0
2026-04-14,Bulk Catering Order,Uncategorized,1,3150.0,3000,Swiggy,UPI,Payment,Saravana Bhavan Corner,Chennai,0.0
2026-04-14,Vada (2pc),Tiffin,1,52.5,50,Swiggy,UPI,Payment,Saravana Bhavan Corner,Chennai,0.0
2026-04-14,Masala Dosa,Dosa,1,94.5,90,Register,Card,Payment,Saravana Bhavan Corner,Chennai,0.0
2026-04-15,Buttermilk,Beverages,1,31.5,30,Swiggy,Card,Payment,Saravana Bhavan Corner,Chennai,0.0
2026-04-15,Curd Rice,Rice,1,94.5,90,Swiggy,Card,Payment,Saravana Bhavan Corner,Chennai,0.0
2026-04-15,Buttermilk,Beverages,1,26.78,30,Swiggy,Card,Payment,Saravana Bhavan Corner,Chennai,0.0
2026-04-15,Sambar Rice,Rice,2,252.0,120,Register,Cash,Payment,Saravana Bhavan Corner,Chennai,0.0
2026-04-15,Masala Dosa,Dosa,1,94.5,90,Register,Cash,Payment,Saravana Bhavan Corner,Chennai,0.0
2026-04-15,Pongal,Tiffin,2,168.0,80,Register,Cash,Payment,Saravana Bhavan Corner,Chennai,0.0
2026-04-15,Filter Coffee,Beverages,1,42.0,40,Swiggy,Card,Payment,Saravana Bhavan Corner,Chennai,0.0
2026-04-15,Mysore Bonda,Snacks,1,63.0,60,Register,UPI,Payment,Saravana Bhavan Corner,Chennai,0.0
2026-04-15,Filter Coffee,Beverages,1,42.0,40,Register,UPI,Payment,Saravana Bhavan Corner,Chennai,0.0
2026-04-15,Pongal,Tiffin,1,84.0,80,Register,Card,Payment,Saravana Bhavan Corner,Chennai,0.0
2026-04-15,Mysore Bonda,Snacks,1,63.0,60,Register,Cash,Payment,Saravana Bhavan Corner,Chennai,0.0
2026-04-15,Bisi Bele Bath,Rice,2,273.0,130,Register,Cash,Payment,Saravana Bhavan Corner,Chennai,0.0
2026-04-15,Curd Rice,Rice,1,94.5,90,Register,UPI,Payment,Saravana Bhavan Corner,Chennai,0.0
2026-04-15,Filter Coffee,Beverages,3,126.0,40,Register,UPI,Payment,Saravana Bhavan Corner,Chennai,0.0
2026-04-15,Onion Uttapam,Dosa,1,94.5,100,Swiggy,UPI,Payment,Saravana Bhavan Corner,Chennai,0.0
2026-04-15,Curd Rice,Rice,2,189.0,90,Register,Cash,Payment,Saravana Bhavan Corner,Chennai,0.0
2026-04-15,Bisi Bele Bath,Rice,1,136.5,130,Swiggy,Card,Payment,Saravana Bhavan Corner,Chennai,0.0
2026-04-15,Idli (4pc),Tiffin,1,63.0,60,Register,Cash,Payment,Saravana Bhavan Corner,Chennai,0.0
2026-04-15,Idli Vada Combo,Tiffin,1,94.5,90,Register,Cash,Payment,Saravana Bhavan Corner,Chennai,0.0
2026-04-15,Plain Dosa,Dosa,2,147.0,70,Swiggy,Card,Payment,Saravana Bhavan Corner,Chennai,0.0
2026-04-15,Plain Dosa,Dosa,2,147.0,70,Register,UPI,Payment,Saravana Bhavan Corner,Chennai,0.0
2026-04-15,Masala Dosa,Dosa,1,80.33,90,Register,Card,Payment,Saravana Bhavan Corner,Chennai,0.0
2026-04-15,Sambar Rice,Rice,2,252.0,120,Register,Card,Payment,Saravana Bhavan Corner,Chennai,0.0
2026-04-15,Onion Uttapam,Dosa,1,105.0,100,Register,Cash,Payment,Saravana Bhavan Corner,Chennai,0.0
2026-04-15,Filter Coffee,Beverages,1,35.7,40,Register,Cash,Payment,Saravana Bhavan Corner,Chennai,0.0
2026-04-15,Plain Dosa,Dosa,1,66.15,70,Register,Cash,Payment,Saravana Bhavan Corner,Chennai,0.0
2026-04-15,Idli Vada Combo,Tiffin,1,94.5,90,Swiggy,UPI,Payment,Saravana Bhavan Corner,Chennai,0.0
2026-04-15,Veg Thali,Thali,2,378.0,180,Register,Card,Payment,Saravana Bhavan Corner,Chennai,0.0
2026-04-15,Masala Dosa,Dosa,2,189.0,90,Register,Card,Payment,Saravana Bhavan Corner,Chennai,0.0
2026-04-15,Mini Tiffin Thali,Thali,3,472.5,150,Register,Card,Payment,Saravana Bhavan Corner,Chennai,0.0
2026-04-15,Masala Dosa,Dosa,1,94.5,90,Register,Card,Payment,Saravana Bhavan Corner,Chennai,0.0
2026-04-15,Lemon Rice,Rice,1,105.0,100,Register,UPI,Payment,Saravana Bhavan Corner,Chennai,0.0
2026-04-15,Rasgulla (2pc),Desserts,1,73.5,70,Register,UPI,Payment,Saravana Bhavan Corner,Chennai,0.0
2026-04-15,Mysore Bonda,Snacks,2,126.0,60,Register,UPI,Payment,Saravana Bhavan Corner,Chennai,0.0
2026-04-15,Onion Uttapam,Dosa,1,105.0,100,Register,UPI,Payment,Saravana Bhavan Corner,Chennai,0.0
2026-04-15,Filter Coffee,Beverages,2,84.0,40,Register,Cash,Payment,Saravana Bhavan Corner,Chennai,0.0
2026-04-15,Mysore Bonda,Snacks,1,63.0,60,Register,Cash,Payment,Saravana Bhavan Corner,Chennai,0.0
2026-04-15,Plain Dosa,Dosa,1,66.15,70,Register,Cash,Payment,Saravana Bhavan Corner,Chennai,0.0
2026-04-15,Medu Vada Chaat,Snacks,1,73.5,70,Register,Cash,Payment,Saravana Bhavan Corner,Chennai,0.0
2026-04-15,Bisi Bele Bath,Rice,3,409.5,130,Swiggy,Card,Payment,Saravana Bhavan Corner,Chennai,0.0
2026-04-15,Mysore Bonda,Snacks,1,63.0,60,Register,Cash,Payment,Saravana Bhavan Corner,Chennai,0.0
2026-04-15,Vada (2pc),Tiffin,2,105.0,50,Swiggy,Card,Payment,Saravana Bhavan Corner,Chennai,0.0
2026-04-15,Filter Coffee,Beverages,1,42.0,40,Swiggy,Card,Payment,Saravana Bhavan Corner,Chennai,0.0
2026-04-15,Filter Coffee,Beverages,1,37.8,40,Register,Card,Payment,Saravana Bhavan Corner,Chennai,0.0
2026-04-15,Idli Vada Combo,Tiffin,2,189.0,90,Register,Card,Payment,Saravana Bhavan Corner,Chennai,0.0
2026-04-15,Masala Chai,Beverages,1,36.75,35,Register,Card,Payment,Saravana Bhavan Corner,Chennai,0.0
2026-04-15,Veg Thali,Thali,1,189.0,180,Register,Cash,Payment,Saravana Bhavan Corner,Chennai,0.0
2026-04-15,Lemon Rice,Rice,1,105.0,100,Register,Cash,Payment,Saravana Bhavan Corner,Chennai,0.0
2026-04-15,Sambar Rice,Rice,1,126.0,120,Swiggy,Card,Payment,Saravana Bhavan Corner,Chennai,0.0
2026-04-15,Buttermilk,Beverages,2,63.0,30,Swiggy,UPI,Payment,Saravana Bhavan Corner,Chennai,0.0
2026-04-15,Lemon Rice,Rice,2,210.0,100,Swiggy,UPI,Payment,Saravana Bhavan Corner,Chennai,0.0
2026-04-15,Rava Dosa,Dosa,1,115.5,110,Swiggy,Card,Payment,Saravana Bhavan Corner,Chennai,0.0
2026-04-15,Pongal,Tiffin,2,168.0,80,Swiggy,Card,Payment,Saravana Bhavan Corner,Chennai,0.0
2026-04-15,Idli (4pc),Tiffin,3,189.0,60,Swiggy,Card,Payment,Saravana Bhavan Corner,Chennai,0.0
2026-04-15,Mysore Bonda,Snacks,1,63.0,60,Register,Cash,Payment,Saravana Bhavan Corner,Chennai,0.0
2026-04-15,Sambar Rice,Rice,1,126.0,120,Register,Cash,Payment,Saravana Bhavan Corner,Chennai,0.0
2026-04-15,Idli (4pc),Tiffin,2,126.0,60,Register,Cash,Payment,Saravana Bhavan Corner,Chennai,0.0
2026-04-15,Masala Dosa,Dosa,1,94.5,90,Swiggy,UPI,Payment,Saravana Bhavan Corner,Chennai,0.0
2026-04-15,Rasgulla (2pc),Desserts,1,62.48,70,Register,Card,Payment,Saravana Bhavan Corner,Chennai,0.0
2026-04-15,Filter Coffee,Beverages,3,113.4,40,Register,Card,Payment,Saravana Bhavan Corner,Chennai,0.0
2026-04-15,Filter Coffee,Beverages,2,84.0,40,Swiggy,UPI,Payment,Saravana Bhavan Corner,Chennai,0.0
2026-04-15,Rasgulla (2pc),Desserts,3,220.5,70,Register,Card,Payment,Saravana Bhavan Corner,Chennai,0.0
2026-04-15,Bisi Bele Bath,Rice,2,273.0,130,Register,Cash,Payment,Saravana Bhavan Corner,Chennai,0.0
2026-04-15,Curd Rice,Rice,1,94.5,90,Register,Cash,Payment,Saravana Bhavan Corner,Chennai,0.0
2026-04-15,Masala Chai,Beverages,2,73.5,35,Register,UPI,Payment,Saravana Bhavan Corner,Chennai,0.0
2026-04-15,Vada (2pc),Tiffin,1,47.25,50,Register,UPI,Payment,Saravana Bhavan Corner,Chennai,0.0
2026-04-15,Idli Vada Combo,Tiffin,2,189.0,90,Register,UPI,Payment,Saravana Bhavan Corner,Chennai,0.0
2026-04-15,Medu Vada Chaat,Snacks,1,73.5,70,Register,UPI,Payment,Saravana Bhavan Corner,Chennai,0.0
2026-04-15,Sambar Rice,Rice,1,126.0,120,Register,UPI,Payment,Saravana Bhavan Corner,Chennai,0.0
2026-04-15,Rasgulla (2pc),Desserts,1,73.5,70,Register,UPI,Payment,Saravana Bhavan Corner,Chennai,0.0
2026-04-15,Lemon Rice,Rice,1,89.25,100,Swiggy,UPI,Payment,Saravana Bhavan Corner,Chennai,0.0
2026-04-15,Sambar Rice,Rice,1,107.1,120,Swiggy,Card,Payment,Saravana Bhavan Corner,Chennai,0.0
2026-04-15,Idli (4pc),Tiffin,2,126.0,60,Swiggy,Card,Payment,Saravana Bhavan Corner,Chennai,0.0
2026-04-15,Masala Chai,Beverages,1,36.75,35,Swiggy,Card,Payment,Saravana Bhavan Corner,Chennai,0.0
2026-04-15,Filter Coffee,Beverages,1,42.0,40,Swiggy,Card,Payment,Saravana Bhavan Corner,Chennai,0.0
2026-04-15,Buttermilk,Beverages,1,26.78,30,Register,UPI,Payment,Saravana Bhavan Corner,Chennai,0.0
2026-04-15,Mini Tiffin Thali,Thali,1,157.5,150,Register,UPI,Payment,Saravana Bhavan Corner,Chennai,0.0
2026-04-15,Plain Dosa,Dosa,1,73.5,70,Register,UPI,Payment,Saravana Bhavan Corner,Chennai,0.0
2026-04-15,Veg Thali,Thali,3,567.0,180,Swiggy,UPI,Payment,Saravana Bhavan Corner,Chennai,0.0
2026-04-16,Masala Chai,Beverages,2,73.5,35,Register,Card,Payment,Saravana Bhavan Corner,Chennai,0.0
2026-04-16,Idli Vada Combo,Tiffin,2,189.0,90,Register,Cash,Payment,Saravana Bhavan Corner,Chennai,0.0
2026-04-16,Rasgulla (2pc),Desserts,1,62.48,70,Register,Cash,Payment,Saravana Bhavan Corner,Chennai,0.0
2026-04-16,Lemon Rice,Rice,1,94.5,100,Register,Cash,Payment,Saravana Bhavan Corner,Chennai,0.0
2026-04-16,Vada (2pc),Tiffin,2,94.5,50,Register,Cash,Payment,Saravana Bhavan Corner,Chennai,0.0
2026-04-16,Filter Coffee,Beverages,2,75.6,40,Register,Card,Payment,Saravana Bhavan Corner,Chennai,0.0
2026-04-16,Sambar Rice,Rice,1,126.0,120,Swiggy,UPI,Payment,Saravana Bhavan Corner,Chennai,0.0
2026-04-16,Masala Dosa,Dosa,1,94.5,90,Register,UPI,Payment,Saravana Bhavan Corner,Chennai,0.0
2026-04-16,Masala Chai,Beverages,3,110.25,35,Swiggy,UPI,Payment,Saravana Bhavan Corner,Chennai,0.0
2026-04-16,Filter Coffee,Beverages,2,84.0,40,Swiggy,UPI,Payment,Saravana Bhavan Corner,Chennai,0.0
2026-04-16,Idli (4pc),Tiffin,1,63.0,60,Register,UPI,Payment,Saravana Bhavan Corner,Chennai,0.0
2026-04-16,Sambar Rice,Rice,1,126.0,120,Register,Card,Payment,Saravana Bhavan Corner,Chennai,0.0
2026-04-16,Plain Dosa,Dosa,2,147.0,70,Register,UPI,Payment,Saravana Bhavan Corner,Chennai,0.0
2026-04-16,Rasgulla (2pc),Desserts,1,73.5,70,Register,Card,Payment,Saravana Bhavan Corner,Chennai,0.0
2026-04-16,Vada (2pc),Tiffin,1,52.5,50,Register,Card,Payment,Saravana Bhavan Corner,Chennai,0.0
2026-04-16,Filter Coffee,Beverages,1,42.0,40,Register,Cash,Payment,Saravana Bhavan Corner,Chennai,0.0
2026-04-16,Filter Coffee,Beverages,1,42.0,40,Register,UPI,Payment,Saravana Bhavan Corner,Chennai,0.0
2026-04-16,Medu Vada Chaat,Snacks,1,73.5,70,Register,Cash,Payment,Saravana Bhavan Corner,Chennai,0.0
2026-04-16,Masala Dosa,Dosa,1,94.5,90,Register,Cash,Payment,Saravana Bhavan Corner,Chennai,0.0
2026-04-16,Onion Uttapam,Dosa,1,105.0,100,Register,Cash,Payment,Saravana Bhavan Corner,Chennai,0.0
2026-04-16,Curd Rice,Rice,2,189.0,90,Register,Cash,Payment,Saravana Bhavan Corner,Chennai,0.0
2026-04-16,Vada (2pc),Tiffin,1,52.5,50,Register,Cash,Payment,Saravana Bhavan Corner,Chennai,0.0
2026-04-16,Veg Thali,Thali,2,378.0,180,Register,Cash,Payment,Saravana Bhavan Corner,Chennai,0.0
2026-04-16,Filter Coffee,Beverages,2,84.0,40,Register,UPI,Payment,Saravana Bhavan Corner,Chennai,0.0
2026-04-16,Sambar Rice,Rice,1,126.0,120,Register,Cash,Payment,Saravana Bhavan Corner,Chennai,0.0
2026-04-16,Lemon Rice,Rice,2,210.0,100,Swiggy,Card,Payment,Saravana Bhavan Corner,Chennai,0.0
2026-04-16,Filter Coffee,Beverages,2,84.0,40,Swiggy,Card,Payment,Saravana Bhavan Corner,Chennai,0.0
2026-04-16,Mysore Bonda,Snacks,2,126.0,60,Swiggy,UPI,Payment,Saravana Bhavan Corner,Chennai,0.0
2026-04-16,Masala Dosa,Dosa,1,94.5,90,Swiggy,UPI,Payment,Saravana Bhavan Corner,Chennai,0.0
2026-04-16,Buttermilk,Beverages,1,31.5,30,Register,UPI,Payment,Saravana Bhavan Corner,Chennai,0.0
2026-04-16,Masala Dosa,Dosa,3,283.5,90,Register,UPI,Payment,Saravana Bhavan Corner,Chennai,0.0
2026-04-16,Masala Chai,Beverages,1,36.75,35,Register,Cash,Payment,Saravana Bhavan Corner,Chennai,0.0
2026-04-16,Plain Dosa,Dosa,1,73.5,70,Register,Cash,Payment,Saravana Bhavan Corner,Chennai,0.0
2026-04-16,Idli (4pc),Tiffin,2,126.0,60,Register,UPI,Payment,Saravana Bhavan Corner,Chennai,0.0
2026-04-16,Onion Uttapam,Dosa,2,210.0,100,Register,Cash,Payment,Saravana Bhavan Corner,Chennai,0.0
2026-04-16,Lemon Rice,Rice,1,105.0,100,Register,Cash,Payment,Saravana Bhavan Corner,Chennai,0.0
2026-04-16,Plain Dosa,Dosa,1,73.5,70,Swiggy,Card,Payment,Saravana Bhavan Corner,Chennai,0.0
2026-04-16,Idli (4pc),Tiffin,2,126.0,60,Swiggy,Card,Payment,Saravana Bhavan Corner,Chennai,0.0
2026-04-16,Medu Vada Chaat,Snacks,1,73.5,70,Swiggy,Card,Payment,Saravana Bhavan Corner,Chennai,0.0
2026-04-16,Pongal,Tiffin,1,84.0,80,Swiggy,Card,Payment,Saravana Bhavan Corner,Chennai,0.0
2026-04-16,Plain Dosa,Dosa,1,73.5,70,Swiggy,Card,Payment,Saravana Bhavan Corner,Chennai,0.0
2026-04-16,Masala Dosa,Dosa,1,80.33,90,Swiggy,Card,Payment,Saravana Bhavan Corner,Chennai,0.0
2026-04-16,Filter Coffee,Beverages,1,42.0,40,Register,Cash,Payment,Saravana Bhavan Corner,Chennai,0.0
2026-04-16,Idli Vada Combo,Tiffin,2,189.0,90,Register,Cash,Payment,Saravana Bhavan Corner,Chennai,0.0
2026-04-16,Mysore Bonda,Snacks,1,63.0,60,Swiggy,Card,Payment,Saravana Bhavan Corner,Chennai,0.0
2026-04-16,Buttermilk,Beverages,1,31.5,30,Swiggy,Card,Payment,Saravana Bhavan Corner,Chennai,0.0
2026-04-16,Pongal,Tiffin,1,84.0,80,Register,Cash,Payment,Saravana Bhavan Corner,Chennai,0.0
2026-04-16,Veg Thali,Thali,1,170.1,180,Register,Cash,Payment,Saravana Bhavan Corner,Chennai,0.0
2026-04-16,Plain Dosa,Dosa,1,73.5,70,Swiggy,Card,Payment,Saravana Bhavan Corner,Chennai,0.0
2026-04-16,Veg Thali,Thali,1,189.0,180,Swiggy,Card,Payment,Saravana Bhavan Corner,Chennai,0.0
2026-04-16,Rasgulla (2pc),Desserts,2,147.0,70,Swiggy,UPI,Payment,Saravana Bhavan Corner,Chennai,0.0
2026-04-16,Masala Dosa,Dosa,1,94.5,90,Register,Card,Payment,Saravana Bhavan Corner,Chennai,0.0
2026-04-16,Idli (4pc),Tiffin,1,63.0,60,Register,Cash,Payment,Saravana Bhavan Corner,Chennai,0.0
2026-04-16,Sambar Rice,Rice,1,126.0,120,Swiggy,Card,Payment,Saravana Bhavan Corner,Chennai,0.0
2026-04-16,Plain Dosa,Dosa,1,73.5,70,Register,Cash,Payment,Saravana Bhavan Corner,Chennai,0.0
2026-04-16,Curd Rice,Rice,3,283.5,90,Register,Card,Payment,Saravana Bhavan Corner,Chennai,0.0
2026-04-16,Vada (2pc),Tiffin,2,105.0,50,Swiggy,UPI,Payment,Saravana Bhavan Corner,Chennai,0.0
2026-04-16,Sambar Rice,Rice,2,252.0,120,Swiggy,Card,Payment,Saravana Bhavan Corner,Chennai,0.0
2026-04-16,Filter Coffee,Beverages,3,126.0,40,Swiggy,Card,Payment,Saravana Bhavan Corner,Chennai,0.0
2026-04-16,Buttermilk,Beverages,1,26.78,30,Swiggy,UPI,Payment,Saravana Bhavan Corner,Chennai,0.0
2026-04-16,Idli Vada Combo,Tiffin,1,94.5,90,Swiggy,Card,Payment,Saravana Bhavan Corner,Chennai,0.0
2026-04-16,Idli (4pc),Tiffin,2,126.0,60,Register,Card,Payment,Saravana Bhavan Corner,Chennai,0.0
2026-04-16,Vada (2pc),Tiffin,1,52.5,50,Swiggy,Card,Payment,Saravana Bhavan Corner,Chennai,0.0
2026-04-16,Masala Dosa,Dosa,1,94.5,90,Register,Card,Payment,Saravana Bhavan Corner,Chennai,0.0
2026-04-16,Sambar Rice,Rice,1,126.0,120,Register,Card,Payment,Saravana Bhavan Corner,Chennai,0.0
2026-04-16,Idli (4pc),Tiffin,1,63.0,60,Swiggy,Card,Payment,Saravana Bhavan Corner,Chennai,0.0
2026-04-16,Rava Dosa,Dosa,2,231.0,110,Swiggy,Card,Payment,Saravana Bhavan Corner,Chennai,0.0
2026-04-17,Lemon Rice,Rice,1,105.0,100,Swiggy,Card,Payment,Saravana Bhavan Corner,Chennai,0.0
2026-04-17,Masala Dosa,Dosa,2,189.0,90,Swiggy,UPI,Payment,Saravana Bhavan Corner,Chennai,0.0
2026-04-17,Mini Tiffin Thali,Thali,1,157.5,150,Swiggy,UPI,Payment,Saravana Bhavan Corner,Chennai,0.0
2026-04-17,Sambar Rice,Rice,1,126.0,120,Swiggy,Card,Payment,Saravana Bhavan Corner,Chennai,0.0
2026-04-17,Medu Vada Chaat,Snacks,2,147.0,70,Swiggy,Card,Payment,Saravana Bhavan Corner,Chennai,0.0
2026-04-17,Sambar Rice,Rice,2,252.0,120,Swiggy,Card,Payment,Saravana Bhavan Corner,Chennai,0.0
2026-04-17,Onion Uttapam,Dosa,2,210.0,100,Swiggy,Card,Payment,Saravana Bhavan Corner,Chennai,0.0
2026-04-17,Sambar Rice,Rice,2,252.0,120,Swiggy,Card,Payment,Saravana Bhavan Corner,Chennai,0.0
2026-04-17,Mini Tiffin Thali,Thali,1,157.5,150,Swiggy,Card,Payment,Saravana Bhavan Corner,Chennai,0.0
2026-04-17,Veg Thali,Thali,1,189.0,180,Swiggy,Card,Payment,Saravana Bhavan Corner,Chennai,0.0
2026-04-17,Curd Rice,Rice,1,94.5,90,Swiggy,UPI,Payment,Saravana Bhavan Corner,Chennai,0.0
2026-04-17,Idli (4pc),Tiffin,1,63.0,60,Register,UPI,Payment,Saravana Bhavan Corner,Chennai,0.0
2026-04-17,Vada (2pc),Tiffin,1,52.5,50,Register,Card,Payment,Saravana Bhavan Corner,Chennai,0.0
2026-04-17,Mysore Bonda,Snacks,1,63.0,60,Register,Card,Payment,Saravana Bhavan Corner,Chennai,0.0
2026-04-17,Mysore Bonda,Snacks,2,126.0,60,Register,Card,Payment,Saravana Bhavan Corner,Chennai,0.0
2026-04-17,Lemon Rice,Rice,1,105.0,100,Swiggy,UPI,Payment,Saravana Bhavan Corner,Chennai,0.0
2026-04-17,Mini Tiffin Thali,Thali,1,157.5,150,Swiggy,UPI,Payment,Saravana Bhavan Corner,Chennai,0.0
2026-04-17,Masala Dosa,Dosa,3,283.5,90,Swiggy,UPI,Payment,Saravana Bhavan Corner,Chennai,0.0
2026-04-17,Mini Tiffin Thali,Thali,2,315.0,150,Register,Card,Payment,Saravana Bhavan Corner,Chennai,0.0
2026-04-17,Mysore Bonda,Snacks,1,63.0,60,Swiggy,Card,Payment,Saravana Bhavan Corner,Chennai,0.0
2026-04-17,Curd Rice,Rice,2,189.0,90,Swiggy,Card,Payment,Saravana Bhavan Corner,Chennai,0.0
2026-04-17,Onion Uttapam,Dosa,1,105.0,100,Swiggy,UPI,Payment,Saravana Bhavan Corner,Chennai,0.0
2026-04-17,Plain Dosa,Dosa,1,73.5,70,Register,Cash,Payment,Saravana Bhavan Corner,Chennai,0.0
2026-04-17,Sambar Rice,Rice,1,107.1,120,Swiggy,UPI,Payment,Saravana Bhavan Corner,Chennai,0.0
2026-04-17,Mini Tiffin Thali,Thali,3,472.5,150,Swiggy,Card,Payment,Saravana Bhavan Corner,Chennai,0.0
2026-04-17,Medu Vada Chaat,Snacks,1,73.5,70,Swiggy,UPI,Payment,Saravana Bhavan Corner,Chennai,0.0
2026-04-17,Rasgulla (2pc),Desserts,1,73.5,70,Swiggy,UPI,Payment,Saravana Bhavan Corner,Chennai,0.0
2026-04-17,Veg Thali,Thali,1,160.65,180,Swiggy,UPI,Payment,Saravana Bhavan Corner,Chennai,0.0
2026-04-17,Lemon Rice,Rice,2,210.0,100,Swiggy,UPI,Payment,Saravana Bhavan Corner,Chennai,0.0
2026-04-17,Mysore Bonda,Snacks,2,126.0,60,Register,UPI,Payment,Saravana Bhavan Corner,Chennai,0.0
2026-04-17,Masala Dosa,Dosa,3,283.5,90,Register,UPI,Payment,Saravana Bhavan Corner,Chennai,0.0
2026-04-17,Filter Coffee,Beverages,3,126.0,40,Register,Cash,Payment,Saravana Bhavan Corner,Chennai,0.0
2026-04-17,Idli (4pc),Tiffin,2,113.4,60,Register,Cash,Payment,Saravana Bhavan Corner,Chennai,0.0
2026-04-17,Idli (4pc),Tiffin,1,63.0,60,Register,Card,Payment,Saravana Bhavan Corner,Chennai,0.0
2026-04-17,Rasgulla (2pc),Desserts,2,124.95,70,Register,Card,Payment,Saravana Bhavan Corner,Chennai,0.0
2026-04-17,Bulk Catering Order,Uncategorized,1,3150.0,3000,Register,Card,Payment,Saravana Bhavan Corner,Chennai,0.0
2026-04-17,Mini Tiffin Thali,Thali,3,472.5,150,Register,Card,Payment,Saravana Bhavan Corner,Chennai,0.0
2026-04-17,Idli (4pc),Tiffin,2,126.0,60,Swiggy,UPI,Payment,Saravana Bhavan Corner,Chennai,0.0
2026-04-17,Vada (2pc),Tiffin,1,52.5,50,Swiggy,UPI,Payment,Saravana Bhavan Corner,Chennai,0.0
2026-04-17,Masala Chai,Beverages,1,36.75,35,Swiggy,UPI,Payment,Saravana Bhavan Corner,Chennai,0.0
2026-04-17,Idli Vada Combo,Tiffin,1,94.5,90,Register,Card,Payment,Saravana Bhavan Corner,Chennai,0.0
2026-04-17,Rasgulla (2pc),Desserts,1,73.5,70,Register,Card,Payment,Saravana Bhavan Corner,Chennai,0.0
2026-04-17,Masala Dosa,Dosa,1,94.5,90,Swiggy,UPI,Payment,Saravana Bhavan Corner,Chennai,0.0
2026-04-17,Veg Thali,Thali,2,378.0,180,Swiggy,UPI,Payment,Saravana Bhavan Corner,Chennai,0.0
2026-04-17,Masala Dosa,Dosa,1,94.5,90,Swiggy,UPI,Payment,Saravana Bhavan Corner,Chennai,0.0
2026-04-17,Buttermilk,Beverages,2,63.0,30,Swiggy,UPI,Payment,Saravana Bhavan Corner,Chennai,0.0
2026-04-17,Masala Dosa,Dosa,1,94.5,90,Swiggy,Card,Payment,Saravana Bhavan Corner,Chennai,0.0
2026-04-17,Masala Chai,Beverages,1,33.08,35,Register,UPI,Payment,Saravana Bhavan Corner,Chennai,0.0
2026-04-17,Rasgulla (2pc),Desserts,1,66.15,70,Swiggy,Card,Payment,Saravana Bhavan Corner,Chennai,0.0
2026-04-17,Filter Coffee,Beverages,2,84.0,40,Swiggy,UPI,Payment,Saravana Bhavan Corner,Chennai,0.0
2026-04-17,Buttermilk,Beverages,2,63.0,30,Register,Card,Payment,Saravana Bhavan Corner,Chennai,0.0
2026-04-17,Sambar Rice,Rice,1,126.0,120,Register,Card,Payment,Saravana Bhavan Corner,Chennai,0.0
2026-04-17,Masala Dosa,Dosa,1,85.05,90,Register,Card,Payment,Saravana Bhavan Corner,Chennai,0.0
2026-04-17,Sambar Rice,Rice,1,126.0,120,Swiggy,Card,Payment,Saravana Bhavan Corner,Chennai,0.0
2026-04-17,Mini Tiffin Thali,Thali,1,157.5,150,Register,Card,Payment,Saravana Bhavan Corner,Chennai,0.0
2026-04-17,Lemon Rice,Rice,2,210.0,100,Register,UPI,Payment,Saravana Bhavan Corner,Chennai,0.0
2026-04-17,Filter Coffee,Beverages,2,84.0,40,Register,Card,Payment,Saravana Bhavan Corner,Chennai,0.0
2026-04-17,Medu Vada Chaat,Snacks,1,66.15,70,Register,Card,Payment,Saravana Bhavan Corner,Chennai,0.0
2026-04-17,Buttermilk,Beverages,1,31.5,30,Register,Card,Payment,Saravana Bhavan Corner,Chennai,0.0
2026-04-17,Filter Coffee,Beverages,1,42.0,40,Register,Card,Payment,Saravana Bhavan Corner,Chennai,0.0
2026-04-17,Onion Uttapam,Dosa,2,210.0,100,Register,UPI,Payment,Saravana Bhavan Corner,Chennai,0.0
2026-04-17,Rasgulla (2pc),Desserts,1,73.5,70,Swiggy,UPI,Payment,Saravana Bhavan Corner,Chennai,0.0
2026-04-17,Idli (4pc),Tiffin,1,63.0,60,Swiggy,UPI,Payment,Saravana Bhavan Corner,Chennai,0.0
2026-04-17,Idli Vada Combo,Tiffin,1,94.5,90,Swiggy,UPI,Payment,Saravana Bhavan Corner,Chennai,0.0
2026-04-17,Veg Thali,Thali,2,378.0,180,Swiggy,Card,Payment,Saravana Bhavan Corner,Chennai,0.0
2026-04-17,Veg Thali,Thali,1,189.0,180,Swiggy,Card,Payment,Saravana Bhavan Corner,Chennai,0.0
2026-04-17,Onion Uttapam,Dosa,1,105.0,100,Swiggy,Card,Payment,Saravana Bhavan Corner,Chennai,0.0
2026-04-17,Masala Dosa,Dosa,1,94.5,90,Swiggy,UPI,Payment,Saravana Bhavan Corner,Chennai,0.0
2026-04-17,Curd Rice,Rice,1,94.5,90,Swiggy,Card,Payment,Saravana Bhavan Corner,Chennai,0.0
2026-04-17,Rasgulla (2pc),Desserts,2,132.3,70,Register,UPI,Payment,Saravana Bhavan Corner,Chennai,0.0
2026-04-17,Medu Vada Chaat,Snacks,1,73.5,70,Register,Card,Payment,Saravana Bhavan Corner,Chennai,0.0
2026-04-17,Idli Vada Combo,Tiffin,1,94.5,90,Register,Card,Payment,Saravana Bhavan Corner,Chennai,0.0
2026-04-17,Onion Uttapam,Dosa,2,210.0,100,Register,Card,Payment,Saravana Bhavan Corner,Chennai,0.0
2026-04-17,Buttermilk,Beverages,2,63.0,30,Register,Card,Payment,Saravana Bhavan Corner,Chennai,0.0
2026-04-17,Sambar Rice,Rice,1,126.0,120,Register,Cash,Payment,Saravana Bhavan Corner,Chennai,0.0
2026-04-17,Rava Dosa,Dosa,1,115.5,110,Register,Cash,Payment,Saravana Bhavan Corner,Chennai,0.0
2026-04-17,Pongal,Tiffin,1,84.0,80,Register,UPI,Payment,Saravana Bhavan Corner,Chennai,0.0
2026-04-17,Lemon Rice,Rice,2,210.0,100,Register,UPI,Payment,Saravana Bhavan Corner,Chennai,0.0
2026-04-17,Bisi Bele Bath,Rice,1,136.5,130,Register,UPI,Payment,Saravana Bhavan Corner,Chennai,0.0
2026-04-17,Vada (2pc),Tiffin,1,52.5,50,Register,Cash,Payment,Saravana Bhavan Corner,Chennai,0.0
2026-04-17,Veg Thali,Thali,1,189.0,180,Swiggy,UPI,Payment,Saravana Bhavan Corner,Chennai,0.0
2026-04-17,Mini Tiffin Thali,Thali,1,157.5,150,Swiggy,UPI,Payment,Saravana Bhavan Corner,Chennai,0.0
2026-04-17,Curd Rice,Rice,1,85.05,90,Swiggy,Card,Payment,Saravana Bhavan Corner,Chennai,0.0
2026-04-17,Curd Rice,Rice,1,94.5,90,Swiggy,Card,Payment,Saravana Bhavan Corner,Chennai,0.0
2026-04-17,Idli (4pc),Tiffin,3,189.0,60,Swiggy,UPI,Payment,Saravana Bhavan Corner,Chennai,0.0
2026-04-17,Filter Coffee,Beverages,2,84.0,40,Swiggy,Card,Payment,Saravana Bhavan Corner,Chennai,0.0
2026-04-17,Onion Uttapam,Dosa,1,105.0,100,Register,Card,Payment,Saravana Bhavan Corner,Chennai,0.0
2026-04-17,Filter Coffee,Beverages,1,42.0,40,Register,UPI,Payment,Saravana Bhavan Corner,Chennai,0.0
2026-04-17,Buttermilk,Beverages,2,63.0,30,Register,UPI,Payment,Saravana Bhavan Corner,Chennai,0.0
2026-04-17,Rasgulla (2pc),Desserts,2,124.95,70,Register,UPI,Payment,Saravana Bhavan Corner,Chennai,0.0
2026-04-17,Sambar Rice,Rice,1,107.1,120,Swiggy,UPI,Payment,Saravana Bhavan Corner,Chennai,0.0
2026-04-17,Veg Thali,Thali,2,378.0,180,Register,Cash,Payment,Saravana Bhavan Corner,Chennai,0.0
2026-04-17,Sambar Rice,Rice,2,252.0,120,Register,Cash,Payment,Saravana Bhavan Corner,Chennai,0.0
2026-04-17,Idli (4pc),Tiffin,1,63.0,60,Swiggy,Card,Payment,Saravana Bhavan Corner,Chennai,0.0
2026-04-17,Vada (2pc),Tiffin,1,52.5,50,Register,Cash,Payment,Saravana Bhavan Corner,Chennai,0.0
2026-04-18,Onion Uttapam,Dosa,1,94.5,100,Register,Cash,Payment,Saravana Bhavan Corner,Chennai,0.0
2026-04-18,Idli Vada Combo,Tiffin,2,189.0,90,Swiggy,UPI,Payment,Saravana Bhavan Corner,Chennai,0.0
2026-04-18,Curd Rice,Rice,2,189.0,90,Swiggy,Card,Payment,Saravana Bhavan Corner,Chennai,0.0
2026-04-18,Onion Uttapam,Dosa,3,315.0,100,Swiggy,Card,Payment,Saravana Bhavan Corner,Chennai,0.0
2026-04-18,Veg Thali,Thali,2,378.0,180,Register,UPI,Payment,Saravana Bhavan Corner,Chennai,0.0
2026-04-18,Buttermilk,Beverages,1,31.5,30,Register,UPI,Payment,Saravana Bhavan Corner,Chennai,0.0
2026-04-18,Masala Chai,Beverages,1,36.75,35,Register,UPI,Payment,Saravana Bhavan Corner,Chennai,0.0
2026-04-18,Buttermilk,Beverages,2,63.0,30,Register,UPI,Payment,Saravana Bhavan Corner,Chennai,0.0
2026-04-18,Rava Dosa,Dosa,1,115.5,110,Swiggy,Card,Payment,Saravana Bhavan Corner,Chennai,0.0
2026-04-18,Filter Coffee,Beverages,1,42.0,40,Swiggy,Card,Payment,Saravana Bhavan Corner,Chennai,0.0
2026-04-18,Lemon Rice,Rice,2,210.0,100,Register,Cash,Payment,Saravana Bhavan Corner,Chennai,0.0
2026-04-18,Veg Thali,Thali,1,189.0,180,Swiggy,Card,Payment,Saravana Bhavan Corner,Chennai,0.0
2026-04-18,Masala Dosa,Dosa,1,94.5,90,Register,UPI,Payment,Saravana Bhavan Corner,Chennai,0.0
2026-04-18,Masala Dosa,Dosa,2,189.0,90,Register,UPI,Payment,Saravana Bhavan Corner,Chennai,0.0
2026-04-18,Idli (4pc),Tiffin,1,63.0,60,Register,Cash,Payment,Saravana Bhavan Corner,Chennai,0.0
2026-04-18,Medu Vada Chaat,Snacks,1,73.5,70,Register,Cash,Payment,Saravana Bhavan Corner,Chennai,0.0
2026-04-18,Onion Uttapam,Dosa,1,105.0,100,Swiggy,UPI,Payment,Saravana Bhavan Corner,Chennai,0.0
2026-04-18,Filter Coffee,Beverages,3,126.0,40,Register,Card,Payment,Saravana Bhavan Corner,Chennai,0.0
2026-04-18,Veg Thali,Thali,1,189.0,180,Register,UPI,Payment,Saravana Bhavan Corner,Chennai,0.0
2026-04-18,Idli Vada Combo,Tiffin,3,283.5,90,Swiggy,Card,Payment,Saravana Bhavan Corner,Chennai,0.0
2026-04-18,Sambar Rice,Rice,1,126.0,120,Swiggy,Card,Payment,Saravana Bhavan Corner,Chennai,0.0
2026-04-18,Idli (4pc),Tiffin,2,126.0,60,Swiggy,UPI,Payment,Saravana Bhavan Corner,Chennai,0.0
2026-04-18,Curd Rice,Rice,1,94.5,90,Register,Cash,Payment,Saravana Bhavan Corner,Chennai,0.0
2026-04-18,Buttermilk,Beverages,1,31.5,30,Swiggy,UPI,Payment,Saravana Bhavan Corner,Chennai,0.0
2026-04-18,Vada (2pc),Tiffin,2,105.0,50,Register,Card,Payment,Saravana Bhavan Corner,Chennai,0.0
2026-04-18,Idli Vada Combo,Tiffin,1,94.5,90,Swiggy,UPI,Payment,Saravana Bhavan Corner,Chennai,0.0
2026-04-18,Idli (4pc),Tiffin,1,63.0,60,Swiggy,UPI,Payment,Saravana Bhavan Corner,Chennai,0.0
2026-04-18,Plain Dosa,Dosa,1,73.5,70,Swiggy,UPI,Payment,Saravana Bhavan Corner,Chennai,0.0
2026-04-18,Masala Dosa,Dosa,2,189.0,90,Register,UPI,Payment,Saravana Bhavan Corner,Chennai,0.0
2026-04-18,Curd Rice,Rice,1,94.5,90,Swiggy,Card,Payment,Saravana Bhavan Corner,Chennai,0.0
2026-04-18,Lemon Rice,Rice,1,94.5,100,Register,Card,Payment,Saravana Bhavan Corner,Chennai,0.0
2026-04-18,Onion Uttapam,Dosa,1,105.0,100,Swiggy,UPI,Payment,Saravana Bhavan Corner,Chennai,0.0
2026-04-18,Sambar Rice,Rice,1,126.0,120,Swiggy,Card,Payment,Saravana Bhavan Corner,Chennai,0.0
2026-04-18,Medu Vada Chaat,Snacks,1,73.5,70,Swiggy,Card,Payment,Saravana Bhavan Corner,Chennai,0.0
2026-04-18,Onion Uttapam,Dosa,2,210.0,100,Register,Cash,Payment,Saravana Bhavan Corner,Chennai,0.0
2026-04-18,Curd Rice,Rice,1,94.5,90,Register,Card,Payment,Saravana Bhavan Corner,Chennai,0.0
2026-04-18,Sambar Rice,Rice,2,252.0,120,Swiggy,UPI,Payment,Saravana Bhavan Corner,Chennai,0.0
2026-04-18,Idli (4pc),Tiffin,1,63.0,60,Register,Card,Payment,Saravana Bhavan Corner,Chennai,0.0
2026-04-18,Bisi Bele Bath,Rice,2,273.0,130,Register,Cash,Payment,Saravana Bhavan Corner,Chennai,0.0
2026-04-18,Onion Uttapam,Dosa,1,105.0,100,Register,Cash,Payment,Saravana Bhavan Corner,Chennai,0.0
2026-04-18,Vada (2pc),Tiffin,2,105.0,50,Register,Cash,Payment,Saravana Bhavan Corner,Chennai,0.0
2026-04-18,Idli (4pc),Tiffin,2,126.0,60,Register,Cash,Payment,Saravana Bhavan Corner,Chennai,0.0
2026-04-18,Filter Coffee,Beverages,1,37.8,40,Register,Card,Payment,Saravana Bhavan Corner,Chennai,0.0
2026-04-18,Lemon Rice,Rice,2,210.0,100,Register,Cash,Payment,Saravana Bhavan Corner,Chennai,0.0
2026-04-18,Filter Coffee,Beverages,1,42.0,40,Register,Cash,Payment,Saravana Bhavan Corner,Chennai,0.0
2026-04-18,Rava Dosa,Dosa,2,231.0,110,Register,Cash,Payment,Saravana Bhavan Corner,Chennai,0.0
2026-04-18,Rasgulla (2pc),Desserts,2,147.0,70,Register,Cash,Payment,Saravana Bhavan Corner,Chennai,0.0
2026-04-18,Masala Chai,Beverages,2,73.5,35,Register,Cash,Payment,Saravana Bhavan Corner,Chennai,0.0
2026-04-18,Filter Coffee,Beverages,1,42.0,40,Register,Cash,Payment,Saravana Bhavan Corner,Chennai,0.0
2026-04-18,Onion Uttapam,Dosa,1,105.0,100,Register,Cash,Payment,Saravana Bhavan Corner,Chennai,0.0
2026-04-18,Curd Rice,Rice,2,189.0,90,Register,UPI,Payment,Saravana Bhavan Corner,Chennai,0.0
2026-04-18,Rava Dosa,Dosa,2,231.0,110,Register,Card,Payment,Saravana Bhavan Corner,Chennai,0.0
2026-04-18,Idli (4pc),Tiffin,3,189.0,60,Register,Card,Payment,Saravana Bhavan Corner,Chennai,0.0
2026-04-18,Buttermilk,Beverages,2,63.0,30,Swiggy,UPI,Payment,Saravana Bhavan Corner,Chennai,0.0
2026-04-18,Filter Coffee,Beverages,1,42.0,40,Swiggy,UPI,Payment,Saravana Bhavan Corner,Chennai,0.0
2026-04-18,Vada (2pc),Tiffin,1,47.25,50,Swiggy,UPI,Payment,Saravana Bhavan Corner,Chennai,0.0
2026-04-18,Lemon Rice,Rice,2,210.0,100,Register,Card,Payment,Saravana Bhavan Corner,Chennai,0.0
2026-04-18,Onion Uttapam,Dosa,1,105.0,100,Register,Card,Payment,Saravana Bhavan Corner,Chennai,0.0
2026-04-18,Buttermilk,Beverages,1,31.5,30,Swiggy,Card,Payment,Saravana Bhavan Corner,Chennai,0.0
2026-04-18,Vada (2pc),Tiffin,1,52.5,50,Register,Cash,Payment,Saravana Bhavan Corner,Chennai,0.0
2026-04-18,Vada (2pc),Tiffin,2,105.0,50,Register,Cash,Payment,Saravana Bhavan Corner,Chennai,0.0
2026-04-18,Plain Dosa,Dosa,1,73.5,70,Register,Cash,Payment,Saravana Bhavan Corner,Chennai,0.0
2026-04-18,Sambar Rice,Rice,2,214.2,120,Register,Card,Payment,Saravana Bhavan Corner,Chennai,0.0
2026-04-18,Veg Thali,Thali,1,189.0,180,Register,Card,Payment,Saravana Bhavan Corner,Chennai,0.0
2026-04-18,Medu Vada Chaat,Snacks,1,73.5,70,Register,Card,Payment,Saravana Bhavan Corner,Chennai,0.0
2026-04-18,Idli (4pc),Tiffin,1,63.0,60,Register,Card,Payment,Saravana Bhavan Corner,Chennai,0.0
2026-04-18,Masala Dosa,Dosa,2,170.1,90,Swiggy,Card,Payment,Saravana Bhavan Corner,Chennai,0.0
2026-04-18,Curd Rice,Rice,2,189.0,90,Swiggy,Card,Payment,Saravana Bhavan Corner,Chennai,0.0
2026-04-18,Masala Dosa,Dosa,1,94.5,90,Swiggy,Card,Payment,Saravana Bhavan Corner,Chennai,0.0
2026-04-18,Idli (4pc),Tiffin,1,63.0,60,Register,UPI,Payment,Saravana Bhavan Corner,Chennai,0.0
2026-04-18,Idli (4pc),Tiffin,2,126.0,60,Register,UPI,Payment,Saravana Bhavan Corner,Chennai,0.0
2026-04-18,Rava Dosa,Dosa,1,115.5,110,Swiggy,Card,Payment,Saravana Bhavan Corner,Chennai,0.0
2026-04-18,Idli (4pc),Tiffin,2,126.0,60,Swiggy,Card,Payment,Saravana Bhavan Corner,Chennai,0.0
2026-04-18,Sambar Rice,Rice,1,126.0,120,Register,Card,Payment,Saravana Bhavan Corner,Chennai,0.0
2026-04-18,Pongal,Tiffin,1,84.0,80,Register,Card,Payment,Saravana Bhavan Corner,Chennai,0.0
2026-04-18,Sambar Rice,Rice,1,126.0,120,Register,Card,Payment,Saravana Bhavan Corner,Chennai,0.0
2026-04-18,Idli (4pc),Tiffin,2,126.0,60,Register,Card,Payment,Saravana Bhavan Corner,Chennai,0.0
2026-04-18,Mini Tiffin Thali,Thali,2,315.0,150,Register,Card,Payment,Saravana Bhavan Corner,Chennai,0.0
2026-04-18,Medu Vada Chaat,Snacks,2,132.3,70,Register,Cash,Payment,Saravana Bhavan Corner,Chennai,0.0
2026-04-18,Masala Dosa,Dosa,1,94.5,90,Register,Card,Payment,Saravana Bhavan Corner,Chennai,0.0
2026-04-18,Pongal,Tiffin,1,84.0,80,Register,Cash,Payment,Saravana Bhavan Corner,Chennai,0.0
2026-04-18,Mysore Bonda,Snacks,-1,-63.0,60,Register,UPI,Refund,Saravana Bhavan Corner,Chennai,0.0
2026-04-18,Onion Uttapam,Dosa,-2,-210.0,100,Register,UPI,Refund,Saravana Bhavan Corner,Chennai,0.0
2026-04-18,Medu Vada Chaat,Snacks,1,73.5,70,Swiggy,UPI,Payment,Saravana Bhavan Corner,Chennai,0.0
2026-04-18,Plain Dosa,Dosa,1,73.5,70,Register,Card,Payment,Saravana Bhavan Corner,Chennai,0.0
2026-04-18,Pongal,Tiffin,1,84.0,80,Register,Card,Payment,Saravana Bhavan Corner,Chennai,0.0
2026-04-18,Idli (4pc),Tiffin,2,126.0,60,Swiggy,UPI,Payment,Saravana Bhavan Corner,Chennai,0.0
2026-04-18,Buttermilk,Beverages,2,63.0,30,Register,UPI,Payment,Saravana Bhavan Corner,Chennai,0.0
2026-04-18,Vada (2pc),Tiffin,2,94.5,50,Register,UPI,Payment,Saravana Bhavan Corner,Chennai,0.0
2026-04-18,Masala Chai,Beverages,2,73.5,35,Register,Card,Payment,Saravana Bhavan Corner,Chennai,0.0
2026-04-18,Vada (2pc),Tiffin,3,157.5,50,Register,Cash,Payment,Saravana Bhavan Corner,Chennai,0.0
2026-04-18,Sambar Rice,Rice,2,226.8,120,Register,UPI,Payment,Saravana Bhavan Corner,Chennai,0.0
2026-04-18,Onion Uttapam,Dosa,3,267.75,100,Register,Card,Payment,Saravana Bhavan Corner,Chennai,0.0
2026-04-18,Idli (4pc),Tiffin,2,126.0,60,Swiggy,Card,Payment,Saravana Bhavan Corner,Chennai,0.0
2026-04-18,Vada (2pc),Tiffin,1,52.5,50,Swiggy,Card,Payment,Saravana Bhavan Corner,Chennai,0.0
2026-04-18,Mysore Bonda,Snacks,1,63.0,60,Register,Card,Payment,Saravana Bhavan Corner,Chennai,0.0
2026-04-18,Idli (4pc),Tiffin,1,63.0,60,Register,Card,Payment,Saravana Bhavan Corner,Chennai,0.0
2026-04-18,Buttermilk,Beverages,2,63.0,30,Swiggy,Card,Payment,Saravana Bhavan Corner,Chennai,0.0
2026-04-18,Bisi Bele Bath,Rice,2,273.0,130,Register,Card,Payment,Saravana Bhavan Corner,Chennai,0.0
2026-04-18,Filter Coffee,Beverages,2,84.0,40,Register,Card,Payment,Saravana Bhavan Corner,Chennai,0.0
2026-04-18,Masala Dosa,Dosa,2,170.1,90,Register,Cash,Payment,Saravana Bhavan Corner,Chennai,0.0
2026-04-19,Masala Dosa,Dosa,2,189.0,90,Swiggy,Card,Payment,Saravana Bhavan Corner,Chennai,0.0
2026-04-19,Idli Vada Combo,Tiffin,1,94.5,90,Register,Cash,Payment,Saravana Bhavan Corner,Chennai,0.0
2026-04-19,Veg Thali,Thali,-1,-189.0,180,Swiggy,UPI,Refund,Saravana Bhavan Corner,Chennai,0.0
2026-04-19,Masala Chai,Beverages,1,36.75,35,Register,Cash,Payment,Saravana Bhavan Corner,Chennai,0.0
2026-04-19,Vada (2pc),Tiffin,3,157.5,50,Swiggy,Card,Payment,Saravana Bhavan Corner,Chennai,0.0
2026-04-19,Plain Dosa,Dosa,1,62.48,70,Register,Cash,Payment,Saravana Bhavan Corner,Chennai,0.0
2026-04-19,Filter Coffee,Beverages,2,84.0,40,Register,UPI,Payment,Saravana Bhavan Corner,Chennai,0.0
2026-04-19,Curd Rice,Rice,1,94.5,90,Register,Card,Payment,Saravana Bhavan Corner,Chennai,0.0
2026-04-19,Bisi Bele Bath,Rice,2,273.0,130,Register,Cash,Payment,Saravana Bhavan Corner,Chennai,0.0
2026-04-19,Pongal,Tiffin,2,151.2,80,Register,UPI,Payment,Saravana Bhavan Corner,Chennai,0.0
2026-04-19,Idli (4pc),Tiffin,1,63.0,60,Register,Cash,Payment,Saravana Bhavan Corner,Chennai,0.0
2026-04-19,Vada (2pc),Tiffin,2,89.25,50,Register,UPI,Payment,Saravana Bhavan Corner,Chennai,0.0
2026-04-19,Idli (4pc),Tiffin,1,63.0,60,Register,UPI,Payment,Saravana Bhavan Corner,Chennai,0.0
2026-04-19,Masala Chai,Beverages,2,66.15,35,Register,UPI,Payment,Saravana Bhavan Corner,Chennai,0.0
2026-04-19,Lemon Rice,Rice,2,210.0,100,Register,Cash,Payment,Saravana Bhavan Corner,Chennai,0.0
2026-04-19,Masala Dosa,Dosa,1,94.5,90,Register,UPI,Payment,Saravana Bhavan Corner,Chennai,0.0
2026-04-19,Filter Coffee,Beverages,2,84.0,40,Register,Cash,Payment,Saravana Bhavan Corner,Chennai,0.0
2026-04-19,Vada (2pc),Tiffin,1,52.5,50,Register,Card,Payment,Saravana Bhavan Corner,Chennai,0.0
2026-04-19,Plain Dosa,Dosa,2,147.0,70,Swiggy,Card,Payment,Saravana Bhavan Corner,Chennai,0.0
2026-04-19,Masala Dosa,Dosa,2,189.0,90,Register,Card,Payment,Saravana Bhavan Corner,Chennai,0.0
2026-04-19,Masala Chai,Beverages,1,36.75,35,Register,Card,Payment,Saravana Bhavan Corner,Chennai,0.0
2026-04-19,Rava Dosa,Dosa,1,98.17,110,Register,UPI,Payment,Saravana Bhavan Corner,Chennai,0.0
2026-04-19,Veg Thali,Thali,1,189.0,180,Register,Card,Payment,Saravana Bhavan Corner,Chennai,0.0
2026-04-19,Filter Coffee,Beverages,1,42.0,40,Register,Cash,Payment,Saravana Bhavan Corner,Chennai,0.0
2026-04-19,Plain Dosa,Dosa,3,187.43,70,Register,UPI,Payment,Saravana Bhavan Corner,Chennai,0.0
2026-04-19,Idli (4pc),Tiffin,1,63.0,60,Swiggy,Card,Payment,Saravana Bhavan Corner,Chennai,0.0
2026-04-19,Vada (2pc),Tiffin,1,52.5,50,Swiggy,Card,Payment,Saravana Bhavan Corner,Chennai,0.0
2026-04-19,Onion Uttapam,Dosa,1,105.0,100,Swiggy,Card,Payment,Saravana Bhavan Corner,Chennai,0.0
2026-04-19,Rava Dosa,Dosa,1,115.5,110,Register,UPI,Payment,Saravana Bhavan Corner,Chennai,0.0
2026-04-19,Mysore Bonda,Snacks,1,63.0,60,Register,Card,Payment,Saravana Bhavan Corner,Chennai,0.0
2026-04-19,Plain Dosa,Dosa,1,73.5,70,Register,Card,Payment,Saravana Bhavan Corner,Chennai,0.0
2026-04-19,Masala Dosa,Dosa,1,94.5,90,Register,UPI,Payment,Saravana Bhavan Corner,Chennai,0.0
2026-04-19,Masala Chai,Beverages,2,73.5,35,Swiggy,Card,Payment,Saravana Bhavan Corner,Chennai,0.0
2026-04-19,Curd Rice,Rice,2,189.0,90,Swiggy,UPI,Payment,Saravana Bhavan Corner,Chennai,0.0
2026-04-19,Vada (2pc),Tiffin,2,105.0,50,Register,UPI,Payment,Saravana Bhavan Corner,Chennai,0.0
2026-04-19,Masala Chai,Beverages,1,36.75,35,Register,Card,Payment,Saravana Bhavan Corner,Chennai,0.0
2026-04-19,Filter Coffee,Beverages,1,35.7,40,Register,Card,Payment,Saravana Bhavan Corner,Chennai,0.0
2026-04-19,Plain Dosa,Dosa,1,73.5,70,Register,Cash,Payment,Saravana Bhavan Corner,Chennai,0.0
2026-04-19,Buttermilk,Beverages,1,31.5,30,Register,Cash,Payment,Saravana Bhavan Corner,Chennai,0.0
2026-04-19,Masala Dosa,Dosa,2,189.0,90,Swiggy,UPI,Payment,Saravana Bhavan Corner,Chennai,0.0
2026-04-19,Mysore Bonda,Snacks,2,126.0,60,Swiggy,UPI,Payment,Saravana Bhavan Corner,Chennai,0.0
2026-04-19,Pongal,Tiffin,1,75.6,80,Register,Cash,Payment,Saravana Bhavan Corner,Chennai,0.0
2026-04-19,Idli (4pc),Tiffin,2,126.0,60,Register,Cash,Payment,Saravana Bhavan Corner,Chennai,0.0
2026-04-19,Vada (2pc),Tiffin,2,105.0,50,Swiggy,Card,Payment,Saravana Bhavan Corner,Chennai,0.0
2026-04-19,Rava Dosa,Dosa,3,346.5,110,Swiggy,Card,Payment,Saravana Bhavan Corner,Chennai,0.0
2026-04-19,Masala Chai,Beverages,1,36.75,35,Swiggy,Card,Payment,Saravana Bhavan Corner,Chennai,0.0
2026-04-19,Vada (2pc),Tiffin,2,105.0,50,Swiggy,Card,Payment,Saravana Bhavan Corner,Chennai,0.0
2026-04-19,Curd Rice,Rice,1,94.5,90,Register,Card,Payment,Saravana Bhavan Corner,Chennai,0.0
2026-04-19,Sambar Rice,Rice,1,126.0,120,Register,Cash,Payment,Saravana Bhavan Corner,Chennai,0.0
2026-04-19,Bisi Bele Bath,Rice,1,136.5,130,Register,Cash,Payment,Saravana Bhavan Corner,Chennai,0.0
2026-04-19,Sambar Rice,Rice,1,126.0,120,Register,UPI,Payment,Saravana Bhavan Corner,Chennai,0.0
2026-04-19,Masala Dosa,Dosa,1,94.5,90,Register,Cash,Payment,Saravana Bhavan Corner,Chennai,0.0
2026-04-19,Idli (4pc),Tiffin,2,113.4,60,Swiggy,UPI,Payment,Saravana Bhavan Corner,Chennai,0.0
2026-04-19,Buttermilk,Beverages,2,56.7,30,Register,Card,Payment,Saravana Bhavan Corner,Chennai,0.0
2026-04-19,Mysore Bonda,Snacks,2,126.0,60,Register,Card,Payment,Saravana Bhavan Corner,Chennai,0.0
2026-04-19,Sambar Rice,Rice,1,126.0,120,Register,Card,Payment,Saravana Bhavan Corner,Chennai,0.0
2026-04-19,Rava Dosa,Dosa,2,231.0,110,Register,UPI,Payment,Saravana Bhavan Corner,Chennai,0.0
2026-04-19,Idli (4pc),Tiffin,1,56.7,60,Register,UPI,Payment,Saravana Bhavan Corner,Chennai,0.0
2026-04-19,Idli Vada Combo,Tiffin,1,94.5,90,Register,UPI,Payment,Saravana Bhavan Corner,Chennai,0.0
2026-04-19,Buttermilk,Beverages,2,63.0,30,Register,Cash,Payment,Saravana Bhavan Corner,Chennai,0.0
2026-04-19,Plain Dosa,Dosa,2,147.0,70,Register,UPI,Payment,Saravana Bhavan Corner,Chennai,0.0
2026-04-19,Curd Rice,Rice,2,189.0,90,Register,UPI,Payment,Saravana Bhavan Corner,Chennai,0.0
2026-04-19,Pongal,Tiffin,1,84.0,80,Register,UPI,Payment,Saravana Bhavan Corner,Chennai,0.0
2026-04-19,Onion Uttapam,Dosa,1,105.0,100,Swiggy,UPI,Payment,Saravana Bhavan Corner,Chennai,0.0
2026-04-19,Idli Vada Combo,Tiffin,1,94.5,90,Register,Cash,Payment,Saravana Bhavan Corner,Chennai,0.0
2026-04-19,Masala Chai,Beverages,2,73.5,35,Register,Cash,Payment,Saravana Bhavan Corner,Chennai,0.0
2026-04-19,Medu Vada Chaat,Snacks,1,73.5,70,Swiggy,UPI,Payment,Saravana Bhavan Corner,Chennai,0.0
2026-04-19,Curd Rice,Rice,1,85.05,90,Register,UPI,Payment,Saravana Bhavan Corner,Chennai,0.0
2026-04-19,Filter Coffee,Beverages,1,42.0,40,Register,Cash,Payment,Saravana Bhavan Corner,Chennai,0.0
2026-04-19,Idli Vada Combo,Tiffin,1,85.05,90,Register,Card,Payment,Saravana Bhavan Corner,Chennai,0.0
2026-04-19,Idli (4pc),Tiffin,1,63.0,60,Register,Cash,Payment,Saravana Bhavan Corner,Chennai,0.0
2026-04-19,Lemon Rice,Rice,3,315.0,100,Swiggy,UPI,Payment,Saravana Bhavan Corner,Chennai,0.0
2026-04-19,Curd Rice,Rice,3,283.5,90,Swiggy,UPI,Payment,Saravana Bhavan Corner,Chennai,0.0
2026-04-19,Filter Coffee,Beverages,1,42.0,40,Swiggy,UPI,Payment,Saravana Bhavan Corner,Chennai,0.0
2026-04-19,Idli Vada Combo,Tiffin,1,80.33,90,Swiggy,UPI,Payment,Saravana Bhavan Corner,Chennai,0.0
2026-04-19,Mysore Bonda,Snacks,1,63.0,60,Register,Cash,Payment,Saravana Bhavan Corner,Chennai,0.0
2026-04-19,Mini Tiffin Thali,Thali,2,315.0,150,Register,Card,Payment,Saravana Bhavan Corner,Chennai,0.0
2026-04-19,Veg Thali,Thali,2,378.0,180,Register,Cash,Payment,Saravana Bhavan Corner,Chennai,0.0
2026-04-19,Mini Tiffin Thali,Thali,2,315.0,150,Register,Cash,Payment,Saravana Bhavan Corner,Chennai,0.0
2026-04-19,Sambar Rice,Rice,1,126.0,120,Register,Cash,Payment,Saravana Bhavan Corner,Chennai,0.0
2026-04-19,Rava Dosa,Dosa,2,231.0,110,Register,UPI,Payment,Saravana Bhavan Corner,Chennai,0.0
2026-04-19,Buttermilk,Beverages,1,31.5,30,Register,UPI,Payment,Saravana Bhavan Corner,Chennai,0.0
2026-04-19,Bisi Bele Bath,Rice,1,136.5,130,Register,Cash,Payment,Saravana Bhavan Corner,Chennai,0.0
2026-04-19,Idli (4pc),Tiffin,1,63.0,60,Register,UPI,Payment,Saravana Bhavan Corner,Chennai,0.0
2026-04-19,Sambar Rice,Rice,3,378.0,120,Register,UPI,Payment,Saravana Bhavan Corner,Chennai,0.0
2026-04-19,Idli Vada Combo,Tiffin,1,80.33,90,Register,UPI,Payment,Saravana Bhavan Corner,Chennai,0.0
2026-04-19,Masala Chai,Beverages,1,36.75,35,Register,UPI,Payment,Saravana Bhavan Corner,Chennai,0.0
2026-04-19,Idli (4pc),Tiffin,2,126.0,60,Register,UPI,Payment,Saravana Bhavan Corner,Chennai,0.0
2026-04-19,Rava Dosa,Dosa,1,98.17,110,Register,Cash,Payment,Saravana Bhavan Corner,Chennai,0.0
2026-04-19,Mini Tiffin Thali,Thali,2,315.0,150,Register,Card,Payment,Saravana Bhavan Corner,Chennai,0.0
2026-04-19,Filter Coffee,Beverages,2,84.0,40,Register,Card,Payment,Saravana Bhavan Corner,Chennai,0.0
2026-04-19,Filter Coffee,Beverages,1,42.0,40,Register,Card,Payment,Saravana Bhavan Corner,Chennai,0.0
2026-04-19,Mysore Bonda,Snacks,1,63.0,60,Register,Card,Payment,Saravana Bhavan Corner,Chennai,0.0
2026-04-19,Veg Thali,Thali,1,189.0,180,Register,Cash,Payment,Saravana Bhavan Corner,Chennai,0.0
2026-04-19,Sambar Rice,Rice,1,126.0,120,Swiggy,Card,Payment,Saravana Bhavan Corner,Chennai,0.0
2026-04-19,Vada (2pc),Tiffin,2,105.0,50,Register,Cash,Payment,Saravana Bhavan Corner,Chennai,0.0
2026-04-19,Sambar Rice,Rice,1,126.0,120,Register,Cash,Payment,Saravana Bhavan Corner,Chennai,0.0
2026-04-19,Idli (4pc),Tiffin,1,63.0,60,Register,Cash,Payment,Saravana Bhavan Corner,Chennai,0.0
2026-04-19,Curd Rice,Rice,1,94.5,90,Register,Cash,Payment,Saravana Bhavan Corner,Chennai,0.0
2026-04-19,Rasgulla (2pc),Desserts,1,73.5,70,Register,Cash,Payment,Saravana Bhavan Corner,Chennai,0.0
2026-04-19,Masala Chai,Beverages,1,33.08,35,Swiggy,Card,Payment,Saravana Bhavan Corner,Chennai,0.0
2026-04-19,Mysore Bonda,Snacks,1,53.55,60,Swiggy,Card,Payment,Saravana Bhavan Corner,Chennai,0.0
2026-04-19,Pongal,Tiffin,2,168.0,80,Register,Card,Payment,Saravana Bhavan Corner,Chennai,0.0
2026-04-19,Onion Uttapam,Dosa,1,105.0,100,Swiggy,Card,Payment,Saravana Bhavan Corner,Chennai,0.0
2026-04-19,Onion Uttapam,Dosa,1,94.5,100,Register,UPI,Payment,Saravana Bhavan Corner,Chennai,0.0
2026-04-19,Lemon Rice,Rice,1,105.0,100,Register,Cash,Payment,Saravana Bhavan Corner,Chennai,0.0
2026-04-19,Vada (2pc),Tiffin,2,105.0,50,Swiggy,UPI,Payment,Saravana Bhavan Corner,Chennai,0.0
2026-04-19,Plain Dosa,Dosa,2,147.0,70,Swiggy,UPI,Payment,Saravana Bhavan Corner,Chennai,0.0
2026-04-19,Curd Rice,Rice,1,94.5,90,Swiggy,UPI,Payment,Saravana Bhavan Corner,Chennai,0.0
2026-04-19,Masala Dosa,Dosa,1,80.33,90,Register,Cash,Payment,Saravana Bhavan Corner,Chennai,0.0
2026-04-19,Sambar Rice,Rice,1,126.0,120,Swiggy,UPI,Payment,Saravana Bhavan Corner,Chennai,0.0
2026-04-19,Sambar Rice,Rice,2,252.0,120,Swiggy,UPI,Payment,Saravana Bhavan Corner,Chennai,0.0
2026-04-19,Plain Dosa,Dosa,1,73.5,70,Swiggy,Card,Payment,Saravana Bhavan Corner,Chennai,0.0
2026-04-19,Buttermilk,Beverages,3,80.33,30,Register,Cash,Payment,Saravana Bhavan Corner,Chennai,0.0
2026-04-19,Lemon Rice,Rice,1,105.0,100,Swiggy,UPI,Payment,Saravana Bhavan Corner,Chennai,0.0
2026-04-19,Medu Vada Chaat,Snacks,1,73.5,70,Swiggy,UPI,Payment,Saravana Bhavan Corner,Chennai,0.0
2026-04-19,Curd Rice,Rice,1,94.5,90,Swiggy,UPI,Payment,Saravana Bhavan Corner,Chennai,0.0
2026-04-19,Filter Coffee,Beverages,1,42.0,40,Register,UPI,Payment,Saravana Bhavan Corner,Chennai,0.0
2026-04-19,Rasgulla (2pc),Desserts,1,73.5,70,Register,UPI,Payment,Saravana Bhavan Corner,Chennai,0.0
2026-04-19,Vada (2pc),Tiffin,1,52.5,50,Swiggy,UPI,Payment,Saravana Bhavan Corner,Chennai,0.0
2026-04-19,Idli (4pc),Tiffin,2,126.0,60,Swiggy,UPI,Payment,Saravana Bhavan Corner,Chennai,0.0
2026-04-19,Mini Tiffin Thali,Thali,2,315.0,150,Register,UPI,Payment,Saravana Bhavan Corner,Chennai,0.0
2026-04-19,Idli Vada Combo,Tiffin,1,94.5,90,Swiggy,UPI,Payment,Saravana Bhavan Corner,Chennai,0.0
2026-04-19,Filter Coffee,Beverages,1,42.0,40,Swiggy,UPI,Payment,Saravana Bhavan Corner,Chennai,0.0
2026-04-19,Masala Dosa,Dosa,1,94.5,90,Swiggy,Card,Payment,Saravana Bhavan Corner,Chennai,0.0
2026-04-19,Rava Dosa,Dosa,1,115.5,110,Register,Card,Payment,Saravana Bhavan Corner,Chennai,0.0
2026-04-19,Curd Rice,Rice,1,94.5,90,Register,Card,Payment,Saravana Bhavan Corner,Chennai,0.0
2026-04-19,Pongal,Tiffin,1,71.4,80,Swiggy,UPI,Payment,Saravana Bhavan Corner,Chennai,0.0
2026-04-19,Veg Thali,Thali,1,189.0,180,Swiggy,UPI,Payment,Saravana Bhavan Corner,Chennai,0.0
2026-04-19,Mysore Bonda,Snacks,2,113.4,60,Swiggy,UPI,Payment,Saravana Bhavan Corner,Chennai,0.0
2026-04-19,Masala Chai,Beverages,2,73.5,35,Register,Card,Payment,Saravana Bhavan Corner,Chennai,0.0
2026-04-19,Idli (4pc),Tiffin,1,63.0,60,Swiggy,UPI,Payment,Saravana Bhavan Corner,Chennai,0.0
2026-04-19,Vada (2pc),Tiffin,1,52.5,50,Swiggy,UPI,Payment,Saravana Bhavan Corner,Chennai,0.0
2026-04-19,Filter Coffee,Beverages,1,42.0,40,Swiggy,UPI,Payment,Saravana Bhavan Corner,Chennai,0.0
2026-04-19,Masala Chai,Beverages,2,62.48,35,Register,Cash,Payment,Saravana Bhavan Corner,Chennai,0.0
2026-04-19,Idli Vada Combo,Tiffin,2,189.0,90,Register,Cash,Payment,Saravana Bhavan Corner,Chennai,0.0
2026-04-19,Masala Chai,Beverages,2,66.15,35,Swiggy,UPI,Payment,Saravana Bhavan Corner,Chennai,0.0
2026-04-19,Lemon Rice,Rice,2,210.0,100,Swiggy,UPI,Payment,Saravana Bhavan Corner,Chennai,0.0
2026-04-20,Bisi Bele Bath,Rice,1,136.5,130,Register,UPI,Payment,Saravana Bhavan Corner,Chennai,0.0
2026-04-20,Onion Uttapam,Dosa,2,210.0,100,Swiggy,Card,Payment,Saravana Bhavan Corner,Chennai,0.0
2026-04-20,Bisi Bele Bath,Rice,1,136.5,130,Register,Cash,Payment,Saravana Bhavan Corner,Chennai,0.0
2026-04-20,Masala Dosa,Dosa,1,94.5,90,Register,Cash,Payment,Saravana Bhavan Corner,Chennai,0.0
2026-04-20,Onion Uttapam,Dosa,2,210.0,100,Register,Cash,Payment,Saravana Bhavan Corner,Chennai,0.0
2026-04-20,Veg Thali,Thali,2,378.0,180,Register,Cash,Payment,Saravana Bhavan Corner,Chennai,0.0
2026-04-20,Veg Thali,Thali,1,170.1,180,Register,Cash,Payment,Saravana Bhavan Corner,Chennai,0.0
2026-04-20,Sambar Rice,Rice,1,113.4,120,Register,Card,Payment,Saravana Bhavan Corner,Chennai,0.0
2026-04-20,Idli (4pc),Tiffin,1,53.55,60,Register,Card,Payment,Saravana Bhavan Corner,Chennai,0.0
2026-04-20,Idli Vada Combo,Tiffin,2,189.0,90,Swiggy,Card,Payment,Saravana Bhavan Corner,Chennai,0.0
2026-04-20,Plain Dosa,Dosa,1,73.5,70,Register,Cash,Payment,Saravana Bhavan Corner,Chennai,0.0
2026-04-20,Masala Dosa,Dosa,1,94.5,90,Swiggy,Card,Payment,Saravana Bhavan Corner,Chennai,0.0
2026-04-20,Pongal,Tiffin,1,84.0,80,Register,Card,Payment,Saravana Bhavan Corner,Chennai,0.0
2026-04-20,Rava Dosa,Dosa,1,115.5,110,Swiggy,UPI,Payment,Saravana Bhavan Corner,Chennai,0.0
2026-04-20,Sambar Rice,Rice,3,340.2,120,Swiggy,UPI,Payment,Saravana Bhavan Corner,Chennai,0.0
2026-04-20,Lemon Rice,Rice,2,210.0,100,Register,UPI,Payment,Saravana Bhavan Corner,Chennai,0.0
2026-04-20,Veg Thali,Thali,1,189.0,180,Register,UPI,Payment,Saravana Bhavan Corner,Chennai,0.0
2026-04-20,Pongal,Tiffin,1,84.0,80,Register,Card,Payment,Saravana Bhavan Corner,Chennai,0.0
2026-04-20,Idli (4pc),Tiffin,1,63.0,60,Register,Card,Payment,Saravana Bhavan Corner,Chennai,0.0
2026-04-20,Filter Coffee,Beverages,2,84.0,40,Swiggy,UPI,Payment,Saravana Bhavan Corner,Chennai,0.0
2026-04-20,Sambar Rice,Rice,1,126.0,120,Swiggy,UPI,Payment,Saravana Bhavan Corner,Chennai,0.0
2026-04-20,Curd Rice,Rice,1,94.5,90,Register,Card,Payment,Saravana Bhavan Corner,Chennai,0.0
2026-04-20,Filter Coffee,Beverages,1,42.0,40,Register,Card,Payment,Saravana Bhavan Corner,Chennai,0.0
2026-04-20,Bisi Bele Bath,Rice,3,409.5,130,Register,Card,Payment,Saravana Bhavan Corner,Chennai,0.0
2026-04-20,Pongal,Tiffin,1,84.0,80,Register,UPI,Payment,Saravana Bhavan Corner,Chennai,0.0
2026-04-20,Filter Coffee,Beverages,2,84.0,40,Swiggy,UPI,Payment,Saravana Bhavan Corner,Chennai,0.0
2026-04-20,Filter Coffee,Beverages,2,84.0,40,Register,UPI,Payment,Saravana Bhavan Corner,Chennai,0.0
2026-04-20,Bisi Bele Bath,Rice,1,136.5,130,Register,UPI,Payment,Saravana Bhavan Corner,Chennai,0.0
2026-04-20,Idli (4pc),Tiffin,2,126.0,60,Swiggy,UPI,Payment,Saravana Bhavan Corner,Chennai,0.0
2026-04-20,Vada (2pc),Tiffin,2,105.0,50,Swiggy,UPI,Payment,Saravana Bhavan Corner,Chennai,0.0
2026-04-20,Idli (4pc),Tiffin,2,126.0,60,Register,Card,Payment,Saravana Bhavan Corner,Chennai,0.0
2026-04-20,Curd Rice,Rice,3,255.15,90,Register,Card,Payment,Saravana Bhavan Corner,Chennai,0.0
2026-04-20,Bulk Catering Order,Uncategorized,2,5355.0,3000,Register,UPI,Payment,Saravana Bhavan Corner,Chennai,0.0
2026-04-20,Veg Thali,Thali,1,189.0,180,Register,UPI,Payment,Saravana Bhavan Corner,Chennai,0.0
2026-04-20,Veg Thali,Thali,2,378.0,180,Register,UPI,Payment,Saravana Bhavan Corner,Chennai,0.0
2026-04-20,Sambar Rice,Rice,1,126.0,120,Register,UPI,Payment,Saravana Bhavan Corner,Chennai,0.0
2026-04-20,Rasgulla (2pc),Desserts,2,147.0,70,Register,UPI,Payment,Saravana Bhavan Corner,Chennai,0.0
2026-04-20,Idli Vada Combo,Tiffin,1,94.5,90,Register,UPI,Payment,Saravana Bhavan Corner,Chennai,0.0
2026-04-20,Veg Thali,Thali,2,378.0,180,Register,UPI,Payment,Saravana Bhavan Corner,Chennai,0.0
2026-04-20,Filter Coffee,Beverages,1,42.0,40,Register,Card,Payment,Saravana Bhavan Corner,Chennai,0.0
2026-04-20,Filter Coffee,Beverages,1,42.0,40,Register,Card,Payment,Saravana Bhavan Corner,Chennai,0.0
2026-04-20,Filter Coffee,Beverages,1,42.0,40,Register,UPI,Payment,Saravana Bhavan Corner,Chennai,0.0
2026-04-20,Bulk Catering Order,Uncategorized,3,9450.0,3000,Register,Card,Payment,Saravana Bhavan Corner,Chennai,0.0
2026-04-20,Idli (4pc),Tiffin,1,63.0,60,Register,Card,Payment,Saravana Bhavan Corner,Chennai,0.0
2026-04-20,Mysore Bonda,Snacks,1,63.0,60,Swiggy,UPI,Payment,Saravana Bhavan Corner,Chennai,0.0
2026-04-20,Masala Chai,Beverages,2,73.5,35,Register,UPI,Payment,Saravana Bhavan Corner,Chennai,0.0
2026-04-20,Vada (2pc),Tiffin,1,52.5,50,Register,UPI,Payment,Saravana Bhavan Corner,Chennai,0.0
2026-04-20,Vada (2pc),Tiffin,2,105.0,50,Register,UPI,Payment,Saravana Bhavan Corner,Chennai,0.0
2026-04-20,Idli Vada Combo,Tiffin,1,80.33,90,Register,UPI,Payment,Saravana Bhavan Corner,Chennai,0.0
2026-04-20,Masala Dosa,Dosa,2,170.1,90,Swiggy,Card,Payment,Saravana Bhavan Corner,Chennai,0.0
2026-04-20,Veg Thali,Thali,2,378.0,180,Swiggy,Card,Payment,Saravana Bhavan Corner,Chennai,0.0
2026-04-20,Idli Vada Combo,Tiffin,2,189.0,90,Register,Card,Payment,Saravana Bhavan Corner,Chennai,0.0
2026-04-20,Idli Vada Combo,Tiffin,1,94.5,90,Register,Card,Payment,Saravana Bhavan Corner,Chennai,0.0
2026-04-20,Sambar Rice,Rice,1,126.0,120,Swiggy,UPI,Payment,Saravana Bhavan Corner,Chennai,0.0
2026-04-21,Mini Tiffin Thali,Thali,2,267.75,150,Swiggy,Card,Payment,Saravana Bhavan Corner,Chennai,0.0
2026-04-21,Medu Vada Chaat,Snacks,1,66.15,70,Swiggy,Card,Payment,Saravana Bhavan Corner,Chennai,0.0
2026-04-21,Idli (4pc),Tiffin,1,63.0,60,Swiggy,UPI,Payment,Saravana Bhavan Corner,Chennai,0.0
2026-04-21,Sambar Rice,Rice,2,252.0,120,Swiggy,UPI,Payment,Saravana Bhavan Corner,Chennai,0.0
2026-04-21,Idli Vada Combo,Tiffin,2,170.1,90,Swiggy,UPI,Payment,Saravana Bhavan Corner,Chennai,0.0
2026-04-21,Plain Dosa,Dosa,2,147.0,70,Swiggy,Card,Payment,Saravana Bhavan Corner,Chennai,0.0
2026-04-21,Masala Dosa,Dosa,3,283.5,90,Swiggy,Card,Payment,Saravana Bhavan Corner,Chennai,0.0
2026-04-21,Veg Thali,Thali,1,189.0,180,Swiggy,Card,Payment,Saravana Bhavan Corner,Chennai,0.0
2026-04-21,Vada (2pc),Tiffin,1,52.5,50,Register,Cash,Payment,Saravana Bhavan Corner,Chennai,0.0
2026-04-21,Veg Thali,Thali,1,189.0,180,Register,UPI,Payment,Saravana Bhavan Corner,Chennai,0.0
2026-04-21,Veg Thali,Thali,1,189.0,180,Register,UPI,Payment,Saravana Bhavan Corner,Chennai,0.0
2026-04-21,Mysore Bonda,Snacks,1,63.0,60,Register,UPI,Payment,Saravana Bhavan Corner,Chennai,0.0
2026-04-21,Masala Chai,Beverages,1,36.75,35,Register,UPI,Payment,Saravana Bhavan Corner,Chennai,0.0
2026-04-21,Sambar Rice,Rice,1,126.0,120,Register,Cash,Payment,Saravana Bhavan Corner,Chennai,0.0
2026-04-21,Veg Thali,Thali,2,378.0,180,Register,Cash,Payment,Saravana Bhavan Corner,Chennai,0.0
2026-04-21,Sambar Rice,Rice,1,126.0,120,Register,Card,Payment,Saravana Bhavan Corner,Chennai,0.0
2026-04-21,Veg Thali,Thali,2,378.0,180,Register,UPI,Payment,Saravana Bhavan Corner,Chennai,0.0
2026-04-21,Plain Dosa,Dosa,1,66.15,70,Register,UPI,Payment,Saravana Bhavan Corner,Chennai,0.0
2026-04-21,Veg Thali,Thali,1,189.0,180,Register,UPI,Payment,Saravana Bhavan Corner,Chennai,0.0
2026-04-21,Plain Dosa,Dosa,2,147.0,70,Register,Cash,Payment,Saravana Bhavan Corner,Chennai,0.0
2026-04-21,Mini Tiffin Thali,Thali,1,157.5,150,Register,UPI,Payment,Saravana Bhavan Corner,Chennai,0.0
2026-04-21,Vada (2pc),Tiffin,1,52.5,50,Swiggy,UPI,Payment,Saravana Bhavan Corner,Chennai,0.0
2026-04-21,Idli Vada Combo,Tiffin,2,189.0,90,Swiggy,UPI,Payment,Saravana Bhavan Corner,Chennai,0.0
2026-04-21,Buttermilk,Beverages,1,28.35,30,Register,Card,Payment,Saravana Bhavan Corner,Chennai,0.0
2026-04-21,Mysore Bonda,Snacks,2,126.0,60,Swiggy,UPI,Payment,Saravana Bhavan Corner,Chennai,0.0
2026-04-21,Filter Coffee,Beverages,1,42.0,40,Swiggy,UPI,Payment,Saravana Bhavan Corner,Chennai,0.0
2026-04-21,Sambar Rice,Rice,1,126.0,120,Register,Cash,Payment,Saravana Bhavan Corner,Chennai,0.0
2026-04-21,Bisi Bele Bath,Rice,1,136.5,130,Register,Card,Payment,Saravana Bhavan Corner,Chennai,0.0
2026-04-21,Idli (4pc),Tiffin,1,63.0,60,Register,Card,Payment,Saravana Bhavan Corner,Chennai,0.0
2026-04-21,Rasgulla (2pc),Desserts,1,73.5,70,Register,Card,Payment,Saravana Bhavan Corner,Chennai,0.0
2026-04-21,Vada (2pc),Tiffin,1,47.25,50,Register,UPI,Payment,Saravana Bhavan Corner,Chennai,0.0
2026-04-21,Plain Dosa,Dosa,1,73.5,70,Register,UPI,Payment,Saravana Bhavan Corner,Chennai,0.0
2026-04-21,Idli (4pc),Tiffin,1,63.0,60,Register,UPI,Payment,Saravana Bhavan Corner,Chennai,0.0
2026-04-21,Masala Dosa,Dosa,1,94.5,90,Register,UPI,Payment,Saravana Bhavan Corner,Chennai,0.0
2026-04-21,Pongal,Tiffin,1,84.0,80,Swiggy,Card,Payment,Saravana Bhavan Corner,Chennai,0.0
2026-04-21,Masala Chai,Beverages,3,110.25,35,Swiggy,Card,Payment,Saravana Bhavan Corner,Chennai,0.0
2026-04-21,Medu Vada Chaat,Snacks,1,73.5,70,Swiggy,Card,Payment,Saravana Bhavan Corner,Chennai,0.0
2026-04-21,Medu Vada Chaat,Snacks,2,147.0,70,Swiggy,Card,Payment,Saravana Bhavan Corner,Chennai,0.0
2026-04-21,Vada (2pc),Tiffin,1,52.5,50,Swiggy,UPI,Payment,Saravana Bhavan Corner,Chennai,0.0
2026-04-21,Rasgulla (2pc),Desserts,1,73.5,70,Register,Card,Payment,Saravana Bhavan Corner,Chennai,0.0
2026-04-21,Mini Tiffin Thali,Thali,1,157.5,150,Register,Card,Payment,Saravana Bhavan Corner,Chennai,0.0
2026-04-21,Mysore Bonda,Snacks,1,63.0,60,Swiggy,Card,Payment,Saravana Bhavan Corner,Chennai,0.0
2026-04-21,Filter Coffee,Beverages,1,42.0,40,Register,Cash,Payment,Saravana Bhavan Corner,Chennai,0.0
2026-04-21,Idli (4pc),Tiffin,1,63.0,60,Register,Cash,Payment,Saravana Bhavan Corner,Chennai,0.0
2026-04-21,Idli (4pc),Tiffin,2,126.0,60,Register,Cash,Payment,Saravana Bhavan Corner,Chennai,0.0
2026-04-21,Rasgulla (2pc),Desserts,2,147.0,70,Register,Cash,Payment,Saravana Bhavan Corner,Chennai,0.0
2026-04-21,Idli Vada Combo,Tiffin,2,189.0,90,Register,UPI,Payment,Saravana Bhavan Corner,Chennai,0.0
2026-04-21,Masala Chai,Beverages,1,36.75,35,Swiggy,UPI,Payment,Saravana Bhavan Corner,Chennai,0.0
2026-04-21,Veg Thali,Thali,2,378.0,180,Swiggy,UPI,Payment,Saravana Bhavan Corner,Chennai,0.0
2026-04-21,Plain Dosa,Dosa,2,147.0,70,Register,Cash,Payment,Saravana Bhavan Corner,Chennai,0.0
2026-04-21,Masala Chai,Beverages,1,36.75,35,Register,Cash,Payment,Saravana Bhavan Corner,Chennai,0.0
2026-04-21,Vada (2pc),Tiffin,1,52.5,50,Swiggy,Card,Payment,Saravana Bhavan Corner,Chennai,0.0
2026-04-21,Plain Dosa,Dosa,2,147.0,70,Swiggy,Card,Payment,Saravana Bhavan Corner,Chennai,0.0
2026-04-21,Masala Dosa,Dosa,1,94.5,90,Swiggy,Card,Payment,Saravana Bhavan Corner,Chennai,0.0
2026-04-21,Veg Thali,Thali,2,378.0,180,Swiggy,Card,Payment,Saravana Bhavan Corner,Chennai,0.0
2026-04-21,Curd Rice,Rice,3,283.5,90,Swiggy,UPI,Payment,Saravana Bhavan Corner,Chennai,0.0
2026-04-21,Idli (4pc),Tiffin,1,63.0,60,Swiggy,UPI,Payment,Saravana Bhavan Corner,Chennai,0.0
2026-04-21,Pongal,Tiffin,1,84.0,80,Swiggy,UPI,Payment,Saravana Bhavan Corner,Chennai,0.0
2026-04-21,Masala Dosa,Dosa,1,94.5,90,Swiggy,UPI,Payment,Saravana Bhavan Corner,Chennai,0.0
2026-04-21,Masala Chai,Beverages,1,36.75,35,Register,Cash,Payment,Saravana Bhavan Corner,Chennai,0.0
2026-04-21,Pongal,Tiffin,2,168.0,80,Register,Cash,Payment,Saravana Bhavan Corner,Chennai,0.0
2026-04-21,Mini Tiffin Thali,Thali,1,157.5,150,Register,UPI,Payment,Saravana Bhavan Corner,Chennai,0.0
2026-04-21,Pongal,Tiffin,2,168.0,80,Swiggy,UPI,Payment,Saravana Bhavan Corner,Chennai,0.0
2026-04-21,Rava Dosa,Dosa,3,311.85,110,Register,Card,Payment,Saravana Bhavan Corner,Chennai,0.0
2026-04-21,Sambar Rice,Rice,1,126.0,120,Register,Card,Payment,Saravana Bhavan Corner,Chennai,0.0
2026-04-21,Idli (4pc),Tiffin,1,53.55,60,Register,Card,Payment,Saravana Bhavan Corner,Chennai,0.0
2026-04-21,Idli Vada Combo,Tiffin,1,80.33,90,Register,Cash,Payment,Saravana Bhavan Corner,Chennai,0.0
2026-04-21,Curd Rice,Rice,1,80.33,90,Register,Cash,Payment,Saravana Bhavan Corner,Chennai,0.0
2026-04-21,Mysore Bonda,Snacks,1,63.0,60,Register,Cash,Payment,Saravana Bhavan Corner,Chennai,0.0
2026-04-21,Masala Dosa,Dosa,1,94.5,90,Register,Cash,Payment,Saravana Bhavan Corner,Chennai,0.0
2026-04-21,Bisi Bele Bath,Rice,1,136.5,130,Swiggy,Card,Payment,Saravana Bhavan Corner,Chennai,0.0
2026-04-21,Mysore Bonda,Snacks,3,189.0,60,Swiggy,Card,Payment,Saravana Bhavan Corner,Chennai,0.0
2026-04-21,Buttermilk,Beverages,2,63.0,30,Register,Cash,Payment,Saravana Bhavan Corner,Chennai,0.0
2026-04-21,Masala Chai,Beverages,2,73.5,35,Register,Cash,Payment,Saravana Bhavan Corner,Chennai,0.0
2026-04-21,Mini Tiffin Thali,Thali,2,315.0,150,Register,Cash,Payment,Saravana Bhavan Corner,Chennai,0.0
2026-04-21,Idli (4pc),Tiffin,2,126.0,60,Swiggy,UPI,Payment,Saravana Bhavan Corner,Chennai,0.0
2026-04-21,Idli Vada Combo,Tiffin,1,94.5,90,Swiggy,UPI,Payment,Saravana Bhavan Corner,Chennai,0.0
2026-04-21,Sambar Rice,Rice,1,126.0,120,Swiggy,UPI,Payment,Saravana Bhavan Corner,Chennai,0.0
2026-04-21,Idli (4pc),Tiffin,1,63.0,60,Swiggy,UPI,Payment,Saravana Bhavan Corner,Chennai,0.0
2026-04-21,Vada (2pc),Tiffin,1,52.5,50,Swiggy,UPI,Payment,Saravana Bhavan Corner,Chennai,0.0
2026-04-21,Veg Thali,Thali,1,170.1,180,Swiggy,Card,Payment,Saravana Bhavan Corner,Chennai,0.0
2026-04-22,Bisi Bele Bath,Rice,1,136.5,130,Swiggy,UPI,Payment,Saravana Bhavan Corner,Chennai,0.0
2026-04-22,Pongal,Tiffin,3,252.0,80,Register,UPI,Payment,Saravana Bhavan Corner,Chennai,0.0
2026-04-22,Filter Coffee,Beverages,2,84.0,40,Register,Card,Payment,Saravana Bhavan Corner,Chennai,0.0
2026-04-22,Filter Coffee,Beverages,1,42.0,40,Register,Card,Payment,Saravana Bhavan Corner,Chennai,0.0
2026-04-22,Pongal,Tiffin,1,84.0,80,Register,UPI,Payment,Saravana Bhavan Corner,Chennai,0.0
2026-04-22,Sambar Rice,Rice,2,252.0,120,Swiggy,Card,Payment,Saravana Bhavan Corner,Chennai,0.0
2026-04-22,Rava Dosa,Dosa,1,115.5,110,Register,UPI,Payment,Saravana Bhavan Corner,Chennai,0.0
2026-04-22,Filter Coffee,Beverages,1,35.7,40,Register,UPI,Payment,Saravana Bhavan Corner,Chennai,0.0
2026-04-22,Curd Rice,Rice,2,189.0,90,Swiggy,Card,Payment,Saravana Bhavan Corner,Chennai,0.0
2026-04-22,Masala Dosa,Dosa,1,94.5,90,Register,Cash,Payment,Saravana Bhavan Corner,Chennai,0.0
2026-04-22,Mini Tiffin Thali,Thali,1,141.75,150,Swiggy,UPI,Payment,Saravana Bhavan Corner,Chennai,0.0
2026-04-22,Buttermilk,Beverages,1,31.5,30,Register,UPI,Payment,Saravana Bhavan Corner,Chennai,0.0
2026-04-22,Sambar Rice,Rice,3,378.0,120,Swiggy,Card,Payment,Saravana Bhavan Corner,Chennai,0.0
2026-04-22,Vada (2pc),Tiffin,2,105.0,50,Register,Cash,Payment,Saravana Bhavan Corner,Chennai,0.0
2026-04-22,Onion Uttapam,Dosa,1,105.0,100,Register,UPI,Payment,Saravana Bhavan Corner,Chennai,0.0
2026-04-22,Mini Tiffin Thali,Thali,1,141.75,150,Register,UPI,Payment,Saravana Bhavan Corner,Chennai,0.0
2026-04-22,Rasgulla (2pc),Desserts,1,73.5,70,Swiggy,UPI,Payment,Saravana Bhavan Corner,Chennai,0.0
2026-04-22,Masala Dosa,Dosa,1,94.5,90,Swiggy,UPI,Payment,Saravana Bhavan Corner,Chennai,0.0
2026-04-22,Filter Coffee,Beverages,1,35.7,40,Swiggy,UPI,Payment,Saravana Bhavan Corner,Chennai,0.0
2026-04-22,Masala Dosa,Dosa,2,189.0,90,Swiggy,UPI,Payment,Saravana Bhavan Corner,Chennai,0.0
2026-04-22,Idli (4pc),Tiffin,1,63.0,60,Swiggy,UPI,Payment,Saravana Bhavan Corner,Chennai,0.0
2026-04-22,Onion Uttapam,Dosa,1,105.0,100,Swiggy,Card,Payment,Saravana Bhavan Corner,Chennai,0.0
2026-04-22,Mini Tiffin Thali,Thali,1,141.75,150,Swiggy,UPI,Payment,Saravana Bhavan Corner,Chennai,0.0
2026-04-22,Veg Thali,Thali,1,170.1,180,Register,Card,Payment,Saravana Bhavan Corner,Chennai,0.0
2026-04-22,Onion Uttapam,Dosa,3,315.0,100,Register,UPI,Payment,Saravana Bhavan Corner,Chennai,0.0
2026-04-22,Veg Thali,Thali,3,567.0,180,Register,UPI,Payment,Saravana Bhavan Corner,Chennai,0.0
2026-04-22,Rava Dosa,Dosa,1,98.17,110,Register,UPI,Payment,Saravana Bhavan Corner,Chennai,0.0
2026-04-22,Buttermilk,Beverages,1,31.5,30,Swiggy,Card,Payment,Saravana Bhavan Corner,Chennai,0.0
2026-04-22,Curd Rice,Rice,2,189.0,90,Register,Cash,Payment,Saravana Bhavan Corner,Chennai,0.0
2026-04-22,Plain Dosa,Dosa,1,73.5,70,Register,Card,Payment,Saravana Bhavan Corner,Chennai,0.0
2026-04-22,Onion Uttapam,Dosa,1,105.0,100,Register,Cash,Payment,Saravana Bhavan Corner,Chennai,0.0
2026-04-22,Sambar Rice,Rice,1,126.0,120,Register,Cash,Payment,Saravana Bhavan Corner,Chennai,0.0
2026-04-22,Masala Dosa,Dosa,1,94.5,90,Register,Card,Payment,Saravana Bhavan Corner,Chennai,0.0
2026-04-22,Masala Dosa,Dosa,1,94.5,90,Register,Card,Payment,Saravana Bhavan Corner,Chennai,0.0
2026-04-22,Mysore Bonda,Snacks,1,63.0,60,Swiggy,Card,Payment,Saravana Bhavan Corner,Chennai,0.0
2026-04-22,Veg Thali,Thali,1,170.1,180,Register,Card,Payment,Saravana Bhavan Corner,Chennai,0.0
2026-04-22,Bisi Bele Bath,Rice,3,409.5,130,Register,Card,Payment,Saravana Bhavan Corner,Chennai,0.0
2026-04-22,Veg Thali,Thali,2,378.0,180,Register,Cash,Payment,Saravana Bhavan Corner,Chennai,0.0
2026-04-22,Buttermilk,Beverages,2,63.0,30,Register,Cash,Payment,Saravana Bhavan Corner,Chennai,0.0
2026-04-22,Onion Uttapam,Dosa,1,89.25,100,Register,UPI,Payment,Saravana Bhavan Corner,Chennai,0.0
2026-04-22,Rasgulla (2pc),Desserts,2,147.0,70,Register,UPI,Payment,Saravana Bhavan Corner,Chennai,0.0
2026-04-22,Lemon Rice,Rice,1,105.0,100,Register,UPI,Payment,Saravana Bhavan Corner,Chennai,0.0
2026-04-22,Masala Chai,Beverages,1,36.75,35,Swiggy,Card,Payment,Saravana Bhavan Corner,Chennai,0.0
2026-04-22,Veg Thali,Thali,1,170.1,180,Swiggy,Card,Payment,Saravana Bhavan Corner,Chennai,0.0
2026-04-22,Filter Coffee,Beverages,3,126.0,40,Swiggy,Card,Payment,Saravana Bhavan Corner,Chennai,0.0
2026-04-22,Idli Vada Combo,Tiffin,2,189.0,90,Register,Cash,Payment,Saravana Bhavan Corner,Chennai,0.0
2026-04-22,Masala Dosa,Dosa,1,94.5,90,Swiggy,UPI,Payment,Saravana Bhavan Corner,Chennai,0.0
2026-04-22,Idli Vada Combo,Tiffin,1,94.5,90,Swiggy,Card,Payment,Saravana Bhavan Corner,Chennai,0.0
2026-04-22,Veg Thali,Thali,1,189.0,180,Register,UPI,Payment,Saravana Bhavan Corner,Chennai,0.0
2026-04-22,Buttermilk,Beverages,1,31.5,30,Swiggy,Card,Payment,Saravana Bhavan Corner,Chennai,0.0
2026-04-22,Idli (4pc),Tiffin,1,63.0,60,Swiggy,UPI,Payment,Saravana Bhavan Corner,Chennai,0.0
2026-04-22,Plain Dosa,Dosa,1,62.48,70,Swiggy,Card,Payment,Saravana Bhavan Corner,Chennai,0.0
2026-04-22,Filter Coffee,Beverages,1,42.0,40,Register,UPI,Payment,Saravana Bhavan Corner,Chennai,0.0
2026-04-22,Veg Thali,Thali,1,189.0,180,Swiggy,Card,Payment,Saravana Bhavan Corner,Chennai,0.0
2026-04-22,Veg Thali,Thali,2,378.0,180,Swiggy,Card,Payment,Saravana Bhavan Corner,Chennai,0.0
2026-04-22,Medu Vada Chaat,Snacks,-1,-73.5,70,Register,UPI,Refund,Saravana Bhavan Corner,Chennai,0.0
2026-04-22,Buttermilk,Beverages,-1,-31.5,30,Register,UPI,Refund,Saravana Bhavan Corner,Chennai,0.0
2026-04-22,Plain Dosa,Dosa,-1,-73.5,70,Register,UPI,Refund,Saravana Bhavan Corner,Chennai,0.0
2026-04-22,Mini Tiffin Thali,Thali,2,315.0,150,Swiggy,UPI,Payment,Saravana Bhavan Corner,Chennai,0.0
2026-04-22,Vada (2pc),Tiffin,2,105.0,50,Register,UPI,Payment,Saravana Bhavan Corner,Chennai,0.0
2026-04-23,Mysore Bonda,Snacks,1,63.0,60,Register,Card,Payment,Saravana Bhavan Corner,Chennai,0.0
2026-04-23,Vada (2pc),Tiffin,1,52.5,50,Register,Card,Payment,Saravana Bhavan Corner,Chennai,0.0
2026-04-23,Masala Dosa,Dosa,1,94.5,90,Register,UPI,Payment,Saravana Bhavan Corner,Chennai,0.0
2026-04-23,Masala Chai,Beverages,1,36.75,35,Register,UPI,Payment,Saravana Bhavan Corner,Chennai,0.0
2026-04-23,Lemon Rice,Rice,1,94.5,100,Register,Card,Payment,Saravana Bhavan Corner,Chennai,0.0
2026-04-23,Buttermilk,Beverages,1,31.5,30,Register,UPI,Payment,Saravana Bhavan Corner,Chennai,0.0
2026-04-23,Filter Coffee,Beverages,1,42.0,40,Register,Card,Payment,Saravana Bhavan Corner,Chennai,0.0
2026-04-23,Rasgulla (2pc),Desserts,2,147.0,70,Register,UPI,Payment,Saravana Bhavan Corner,Chennai,0.0
2026-04-23,Filter Coffee,Beverages,1,42.0,40,Register,UPI,Payment,Saravana Bhavan Corner,Chennai,0.0
2026-04-23,Rasgulla (2pc),Desserts,2,147.0,70,Register,UPI,Payment,Saravana Bhavan Corner,Chennai,0.0
2026-04-23,Rava Dosa,Dosa,1,115.5,110,Register,UPI,Payment,Saravana Bhavan Corner,Chennai,0.0
2026-04-23,Mini Tiffin Thali,Thali,1,157.5,150,Register,UPI,Payment,Saravana Bhavan Corner,Chennai,0.0
2026-04-23,Idli Vada Combo,Tiffin,3,283.5,90,Register,Card,Payment,Saravana Bhavan Corner,Chennai,0.0
2026-04-23,Mini Tiffin Thali,Thali,1,157.5,150,Register,Card,Payment,Saravana Bhavan Corner,Chennai,0.0
2026-04-23,Sambar Rice,Rice,2,252.0,120,Register,UPI,Payment,Saravana Bhavan Corner,Chennai,0.0
2026-04-23,Veg Thali,Thali,2,378.0,180,Register,Cash,Payment,Saravana Bhavan Corner,Chennai,0.0
2026-04-23,Filter Coffee,Beverages,1,42.0,40,Register,UPI,Payment,Saravana Bhavan Corner,Chennai,0.0
2026-04-23,Mysore Bonda,Snacks,1,53.55,60,Register,Cash,Payment,Saravana Bhavan Corner,Chennai,0.0
2026-04-23,Rava Dosa,Dosa,1,115.5,110,Register,Cash,Payment,Saravana Bhavan Corner,Chennai,0.0
2026-04-23,Mysore Bonda,Snacks,1,63.0,60,Register,UPI,Payment,Saravana Bhavan Corner,Chennai,0.0
2026-04-23,Mini Tiffin Thali,Thali,1,141.75,150,Register,UPI,Payment,Saravana Bhavan Corner,Chennai,0.0
2026-04-23,Vada (2pc),Tiffin,1,52.5,50,Register,UPI,Payment,Saravana Bhavan Corner,Chennai,0.0
2026-04-23,Idli Vada Combo,Tiffin,1,80.33,90,Register,Cash,Payment,Saravana Bhavan Corner,Chennai,0.0
2026-04-23,Plain Dosa,Dosa,1,62.48,70,Register,Cash,Payment,Saravana Bhavan Corner,Chennai,0.0
2026-04-23,Masala Chai,Beverages,1,36.75,35,Register,Cash,Payment,Saravana Bhavan Corner,Chennai,0.0
2026-04-23,Filter Coffee,Beverages,1,42.0,40,Register,Cash,Payment,Saravana Bhavan Corner,Chennai,0.0
2026-04-23,Masala Chai,Beverages,1,36.75,35,Swiggy,UPI,Payment,Saravana Bhavan Corner,Chennai,0.0
2026-04-23,Masala Dosa,Dosa,1,85.05,90,Register,UPI,Payment,Saravana Bhavan Corner,Chennai,0.0
2026-04-23,Idli Vada Combo,Tiffin,2,189.0,90,Swiggy,UPI,Payment,Saravana Bhavan Corner,Chennai,0.0
2026-04-23,Vada (2pc),Tiffin,1,44.62,50,Swiggy,UPI,Payment,Saravana Bhavan Corner,Chennai,0.0
2026-04-23,Idli Vada Combo,Tiffin,1,94.5,90,Swiggy,UPI,Payment,Saravana Bhavan Corner,Chennai,0.0
2026-04-23,Buttermilk,Beverages,1,31.5,30,Register,UPI,Payment,Saravana Bhavan Corner,Chennai,0.0
2026-04-23,Lemon Rice,Rice,1,105.0,100,Register,UPI,Payment,Saravana Bhavan Corner,Chennai,0.0
2026-04-23,Sambar Rice,Rice,2,252.0,120,Register,UPI,Payment,Saravana Bhavan Corner,Chennai,0.0
2026-04-23,Idli (4pc),Tiffin,1,63.0,60,Register,UPI,Payment,Saravana Bhavan Corner,Chennai,0.0
2026-04-23,Mysore Bonda,Snacks,2,126.0,60,Register,UPI,Payment,Saravana Bhavan Corner,Chennai,0.0
2026-04-23,Plain Dosa,Dosa,2,147.0,70,Register,UPI,Payment,Saravana Bhavan Corner,Chennai,0.0
2026-04-23,Medu Vada Chaat,Snacks,2,147.0,70,Swiggy,UPI,Payment,Saravana Bhavan Corner,Chennai,0.0
2026-04-23,Veg Thali,Thali,1,189.0,180,Register,Card,Payment,Saravana Bhavan Corner,Chennai,0.0
2026-04-23,Plain Dosa,Dosa,1,66.15,70,Register,Card,Payment,Saravana Bhavan Corner,Chennai,0.0
2026-04-23,Bisi Bele Bath,Rice,3,348.07,130,Register,Card,Payment,Saravana Bhavan Corner,Chennai,0.0
2026-04-23,Medu Vada Chaat,Snacks,1,73.5,70,Swiggy,Card,Payment,Saravana Bhavan Corner,Chennai,0.0
2026-04-23,Onion Uttapam,Dosa,2,210.0,100,Swiggy,Card,Payment,Saravana Bhavan Corner,Chennai,0.0
2026-04-23,Plain Dosa,Dosa,2,147.0,70,Swiggy,Card,Payment,Saravana Bhavan Corner,Chennai,0.0
2026-04-23,Veg Thali,Thali,2,378.0,180,Register,Card,Payment,Saravana Bhavan Corner,Chennai,0.0
2026-04-23,Buttermilk,Beverages,2,63.0,30,Register,Card,Payment,Saravana Bhavan Corner,Chennai,0.0
2026-04-23,Idli Vada Combo,Tiffin,2,189.0,90,Swiggy,UPI,Payment,Saravana Bhavan Corner,Chennai,0.0
2026-04-23,Rava Dosa,Dosa,1,115.5,110,Swiggy,UPI,Payment,Saravana Bhavan Corner,Chennai,0.0
2026-04-23,Mysore Bonda,Snacks,2,126.0,60,Swiggy,UPI,Payment,Saravana Bhavan Corner,Chennai,0.0
2026-04-23,Medu Vada Chaat,Snacks,3,220.5,70,Swiggy,UPI,Payment,Saravana Bhavan Corner,Chennai,0.0
2026-04-23,Idli (4pc),Tiffin,3,189.0,60,Swiggy,UPI,Payment,Saravana Bhavan Corner,Chennai,0.0
2026-04-23,Sambar Rice,Rice,1,126.0,120,Swiggy,UPI,Payment,Saravana Bhavan Corner,Chennai,0.0
2026-04-23,Filter Coffee,Beverages,2,84.0,40,Register,UPI,Payment,Saravana Bhavan Corner,Chennai,0.0
2026-04-23,Onion Uttapam,Dosa,1,89.25,100,Register,Card,Payment,Saravana Bhavan Corner,Chennai,0.0
2026-04-23,Idli (4pc),Tiffin,2,126.0,60,Register,Cash,Payment,Saravana Bhavan Corner,Chennai,0.0
2026-04-23,Veg Thali,Thali,1,189.0,180,Swiggy,UPI,Payment,Saravana Bhavan Corner,Chennai,0.0
2026-04-23,Lemon Rice,Rice,1,105.0,100,Swiggy,Card,Payment,Saravana Bhavan Corner,Chennai,0.0
2026-04-23,Masala Chai,Beverages,1,31.24,35,Register,UPI,Payment,Saravana Bhavan Corner,Chennai,0.0
2026-04-23,Bisi Bele Bath,Rice,2,273.0,130,Register,Cash,Payment,Saravana Bhavan Corner,Chennai,0.0
2026-04-23,Vada (2pc),Tiffin,3,157.5,50,Register,UPI,Payment,Saravana Bhavan Corner,Chennai,0.0
2026-04-23,Buttermilk,Beverages,1,31.5,30,Swiggy,UPI,Payment,Saravana Bhavan Corner,Chennai,0.0
2026-04-23,Filter Coffee,Beverages,3,126.0,40,Register,Card,Payment,Saravana Bhavan Corner,Chennai,0.0
2026-04-23,Buttermilk,Beverages,2,53.55,30,Register,Card,Payment,Saravana Bhavan Corner,Chennai,0.0
2026-04-23,Vada (2pc),Tiffin,2,105.0,50,Register,Card,Payment,Saravana Bhavan Corner,Chennai,0.0
2026-04-23,Filter Coffee,Beverages,1,42.0,40,Register,UPI,Payment,Saravana Bhavan Corner,Chennai,0.0
2026-04-23,Curd Rice,Rice,2,189.0,90,Swiggy,Card,Payment,Saravana Bhavan Corner,Chennai,0.0
2026-04-23,Masala Chai,Beverages,2,73.5,35,Swiggy,Card,Payment,Saravana Bhavan Corner,Chennai,0.0
2026-04-23,Buttermilk,Beverages,1,31.5,30,Swiggy,Card,Payment,Saravana Bhavan Corner,Chennai,0.0
2026-04-23,Pongal,Tiffin,2,168.0,80,Register,Cash,Payment,Saravana Bhavan Corner,Chennai,0.0
2026-04-23,Rava Dosa,Dosa,1,115.5,110,Register,Card,Payment,Saravana Bhavan Corner,Chennai,0.0
2026-04-23,Filter Coffee,Beverages,2,71.4,40,Register,UPI,Payment,Saravana Bhavan Corner,Chennai,0.0
2026-04-23,Veg Thali,Thali,2,378.0,180,Swiggy,Card,Payment,Saravana Bhavan Corner,Chennai,0.0
2026-04-23,Masala Dosa,Dosa,2,189.0,90,Register,UPI,Payment,Saravana Bhavan Corner,Chennai,0.0
2026-04-24,Masala Chai,Beverages,3,110.25,35,Register,UPI,Payment,Saravana Bhavan Corner,Chennai,0.0
2026-04-24,Vada (2pc),Tiffin,1,52.5,50,Swiggy,Card,Payment,Saravana Bhavan Corner,Chennai,0.0
2026-04-24,Mysore Bonda,Snacks,1,63.0,60,Swiggy,Card,Payment,Saravana Bhavan Corner,Chennai,0.0
2026-04-24,Plain Dosa,Dosa,1,73.5,70,Swiggy,Card,Payment,Saravana Bhavan Corner,Chennai,0.0
2026-04-24,Idli (4pc),Tiffin,1,63.0,60,Register,Card,Payment,Saravana Bhavan Corner,Chennai,0.0
2026-04-24,Curd Rice,Rice,2,189.0,90,Register,Card,Payment,Saravana Bhavan Corner,Chennai,0.0
2026-04-24,Lemon Rice,Rice,1,105.0,100,Register,Card,Payment,Saravana Bhavan Corner,Chennai,0.0
2026-04-24,Plain Dosa,Dosa,2,147.0,70,Register,Card,Payment,Saravana Bhavan Corner,Chennai,0.0
2026-04-24,Plain Dosa,Dosa,1,73.5,70,Register,Card,Payment,Saravana Bhavan Corner,Chennai,0.0
2026-04-24,Filter Coffee,Beverages,1,42.0,40,Swiggy,Card,Payment,Saravana Bhavan Corner,Chennai,0.0
2026-04-24,Curd Rice,Rice,2,189.0,90,Register,Card,Payment,Saravana Bhavan Corner,Chennai,0.0
2026-04-24,Masala Dosa,Dosa,1,94.5,90,Register,Cash,Payment,Saravana Bhavan Corner,Chennai,0.0
2026-04-24,Vada (2pc),Tiffin,2,105.0,50,Swiggy,Card,Payment,Saravana Bhavan Corner,Chennai,0.0
2026-04-24,Mini Tiffin Thali,Thali,1,157.5,150,Swiggy,Card,Payment,Saravana Bhavan Corner,Chennai,0.0
2026-04-24,Filter Coffee,Beverages,1,37.8,40,Register,Card,Payment,Saravana Bhavan Corner,Chennai,0.0
2026-04-24,Onion Uttapam,Dosa,2,210.0,100,Register,Card,Payment,Saravana Bhavan Corner,Chennai,0.0
2026-04-24,Veg Thali,Thali,3,567.0,180,Register,Card,Payment,Saravana Bhavan Corner,Chennai,0.0
2026-04-24,Sambar Rice,Rice,2,252.0,120,Swiggy,Card,Payment,Saravana Bhavan Corner,Chennai,0.0
2026-04-24,Rava Dosa,Dosa,1,115.5,110,Swiggy,Card,Payment,Saravana Bhavan Corner,Chennai,0.0
2026-04-24,Veg Thali,Thali,2,378.0,180,Swiggy,Card,Payment,Saravana Bhavan Corner,Chennai,0.0
2026-04-24,Mysore Bonda,Snacks,3,189.0,60,Register,Card,Payment,Saravana Bhavan Corner,Chennai,0.0
2026-04-24,Plain Dosa,Dosa,1,73.5,70,Register,Card,Payment,Saravana Bhavan Corner,Chennai,0.0
2026-04-24,Idli (4pc),Tiffin,2,126.0,60,Register,Card,Payment,Saravana Bhavan Corner,Chennai,0.0
2026-04-24,Rasgulla (2pc),Desserts,2,147.0,70,Register,Card,Payment,Saravana Bhavan Corner,Chennai,0.0
2026-04-24,Idli Vada Combo,Tiffin,2,189.0,90,Register,Cash,Payment,Saravana Bhavan Corner,Chennai,0.0
2026-04-24,Curd Rice,Rice,2,189.0,90,Register,Cash,Payment,Saravana Bhavan Corner,Chennai,0.0
2026-04-24,Vada (2pc),Tiffin,1,52.5,50,Swiggy,Card,Payment,Saravana Bhavan Corner,Chennai,0.0
2026-04-24,Plain Dosa,Dosa,1,73.5,70,Register,Cash,Payment,Saravana Bhavan Corner,Chennai,0.0
2026-04-24,Plain Dosa,Dosa,1,73.5,70,Register,Cash,Payment,Saravana Bhavan Corner,Chennai,0.0
2026-04-24,Idli (4pc),Tiffin,2,126.0,60,Register,UPI,Payment,Saravana Bhavan Corner,Chennai,0.0
2026-04-24,Sambar Rice,Rice,1,126.0,120,Swiggy,Card,Payment,Saravana Bhavan Corner,Chennai,0.0
2026-04-24,Plain Dosa,Dosa,2,147.0,70,Register,UPI,Payment,Saravana Bhavan Corner,Chennai,0.0
2026-04-24,Masala Dosa,Dosa,1,94.5,90,Register,Cash,Payment,Saravana Bhavan Corner,Chennai,0.0
2026-04-24,Vada (2pc),Tiffin,2,105.0,50,Register,Cash,Payment,Saravana Bhavan Corner,Chennai,0.0
2026-04-24,Curd Rice,Rice,2,189.0,90,Register,Cash,Payment,Saravana Bhavan Corner,Chennai,0.0
2026-04-24,Idli Vada Combo,Tiffin,1,94.5,90,Swiggy,Card,Payment,Saravana Bhavan Corner,Chennai,0.0
2026-04-24,Veg Thali,Thali,1,189.0,180,Swiggy,Card,Payment,Saravana Bhavan Corner,Chennai,0.0
2026-04-24,Idli Vada Combo,Tiffin,1,94.5,90,Register,Card,Payment,Saravana Bhavan Corner,Chennai,0.0
2026-04-24,Sambar Rice,Rice,1,126.0,120,Register,Card,Payment,Saravana Bhavan Corner,Chennai,0.0
2026-04-24,Sambar Rice,Rice,3,378.0,120,Register,Cash,Payment,Saravana Bhavan Corner,Chennai,0.0
2026-04-24,Masala Chai,Beverages,3,110.25,35,Register,Cash,Payment,Saravana Bhavan Corner,Chennai,0.0
2026-04-24,Plain Dosa,Dosa,1,73.5,70,Register,UPI,Payment,Saravana Bhavan Corner,Chennai,0.0
2026-04-24,Mini Tiffin Thali,Thali,2,315.0,150,Register,UPI,Payment,Saravana Bhavan Corner,Chennai,0.0
2026-04-24,Buttermilk,Beverages,3,94.5,30,Register,UPI,Payment,Saravana Bhavan Corner,Chennai,0.0
2026-04-24,Idli Vada Combo,Tiffin,1,94.5,90,Swiggy,Card,Payment,Saravana Bhavan Corner,Chennai,0.0
2026-04-24,Masala Dosa,Dosa,1,94.5,90,Swiggy,Card,Payment,Saravana Bhavan Corner,Chennai,0.0
2026-04-24,Masala Chai,Beverages,1,33.08,35,Swiggy,UPI,Payment,Saravana Bhavan Corner,Chennai,0.0
2026-04-24,Onion Uttapam,Dosa,2,210.0,100,Swiggy,UPI,Payment,Saravana Bhavan Corner,Chennai,0.0
2026-04-24,Sambar Rice,Rice,1,126.0,120,Swiggy,UPI,Payment,Saravana Bhavan Corner,Chennai,0.0
2026-04-24,Mini Tiffin Thali,Thali,1,157.5,150,Register,Cash,Payment,Saravana Bhavan Corner,Chennai,0.0
2026-04-24,Masala Chai,Beverages,1,36.75,35,Register,Cash,Payment,Saravana Bhavan Corner,Chennai,0.0
2026-04-24,Masala Chai,Beverages,3,110.25,35,Register,Cash,Payment,Saravana Bhavan Corner,Chennai,0.0
2026-04-24,Vada (2pc),Tiffin,1,52.5,50,Register,Cash,Payment,Saravana Bhavan Corner,Chennai,0.0
2026-04-24,Filter Coffee,Beverages,1,42.0,40,Swiggy,UPI,Payment,Saravana Bhavan Corner,Chennai,0.0
2026-04-24,Masala Chai,Beverages,2,73.5,35,Swiggy,UPI,Payment,Saravana Bhavan Corner,Chennai,0.0
2026-04-24,Idli Vada Combo,Tiffin,1,94.5,90,Swiggy,UPI,Payment,Saravana Bhavan Corner,Chennai,0.0
2026-04-24,Onion Uttapam,Dosa,3,315.0,100,Register,UPI,Payment,Saravana Bhavan Corner,Chennai,0.0
2026-04-24,Idli Vada Combo,Tiffin,1,94.5,90,Swiggy,Card,Payment,Saravana Bhavan Corner,Chennai,0.0
2026-04-24,Vada (2pc),Tiffin,3,157.5,50,Register,UPI,Payment,Saravana Bhavan Corner,Chennai,0.0
2026-04-24,Sambar Rice,Rice,1,113.4,120,Register,Cash,Payment,Saravana Bhavan Corner,Chennai,0.0
2026-04-24,Buttermilk,Beverages,2,63.0,30,Swiggy,Card,Payment,Saravana Bhavan Corner,Chennai,0.0
2026-04-24,Lemon Rice,Rice,3,315.0,100,Swiggy,Card,Payment,Saravana Bhavan Corner,Chennai,0.0
2026-04-24,Masala Chai,Beverages,2,73.5,35,Swiggy,Card,Payment,Saravana Bhavan Corner,Chennai,0.0
2026-04-24,Plain Dosa,Dosa,1,73.5,70,Register,Card,Payment,Saravana Bhavan Corner,Chennai,0.0
2026-04-24,Idli (4pc),Tiffin,1,63.0,60,Register,Card,Payment,Saravana Bhavan Corner,Chennai,0.0
2026-04-24,Filter Coffee,Beverages,2,84.0,40,Register,Card,Payment,Saravana Bhavan Corner,Chennai,0.0
2026-04-24,Lemon Rice,Rice,2,210.0,100,Swiggy,UPI,Payment,Saravana Bhavan Corner,Chennai,0.0
2026-04-24,Buttermilk,Beverages,1,31.5,30,Swiggy,UPI,Payment,Saravana Bhavan Corner,Chennai,0.0
2026-04-24,Idli (4pc),Tiffin,1,63.0,60,Swiggy,UPI,Payment,Saravana Bhavan Corner,Chennai,0.0
2026-04-24,Vada (2pc),Tiffin,1,52.5,50,Swiggy,UPI,Payment,Saravana Bhavan Corner,Chennai,0.0
2026-04-24,Idli (4pc),Tiffin,2,126.0,60,Swiggy,UPI,Payment,Saravana Bhavan Corner,Chennai,0.0
2026-04-24,Idli Vada Combo,Tiffin,1,94.5,90,Register,Card,Payment,Saravana Bhavan Corner,Chennai,0.0
2026-04-24,Filter Coffee,Beverages,2,84.0,40,Swiggy,Card,Payment,Saravana Bhavan Corner,Chennai,0.0
2026-04-24,Rava Dosa,Dosa,1,115.5,110,Swiggy,Card,Payment,Saravana Bhavan Corner,Chennai,0.0
2026-04-24,Veg Thali,Thali,1,189.0,180,Register,Card,Payment,Saravana Bhavan Corner,Chennai,0.0
2026-04-24,Mini Tiffin Thali,Thali,1,157.5,150,Register,Card,Payment,Saravana Bhavan Corner,Chennai,0.0
2026-04-24,Veg Thali,Thali,1,189.0,180,Register,Card,Payment,Saravana Bhavan Corner,Chennai,0.0
2026-04-24,Rasgulla (2pc),Desserts,2,147.0,70,Register,Card,Payment,Saravana Bhavan Corner,Chennai,0.0
2026-04-24,Filter Coffee,Beverages,1,42.0,40,Register,Card,Payment,Saravana Bhavan Corner,Chennai,0.0
2026-04-24,Filter Coffee,Beverages,2,84.0,40,Swiggy,Card,Payment,Saravana Bhavan Corner,Chennai,0.0
2026-04-24,Vada (2pc),Tiffin,2,105.0,50,Swiggy,Card,Payment,Saravana Bhavan Corner,Chennai,0.0
2026-04-24,Buttermilk,Beverages,2,63.0,30,Swiggy,Card,Payment,Saravana Bhavan Corner,Chennai,0.0
2026-04-24,Plain Dosa,Dosa,1,73.5,70,Register,Card,Payment,Saravana Bhavan Corner,Chennai,0.0
2026-04-24,Masala Chai,Beverages,1,36.75,35,Register,Cash,Payment,Saravana Bhavan Corner,Chennai,0.0
2026-04-24,Masala Chai,Beverages,2,73.5,35,Register,Cash,Payment,Saravana Bhavan Corner,Chennai,0.0
2026-04-24,Masala Dosa,Dosa,1,94.5,90,Register,Card,Payment,Saravana Bhavan Corner,Chennai,0.0
2026-04-24,Vada (2pc),Tiffin,2,105.0,50,Register,Card,Payment,Saravana Bhavan Corner,Chennai,0.0
2026-04-24,Masala Chai,Beverages,1,36.75,35,Swiggy,Card,Payment,Saravana Bhavan Corner,Chennai,0.0
2026-04-24,Masala Chai,Beverages,2,73.5,35,Swiggy,Card,Payment,Saravana Bhavan Corner,Chennai,0.0
2026-04-24,Vada (2pc),Tiffin,1,52.5,50,Register,Cash,Payment,Saravana Bhavan Corner,Chennai,0.0
2026-04-24,Vada (2pc),Tiffin,2,105.0,50,Register,Cash,Payment,Saravana Bhavan Corner,Chennai,0.0
2026-04-24,Filter Coffee,Beverages,2,84.0,40,Register,Cash,Payment,Saravana Bhavan Corner,Chennai,0.0
2026-04-24,Rava Dosa,Dosa,1,115.5,110,Register,Cash,Payment,Saravana Bhavan Corner,Chennai,0.0
2026-04-24,Mysore Bonda,Snacks,1,63.0,60,Register,Cash,Payment,Saravana Bhavan Corner,Chennai,0.0
2026-04-24,Sambar Rice,Rice,1,126.0,120,Register,Card,Payment,Saravana Bhavan Corner,Chennai,0.0
2026-04-24,Masala Dosa,Dosa,1,94.5,90,Register,Card,Payment,Saravana Bhavan Corner,Chennai,0.0
2026-04-24,Masala Dosa,Dosa,1,94.5,90,Register,Card,Payment,Saravana Bhavan Corner,Chennai,0.0
2026-04-24,Rava Dosa,Dosa,2,231.0,110,Swiggy,Card,Payment,Saravana Bhavan Corner,Chennai,0.0
2026-04-24,Masala Dosa,Dosa,1,80.33,90,Swiggy,Card,Payment,Saravana Bhavan Corner,Chennai,0.0
2026-04-24,Idli Vada Combo,Tiffin,1,94.5,90,Register,Card,Payment,Saravana Bhavan Corner,Chennai,0.0
2026-04-24,Rava Dosa,Dosa,3,311.85,110,Register,Card,Payment,Saravana Bhavan Corner,Chennai,0.0
2026-04-24,Sambar Rice,Rice,1,126.0,120,Register,Card,Payment,Saravana Bhavan Corner,Chennai,0.0
2026-04-24,Rava Dosa,Dosa,1,115.5,110,Register,Cash,Payment,Saravana Bhavan Corner,Chennai,0.0
2026-04-24,Idli Vada Combo,Tiffin,2,189.0,90,Register,Card,Payment,Saravana Bhavan Corner,Chennai,0.0
2026-04-24,Masala Chai,Beverages,2,73.5,35,Register,UPI,Payment,Saravana Bhavan Corner,Chennai,0.0
2026-04-24,Mini Tiffin Thali,Thali,2,315.0,150,Register,Cash,Payment,Saravana Bhavan Corner,Chennai,0.0
2026-04-24,Idli Vada Combo,Tiffin,1,85.05,90,Register,Cash,Payment,Saravana Bhavan Corner,Chennai,0.0
2026-04-24,Filter Coffee,Beverages,2,84.0,40,Register,Cash,Payment,Saravana Bhavan Corner,Chennai,0.0
2026-04-24,Medu Vada Chaat,Snacks,1,73.5,70,Register,Cash,Payment,Saravana Bhavan Corner,Chennai,0.0
2026-04-24,Mysore Bonda,Snacks,2,126.0,60,Swiggy,Card,Payment,Saravana Bhavan Corner,Chennai,0.0
2026-04-24,Rava Dosa,Dosa,1,115.5,110,Register,Cash,Payment,Saravana Bhavan Corner,Chennai,0.0
2026-04-24,Filter Coffee,Beverages,1,42.0,40,Swiggy,Card,Payment,Saravana Bhavan Corner,Chennai,0.0
2026-04-24,Onion Uttapam,Dosa,1,105.0,100,Register,Card,Payment,Saravana Bhavan Corner,Chennai,0.0
2026-04-24,Veg Thali,Thali,2,378.0,180,Register,Cash,Payment,Saravana Bhavan Corner,Chennai,0.0
2026-04-24,Curd Rice,Rice,1,94.5,90,Register,Cash,Payment,Saravana Bhavan Corner,Chennai,0.0
2026-04-24,Masala Chai,Beverages,2,73.5,35,Register,UPI,Payment,Saravana Bhavan Corner,Chennai,0.0
2026-04-24,Plain Dosa,Dosa,2,147.0,70,Register,Cash,Payment,Saravana Bhavan Corner,Chennai,0.0
2026-04-25,Vada (2pc),Tiffin,-1,-52.5,50,Swiggy,Card,Refund,Saravana Bhavan Corner,Chennai,0.0
2026-04-25,Onion Uttapam,Dosa,1,105.0,100,Register,Card,Payment,Saravana Bhavan Corner,Chennai,0.0
2026-04-25,Onion Uttapam,Dosa,-1,-105.0,100,Swiggy,Card,Refund,Saravana Bhavan Corner,Chennai,0.0
2026-04-25,Plain Dosa,Dosa,2,147.0,70,Register,UPI,Payment,Saravana Bhavan Corner,Chennai,0.0
2026-04-25,Idli (4pc),Tiffin,2,126.0,60,Register,UPI,Payment,Saravana Bhavan Corner,Chennai,0.0
2026-04-25,Plain Dosa,Dosa,1,73.5,70,Swiggy,Card,Payment,Saravana Bhavan Corner,Chennai,0.0
2026-04-25,Filter Coffee,Beverages,1,37.8,40,Register,Card,Payment,Saravana Bhavan Corner,Chennai,0.0
2026-04-25,Lemon Rice,Rice,1,105.0,100,Register,Card,Payment,Saravana Bhavan Corner,Chennai,0.0
2026-04-25,Buttermilk,Beverages,-1,-31.5,30,Swiggy,Card,Refund,Saravana Bhavan Corner,Chennai,0.0
2026-04-25,Veg Thali,Thali,1,170.1,180,Swiggy,UPI,Payment,Saravana Bhavan Corner,Chennai,0.0
2026-04-25,Lemon Rice,Rice,1,105.0,100,Register,UPI,Payment,Saravana Bhavan Corner,Chennai,0.0
2026-04-25,Masala Chai,Beverages,1,36.75,35,Register,UPI,Payment,Saravana Bhavan Corner,Chennai,0.0
2026-04-25,Lemon Rice,Rice,1,105.0,100,Swiggy,UPI,Payment,Saravana Bhavan Corner,Chennai,0.0
2026-04-25,Buttermilk,Beverages,2,63.0,30,Swiggy,UPI,Payment,Saravana Bhavan Corner,Chennai,0.0
2026-04-25,Sambar Rice,Rice,2,214.2,120,Swiggy,UPI,Payment,Saravana Bhavan Corner,Chennai,0.0
2026-04-25,Idli (4pc),Tiffin,1,63.0,60,Register,Cash,Payment,Saravana Bhavan Corner,Chennai,0.0
2026-04-25,Mysore Bonda,Snacks,1,63.0,60,Register,UPI,Payment,Saravana Bhavan Corner,Chennai,0.0
2026-04-25,Pongal,Tiffin,-1,-84.0,80,Swiggy,Card,Refund,Saravana Bhavan Corner,Chennai,0.0
2026-04-25,Rava Dosa,Dosa,1,103.95,110,Register,UPI,Payment,Saravana Bhavan Corner,Chennai,0.0
2026-04-25,Plain Dosa,Dosa,1,62.48,70,Register,UPI,Payment,Saravana Bhavan Corner,Chennai,0.0
2026-04-25,Masala Dosa,Dosa,3,283.5,90,Register,Card,Payment,Saravana Bhavan Corner,Chennai,0.0
2026-04-25,Medu Vada Chaat,Snacks,3,187.43,70,Register,Cash,Payment,Saravana Bhavan Corner,Chennai,0.0
2026-04-25,Veg Thali,Thali,2,378.0,180,Register,Card,Payment,Saravana Bhavan Corner,Chennai,0.0
2026-04-25,Filter Coffee,Beverages,1,42.0,40,Register,UPI,Payment,Saravana Bhavan Corner,Chennai,0.0
2026-04-25,Rava Dosa,Dosa,2,231.0,110,Register,Cash,Payment,Saravana Bhavan Corner,Chennai,0.0
2026-04-25,Curd Rice,Rice,1,94.5,90,Register,Cash,Payment,Saravana Bhavan Corner,Chennai,0.0
2026-04-25,Curd Rice,Rice,2,189.0,90,Register,Cash,Payment,Saravana Bhavan Corner,Chennai,0.0
2026-04-25,Idli Vada Combo,Tiffin,1,94.5,90,Swiggy,Card,Payment,Saravana Bhavan Corner,Chennai,0.0
2026-04-25,Veg Thali,Thali,2,378.0,180,Swiggy,Card,Payment,Saravana Bhavan Corner,Chennai,0.0
2026-04-25,Filter Coffee,Beverages,1,42.0,40,Register,Card,Payment,Saravana Bhavan Corner,Chennai,0.0
2026-04-25,Idli (4pc),Tiffin,1,63.0,60,Register,Card,Payment,Saravana Bhavan Corner,Chennai,0.0
2026-04-25,Mysore Bonda,Snacks,1,63.0,60,Register,Cash,Payment,Saravana Bhavan Corner,Chennai,0.0
2026-04-25,Filter Coffee,Beverages,2,84.0,40,Register,Card,Payment,Saravana Bhavan Corner,Chennai,0.0
2026-04-25,Sambar Rice,Rice,1,126.0,120,Swiggy,UPI,Payment,Saravana Bhavan Corner,Chennai,0.0
2026-04-25,Masala Dosa,Dosa,1,94.5,90,Swiggy,UPI,Payment,Saravana Bhavan Corner,Chennai,0.0
2026-04-25,Vada (2pc),Tiffin,-1,-52.5,50,Register,UPI,Refund,Saravana Bhavan Corner,Chennai,0.0
2026-04-25,Sambar Rice,Rice,2,252.0,120,Register,UPI,Payment,Saravana Bhavan Corner,Chennai,0.0
2026-04-25,Masala Chai,Beverages,2,73.5,35,Register,UPI,Payment,Saravana Bhavan Corner,Chennai,0.0
2026-04-25,Masala Dosa,Dosa,2,189.0,90,Swiggy,Card,Payment,Saravana Bhavan Corner,Chennai,0.0
2026-04-25,Vada (2pc),Tiffin,2,105.0,50,Swiggy,Card,Payment,Saravana Bhavan Corner,Chennai,0.0
2026-04-25,Idli Vada Combo,Tiffin,2,189.0,90,Swiggy,Card,Payment,Saravana Bhavan Corner,Chennai,0.0
2026-04-25,Masala Dosa,Dosa,1,94.5,90,Register,Card,Payment,Saravana Bhavan Corner,Chennai,0.0
2026-04-25,Medu Vada Chaat,Snacks,1,73.5,70,Register,Card,Payment,Saravana Bhavan Corner,Chennai,0.0
2026-04-25,Mini Tiffin Thali,Thali,1,133.88,150,Swiggy,UPI,Payment,Saravana Bhavan Corner,Chennai,0.0
2026-04-25,Plain Dosa,Dosa,1,73.5,70,Register,UPI,Payment,Saravana Bhavan Corner,Chennai,0.0
2026-04-25,Idli (4pc),Tiffin,2,126.0,60,Register,UPI,Payment,Saravana Bhavan Corner,Chennai,0.0
2026-04-25,Medu Vada Chaat,Snacks,1,73.5,70,Register,UPI,Payment,Saravana Bhavan Corner,Chennai,0.0
2026-04-25,Rasgulla (2pc),Desserts,1,73.5,70,Swiggy,Card,Payment,Saravana Bhavan Corner,Chennai,0.0
2026-04-25,Veg Thali,Thali,3,567.0,180,Swiggy,Card,Payment,Saravana Bhavan Corner,Chennai,0.0
2026-04-25,Mini Tiffin Thali,Thali,1,157.5,150,Register,Card,Payment,Saravana Bhavan Corner,Chennai,0.0
2026-04-25,Lemon Rice,Rice,1,105.0,100,Register,Card,Payment,Saravana Bhavan Corner,Chennai,0.0
2026-04-25,Rasgulla (2pc),Desserts,2,147.0,70,Register,UPI,Payment,Saravana Bhavan Corner,Chennai,0.0
2026-04-25,Buttermilk,Beverages,1,31.5,30,Register,UPI,Payment,Saravana Bhavan Corner,Chennai,0.0
2026-04-25,Onion Uttapam,Dosa,2,210.0,100,Register,UPI,Payment,Saravana Bhavan Corner,Chennai,0.0
2026-04-25,Idli (4pc),Tiffin,2,126.0,60,Register,UPI,Payment,Saravana Bhavan Corner,Chennai,0.0
2026-04-25,Buttermilk,Beverages,3,94.5,30,Register,Cash,Payment,Saravana Bhavan Corner,Chennai,0.0
2026-04-25,Sambar Rice,Rice,2,226.8,120,Register,Cash,Payment,Saravana Bhavan Corner,Chennai,0.0
2026-04-25,Buttermilk,Beverages,1,28.35,30,Register,Cash,Payment,Saravana Bhavan Corner,Chennai,0.0
2026-04-25,Masala Dosa,Dosa,2,189.0,90,Register,Cash,Payment,Saravana Bhavan Corner,Chennai,0.0
2026-04-25,Rava Dosa,Dosa,1,103.95,110,Register,UPI,Payment,Saravana Bhavan Corner,Chennai,0.0
2026-04-25,Veg Thali,Thali,1,189.0,180,Register,UPI,Payment,Saravana Bhavan Corner,Chennai,0.0
2026-04-25,Masala Dosa,Dosa,1,94.5,90,Register,UPI,Payment,Saravana Bhavan Corner,Chennai,0.0
2026-04-25,Mysore Bonda,Snacks,2,113.4,60,Register,UPI,Payment,Saravana Bhavan Corner,Chennai,0.0
2026-04-25,Rasgulla (2pc),Desserts,1,73.5,70,Register,Cash,Payment,Saravana Bhavan Corner,Chennai,0.0
2026-04-25,Curd Rice,Rice,1,94.5,90,Register,Cash,Payment,Saravana Bhavan Corner,Chennai,0.0
2026-04-25,Buttermilk,Beverages,3,94.5,30,Register,Cash,Payment,Saravana Bhavan Corner,Chennai,0.0
2026-04-25,Masala Chai,Beverages,1,36.75,35,Register,Card,Payment,Saravana Bhavan Corner,Chennai,0.0
2026-04-25,Mini Tiffin Thali,Thali,1,157.5,150,Register,Card,Payment,Saravana Bhavan Corner,Chennai,0.0
2026-04-25,Masala Dosa,Dosa,1,94.5,90,Register,Cash,Payment,Saravana Bhavan Corner,Chennai,0.0
2026-04-25,Veg Thali,Thali,1,189.0,180,Register,Card,Payment,Saravana Bhavan Corner,Chennai,0.0
2026-04-25,Plain Dosa,Dosa,1,62.48,70,Register,Card,Payment,Saravana Bhavan Corner,Chennai,0.0
2026-04-25,Veg Thali,Thali,1,189.0,180,Swiggy,Card,Payment,Saravana Bhavan Corner,Chennai,0.0
2026-04-25,Idli Vada Combo,Tiffin,1,94.5,90,Swiggy,Card,Payment,Saravana Bhavan Corner,Chennai,0.0
2026-04-25,Mini Tiffin Thali,Thali,2,315.0,150,Register,Cash,Payment,Saravana Bhavan Corner,Chennai,0.0
2026-04-25,Buttermilk,Beverages,2,53.55,30,Register,Cash,Payment,Saravana Bhavan Corner,Chennai,0.0
2026-04-25,Rasgulla (2pc),Desserts,1,73.5,70,Register,UPI,Payment,Saravana Bhavan Corner,Chennai,0.0
2026-04-25,Mysore Bonda,Snacks,2,126.0,60,Register,Cash,Payment,Saravana Bhavan Corner,Chennai,0.0
2026-04-25,Vada (2pc),Tiffin,1,52.5,50,Register,Cash,Payment,Saravana Bhavan Corner,Chennai,0.0
2026-04-25,Idli (4pc),Tiffin,3,189.0,60,Register,Cash,Payment,Saravana Bhavan Corner,Chennai,0.0
2026-04-25,Curd Rice,Rice,2,189.0,90,Register,Cash,Payment,Saravana Bhavan Corner,Chennai,0.0
2026-04-25,Pongal,Tiffin,2,151.2,80,Register,Card,Payment,Saravana Bhavan Corner,Chennai,0.0
2026-04-25,Masala Chai,Beverages,1,36.75,35,Register,Card,Payment,Saravana Bhavan Corner,Chennai,0.0
2026-04-25,Rava Dosa,Dosa,1,115.5,110,Register,Cash,Payment,Saravana Bhavan Corner,Chennai,0.0
2026-04-25,Filter Coffee,Beverages,1,42.0,40,Register,UPI,Payment,Saravana Bhavan Corner,Chennai,0.0
2026-04-25,Idli Vada Combo,Tiffin,1,94.5,90,Register,Cash,Payment,Saravana Bhavan Corner,Chennai,0.0
2026-04-25,Vada (2pc),Tiffin,1,52.5,50,Register,Cash,Payment,Saravana Bhavan Corner,Chennai,0.0
2026-04-25,Pongal,Tiffin,1,84.0,80,Swiggy,UPI,Payment,Saravana Bhavan Corner,Chennai,0.0
2026-04-25,Rava Dosa,Dosa,1,115.5,110,Swiggy,UPI,Payment,Saravana Bhavan Corner,Chennai,0.0
2026-04-25,Idli (4pc),Tiffin,3,189.0,60,Register,Cash,Payment,Saravana Bhavan Corner,Chennai,0.0
2026-04-25,Curd Rice,Rice,2,189.0,90,Swiggy,UPI,Payment,Saravana Bhavan Corner,Chennai,0.0
2026-04-26,Onion Uttapam,Dosa,1,105.0,100,Register,Card,Payment,Saravana Bhavan Corner,Chennai,0.0
2026-04-26,Idli (4pc),Tiffin,2,126.0,60,Register,Card,Payment,Saravana Bhavan Corner,Chennai,0.0
2026-04-26,Idli Vada Combo,Tiffin,1,94.5,90,Register,Card,Payment,Saravana Bhavan Corner,Chennai,0.0
2026-04-26,Sambar Rice,Rice,1,126.0,120,Swiggy,Card,Payment,Saravana Bhavan Corner,Chennai,0.0
2026-04-26,Curd Rice,Rice,1,94.5,90,Swiggy,Card,Payment,Saravana Bhavan Corner,Chennai,0.0
2026-04-26,Vada (2pc),Tiffin,1,52.5,50,Register,UPI,Payment,Saravana Bhavan Corner,Chennai,0.0
2026-04-26,Masala Dosa,Dosa,3,283.5,90,Register,Card,Payment,Saravana Bhavan Corner,Chennai,0.0
2026-04-26,Medu Vada Chaat,Snacks,2,147.0,70,Register,UPI,Payment,Saravana Bhavan Corner,Chennai,0.0
2026-04-26,Mysore Bonda,Snacks,3,189.0,60,Register,UPI,Payment,Saravana Bhavan Corner,Chennai,0.0
2026-04-26,Pongal,Tiffin,1,84.0,80,Register,Card,Payment,Saravana Bhavan Corner,Chennai,0.0
2026-04-26,Mysore Bonda,Snacks,2,126.0,60,Register,Cash,Payment,Saravana Bhavan Corner,Chennai,0.0
2026-04-26,Buttermilk,Beverages,2,63.0,30,Register,Card,Payment,Saravana Bhavan Corner,Chennai,0.0
2026-04-26,Vada (2pc),Tiffin,2,105.0,50,Register,Card,Payment,Saravana Bhavan Corner,Chennai,0.0
2026-04-26,Lemon Rice,Rice,1,105.0,100,Register,Card,Payment,Saravana Bhavan Corner,Chennai,0.0
2026-04-26,Filter Coffee,Beverages,3,126.0,40,Register,Card,Payment,Saravana Bhavan Corner,Chennai,0.0
2026-04-26,Plain Dosa,Dosa,2,147.0,70,Register,Card,Payment,Saravana Bhavan Corner,Chennai,0.0
2026-04-26,Masala Dosa,Dosa,2,189.0,90,Swiggy,UPI,Payment,Saravana Bhavan Corner,Chennai,0.0
2026-04-26,Pongal,Tiffin,1,84.0,80,Swiggy,UPI,Payment,Saravana Bhavan Corner,Chennai,0.0
2026-04-26,Plain Dosa,Dosa,2,147.0,70,Swiggy,Card,Payment,Saravana Bhavan Corner,Chennai,0.0
2026-04-26,Rava Dosa,Dosa,1,115.5,110,Swiggy,Card,Payment,Saravana Bhavan Corner,Chennai,0.0
2026-04-26,Masala Chai,Beverages,1,31.24,35,Register,Card,Payment,Saravana Bhavan Corner,Chennai,0.0
2026-04-26,Mini Tiffin Thali,Thali,1,141.75,150,Register,Card,Payment,Saravana Bhavan Corner,Chennai,0.0
2026-04-26,Rasgulla (2pc),Desserts,1,73.5,70,Register,Card,Payment,Saravana Bhavan Corner,Chennai,0.0
2026-04-26,Vada (2pc),Tiffin,2,94.5,50,Swiggy,UPI,Payment,Saravana Bhavan Corner,Chennai,0.0
2026-04-26,Filter Coffee,Beverages,1,42.0,40,Register,Cash,Payment,Saravana Bhavan Corner,Chennai,0.0
2026-04-26,Idli Vada Combo,Tiffin,2,189.0,90,Swiggy,UPI,Payment,Saravana Bhavan Corner,Chennai,0.0
2026-04-26,Pongal,Tiffin,2,151.2,80,Register,Card,Payment,Saravana Bhavan Corner,Chennai,0.0
2026-04-26,Onion Uttapam,Dosa,1,105.0,100,Swiggy,UPI,Payment,Saravana Bhavan Corner,Chennai,0.0
2026-04-26,Mini Tiffin Thali,Thali,1,157.5,150,Swiggy,UPI,Payment,Saravana Bhavan Corner,Chennai,0.0
2026-04-26,Idli Vada Combo,Tiffin,2,189.0,90,Swiggy,UPI,Payment,Saravana Bhavan Corner,Chennai,0.0
2026-04-26,Mini Tiffin Thali,Thali,2,315.0,150,Register,Cash,Payment,Saravana Bhavan Corner,Chennai,0.0
2026-04-26,Bisi Bele Bath,Rice,1,136.5,130,Register,Cash,Payment,Saravana Bhavan Corner,Chennai,0.0
2026-04-26,Rasgulla (2pc),Desserts,2,147.0,70,Register,Card,Payment,Saravana Bhavan Corner,Chennai,0.0
2026-04-26,Sambar Rice,Rice,1,126.0,120,Register,Card,Payment,Saravana Bhavan Corner,Chennai,0.0
2026-04-26,Vada (2pc),Tiffin,2,105.0,50,Register,UPI,Payment,Saravana Bhavan Corner,Chennai,0.0
2026-04-26,Masala Dosa,Dosa,1,94.5,90,Register,UPI,Payment,Saravana Bhavan Corner,Chennai,0.0
2026-04-26,Onion Uttapam,Dosa,2,210.0,100,Register,Cash,Payment,Saravana Bhavan Corner,Chennai,0.0
2026-04-26,Plain Dosa,Dosa,3,198.45,70,Swiggy,UPI,Payment,Saravana Bhavan Corner,Chennai,0.0
2026-04-26,Veg Thali,Thali,2,321.3,180,Swiggy,UPI,Payment,Saravana Bhavan Corner,Chennai,0.0
2026-04-26,Masala Chai,Beverages,1,36.75,35,Swiggy,Card,Payment,Saravana Bhavan Corner,Chennai,0.0
2026-04-26,Idli (4pc),Tiffin,1,56.7,60,Swiggy,Card,Payment,Saravana Bhavan Corner,Chennai,0.0
2026-04-26,Plain Dosa,Dosa,1,73.5,70,Swiggy,Card,Payment,Saravana Bhavan Corner,Chennai,0.0
2026-04-26,Mini Tiffin Thali,Thali,1,157.5,150,Swiggy,UPI,Payment,Saravana Bhavan Corner,Chennai,0.0
2026-04-26,Medu Vada Chaat,Snacks,2,132.3,70,Register,Cash,Payment,Saravana Bhavan Corner,Chennai,0.0
2026-04-26,Filter Coffee,Beverages,2,84.0,40,Register,Cash,Payment,Saravana Bhavan Corner,Chennai,0.0
2026-04-26,Veg Thali,Thali,1,189.0,180,Register,Cash,Payment,Saravana Bhavan Corner,Chennai,0.0
2026-04-26,Vada (2pc),Tiffin,2,105.0,50,Register,Card,Payment,Saravana Bhavan Corner,Chennai,0.0
2026-04-26,Rava Dosa,Dosa,1,115.5,110,Swiggy,Card,Payment,Saravana Bhavan Corner,Chennai,0.0
2026-04-26,Vada (2pc),Tiffin,1,52.5,50,Swiggy,Card,Payment,Saravana Bhavan Corner,Chennai,0.0
2026-04-26,Lemon Rice,Rice,1,105.0,100,Swiggy,Card,Payment,Saravana Bhavan Corner,Chennai,0.0
2026-04-26,Filter Coffee,Beverages,1,42.0,40,Swiggy,Card,Payment,Saravana Bhavan Corner,Chennai,0.0
2026-04-26,Sambar Rice,Rice,3,378.0,120,Swiggy,Card,Payment,Saravana Bhavan Corner,Chennai,0.0
2026-04-26,Sambar Rice,Rice,1,126.0,120,Swiggy,Card,Payment,Saravana Bhavan Corner,Chennai,0.0
2026-04-26,Masala Dosa,Dosa,1,94.5,90,Swiggy,Card,Payment,Saravana Bhavan Corner,Chennai,0.0
2026-04-26,Masala Dosa,Dosa,2,189.0,90,Register,Cash,Payment,Saravana Bhavan Corner,Chennai,0.0
2026-04-26,Pongal,Tiffin,1,71.4,80,Register,Cash,Payment,Saravana Bhavan Corner,Chennai,0.0
2026-04-26,Filter Coffee,Beverages,2,84.0,40,Register,Cash,Payment,Saravana Bhavan Corner,Chennai,0.0
2026-04-26,Curd Rice,Rice,1,94.5,90,Swiggy,UPI,Payment,Saravana Bhavan Corner,Chennai,0.0
2026-04-26,Veg Thali,Thali,3,481.95,180,Swiggy,UPI,Payment,Saravana Bhavan Corner,Chennai,0.0
2026-04-26,Curd Rice,Rice,1,94.5,90,Register,UPI,Payment,Saravana Bhavan Corner,Chennai,0.0
2026-04-26,Lemon Rice,Rice,1,105.0,100,Swiggy,Card,Payment,Saravana Bhavan Corner,Chennai,0.0
2026-04-26,Masala Chai,Beverages,1,36.75,35,Swiggy,Card,Payment,Saravana Bhavan Corner,Chennai,0.0
2026-04-26,Vada (2pc),Tiffin,2,105.0,50,Register,UPI,Payment,Saravana Bhavan Corner,Chennai,0.0
2026-04-26,Mini Tiffin Thali,Thali,3,425.25,150,Register,UPI,Payment,Saravana Bhavan Corner,Chennai,0.0
2026-04-26,Plain Dosa,Dosa,1,73.5,70,Register,UPI,Payment,Saravana Bhavan Corner,Chennai,0.0
2026-04-26,Masala Chai,Beverages,1,36.75,35,Register,Card,Payment,Saravana Bhavan Corner,Chennai,0.0
2026-04-26,Buttermilk,Beverages,1,31.5,30,Register,Card,Payment,Saravana Bhavan Corner,Chennai,0.0
2026-04-26,Lemon Rice,Rice,1,105.0,100,Register,Card,Payment,Saravana Bhavan Corner,Chennai,0.0
2026-04-26,Plain Dosa,Dosa,1,66.15,70,Register,Card,Payment,Saravana Bhavan Corner,Chennai,0.0
2026-04-26,Masala Dosa,Dosa,1,94.5,90,Register,Card,Payment,Saravana Bhavan Corner,Chennai,0.0
2026-04-26,Masala Chai,Beverages,2,73.5,35,Swiggy,UPI,Payment,Saravana Bhavan Corner,Chennai,0.0
2026-04-26,Sambar Rice,Rice,1,126.0,120,Swiggy,UPI,Payment,Saravana Bhavan Corner,Chennai,0.0
2026-04-26,Buttermilk,Beverages,2,53.55,30,Swiggy,UPI,Payment,Saravana Bhavan Corner,Chennai,0.0
2026-04-26,Idli Vada Combo,Tiffin,1,94.5,90,Swiggy,UPI,Payment,Saravana Bhavan Corner,Chennai,0.0
2026-04-26,Rasgulla (2pc),Desserts,1,73.5,70,Swiggy,UPI,Payment,Saravana Bhavan Corner,Chennai,0.0
2026-04-26,Onion Uttapam,Dosa,3,315.0,100,Swiggy,Card,Payment,Saravana Bhavan Corner,Chennai,0.0
2026-04-26,Idli Vada Combo,Tiffin,3,255.15,90,Swiggy,Card,Payment,Saravana Bhavan Corner,Chennai,0.0
2026-04-26,Idli (4pc),Tiffin,2,126.0,60,Swiggy,UPI,Payment,Saravana Bhavan Corner,Chennai,0.0
2026-04-26,Rava Dosa,Dosa,1,115.5,110,Swiggy,UPI,Payment,Saravana Bhavan Corner,Chennai,0.0
2026-04-26,Lemon Rice,Rice,3,315.0,100,Swiggy,UPI,Payment,Saravana Bhavan Corner,Chennai,0.0
2026-04-26,Idli Vada Combo,Tiffin,1,94.5,90,Swiggy,UPI,Payment,Saravana Bhavan Corner,Chennai,0.0
2026-04-26,Onion Uttapam,Dosa,2,210.0,100,Register,UPI,Payment,Saravana Bhavan Corner,Chennai,0.0
2026-04-26,Plain Dosa,Dosa,2,147.0,70,Register,UPI,Payment,Saravana Bhavan Corner,Chennai,0.0
2026-04-26,Mini Tiffin Thali,Thali,2,315.0,150,Register,UPI,Payment,Saravana Bhavan Corner,Chennai,0.0
2026-04-26,Idli (4pc),Tiffin,1,63.0,60,Swiggy,UPI,Payment,Saravana Bhavan Corner,Chennai,0.0
2026-04-26,Masala Dosa,Dosa,2,189.0,90,Register,UPI,Payment,Saravana Bhavan Corner,Chennai,0.0
2026-04-26,Masala Chai,Beverages,3,99.23,35,Register,UPI,Payment,Saravana Bhavan Corner,Chennai,0.0
2026-04-26,Mini Tiffin Thali,Thali,2,315.0,150,Register,UPI,Payment,Saravana Bhavan Corner,Chennai,0.0
2026-04-26,Rasgulla (2pc),Desserts,1,73.5,70,Register,Card,Payment,Saravana Bhavan Corner,Chennai,0.0
2026-04-26,Idli (4pc),Tiffin,1,63.0,60,Register,UPI,Payment,Saravana Bhavan Corner,Chennai,0.0
2026-04-26,Idli (4pc),Tiffin,2,126.0,60,Register,UPI,Payment,Saravana Bhavan Corner,Chennai,0.0
2026-04-26,Masala Dosa,Dosa,1,94.5,90,Swiggy,Card,Payment,Saravana Bhavan Corner,Chennai,0.0
2026-04-26,Masala Chai,Beverages,1,36.75,35,Register,UPI,Payment,Saravana Bhavan Corner,Chennai,0.0
2026-04-26,Veg Thali,Thali,1,160.65,180,Register,UPI,Payment,Saravana Bhavan Corner,Chennai,0.0
2026-04-26,Filter Coffee,Beverages,1,35.7,40,Register,Cash,Payment,Saravana Bhavan Corner,Chennai,0.0
2026-04-26,Vada (2pc),Tiffin,2,105.0,50,Register,Cash,Payment,Saravana Bhavan Corner,Chennai,0.0
2026-04-26,Filter Coffee,Beverages,2,75.6,40,Swiggy,Card,Payment,Saravana Bhavan Corner,Chennai,0.0
2026-04-26,Filter Coffee,Beverages,2,84.0,40,Swiggy,Card,Payment,Saravana Bhavan Corner,Chennai,0.0
2026-04-26,Sambar Rice,Rice,1,126.0,120,Swiggy,Card,Payment,Saravana Bhavan Corner,Chennai,0.0
2026-04-26,Idli (4pc),Tiffin,1,63.0,60,Swiggy,Card,Payment,Saravana Bhavan Corner,Chennai,0.0
2026-04-26,Veg Thali,Thali,1,189.0,180,Register,UPI,Payment,Saravana Bhavan Corner,Chennai,0.0
2026-04-26,Rava Dosa,Dosa,2,231.0,110,Register,UPI,Payment,Saravana Bhavan Corner,Chennai,0.0
2026-04-26,Buttermilk,Beverages,2,63.0,30,Register,UPI,Payment,Saravana Bhavan Corner,Chennai,0.0
2026-04-26,Pongal,Tiffin,2,168.0,80,Register,Card,Payment,Saravana Bhavan Corner,Chennai,0.0
2026-04-26,Masala Dosa,Dosa,2,189.0,90,Swiggy,UPI,Payment,Saravana Bhavan Corner,Chennai,0.0
2026-04-26,Medu Vada Chaat,Snacks,2,147.0,70,Register,Card,Payment,Saravana Bhavan Corner,Chennai,0.0
2026-04-26,Sambar Rice,Rice,1,126.0,120,Register,Card,Payment,Saravana Bhavan Corner,Chennai,0.0
2026-04-26,Onion Uttapam,Dosa,2,210.0,100,Register,Card,Payment,Saravana Bhavan Corner,Chennai,0.0
2026-04-26,Veg Thali,Thali,1,189.0,180,Register,Card,Payment,Saravana Bhavan Corner,Chennai,0.0
2026-04-26,Onion Uttapam,Dosa,2,189.0,100,Register,Card,Payment,Saravana Bhavan Corner,Chennai,0.0
2026-04-26,Plain Dosa,Dosa,2,147.0,70,Register,Card,Payment,Saravana Bhavan Corner,Chennai,0.0
2026-04-26,Bisi Bele Bath,Rice,2,273.0,130,Swiggy,UPI,Payment,Saravana Bhavan Corner,Chennai,0.0
2026-04-26,Vada (2pc),Tiffin,1,52.5,50,Swiggy,UPI,Payment,Saravana Bhavan Corner,Chennai,0.0
2026-04-26,Mini Tiffin Thali,Thali,2,315.0,150,Swiggy,UPI,Payment,Saravana Bhavan Corner,Chennai,0.0
2026-04-26,Vada (2pc),Tiffin,2,89.25,50,Register,Card,Payment,Saravana Bhavan Corner,Chennai,0.0
2026-04-26,Filter Coffee,Beverages,1,42.0,40,Register,UPI,Payment,Saravana Bhavan Corner,Chennai,0.0
2026-04-27,Plain Dosa,Dosa,2,147.0,70,Register,UPI,Payment,Saravana Bhavan Corner,Chennai,0.0
2026-04-27,Curd Rice,Rice,2,189.0,90,Register,Card,Payment,Saravana Bhavan Corner,Chennai,0.0
2026-04-27,Idli Vada Combo,Tiffin,3,283.5,90,Register,Card,Payment,Saravana Bhavan Corner,Chennai,0.0
2026-04-27,Curd Rice,Rice,1,94.5,90,Register,Card,Payment,Saravana Bhavan Corner,Chennai,0.0
2026-04-27,Masala Dosa,Dosa,2,189.0,90,Register,UPI,Payment,Saravana Bhavan Corner,Chennai,0.0
2026-04-27,Vada (2pc),Tiffin,1,47.25,50,Register,Card,Payment,Saravana Bhavan Corner,Chennai,0.0
2026-04-27,Lemon Rice,Rice,1,105.0,100,Register,Card,Payment,Saravana Bhavan Corner,Chennai,0.0
2026-04-27,Veg Thali,Thali,1,189.0,180,Register,UPI,Payment,Saravana Bhavan Corner,Chennai,0.0
2026-04-27,Idli (4pc),Tiffin,2,126.0,60,Register,UPI,Payment,Saravana Bhavan Corner,Chennai,0.0
2026-04-27,Filter Coffee,Beverages,2,84.0,40,Register,Card,Payment,Saravana Bhavan Corner,Chennai,0.0
2026-04-27,Rava Dosa,Dosa,1,103.95,110,Register,UPI,Payment,Saravana Bhavan Corner,Chennai,0.0
2026-04-27,Plain Dosa,Dosa,2,147.0,70,Swiggy,Card,Payment,Saravana Bhavan Corner,Chennai,0.0
2026-04-27,Mini Tiffin Thali,Thali,1,157.5,150,Register,Cash,Payment,Saravana Bhavan Corner,Chennai,0.0
2026-04-27,Mysore Bonda,Snacks,2,126.0,60,Register,Card,Payment,Saravana Bhavan Corner,Chennai,0.0
2026-04-27,Masala Dosa,Dosa,1,94.5,90,Register,Card,Payment,Saravana Bhavan Corner,Chennai,0.0
2026-04-27,Filter Coffee,Beverages,2,84.0,40,Register,Card,Payment,Saravana Bhavan Corner,Chennai,0.0
2026-04-27,Veg Thali,Thali,1,189.0,180,Register,UPI,Payment,Saravana Bhavan Corner,Chennai,0.0
2026-04-27,Masala Dosa,Dosa,1,94.5,90,Register,UPI,Payment,Saravana Bhavan Corner,Chennai,0.0
2026-04-27,Plain Dosa,Dosa,1,73.5,70,Register,UPI,Payment,Saravana Bhavan Corner,Chennai,0.0
2026-04-27,Filter Coffee,Beverages,2,84.0,40,Register,Card,Payment,Saravana Bhavan Corner,Chennai,0.0
2026-04-27,Rava Dosa,Dosa,1,115.5,110,Register,Card,Payment,Saravana Bhavan Corner,Chennai,0.0
2026-04-27,Idli Vada Combo,Tiffin,1,94.5,90,Swiggy,Card,Payment,Saravana Bhavan Corner,Chennai,0.0
2026-04-27,Idli (4pc),Tiffin,1,53.55,60,Swiggy,Card,Payment,Saravana Bhavan Corner,Chennai,0.0
2026-04-27,Filter Coffee,Beverages,1,42.0,40,Register,UPI,Payment,Saravana Bhavan Corner,Chennai,0.0
2026-04-27,Mini Tiffin Thali,Thali,2,267.75,150,Swiggy,Card,Payment,Saravana Bhavan Corner,Chennai,0.0
2026-04-27,Sambar Rice,Rice,2,252.0,120,Swiggy,Card,Payment,Saravana Bhavan Corner,Chennai,0.0
2026-04-27,Rasgulla (2pc),Desserts,2,147.0,70,Swiggy,Card,Payment,Saravana Bhavan Corner,Chennai,0.0
2026-04-27,Lemon Rice,Rice,1,105.0,100,Register,UPI,Payment,Saravana Bhavan Corner,Chennai,0.0
2026-04-27,Rava Dosa,Dosa,1,115.5,110,Swiggy,UPI,Payment,Saravana Bhavan Corner,Chennai,0.0
2026-04-27,Lemon Rice,Rice,1,105.0,100,Swiggy,UPI,Payment,Saravana Bhavan Corner,Chennai,0.0
2026-04-27,Mysore Bonda,Snacks,1,63.0,60,Swiggy,UPI,Payment,Saravana Bhavan Corner,Chennai,0.0
2026-04-27,Pongal,Tiffin,2,168.0,80,Swiggy,UPI,Payment,Saravana Bhavan Corner,Chennai,0.0
2026-04-27,Idli Vada Combo,Tiffin,1,94.5,90,Register,UPI,Payment,Saravana Bhavan Corner,Chennai,0.0
2026-04-27,Filter Coffee,Beverages,1,37.8,40,Register,UPI,Payment,Saravana Bhavan Corner,Chennai,0.0
2026-04-27,Rava Dosa,Dosa,2,231.0,110,Register,UPI,Payment,Saravana Bhavan Corner,Chennai,0.0
2026-04-27,Pongal,Tiffin,2,168.0,80,Swiggy,UPI,Payment,Saravana Bhavan Corner,Chennai,0.0
2026-04-27,Curd Rice,Rice,1,94.5,90,Register,UPI,Payment,Saravana Bhavan Corner,Chennai,0.0
2026-04-27,Veg Thali,Thali,1,189.0,180,Register,UPI,Payment,Saravana Bhavan Corner,Chennai,0.0
2026-04-27,Vada (2pc),Tiffin,1,52.5,50,Swiggy,Card,Payment,Saravana Bhavan Corner,Chennai,0.0
2026-04-27,Rava Dosa,Dosa,2,231.0,110,Register,UPI,Payment,Saravana Bhavan Corner,Chennai,0.0
2026-04-27,Masala Chai,Beverages,1,36.75,35,Swiggy,Card,Payment,Saravana Bhavan Corner,Chennai,0.0
2026-04-27,Plain Dosa,Dosa,2,132.3,70,Register,Card,Payment,Saravana Bhavan Corner,Chennai,0.0
2026-04-27,Masala Dosa,Dosa,2,170.1,90,Register,Cash,Payment,Saravana Bhavan Corner,Chennai,0.0
2026-04-27,Idli Vada Combo,Tiffin,1,94.5,90,Swiggy,UPI,Payment,Saravana Bhavan Corner,Chennai,0.0
2026-04-27,Masala Chai,Beverages,1,31.24,35,Swiggy,UPI,Payment,Saravana Bhavan Corner,Chennai,0.0
2026-04-27,Veg Thali,Thali,1,189.0,180,Swiggy,Card,Payment,Saravana Bhavan Corner,Chennai,0.0
2026-04-27,Sambar Rice,Rice,1,126.0,120,Swiggy,Card,Payment,Saravana Bhavan Corner,Chennai,0.0
2026-04-27,Plain Dosa,Dosa,3,220.5,70,Register,UPI,Payment,Saravana Bhavan Corner,Chennai,0.0
2026-04-27,Sambar Rice,Rice,2,252.0,120,Register,UPI,Payment,Saravana Bhavan Corner,Chennai,0.0
2026-04-27,Sambar Rice,Rice,3,378.0,120,Register,UPI,Payment,Saravana Bhavan Corner,Chennai,0.0
2026-04-27,Idli (4pc),Tiffin,1,56.7,60,Register,Card,Payment,Saravana Bhavan Corner,Chennai,0.0
2026-04-27,Vada (2pc),Tiffin,1,52.5,50,Swiggy,Card,Payment,Saravana Bhavan Corner,Chennai,0.0
2026-04-27,Plain Dosa,Dosa,1,73.5,70,Register,UPI,Payment,Saravana Bhavan Corner,Chennai,0.0
2026-04-27,Plain Dosa,Dosa,1,73.5,70,Register,UPI,Payment,Saravana Bhavan Corner,Chennai,0.0
2026-04-27,Masala Chai,Beverages,1,36.75,35,Register,Cash,Payment,Saravana Bhavan Corner,Chennai,0.0
2026-04-27,Curd Rice,Rice,2,189.0,90,Register,UPI,Payment,Saravana Bhavan Corner,Chennai,0.0
2026-04-27,Idli (4pc),Tiffin,1,63.0,60,Register,UPI,Payment,Saravana Bhavan Corner,Chennai,0.0
2026-04-27,Filter Coffee,Beverages,1,42.0,40,Swiggy,UPI,Payment,Saravana Bhavan Corner,Chennai,0.0
2026-04-27,Mini Tiffin Thali,Thali,2,315.0,150,Swiggy,UPI,Payment,Saravana Bhavan Corner,Chennai,0.0
2026-04-27,Buttermilk,Beverages,1,31.5,30,Swiggy,UPI,Payment,Saravana Bhavan Corner,Chennai,0.0
2026-04-27,Mini Tiffin Thali,Thali,2,315.0,150,Swiggy,UPI,Payment,Saravana Bhavan Corner,Chennai,0.0
2026-04-27,Masala Chai,Beverages,1,36.75,35,Register,Cash,Payment,Saravana Bhavan Corner,Chennai,0.0
2026-04-27,Plain Dosa,Dosa,1,73.5,70,Register,Cash,Payment,Saravana Bhavan Corner,Chennai,0.0
2026-04-27,Veg Thali,Thali,1,189.0,180,Register,Card,Payment,Saravana Bhavan Corner,Chennai,0.0
2026-04-27,Medu Vada Chaat,Snacks,1,73.5,70,Register,Card,Payment,Saravana Bhavan Corner,Chennai,0.0
2026-04-27,Masala Dosa,Dosa,1,94.5,90,Register,Card,Payment,Saravana Bhavan Corner,Chennai,0.0
2026-04-27,Onion Uttapam,Dosa,1,105.0,100,Register,Cash,Payment,Saravana Bhavan Corner,Chennai,0.0
2026-04-27,Onion Uttapam,Dosa,1,105.0,100,Register,Cash,Payment,Saravana Bhavan Corner,Chennai,0.0
2026-04-27,Pongal,Tiffin,1,84.0,80,Register,Cash,Payment,Saravana Bhavan Corner,Chennai,0.0
2026-04-27,Onion Uttapam,Dosa,2,210.0,100,Swiggy,UPI,Payment,Saravana Bhavan Corner,Chennai,0.0
2026-04-27,Plain Dosa,Dosa,2,147.0,70,Swiggy,UPI,Payment,Saravana Bhavan Corner,Chennai,0.0
2026-04-27,Idli Vada Combo,Tiffin,1,94.5,90,Register,Cash,Payment,Saravana Bhavan Corner,Chennai,0.0
2026-04-27,Masala Chai,Beverages,2,73.5,35,Swiggy,Card,Payment,Saravana Bhavan Corner,Chennai,0.0
2026-04-27,Filter Coffee,Beverages,1,42.0,40,Swiggy,Card,Payment,Saravana Bhavan Corner,Chennai,0.0
2026-04-27,Mini Tiffin Thali,Thali,2,315.0,150,Swiggy,Card,Payment,Saravana Bhavan Corner,Chennai,0.0
2026-04-27,Plain Dosa,Dosa,2,147.0,70,Swiggy,Card,Payment,Saravana Bhavan Corner,Chennai,0.0
2026-04-27,Idli (4pc),Tiffin,1,63.0,60,Swiggy,Card,Payment,Saravana Bhavan Corner,Chennai,0.0
2026-04-27,Veg Thali,Thali,2,378.0,180,Register,Cash,Payment,Saravana Bhavan Corner,Chennai,0.0
2026-04-27,Bisi Bele Bath,Rice,1,136.5,130,Register,UPI,Payment,Saravana Bhavan Corner,Chennai,0.0
2026-04-27,Onion Uttapam,Dosa,1,105.0,100,Swiggy,UPI,Payment,Saravana Bhavan Corner,Chennai,0.0
2026-04-27,Idli (4pc),Tiffin,1,63.0,60,Register,Cash,Payment,Saravana Bhavan Corner,Chennai,0.0
2026-04-27,Vada (2pc),Tiffin,1,52.5,50,Swiggy,UPI,Payment,Saravana Bhavan Corner,Chennai,0.0
2026-04-27,Medu Vada Chaat,Snacks,1,73.5,70,Swiggy,UPI,Payment,Saravana Bhavan Corner,Chennai,0.0
2026-04-27,Masala Dosa,Dosa,1,94.5,90,Register,Cash,Payment,Saravana Bhavan Corner,Chennai,0.0
2026-04-27,Pongal,Tiffin,3,252.0,80,Register,Cash,Payment,Saravana Bhavan Corner,Chennai,0.0
2026-04-27,Filter Coffee,Beverages,1,42.0,40,Swiggy,Card,Payment,Saravana Bhavan Corner,Chennai,0.0
2026-04-27,Onion Uttapam,Dosa,1,105.0,100,Swiggy,Card,Payment,Saravana Bhavan Corner,Chennai,0.0
2026-04-27,Bisi Bele Bath,Rice,2,273.0,130,Swiggy,Card,Payment,Saravana Bhavan Corner,Chennai,0.0
2026-04-27,Sambar Rice,Rice,1,126.0,120,Swiggy,Card,Payment,Saravana Bhavan Corner,Chennai,0.0
2026-04-27,Masala Chai,Beverages,2,73.5,35,Swiggy,UPI,Payment,Saravana Bhavan Corner,Chennai,0.0
2026-04-27,Bulk Catering Order,Uncategorized,1,2677.5,3000,Swiggy,UPI,Payment,Saravana Bhavan Corner,Chennai,0.0
2026-04-27,Onion Uttapam,Dosa,2,210.0,100,Swiggy,UPI,Payment,Saravana Bhavan Corner,Chennai,0.0
2026-04-27,Sambar Rice,Rice,1,113.4,120,Swiggy,Card,Payment,Saravana Bhavan Corner,Chennai,0.0
2026-04-27,Masala Dosa,Dosa,1,94.5,90,Swiggy,Card,Payment,Saravana Bhavan Corner,Chennai,0.0
2026-04-27,Pongal,Tiffin,2,168.0,80,Swiggy,Card,Payment,Saravana Bhavan Corner,Chennai,0.0
2026-04-27,Onion Uttapam,Dosa,1,105.0,100,Swiggy,UPI,Payment,Saravana Bhavan Corner,Chennai,0.0
2026-04-27,Onion Uttapam,Dosa,2,210.0,100,Swiggy,UPI,Payment,Saravana Bhavan Corner,Chennai,0.0
2026-04-27,Veg Thali,Thali,1,170.1,180,Swiggy,Card,Payment,Saravana Bhavan Corner,Chennai,0.0
2026-04-27,Vada (2pc),Tiffin,1,52.5,50,Register,UPI,Payment,Saravana Bhavan Corner,Chennai,0.0
2026-04-27,Masala Dosa,Dosa,1,94.5,90,Register,UPI,Payment,Saravana Bhavan Corner,Chennai,0.0
2026-04-27,Masala Dosa,Dosa,1,94.5,90,Register,UPI,Payment,Saravana Bhavan Corner,Chennai,0.0
2026-04-27,Filter Coffee,Beverages,1,37.8,40,Swiggy,UPI,Payment,Saravana Bhavan Corner,Chennai,0.0
2026-04-27,Buttermilk,Beverages,2,63.0,30,Swiggy,UPI,Payment,Saravana Bhavan Corner,Chennai,0.0
2026-04-27,Bisi Bele Bath,Rice,1,136.5,130,Swiggy,UPI,Payment,Saravana Bhavan Corner,Chennai,0.0
2026-04-27,Lemon Rice,Rice,1,105.0,100,Register,Cash,Payment,Saravana Bhavan Corner,Chennai,0.0
2026-04-27,Buttermilk,Beverages,1,31.5,30,Register,Cash,Payment,Saravana Bhavan Corner,Chennai,0.0
2026-04-27,Curd Rice,Rice,1,94.5,90,Swiggy,UPI,Payment,Saravana Bhavan Corner,Chennai,0.0
2026-04-28,Idli Vada Combo,Tiffin,1,94.5,90,Swiggy,UPI,Payment,Saravana Bhavan Corner,Chennai,0.0
2026-04-28,Rava Dosa,Dosa,1,103.95,110,Register,Card,Payment,Saravana Bhavan Corner,Chennai,0.0
2026-04-28,Lemon Rice,Rice,2,210.0,100,Register,Card,Payment,Saravana Bhavan Corner,Chennai,0.0
2026-04-28,Plain Dosa,Dosa,1,73.5,70,Register,Card,Payment,Saravana Bhavan Corner,Chennai,0.0
2026-04-28,Lemon Rice,Rice,2,210.0,100,Register,Card,Payment,Saravana Bhavan Corner,Chennai,0.0
2026-04-28,Masala Dosa,Dosa,2,189.0,90,Swiggy,UPI,Payment,Saravana Bhavan Corner,Chennai,0.0
2026-04-28,Curd Rice,Rice,2,189.0,90,Register,Card,Payment,Saravana Bhavan Corner,Chennai,0.0
2026-04-28,Lemon Rice,Rice,3,315.0,100,Register,Card,Payment,Saravana Bhavan Corner,Chennai,0.0
2026-04-28,Mysore Bonda,Snacks,2,126.0,60,Register,Card,Payment,Saravana Bhavan Corner,Chennai,0.0
2026-04-28,Idli Vada Combo,Tiffin,3,283.5,90,Register,Card,Payment,Saravana Bhavan Corner,Chennai,0.0
2026-04-28,Rasgulla (2pc),Desserts,2,124.95,70,Swiggy,UPI,Payment,Saravana Bhavan Corner,Chennai,0.0
2026-04-28,Mini Tiffin Thali,Thali,2,315.0,150,Register,UPI,Payment,Saravana Bhavan Corner,Chennai,0.0
2026-04-28,Masala Chai,Beverages,1,36.75,35,Register,UPI,Payment,Saravana Bhavan Corner,Chennai,0.0
2026-04-28,Mini Tiffin Thali,Thali,2,315.0,150,Swiggy,UPI,Payment,Saravana Bhavan Corner,Chennai,0.0
2026-04-28,Bisi Bele Bath,Rice,1,122.85,130,Register,Card,Payment,Saravana Bhavan Corner,Chennai,0.0
2026-04-28,Mysore Bonda,Snacks,1,63.0,60,Register,UPI,Payment,Saravana Bhavan Corner,Chennai,0.0
2026-04-28,Masala Chai,Beverages,1,36.75,35,Register,UPI,Payment,Saravana Bhavan Corner,Chennai,0.0
2026-04-28,Filter Coffee,Beverages,2,84.0,40,Register,Cash,Payment,Saravana Bhavan Corner,Chennai,0.0
2026-04-28,Idli Vada Combo,Tiffin,1,85.05,90,Swiggy,Card,Payment,Saravana Bhavan Corner,Chennai,0.0
2026-04-28,Masala Dosa,Dosa,2,189.0,90,Register,Card,Payment,Saravana Bhavan Corner,Chennai,0.0
2026-04-28,Mysore Bonda,Snacks,1,63.0,60,Register,Card,Payment,Saravana Bhavan Corner,Chennai,0.0
2026-04-28,Lemon Rice,Rice,2,210.0,100,Register,Card,Payment,Saravana Bhavan Corner,Chennai,0.0
2026-04-28,Sambar Rice,Rice,2,252.0,120,Swiggy,Card,Payment,Saravana Bhavan Corner,Chennai,0.0
2026-04-28,Filter Coffee,Beverages,1,42.0,40,Swiggy,Card,Payment,Saravana Bhavan Corner,Chennai,0.0
2026-04-28,Curd Rice,Rice,1,94.5,90,Swiggy,Card,Payment,Saravana Bhavan Corner,Chennai,0.0
2026-04-28,Idli Vada Combo,Tiffin,2,189.0,90,Swiggy,Card,Payment,Saravana Bhavan Corner,Chennai,0.0
2026-04-28,Masala Dosa,Dosa,1,94.5,90,Register,UPI,Payment,Saravana Bhavan Corner,Chennai,0.0
2026-04-28,Vada (2pc),Tiffin,3,157.5,50,Swiggy,Card,Payment,Saravana Bhavan Corner,Chennai,0.0
2026-04-28,Masala Chai,Beverages,2,73.5,35,Swiggy,Card,Payment,Saravana Bhavan Corner,Chennai,0.0
2026-04-28,Rava Dosa,Dosa,2,196.35,110,Register,UPI,Payment,Saravana Bhavan Corner,Chennai,0.0
2026-04-28,Rasgulla (2pc),Desserts,1,73.5,70,Register,Card,Payment,Saravana Bhavan Corner,Chennai,0.0
2026-04-28,Filter Coffee,Beverages,1,42.0,40,Register,UPI,Payment,Saravana Bhavan Corner,Chennai,0.0
2026-04-28,Plain Dosa,Dosa,2,147.0,70,Register,Card,Payment,Saravana Bhavan Corner,Chennai,0.0
2026-04-28,Idli (4pc),Tiffin,1,63.0,60,Register,Card,Payment,Saravana Bhavan Corner,Chennai,0.0
2026-04-28,Veg Thali,Thali,2,378.0,180,Register,Card,Payment,Saravana Bhavan Corner,Chennai,0.0
2026-04-28,Veg Thali,Thali,1,189.0,180,Register,Cash,Payment,Saravana Bhavan Corner,Chennai,0.0
2026-04-28,Pongal,Tiffin,2,168.0,80,Register,Cash,Payment,Saravana Bhavan Corner,Chennai,0.0
2026-04-28,Idli (4pc),Tiffin,1,63.0,60,Swiggy,Card,Payment,Saravana Bhavan Corner,Chennai,0.0
2026-04-28,Medu Vada Chaat,Snacks,1,62.48,70,Swiggy,Card,Payment,Saravana Bhavan Corner,Chennai,0.0
2026-04-28,Plain Dosa,Dosa,3,220.5,70,Swiggy,Card,Payment,Saravana Bhavan Corner,Chennai,0.0
2026-04-28,Mini Tiffin Thali,Thali,1,157.5,150,Swiggy,Card,Payment,Saravana Bhavan Corner,Chennai,0.0
2026-04-28,Pongal,Tiffin,2,168.0,80,Register,Card,Payment,Saravana Bhavan Corner,Chennai,0.0
2026-04-28,Veg Thali,Thali,1,160.65,180,Register,Card,Payment,Saravana Bhavan Corner,Chennai,0.0
2026-04-28,Vada (2pc),Tiffin,2,105.0,50,Register,UPI,Payment,Saravana Bhavan Corner,Chennai,0.0
2026-04-28,Vada (2pc),Tiffin,1,52.5,50,Register,UPI,Payment,Saravana Bhavan Corner,Chennai,0.0
2026-04-28,Filter Coffee,Beverages,1,42.0,40,Register,Card,Payment,Saravana Bhavan Corner,Chennai,0.0
2026-04-28,Idli Vada Combo,Tiffin,1,94.5,90,Register,UPI,Payment,Saravana Bhavan Corner,Chennai,0.0
2026-04-28,Filter Coffee,Beverages,1,42.0,40,Register,UPI,Payment,Saravana Bhavan Corner,Chennai,0.0
2026-04-28,Filter Coffee,Beverages,2,84.0,40,Register,UPI,Payment,Saravana Bhavan Corner,Chennai,0.0
2026-04-28,Rava Dosa,Dosa,2,231.0,110,Register,Card,Payment,Saravana Bhavan Corner,Chennai,0.0
2026-04-28,Filter Coffee,Beverages,2,84.0,40,Register,Card,Payment,Saravana Bhavan Corner,Chennai,0.0
2026-04-28,Masala Dosa,Dosa,1,94.5,90,Register,Card,Payment,Saravana Bhavan Corner,Chennai,0.0
2026-04-28,Curd Rice,Rice,1,94.5,90,Register,Cash,Payment,Saravana Bhavan Corner,Chennai,0.0
2026-04-28,Bisi Bele Bath,Rice,1,136.5,130,Swiggy,UPI,Payment,Saravana Bhavan Corner,Chennai,0.0
2026-04-28,Mini Tiffin Thali,Thali,3,472.5,150,Swiggy,Card,Payment,Saravana Bhavan Corner,Chennai,0.0
2026-04-28,Idli Vada Combo,Tiffin,1,94.5,90,Swiggy,Card,Payment,Saravana Bhavan Corner,Chennai,0.0
2026-04-28,Rasgulla (2pc),Desserts,2,147.0,70,Swiggy,Card,Payment,Saravana Bhavan Corner,Chennai,0.0
2026-04-28,Pongal,Tiffin,1,84.0,80,Register,Cash,Payment,Saravana Bhavan Corner,Chennai,0.0
2026-04-28,Masala Dosa,Dosa,1,94.5,90,Register,Cash,Payment,Saravana Bhavan Corner,Chennai,0.0
2026-04-28,Veg Thali,Thali,1,189.0,180,Register,Card,Payment,Saravana Bhavan Corner,Chennai,0.0
2026-04-28,Veg Thali,Thali,1,160.65,180,Register,Cash,Payment,Saravana Bhavan Corner,Chennai,0.0
2026-04-28,Masala Chai,Beverages,2,73.5,35,Register,Card,Payment,Saravana Bhavan Corner,Chennai,0.0
2026-04-28,Sambar Rice,Rice,1,126.0,120,Register,Card,Payment,Saravana Bhavan Corner,Chennai,0.0
2026-04-28,Mini Tiffin Thali,Thali,1,157.5,150,Register,Cash,Payment,Saravana Bhavan Corner,Chennai,0.0
2026-04-29,Rasgulla (2pc),Desserts,1,73.5,70,Register,Card,Payment,Saravana Bhavan Corner,Chennai,0.0
2026-04-29,Filter Coffee,Beverages,2,84.0,40,Swiggy,Card,Payment,Saravana Bhavan Corner,Chennai,0.0
2026-04-29,Masala Chai,Beverages,1,36.75,35,Swiggy,Card,Payment,Saravana Bhavan Corner,Chennai,0.0
2026-04-29,Curd Rice,Rice,1,94.5,90,Swiggy,Card,Payment,Saravana Bhavan Corner,Chennai,0.0
2026-04-29,Onion Uttapam,Dosa,1,105.0,100,Register,UPI,Payment,Saravana Bhavan Corner,Chennai,0.0
2026-04-29,Medu Vada Chaat,Snacks,1,73.5,70,Register,UPI,Payment,Saravana Bhavan Corner,Chennai,0.0
2026-04-29,Rasgulla (2pc),Desserts,1,73.5,70,Register,UPI,Payment,Saravana Bhavan Corner,Chennai,0.0
2026-04-29,Masala Dosa,Dosa,3,283.5,90,Swiggy,Card,Payment,Saravana Bhavan Corner,Chennai,0.0
2026-04-29,Masala Dosa,Dosa,2,189.0,90,Register,Cash,Payment,Saravana Bhavan Corner,Chennai,0.0
2026-04-29,Sambar Rice,Rice,2,226.8,120,Register,Card,Payment,Saravana Bhavan Corner,Chennai,0.0
2026-04-29,Mini Tiffin Thali,Thali,3,472.5,150,Register,Card,Payment,Saravana Bhavan Corner,Chennai,0.0
2026-04-29,Onion Uttapam,Dosa,2,210.0,100,Register,Card,Payment,Saravana Bhavan Corner,Chennai,0.0
2026-04-29,Masala Dosa,Dosa,1,94.5,90,Register,Cash,Payment,Saravana Bhavan Corner,Chennai,0.0
2026-04-29,Curd Rice,Rice,2,170.1,90,Register,Cash,Payment,Saravana Bhavan Corner,Chennai,0.0
2026-04-29,Filter Coffee,Beverages,2,84.0,40,Register,Cash,Payment,Saravana Bhavan Corner,Chennai,0.0
2026-04-29,Idli Vada Combo,Tiffin,1,94.5,90,Register,Card,Payment,Saravana Bhavan Corner,Chennai,0.0
2026-04-29,Lemon Rice,Rice,2,210.0,100,Register,UPI,Payment,Saravana Bhavan Corner,Chennai,0.0
2026-04-29,Sambar Rice,Rice,2,252.0,120,Register,UPI,Payment,Saravana Bhavan Corner,Chennai,0.0
2026-04-29,Veg Thali,Thali,1,189.0,180,Register,Card,Payment,Saravana Bhavan Corner,Chennai,0.0
2026-04-29,Rasgulla (2pc),Desserts,1,73.5,70,Register,UPI,Payment,Saravana Bhavan Corner,Chennai,0.0
2026-04-29,Lemon Rice,Rice,2,210.0,100,Register,UPI,Payment,Saravana Bhavan Corner,Chennai,0.0
2026-04-29,Masala Dosa,Dosa,2,189.0,90,Swiggy,UPI,Payment,Saravana Bhavan Corner,Chennai,0.0
2026-04-29,Masala Chai,Beverages,1,36.75,35,Swiggy,UPI,Payment,Saravana Bhavan Corner,Chennai,0.0
2026-04-29,Buttermilk,Beverages,2,63.0,30,Swiggy,UPI,Payment,Saravana Bhavan Corner,Chennai,0.0
2026-04-29,Curd Rice,Rice,2,189.0,90,Register,UPI,Payment,Saravana Bhavan Corner,Chennai,0.0
2026-04-29,Filter Coffee,Beverages,2,84.0,40,Swiggy,Card,Payment,Saravana Bhavan Corner,Chennai,0.0
2026-04-29,Vada (2pc),Tiffin,2,105.0,50,Swiggy,Card,Payment,Saravana Bhavan Corner,Chennai,0.0
2026-04-29,Pongal,Tiffin,1,84.0,80,Register,Card,Payment,Saravana Bhavan Corner,Chennai,0.0
2026-04-29,Masala Chai,Beverages,2,73.5,35,Register,Card,Payment,Saravana Bhavan Corner,Chennai,0.0
2026-04-29,Pongal,Tiffin,1,84.0,80,Register,Card,Payment,Saravana Bhavan Corner,Chennai,0.0
2026-04-29,Masala Chai,Beverages,2,73.5,35,Register,Cash,Payment,Saravana Bhavan Corner,Chennai,0.0
2026-04-29,Vada (2pc),Tiffin,2,105.0,50,Register,UPI,Payment,Saravana Bhavan Corner,Chennai,0.0
2026-04-29,Vada (2pc),Tiffin,2,105.0,50,Register,UPI,Payment,Saravana Bhavan Corner,Chennai,0.0
2026-04-29,Sambar Rice,Rice,1,113.4,120,Swiggy,UPI,Payment,Saravana Bhavan Corner,Chennai,0.0
2026-04-29,Onion Uttapam,Dosa,2,210.0,100,Register,UPI,Payment,Saravana Bhavan Corner,Chennai,0.0
2026-04-29,Veg Thali,Thali,1,189.0,180,Register,UPI,Payment,Saravana Bhavan Corner,Chennai,0.0
2026-04-29,Idli Vada Combo,Tiffin,1,94.5,90,Register,UPI,Payment,Saravana Bhavan Corner,Chennai,0.0
2026-04-29,Rava Dosa,Dosa,1,115.5,110,Register,UPI,Payment,Saravana Bhavan Corner,Chennai,0.0
2026-04-29,Masala Dosa,Dosa,2,189.0,90,Register,Card,Payment,Saravana Bhavan Corner,Chennai,0.0
2026-04-29,Rava Dosa,Dosa,1,115.5,110,Register,Card,Payment,Saravana Bhavan Corner,Chennai,0.0
2026-04-29,Filter Coffee,Beverages,2,84.0,40,Swiggy,UPI,Payment,Saravana Bhavan Corner,Chennai,0.0
2026-04-29,Rasgulla (2pc),Desserts,1,73.5,70,Register,Card,Payment,Saravana Bhavan Corner,Chennai,0.0
2026-04-29,Bisi Bele Bath,Rice,1,136.5,130,Register,UPI,Payment,Saravana Bhavan Corner,Chennai,0.0
2026-04-29,Idli Vada Combo,Tiffin,1,94.5,90,Register,UPI,Payment,Saravana Bhavan Corner,Chennai,0.0
2026-04-29,Filter Coffee,Beverages,2,75.6,40,Register,UPI,Payment,Saravana Bhavan Corner,Chennai,0.0
2026-04-29,Curd Rice,Rice,1,94.5,90,Register,Card,Payment,Saravana Bhavan Corner,Chennai,0.0
2026-04-29,Vada (2pc),Tiffin,1,52.5,50,Swiggy,Card,Payment,Saravana Bhavan Corner,Chennai,0.0
2026-04-29,Rava Dosa,Dosa,1,115.5,110,Swiggy,Card,Payment,Saravana Bhavan Corner,Chennai,0.0
2026-04-29,Idli (4pc),Tiffin,1,63.0,60,Register,Cash,Payment,Saravana Bhavan Corner,Chennai,0.0
2026-04-29,Vada (2pc),Tiffin,1,52.5,50,Swiggy,Card,Payment,Saravana Bhavan Corner,Chennai,0.0
2026-04-29,Mysore Bonda,Snacks,1,63.0,60,Swiggy,UPI,Payment,Saravana Bhavan Corner,Chennai,0.0
2026-04-29,Idli (4pc),Tiffin,1,63.0,60,Swiggy,Card,Payment,Saravana Bhavan Corner,Chennai,0.0
2026-04-29,Medu Vada Chaat,Snacks,1,73.5,70,Swiggy,UPI,Payment,Saravana Bhavan Corner,Chennai,0.0
2026-04-29,Filter Coffee,Beverages,2,84.0,40,Register,UPI,Payment,Saravana Bhavan Corner,Chennai,0.0
2026-04-29,Lemon Rice,Rice,1,105.0,100,Register,UPI,Payment,Saravana Bhavan Corner,Chennai,0.0
2026-04-29,Masala Dosa,Dosa,3,283.5,90,Register,Card,Payment,Saravana Bhavan Corner,Chennai,0.0
2026-04-29,Sambar Rice,Rice,1,126.0,120,Register,Card,Payment,Saravana Bhavan Corner,Chennai,0.0
2026-04-29,Onion Uttapam,Dosa,1,105.0,100,Register,UPI,Payment,Saravana Bhavan Corner,Chennai,0.0
2026-04-29,Sambar Rice,Rice,2,252.0,120,Swiggy,Card,Payment,Saravana Bhavan Corner,Chennai,0.0
2026-04-29,Masala Chai,Beverages,2,73.5,35,Swiggy,Card,Payment,Saravana Bhavan Corner,Chennai,0.0
2026-04-29,Veg Thali,Thali,1,189.0,180,Register,Cash,Payment,Saravana Bhavan Corner,Chennai,0.0
2026-04-29,Sambar Rice,Rice,1,126.0,120,Register,Cash,Payment,Saravana Bhavan Corner,Chennai,0.0
2026-04-29,Sambar Rice,Rice,1,113.4,120,Swiggy,Card,Payment,Saravana Bhavan Corner,Chennai,0.0
2026-04-29,Vada (2pc),Tiffin,2,105.0,50,Swiggy,Card,Payment,Saravana Bhavan Corner,Chennai,0.0
2026-04-30,Sambar Rice,Rice,2,252.0,120,Register,Card,Payment,Saravana Bhavan Corner,Chennai,0.0
2026-04-30,Mini Tiffin Thali,Thali,2,315.0,150,Register,Card,Payment,Saravana Bhavan Corner,Chennai,0.0
2026-04-30,Plain Dosa,Dosa,3,220.5,70,Register,Card,Payment,Saravana Bhavan Corner,Chennai,0.0
2026-04-30,Pongal,Tiffin,2,168.0,80,Register,Card,Payment,Saravana Bhavan Corner,Chennai,0.0
2026-04-30,Idli (4pc),Tiffin,2,126.0,60,Register,Card,Payment,Saravana Bhavan Corner,Chennai,0.0
2026-04-30,Idli (4pc),Tiffin,2,113.4,60,Register,Card,Payment,Saravana Bhavan Corner,Chennai,0.0
2026-04-30,Masala Chai,Beverages,3,110.25,35,Register,Card,Payment,Saravana Bhavan Corner,Chennai,0.0
2026-04-30,Plain Dosa,Dosa,2,147.0,70,Register,Card,Payment,Saravana Bhavan Corner,Chennai,0.0
2026-04-30,Rasgulla (2pc),Desserts,1,73.5,70,Register,Card,Payment,Saravana Bhavan Corner,Chennai,0.0
2026-04-30,Onion Uttapam,Dosa,1,105.0,100,Register,Card,Payment,Saravana Bhavan Corner,Chennai,0.0
2026-04-30,Idli Vada Combo,Tiffin,2,160.65,90,Swiggy,Card,Payment,Saravana Bhavan Corner,Chennai,0.0
2026-04-30,Vada (2pc),Tiffin,1,52.5,50,Swiggy,Card,Payment,Saravana Bhavan Corner,Chennai,0.0
2026-04-30,Rava Dosa,Dosa,3,346.5,110,Swiggy,UPI,Payment,Saravana Bhavan Corner,Chennai,0.0
2026-04-30,Idli Vada Combo,Tiffin,2,189.0,90,Register,Card,Payment,Saravana Bhavan Corner,Chennai,0.0
2026-04-30,Mysore Bonda,Snacks,2,126.0,60,Register,Card,Payment,Saravana Bhavan Corner,Chennai,0.0
2026-04-30,Vada (2pc),Tiffin,2,105.0,50,Register,Card,Payment,Saravana Bhavan Corner,Chennai,0.0
2026-04-30,Veg Thali,Thali,1,189.0,180,Register,Card,Payment,Saravana Bhavan Corner,Chennai,0.0
2026-04-30,Onion Uttapam,Dosa,2,210.0,100,Swiggy,Card,Payment,Saravana Bhavan Corner,Chennai,0.0
2026-04-30,Masala Dosa,Dosa,1,94.5,90,Register,Card,Payment,Saravana Bhavan Corner,Chennai,0.0
2026-04-30,Rasgulla (2pc),Desserts,1,73.5,70,Swiggy,UPI,Payment,Saravana Bhavan Corner,Chennai,0.0
2026-04-30,Mini Tiffin Thali,Thali,2,315.0,150,Register,UPI,Payment,Saravana Bhavan Corner,Chennai,0.0
2026-04-30,Veg Thali,Thali,1,189.0,180,Swiggy,Card,Payment,Saravana Bhavan Corner,Chennai,0.0
2026-04-30,Idli (4pc),Tiffin,1,53.55,60,Register,Card,Payment,Saravana Bhavan Corner,Chennai,0.0
2026-04-30,Veg Thali,Thali,1,189.0,180,Swiggy,Card,Payment,Saravana Bhavan Corner,Chennai,0.0
2026-04-30,Filter Coffee,Beverages,1,35.7,40,Register,Card,Payment,Saravana Bhavan Corner,Chennai,0.0
2026-04-30,Filter Coffee,Beverages,3,126.0,40,Register,Card,Payment,Saravana Bhavan Corner,Chennai,0.0
2026-04-30,Onion Uttapam,Dosa,2,210.0,100,Register,Card,Payment,Saravana Bhavan Corner,Chennai,0.0
2026-04-30,Mysore Bonda,Snacks,1,63.0,60,Register,Card,Payment,Saravana Bhavan Corner,Chennai,0.0
2026-04-30,Filter Coffee,Beverages,1,37.8,40,Swiggy,UPI,Payment,Saravana Bhavan Corner,Chennai,0.0
2026-04-30,Plain Dosa,Dosa,1,73.5,70,Register,UPI,Payment,Saravana Bhavan Corner,Chennai,0.0
2026-04-30,Medu Vada Chaat,Snacks,1,73.5,70,Register,UPI,Payment,Saravana Bhavan Corner,Chennai,0.0
2026-04-30,Rava Dosa,Dosa,2,231.0,110,Register,Cash,Payment,Saravana Bhavan Corner,Chennai,0.0
2026-04-30,Plain Dosa,Dosa,1,73.5,70,Register,Card,Payment,Saravana Bhavan Corner,Chennai,0.0
2026-04-30,Mini Tiffin Thali,Thali,1,157.5,150,Register,Card,Payment,Saravana Bhavan Corner,Chennai,0.0
2026-04-30,Masala Chai,Beverages,2,73.5,35,Register,Card,Payment,Saravana Bhavan Corner,Chennai,0.0
2026-04-30,Medu Vada Chaat,Snacks,2,147.0,70,Swiggy,UPI,Payment,Saravana Bhavan Corner,Chennai,0.0
2026-04-30,Plain Dosa,Dosa,2,147.0,70,Register,Card,Payment,Saravana Bhavan Corner,Chennai,0.0
2026-04-30,Medu Vada Chaat,Snacks,1,73.5,70,Swiggy,Card,Payment,Saravana Bhavan Corner,Chennai,0.0
2026-04-30,Mini Tiffin Thali,Thali,1,157.5,150,Register,Card,Payment,Saravana Bhavan Corner,Chennai,0.0
2026-04-30,Mini Tiffin Thali,Thali,1,157.5,150,Swiggy,UPI,Payment,Saravana Bhavan Corner,Chennai,0.0
2026-04-30,Plain Dosa,Dosa,1,62.48,70,Register,UPI,Payment,Saravana Bhavan Corner,Chennai,0.0
2026-04-30,Lemon Rice,Rice,1,105.0,100,Swiggy,Card,Payment,Saravana Bhavan Corner,Chennai,0.0
2026-04-30,Mysore Bonda,Snacks,1,63.0,60,Swiggy,Card,Payment,Saravana Bhavan Corner,Chennai,0.0
2026-04-30,Veg Thali,Thali,1,189.0,180,Swiggy,Card,Payment,Saravana Bhavan Corner,Chennai,0.0
2026-04-30,Filter Coffee,Beverages,1,42.0,40,Swiggy,Card,Payment,Saravana Bhavan Corner,Chennai,0.0
2026-04-30,Rava Dosa,Dosa,1,115.5,110,Swiggy,Card,Payment,Saravana Bhavan Corner,Chennai,0.0
2026-04-30,Mini Tiffin Thali,Thali,2,315.0,150,Swiggy,UPI,Payment,Saravana Bhavan Corner,Chennai,0.0
2026-04-30,Curd Rice,Rice,1,94.5,90,Register,Card,Payment,Saravana Bhavan Corner,Chennai,0.0
2026-04-30,Buttermilk,Beverages,2,63.0,30,Register,Card,Payment,Saravana Bhavan Corner,Chennai,0.0
2026-04-30,Veg Thali,Thali,1,189.0,180,Register,UPI,Payment,Saravana Bhavan Corner,Chennai,0.0
2026-04-30,Buttermilk,Beverages,1,31.5,30,Register,UPI,Payment,Saravana Bhavan Corner,Chennai,0.0
2026-04-30,Veg Thali,Thali,1,189.0,180,Register,UPI,Payment,Saravana Bhavan Corner,Chennai,0.0
2026-04-30,Onion Uttapam,Dosa,1,105.0,100,Register,UPI,Payment,Saravana Bhavan Corner,Chennai,0.0
2026-04-30,Curd Rice,Rice,1,94.5,90,Register,Card,Payment,Saravana Bhavan Corner,Chennai,0.0
2026-04-30,Curd Rice,Rice,1,94.5,90,Swiggy,UPI,Payment,Saravana Bhavan Corner,Chennai,0.0
2026-04-30,Plain Dosa,Dosa,1,73.5,70,Register,Card,Payment,Saravana Bhavan Corner,Chennai,0.0
2026-04-30,Filter Coffee,Beverages,1,42.0,40,Register,Card,Payment,Saravana Bhavan Corner,Chennai,0.0
2026-04-30,Plain Dosa,Dosa,2,147.0,70,Swiggy,UPI,Payment,Saravana Bhavan Corner,Chennai,0.0
2026-04-30,Veg Thali,Thali,2,321.3,180,Register,UPI,Payment,Saravana Bhavan Corner,Chennai,0.0
2026-04-30,Masala Chai,Beverages,3,110.25,35,Register,Card,Payment,Saravana Bhavan Corner,Chennai,0.0
2026-04-30,Idli (4pc),Tiffin,2,126.0,60,Register,Card,Payment,Saravana Bhavan Corner,Chennai,0.0
2026-04-30,Curd Rice,Rice,1,85.05,90,Register,Card,Payment,Saravana Bhavan Corner,Chennai,0.0
2026-04-30,Idli (4pc),Tiffin,2,126.0,60,Register,Card,Payment,Saravana Bhavan Corner,Chennai,0.0
2026-04-30,Pongal,Tiffin,1,84.0,80,Register,Card,Payment,Saravana Bhavan Corner,Chennai,0.0
2026-04-30,Masala Dosa,Dosa,1,94.5,90,Register,Cash,Payment,Saravana Bhavan Corner,Chennai,0.0
2026-04-30,Pongal,Tiffin,2,168.0,80,Register,Card,Payment,Saravana Bhavan Corner,Chennai,0.0
2026-04-30,Lemon Rice,Rice,-2,-210.0,100,Register,UPI,Refund,Saravana Bhavan Corner,Chennai,0.0
2026-04-30,Mysore Bonda,Snacks,1,56.7,60,Register,Card,Payment,Saravana Bhavan Corner,Chennai,0.0
2026-04-30,Masala Dosa,Dosa,1,94.5,90,Swiggy,Card,Payment,Saravana Bhavan Corner,Chennai,0.0
2026-04-30,Veg Thali,Thali,1,189.0,180,Swiggy,Card,Payment,Saravana Bhavan Corner,Chennai,0.0
2026-04-30,Plain Dosa,Dosa,1,62.48,70,Swiggy,Card,Payment,Saravana Bhavan Corner,Chennai,0.0
2026-04-30,Rasgulla (2pc),Desserts,2,132.3,70,Swiggy,Card,Payment,Saravana Bhavan Corner,Chennai,0.0
2026-04-30,Plain Dosa,Dosa,3,198.45,70,Swiggy,Card,Payment,Saravana Bhavan Corner,Chennai,0.0
2026-04-30,Plain Dosa,Dosa,1,73.5,70,Swiggy,Card,Payment,Saravana Bhavan Corner,Chennai,0.0
2026-04-30,Plain Dosa,Dosa,1,73.5,70,Register,UPI,Payment,Saravana Bhavan Corner,Chennai,0.0
2026-04-30,Vada (2pc),Tiffin,1,47.25,50,Swiggy,Card,Payment,Saravana Bhavan Corner,Chennai,0.0
2026-04-30,Vada (2pc),Tiffin,1,52.5,50,Swiggy,UPI,Payment,Saravana Bhavan Corner,Chennai,0.0
