order_date,product,category,quantity,total_sales,unit_price,channel,payment_mode,event_type,store,city
2026-04-01,Sweet Lassi,Beverages,-1,-67.2,80,Register,Cash,Refund,Spice Route Kitchen,Kolkata
2026-04-01,Veg Biryani,Biryani,3,661.5,210,Swiggy,Card,Payment,Spice Route Kitchen,Kolkata
2026-04-01,Garlic Naan,Breads,1,51.98,55,Swiggy,Card,Payment,Spice Route Kitchen,Kolkata
2026-04-01,Mutton Biryani,Biryani,1,357.0,340,Swiggy,Card,Payment,Spice Route Kitchen,Kolkata
2026-04-01,Paneer Tikka,Starters,2,546.0,260,Zomato,Card,Payment,Spice Route Kitchen,Kolkata
2026-04-01,Rasmalai (2pc),Desserts,1,80.85,110,Zomato,Card,Payment,Spice Route Kitchen,Kolkata
2026-04-01,Gulab Jamun (2pc),Desserts,1,94.5,90,Zomato,Card,Payment,Spice Route Kitchen,Kolkata
2026-04-01,Paneer Tikka,Starters,2,546.0,260,Zomato,UPI,Payment,Spice Route Kitchen,Kolkata
2026-04-01,Chicken Biryani,Biryani,1,273.0,260,Zomato,Card,Payment,Spice Route Kitchen,Kolkata
2026-04-01,Gulab Jamun (2pc),Desserts,1,94.5,90,Swiggy,Card,Payment,Spice Route Kitchen,Kolkata
2026-04-01,Garlic Naan,Breads,1,57.75,55,Swiggy,Card,Payment,Spice Route Kitchen,Kolkata
2026-04-01,Sweet Lassi,Beverages,1,84.0,80,Swiggy,Card,Payment,Spice Route Kitchen,Kolkata
2026-04-01,Chicken 65,Starters,2,504.0,240,Swiggy,Card,Payment,Spice Route Kitchen,Kolkata
2026-04-01,Mutton Biryani,Biryani,1,357.0,340,Register,Card,Payment,Spice Route Kitchen,Kolkata
2026-04-01,Chicken Biryani,Biryani,2,491.4,260,Register,Card,Payment,Spice Route Kitchen,Kolkata
2026-04-01,Dal Makhani,Main Course,1,231.0,220,Register,Card,Payment,Spice Route Kitchen,Kolkata
2026-04-01,Chicken Biryani,Biryani,2,382.2,260,Zomato,UPI,Payment,Spice Route Kitchen,Kolkata
2026-04-01,Chicken Biryani,Biryani,1,273.0,260,Zomato,UPI,Payment,Spice Route Kitchen,Kolkata
2026-04-01,Veg Biryani,Biryani,2,441.0,210,Zomato,UPI,Payment,Spice Route Kitchen,Kolkata
2026-04-01,Samosa (2pc),Starters,1,63.0,60,Register,Card,Payment,Spice Route Kitchen,Kolkata
2026-04-01,Butter Naan,Breads,2,94.5,45,Register,Card,Payment,Spice Route Kitchen,Kolkata
2026-04-01,Veg Biryani,Biryani,1,220.5,210,Zomato,Card,Payment,Spice Route Kitchen,Kolkata
2026-04-01,Paneer Tikka,Starters,1,273.0,260,Zomato,Card,Payment,Spice Route Kitchen,Kolkata
2026-04-01,Butter Chicken,Main Course,1,336.0,320,Zomato,Card,Payment,Spice Route Kitchen,Kolkata
2026-04-01,Butter Chicken,Main Course,2,672.0,320,Zomato,UPI,Payment,Spice Route Kitchen,Kolkata
2026-04-01,Tandoori Roti,Breads,1,31.5,30,Zomato,UPI,Payment,Spice Route Kitchen,Kolkata
2026-04-01,Sweet Lassi,Beverages,1,84.0,80,Zomato,UPI,Payment,Spice Route Kitchen,Kolkata
2026-04-01,Mutton Biryani,Biryani,2,714.0,340,Register,UPI,Payment,Spice Route Kitchen,Kolkata
2026-04-01,Samosa (2pc),Starters,1,63.0,60,Register,UPI,Payment,Spice Route Kitchen,Kolkata
2026-04-01,Masala Chai,Beverages,1,42.0,40,Register,UPI,Payment,Spice Route Kitchen,Kolkata
2026-04-01,Butter Chicken,Main Course,3,907.2,320,Register,UPI,Payment,Spice Route Kitchen,Kolkata
2026-04-01,Mango Lassi,Beverages,2,189.0,90,Register,UPI,Payment,Spice Route Kitchen,Kolkata
2026-04-01,Sweet Lassi,Beverages,2,168.0,80,Register,UPI,Payment,Spice Route Kitchen,Kolkata
2026-04-01,Chicken Biryani,Biryani,2,546.0,260,Register,UPI,Payment,Spice Route Kitchen,Kolkata
2026-04-01,Paneer Tikka,Starters,1,273.0,260,Register,Card,Payment,Spice Route Kitchen,Kolkata
2026-04-01,Paneer Tikka,Starters,2,546.0,260,Register,Card,Payment,Spice Route Kitchen,Kolkata
2026-04-01,Sweet Lassi,Beverages,1,84.0,80,Swiggy,Card,Payment,Spice Route Kitchen,Kolkata
2026-04-01,Masala Chai,Beverages,1,42.0,40,Register,Card,Payment,Spice Route Kitchen,Kolkata
2026-04-01,Coke,Beverages,1,63.0,60,Swiggy,Card,Payment,Spice Route Kitchen,Kolkata
2026-04-01,Samosa (2pc),Starters,2,126.0,60,Swiggy,UPI,Payment,Spice Route Kitchen,Kolkata
2026-04-01,Gulab Jamun (2pc),Desserts,1,85.05,90,Swiggy,UPI,Payment,Spice Route Kitchen,Kolkata
2026-04-01,Mutton Biryani,Biryani,1,357.0,340,Swiggy,UPI,Payment,Spice Route Kitchen,Kolkata
2026-04-01,Mutton Biryani,Biryani,2,714.0,340,Swiggy,UPI,Payment,Spice Route Kitchen,Kolkata
2026-04-01,Gulab Jamun (2pc),Desserts,2,189.0,90,Swiggy,UPI,Payment,Spice Route Kitchen,Kolkata
2026-04-01,Rasmalai (2pc),Desserts,1,115.5,110,Swiggy,Card,Payment,Spice Route Kitchen,Kolkata
2026-04-01,Butter Chicken,Main Course,2,672.0,320,Swiggy,Card,Payment,Spice Route Kitchen,Kolkata
2026-04-01,Gulab Jamun (2pc),Desserts,1,94.5,90,Zomato,Card,Payment,Spice Route Kitchen,Kolkata
2026-04-01,Paneer Tikka,Starters,1,273.0,260,Zomato,Card,Payment,Spice Route Kitchen,Kolkata
2026-04-01,Papad,Sides,-2,-63.0,30,Zomato,UPI,Refund,Spice Route Kitchen,Kolkata
2026-04-01,Sweet Lassi,Beverages,-1,-84.0,80,Zomato,UPI,Refund,Spice Route Kitchen,Kolkata
2026-04-01,Masala Chai,Beverages,-1,-42.0,40,Zomato,UPI,Refund,Spice Route Kitchen,Kolkata
2026-04-01,Chicken 65,Starters,1,252.0,240,Register,Card,Payment,Spice Route Kitchen,Kolkata
2026-04-01,Garlic Naan,Breads,-2,-115.5,55,Register,Cash,Refund,Spice Route Kitchen,Kolkata
2026-04-01,Chicken 65,Starters,1,252.0,240,Swiggy,Card,Payment,Spice Route Kitchen,Kolkata
2026-04-01,Gulab Jamun (2pc),Desserts,1,94.5,90,Swiggy,Card,Payment,Spice Route Kitchen,Kolkata
2026-04-01,Butter Chicken,Main Course,-1,-336.0,320,Register,Cash,Refund,Spice Route Kitchen,Kolkata
2026-04-01,Garlic Naan,Breads,-1,-57.75,55,Swiggy,Card,Refund,Spice Route Kitchen,Kolkata
2026-04-01,Garlic Naan,Breads,-3,-173.25,55,Swiggy,Card,Refund,Spice Route Kitchen,Kolkata
2026-04-01,Gulab Jamun (2pc),Desserts,1,94.5,90,Zomato,Card,Payment,Spice Route Kitchen,Kolkata
2026-04-01,Rasmalai (2pc),Desserts,2,231.0,110,Swiggy,Card,Payment,Spice Route Kitchen,Kolkata
2026-04-01,Chicken Biryani,Biryani,1,273.0,260,Swiggy,Card,Payment,Spice Route Kitchen,Kolkata
2026-04-01,Butter Chicken,Main Course,3,806.4,320,Register,Cash,Payment,Spice Route Kitchen,Kolkata
2026-04-01,Mango Lassi,Beverages,1,94.5,90,Register,Cash,Payment,Spice Route Kitchen,Kolkata
2026-04-01,Mutton Biryani,Biryani,1,357.0,340,Swiggy,UPI,Payment,Spice Route Kitchen,Kolkata
2026-04-01,Mutton Biryani,Biryani,1,357.0,340,Swiggy,UPI,Payment,Spice Route Kitchen,Kolkata
2026-04-01,Butter Chicken,Main Course,1,336.0,320,Zomato,Card,Payment,Spice Route Kitchen,Kolkata
2026-04-01,Seekh Kebab,Starters,3,882.0,280,Swiggy,UPI,Payment,Spice Route Kitchen,Kolkata
2026-04-01,Chicken 65,Starters,1,252.0,240,Swiggy,UPI,Payment,Spice Route Kitchen,Kolkata
2026-04-01,Butter Naan,Breads,1,47.25,45,Swiggy,UPI,Payment,Spice Route Kitchen,Kolkata
2026-04-01,Chicken 65,Starters,1,252.0,240,Zomato,UPI,Payment,Spice Route Kitchen,Kolkata
2026-04-01,Mango Lassi,Beverages,1,75.6,90,Zomato,UPI,Payment,Spice Route Kitchen,Kolkata
2026-04-01,Masala Chai,Beverages,-1,-42.0,40,Swiggy,Card,Refund,Spice Route Kitchen,Kolkata
2026-04-01,Chicken Biryani,Biryani,1,218.4,260,Swiggy,UPI,Payment,Spice Route Kitchen,Kolkata
2026-04-02,Gulab Jamun (2pc),Desserts,1,85.05,90,Register,Card,Payment,Spice Route Kitchen,Kolkata
2026-04-02,Paneer Butter Masala,Main Course,2,588.0,280,Register,Cash,Payment,Spice Route Kitchen,Kolkata
2026-04-02,Chicken Biryani,Biryani,2,546.0,260,Register,Cash,Payment,Spice Route Kitchen,Kolkata
2026-04-02,Chicken Biryani,Biryani,1,245.7,260,Register,Cash,Payment,Spice Route Kitchen,Kolkata
2026-04-02,Masala Chai,Beverages,1,42.0,40,Register,Cash,Payment,Spice Route Kitchen,Kolkata
2026-04-02,Tandoori Roti,Breads,2,56.7,30,Register,UPI,Payment,Spice Route Kitchen,Kolkata
2026-04-02,Tandoori Roti,Breads,2,44.1,30,Zomato,UPI,Payment,Spice Route Kitchen,Kolkata
2026-04-02,Chicken 65,Starters,1,252.0,240,Zomato,UPI,Payment,Spice Route Kitchen,Kolkata
2026-04-02,Coke,Beverages,1,63.0,60,Register,Cash,Payment,Spice Route Kitchen,Kolkata
2026-04-02,Chicken Biryani,Biryani,1,218.4,260,Zomato,UPI,Payment,Spice Route Kitchen,Kolkata
2026-04-02,Butter Chicken,Main Course,2,672.0,320,Zomato,UPI,Payment,Spice Route Kitchen,Kolkata
2026-04-02,Butter Chicken,Main Course,2,672.0,320,Zomato,UPI,Payment,Spice Route Kitchen,Kolkata
2026-04-02,Samosa (2pc),Starters,3,189.0,60,Zomato,UPI,Payment,Spice Route Kitchen,Kolkata
2026-04-02,Butter Chicken,Main Course,2,672.0,320,Register,Card,Payment,Spice Route Kitchen,Kolkata
2026-04-02,Papad,Sides,1,31.5,30,Zomato,UPI,Payment,Spice Route Kitchen,Kolkata
2026-04-02,Chicken Biryani,Biryani,1,218.4,260,Zomato,Card,Payment,Spice Route Kitchen,Kolkata
2026-04-02,Sweet Lassi,Beverages,2,168.0,80,Register,Card,Payment,Spice Route Kitchen,Kolkata
2026-04-02,Papad,Sides,3,94.5,30,Zomato,Card,Payment,Spice Route Kitchen,Kolkata
2026-04-02,Seekh Kebab,Starters,1,294.0,280,Register,UPI,Payment,Spice Route Kitchen,Kolkata
2026-04-02,Butter Naan,Breads,1,47.25,45,Register,Card,Payment,Spice Route Kitchen,Kolkata
2026-04-02,Garlic Naan,Breads,3,173.25,55,Register,Card,Payment,Spice Route Kitchen,Kolkata
2026-04-02,Butter Naan,Breads,1,47.25,45,Register,Card,Payment,Spice Route Kitchen,Kolkata
2026-04-02,Dal Makhani,Main Course,1,231.0,220,Register,Card,Payment,Spice Route Kitchen,Kolkata
2026-04-02,Sweet Lassi,Beverages,1,84.0,80,Zomato,UPI,Payment,Spice Route Kitchen,Kolkata
2026-04-02,Masala Chai,Beverages,3,126.0,40,Zomato,Card,Payment,Spice Route Kitchen,Kolkata
2026-04-02,Tandoori Roti,Breads,2,63.0,30,Register,Card,Payment,Spice Route Kitchen,Kolkata
2026-04-02,Coke,Beverages,1,63.0,60,Register,Card,Payment,Spice Route Kitchen,Kolkata
2026-04-02,Butter Chicken,Main Course,3,1008.0,320,Zomato,Card,Payment,Spice Route Kitchen,Kolkata
2026-04-02,Mutton Biryani,Biryani,1,357.0,340,Zomato,Card,Payment,Spice Route Kitchen,Kolkata
2026-04-02,Paneer Butter Masala,Main Course,1,294.0,280,Register,UPI,Payment,Spice Route Kitchen,Kolkata
2026-04-02,Tandoori Roti,Breads,2,63.0,30,Register,UPI,Payment,Spice Route Kitchen,Kolkata
2026-04-02,Veg Biryani,Biryani,1,220.5,210,Register,UPI,Payment,Spice Route Kitchen,Kolkata
2026-04-02,Samosa (2pc),Starters,1,63.0,60,Register,Card,Payment,Spice Route Kitchen,Kolkata
2026-04-02,Chicken Biryani,Biryani,1,273.0,260,Register,UPI,Payment,Spice Route Kitchen,Kolkata
2026-04-02,Paneer Tikka,Starters,-1,-218.4,260,Zomato,UPI,Refund,Spice Route Kitchen,Kolkata
2026-04-02,Butter Naan,Breads,1,47.25,45,Swiggy,Card,Payment,Spice Route Kitchen,Kolkata
2026-04-02,Chicken 65,Starters,-1,-201.6,240,Swiggy,UPI,Refund,Spice Route Kitchen,Kolkata
2026-04-02,Samosa (2pc),Starters,2,126.0,60,Zomato,UPI,Payment,Spice Route Kitchen,Kolkata
2026-04-02,Veg Biryani,Biryani,1,198.45,210,Zomato,UPI,Payment,Spice Route Kitchen,Kolkata
2026-04-02,Butter Chicken,Main Course,2,672.0,320,Zomato,UPI,Payment,Spice Route Kitchen,Kolkata
2026-04-02,Paneer Butter Masala,Main Course,2,588.0,280,Zomato,UPI,Payment,Spice Route Kitchen,Kolkata
2026-04-02,Chicken Biryani,Biryani,1,273.0,260,Zomato,UPI,Payment,Spice Route Kitchen,Kolkata
2026-04-02,Mango Lassi,Beverages,-2,-189.0,90,Swiggy,UPI,Refund,Spice Route Kitchen,Kolkata
2026-04-02,Tandoori Roti,Breads,1,28.35,30,Zomato,UPI,Payment,Spice Route Kitchen,Kolkata
2026-04-02,Paneer Tikka,Starters,2,546.0,260,Zomato,UPI,Payment,Spice Route Kitchen,Kolkata
2026-04-02,Sweet Lassi,Beverages,1,84.0,80,Zomato,UPI,Payment,Spice Route Kitchen,Kolkata
2026-04-02,Masala Chai,Beverages,1,42.0,40,Zomato,UPI,Payment,Spice Route Kitchen,Kolkata
2026-04-02,Chicken Biryani,Biryani,2,546.0,260,Zomato,Card,Payment,Spice Route Kitchen,Kolkata
2026-04-02,Samosa (2pc),Starters,1,63.0,60,Zomato,Card,Payment,Spice Route Kitchen,Kolkata
2026-04-02,Gulab Jamun (2pc),Desserts,1,66.15,90,Swiggy,Card,Payment,Spice Route Kitchen,Kolkata
2026-04-02,Butter Naan,Breads,3,113.4,45,Zomato,UPI,Payment,Spice Route Kitchen,Kolkata
2026-04-02,Paneer Butter Masala,Main Course,2,588.0,280,Register,UPI,Payment,Spice Route Kitchen,Kolkata
2026-04-02,Chicken Biryani,Biryani,1,273.0,260,Zomato,UPI,Payment,Spice Route Kitchen,Kolkata
2026-04-02,Butter Naan,Breads,3,141.75,45,Zomato,UPI,Payment,Spice Route Kitchen,Kolkata
2026-04-02,Mutton Biryani,Biryani,1,357.0,340,Swiggy,Card,Payment,Spice Route Kitchen,Kolkata
2026-04-02,Paneer Tikka,Starters,1,191.1,260,Register,UPI,Payment,Spice Route Kitchen,Kolkata
2026-04-02,Samosa (2pc),Starters,3,189.0,60,Zomato,Card,Payment,Spice Route Kitchen,Kolkata
2026-04-02,Butter Chicken,Main Course,3,1008.0,320,Zomato,Card,Payment,Spice Route Kitchen,Kolkata
2026-04-02,Garlic Naan,Breads,1,57.75,55,Zomato,Card,Payment,Spice Route Kitchen,Kolkata
2026-04-02,Sweet Lassi,Beverages,1,84.0,80,Register,Cash,Payment,Spice Route Kitchen,Kolkata
2026-04-02,Samosa (2pc),Starters,1,63.0,60,Zomato,Card,Payment,Spice Route Kitchen,Kolkata
2026-04-02,Tandoori Roti,Breads,1,25.2,30,Zomato,Card,Payment,Spice Route Kitchen,Kolkata
2026-04-02,Tandoori Roti,Breads,1,31.5,30,Zomato,Card,Payment,Spice Route Kitchen,Kolkata
2026-04-02,Papad,Sides,1,31.5,30,Swiggy,UPI,Payment,Spice Route Kitchen,Kolkata
2026-04-02,Seekh Kebab,Starters,-1,-294.0,280,Zomato,UPI,Refund,Spice Route Kitchen,Kolkata
2026-04-02,Garlic Naan,Breads,3,121.28,55,Zomato,UPI,Payment,Spice Route Kitchen,Kolkata
2026-04-02,Sweet Lassi,Beverages,2,151.2,80,Zomato,UPI,Payment,Spice Route Kitchen,Kolkata
2026-04-02,Dal Makhani,Main Course,2,462.0,220,Zomato,Card,Payment,Spice Route Kitchen,Kolkata
2026-04-03,Butter Chicken,Main Course,1,336.0,320,Zomato,UPI,Payment,Spice Route Kitchen,Kolkata
2026-04-03,Dal Makhani,Main Course,1,231.0,220,Register,Card,Payment,Spice Route Kitchen,Kolkata
2026-04-03,Samosa (2pc),Starters,1,50.4,60,Zomato,UPI,Payment,Spice Route Kitchen,Kolkata
2026-04-03,Mutton Biryani,Biryani,2,714.0,340,Swiggy,Card,Payment,Spice Route Kitchen,Kolkata
2026-04-03,Paneer Butter Masala,Main Course,1,205.8,280,Swiggy,Card,Payment,Spice Route Kitchen,Kolkata
2026-04-03,Dal Makhani,Main Course,1,231.0,220,Swiggy,Card,Payment,Spice Route Kitchen,Kolkata
2026-04-03,Butter Naan,Breads,2,94.5,45,Swiggy,Card,Payment,Spice Route Kitchen,Kolkata
2026-04-03,Samosa (2pc),Starters,2,126.0,60,Register,Card,Payment,Spice Route Kitchen,Kolkata
2026-04-03,Tandoori Roti,Breads,2,63.0,30,Register,Card,Payment,Spice Route Kitchen,Kolkata
2026-04-03,Veg Biryani,Biryani,3,529.2,210,Register,Card,Payment,Spice Route Kitchen,Kolkata
2026-04-03,Butter Chicken,Main Course,1,235.2,320,Swiggy,UPI,Payment,Spice Route Kitchen,Kolkata
2026-04-03,Paneer Tikka,Starters,1,273.0,260,Swiggy,UPI,Payment,Spice Route Kitchen,Kolkata
2026-04-03,Seekh Kebab,Starters,2,588.0,280,Swiggy,UPI,Payment,Spice Route Kitchen,Kolkata
2026-04-03,Samosa (2pc),Starters,2,126.0,60,Swiggy,UPI,Payment,Spice Route Kitchen,Kolkata
2026-04-03,Veg Biryani,Biryani,1,220.5,210,Swiggy,UPI,Payment,Spice Route Kitchen,Kolkata
2026-04-03,Chicken Biryani,Biryani,2,546.0,260,Swiggy,UPI,Payment,Spice Route Kitchen,Kolkata
2026-04-03,Mango Lassi,Beverages,2,151.2,90,Register,Card,Payment,Spice Route Kitchen,Kolkata
2026-04-03,Paneer Butter Masala,Main Course,1,294.0,280,Register,Card,Payment,Spice Route Kitchen,Kolkata
2026-04-03,Paneer Tikka,Starters,2,546.0,260,Zomato,UPI,Payment,Spice Route Kitchen,Kolkata
2026-04-03,Dal Makhani,Main Course,1,231.0,220,Register,Card,Payment,Spice Route Kitchen,Kolkata
2026-04-03,Chicken 65,Starters,1,252.0,240,Register,Card,Payment,Spice Route Kitchen,Kolkata
2026-04-03,Chicken Biryani,Biryani,3,655.2,260,Zomato,UPI,Payment,Spice Route Kitchen,Kolkata
2026-04-03,Chicken Biryani,Biryani,1,273.0,260,Swiggy,Card,Payment,Spice Route Kitchen,Kolkata
2026-04-03,Sweet Lassi,Beverages,1,84.0,80,Zomato,UPI,Payment,Spice Route Kitchen,Kolkata
2026-04-03,Masala Chai,Beverages,2,84.0,40,Swiggy,UPI,Payment,Spice Route Kitchen,Kolkata
2026-04-03,Samosa (2pc),Starters,1,50.4,60,Swiggy,Card,Payment,Spice Route Kitchen,Kolkata
2026-04-03,Papad,Sides,2,63.0,30,Swiggy,Card,Payment,Spice Route Kitchen,Kolkata
2026-04-03,Seekh Kebab,Starters,1,294.0,280,Swiggy,Card,Payment,Spice Route Kitchen,Kolkata
2026-04-03,Paneer Butter Masala,Main Course,2,588.0,280,Swiggy,Card,Payment,Spice Route Kitchen,Kolkata
2026-04-03,Chicken 65,Starters,1,252.0,240,Swiggy,Card,Payment,Spice Route Kitchen,Kolkata
2026-04-03,Butter Chicken,Main Course,1,336.0,320,Swiggy,Card,Payment,Spice Route Kitchen,Kolkata
2026-04-03,Papad,Sides,1,25.2,30,Swiggy,Card,Payment,Spice Route Kitchen,Kolkata
2026-04-03,Tandoori Roti,Breads,2,50.4,30,Swiggy,Card,Payment,Spice Route Kitchen,Kolkata
2026-04-03,Butter Naan,Breads,2,94.5,45,Zomato,UPI,Payment,Spice Route Kitchen,Kolkata
2026-04-03,Paneer Butter Masala,Main Course,2,588.0,280,Zomato,UPI,Payment,Spice Route Kitchen,Kolkata
2026-04-03,Coke,Beverages,2,126.0,60,Zomato,UPI,Payment,Spice Route Kitchen,Kolkata
2026-04-03,Tandoori Roti,Breads,2,63.0,30,Swiggy,UPI,Payment,Spice Route Kitchen,Kolkata
2026-04-03,Paneer Tikka,Starters,1,273.0,260,Swiggy,UPI,Payment,Spice Route Kitchen,Kolkata
2026-04-03,Paneer Butter Masala,Main Course,1,294.0,280,Swiggy,UPI,Payment,Spice Route Kitchen,Kolkata
2026-04-03,Dal Makhani,Main Course,1,231.0,220,Swiggy,UPI,Payment,Spice Route Kitchen,Kolkata
2026-04-03,Chicken 65,Starters,1,252.0,240,Swiggy,UPI,Payment,Spice Route Kitchen,Kolkata
2026-04-03,Coke,Beverages,1,63.0,60,Zomato,Card,Payment,Spice Route Kitchen,Kolkata
2026-04-03,Mutton Biryani,Biryani,1,357.0,340,Zomato,Card,Payment,Spice Route Kitchen,Kolkata
2026-04-03,Veg Biryani,Biryani,2,352.8,210,Zomato,Card,Payment,Spice Route Kitchen,Kolkata
2026-04-03,Veg Biryani,Biryani,1,176.4,210,Zomato,Card,Payment,Spice Route Kitchen,Kolkata
2026-04-03,Mutton Biryani,Biryani,1,357.0,340,Zomato,UPI,Payment,Spice Route Kitchen,Kolkata
2026-04-03,Chicken Biryani,Biryani,3,819.0,260,Swiggy,UPI,Payment,Spice Route Kitchen,Kolkata
2026-04-03,Paneer Tikka,Starters,2,546.0,260,Zomato,UPI,Payment,Spice Route Kitchen,Kolkata
2026-04-03,Butter Chicken,Main Course,3,806.4,320,Swiggy,UPI,Payment,Spice Route Kitchen,Kolkata
2026-04-03,Butter Naan,Breads,2,94.5,45,Zomato,Card,Payment,Spice Route Kitchen,Kolkata
2026-04-03,Garlic Naan,Breads,1,57.75,55,Register,Card,Payment,Spice Route Kitchen,Kolkata
2026-04-03,Garlic Naan,Breads,1,57.75,55,Zomato,Card,Payment,Spice Route Kitchen,Kolkata
2026-04-03,Papad,Sides,2,56.7,30,Zomato,Card,Payment,Spice Route Kitchen,Kolkata
2026-04-03,Sweet Lassi,Beverages,2,168.0,80,Zomato,UPI,Payment,Spice Route Kitchen,Kolkata
2026-04-03,Garlic Naan,Breads,1,46.2,55,Zomato,UPI,Payment,Spice Route Kitchen,Kolkata
2026-04-03,Chicken 65,Starters,1,252.0,240,Swiggy,UPI,Payment,Spice Route Kitchen,Kolkata
2026-04-03,Butter Naan,Breads,1,47.25,45,Swiggy,UPI,Payment,Spice Route Kitchen,Kolkata
2026-04-03,Butter Naan,Breads,2,94.5,45,Zomato,UPI,Payment,Spice Route Kitchen,Kolkata
2026-04-03,Dal Makhani,Main Course,1,161.7,220,Zomato,Card,Payment,Spice Route Kitchen,Kolkata
2026-04-03,Gulab Jamun (2pc),Desserts,1,75.6,90,Zomato,UPI,Payment,Spice Route Kitchen,Kolkata
2026-04-03,Chicken Biryani,Biryani,1,273.0,260,Register,Cash,Payment,Spice Route Kitchen,Kolkata
2026-04-03,Butter Naan,Breads,1,47.25,45,Register,Cash,Payment,Spice Route Kitchen,Kolkata
2026-04-03,Mutton Biryani,Biryani,1,357.0,340,Register,Cash,Payment,Spice Route Kitchen,Kolkata
2026-04-03,Samosa (2pc),Starters,1,63.0,60,Register,Cash,Payment,Spice Route Kitchen,Kolkata
2026-04-03,Samosa (2pc),Starters,2,126.0,60,Register,Cash,Payment,Spice Route Kitchen,Kolkata
2026-04-03,Samosa (2pc),Starters,1,44.1,60,Zomato,UPI,Payment,Spice Route Kitchen,Kolkata
2026-04-03,Dal Makhani,Main Course,1,231.0,220,Zomato,UPI,Payment,Spice Route Kitchen,Kolkata
2026-04-03,Chicken Biryani,Biryani,2,382.2,260,Zomato,UPI,Payment,Spice Route Kitchen,Kolkata
2026-04-03,Gulab Jamun (2pc),Desserts,2,189.0,90,Swiggy,UPI,Payment,Spice Route Kitchen,Kolkata
2026-04-03,Tandoori Roti,Breads,1,31.5,30,Zomato,UPI,Payment,Spice Route Kitchen,Kolkata
2026-04-03,Garlic Naan,Breads,2,115.5,55,Zomato,Card,Payment,Spice Route Kitchen,Kolkata
2026-04-03,Coke,Beverages,2,126.0,60,Zomato,UPI,Payment,Spice Route Kitchen,Kolkata
2026-04-03,Dal Makhani,Main Course,1,231.0,220,Swiggy,Card,Payment,Spice Route Kitchen,Kolkata
2026-04-03,Paneer Butter Masala,Main Course,2,588.0,280,Register,Cash,Payment,Spice Route Kitchen,Kolkata
2026-04-03,Garlic Naan,Breads,1,57.75,55,Zomato,Card,Payment,Spice Route Kitchen,Kolkata
2026-04-03,Butter Chicken,Main Course,1,336.0,320,Register,Cash,Payment,Spice Route Kitchen,Kolkata
2026-04-03,Coke,Beverages,1,63.0,60,Register,Cash,Payment,Spice Route Kitchen,Kolkata
2026-04-03,Paneer Tikka,Starters,1,273.0,260,Register,Cash,Payment,Spice Route Kitchen,Kolkata
2026-04-03,Paneer Butter Masala,Main Course,2,470.4,280,Register,Cash,Payment,Spice Route Kitchen,Kolkata
2026-04-03,Gulab Jamun (2pc),Desserts,1,94.5,90,Register,Cash,Payment,Spice Route Kitchen,Kolkata
2026-04-03,Mutton Biryani,Biryani,1,357.0,340,Register,Cash,Payment,Spice Route Kitchen,Kolkata
2026-04-03,Masala Chai,Beverages,1,42.0,40,Register,Cash,Payment,Spice Route Kitchen,Kolkata
2026-04-03,Butter Chicken,Main Course,2,672.0,320,Register,Cash,Payment,Spice Route Kitchen,Kolkata
2026-04-03,Rasmalai (2pc),Desserts,2,231.0,110,Register,Cash,Payment,Spice Route Kitchen,Kolkata
2026-04-03,Tandoori Roti,Breads,1,31.5,30,Register,Cash,Payment,Spice Route Kitchen,Kolkata
2026-04-03,Chicken Biryani,Biryani,2,546.0,260,Zomato,Card,Payment,Spice Route Kitchen,Kolkata
2026-04-03,Masala Chai,Beverages,2,84.0,40,Zomato,UPI,Payment,Spice Route Kitchen,Kolkata
2026-04-03,Gulab Jamun (2pc),Desserts,1,94.5,90,Zomato,UPI,Payment,Spice Route Kitchen,Kolkata
2026-04-03,Sweet Lassi,Beverages,2,117.6,80,Swiggy,UPI,Payment,Spice Route Kitchen,Kolkata
2026-04-03,Samosa (2pc),Starters,3,189.0,60,Swiggy,UPI,Payment,Spice Route Kitchen,Kolkata
2026-04-03,Butter Naan,Breads,1,47.25,45,Swiggy,UPI,Payment,Spice Route Kitchen,Kolkata
2026-04-03,Chicken 65,Starters,1,252.0,240,Swiggy,Card,Payment,Spice Route Kitchen,Kolkata
2026-04-03,Coke,Beverages,1,63.0,60,Swiggy,Card,Payment,Spice Route Kitchen,Kolkata
2026-04-03,Garlic Naan,Breads,1,57.75,55,Swiggy,Card,Payment,Spice Route Kitchen,Kolkata
2026-04-04,Coke,Beverages,1,63.0,60,Register,Cash,Payment,Spice Route Kitchen,Kolkata
2026-04-04,Paneer Butter Masala,Main Course,3,882.0,280,Register,Cash,Payment,Spice Route Kitchen,Kolkata
2026-04-04,Tandoori Roti,Breads,1,31.5,30,Zomato,UPI,Payment,Spice Route Kitchen,Kolkata
2026-04-04,Dal Makhani,Main Course,2,462.0,220,Zomato,UPI,Payment,Spice Route Kitchen,Kolkata
2026-04-04,Masala Chai,Beverages,1,42.0,40,Zomato,UPI,Payment,Spice Route Kitchen,Kolkata
2026-04-04,Coke,Beverages,3,189.0,60,Swiggy,UPI,Payment,Spice Route Kitchen,Kolkata
2026-04-04,Paneer Butter Masala,Main Course,2,588.0,280,Register,Card,Payment,Spice Route Kitchen,Kolkata
2026-04-04,Butter Naan,Breads,2,94.5,45,Swiggy,UPI,Payment,Spice Route Kitchen,Kolkata
2026-04-04,Coke,Beverages,1,63.0,60,Swiggy,UPI,Payment,Spice Route Kitchen,Kolkata
2026-04-04,Butter Chicken,Main Course,1,336.0,320,Register,Cash,Payment,Spice Route Kitchen,Kolkata
2026-04-04,Garlic Naan,Breads,3,173.25,55,Zomato,UPI,Payment,Spice Route Kitchen,Kolkata
2026-04-04,Butter Naan,Breads,1,47.25,45,Register,Card,Payment,Spice Route Kitchen,Kolkata
2026-04-04,Samosa (2pc),Starters,1,63.0,60,Swiggy,Card,Payment,Spice Route Kitchen,Kolkata
2026-04-04,Tandoori Roti,Breads,2,63.0,30,Swiggy,UPI,Payment,Spice Route Kitchen,Kolkata
2026-04-04,Dal Makhani,Main Course,1,207.9,220,Swiggy,UPI,Payment,Spice Route Kitchen,Kolkata
2026-04-04,Butter Chicken,Main Course,2,672.0,320,Swiggy,UPI,Payment,Spice Route Kitchen,Kolkata
2026-04-04,Veg Biryani,Biryani,1,220.5,210,Swiggy,UPI,Payment,Spice Route Kitchen,Kolkata
2026-04-04,Samosa (2pc),Starters,1,63.0,60,Register,UPI,Payment,Spice Route Kitchen,Kolkata
2026-04-04,Papad,Sides,2,63.0,30,Register,UPI,Payment,Spice Route Kitchen,Kolkata
2026-04-04,Butter Naan,Breads,3,141.75,45,Register,UPI,Payment,Spice Route Kitchen,Kolkata
2026-04-04,Mango Lassi,Beverages,3,283.5,90,Register,UPI,Payment,Spice Route Kitchen,Kolkata
2026-04-04,Butter Naan,Breads,3,141.75,45,Swiggy,Card,Payment,Spice Route Kitchen,Kolkata
2026-04-04,Garlic Naan,Breads,2,115.5,55,Swiggy,Card,Payment,Spice Route Kitchen,Kolkata
2026-04-04,Butter Naan,Breads,3,113.4,45,Swiggy,UPI,Payment,Spice Route Kitchen,Kolkata
2026-04-04,Tandoori Roti,Breads,1,31.5,30,Register,Card,Payment,Spice Route Kitchen,Kolkata
2026-04-04,Garlic Naan,Breads,3,121.28,55,Swiggy,UPI,Payment,Spice Route Kitchen,Kolkata
2026-04-04,Masala Chai,Beverages,1,42.0,40,Swiggy,UPI,Payment,Spice Route Kitchen,Kolkata
2026-04-04,Chicken Biryani,Biryani,3,819.0,260,Swiggy,UPI,Payment,Spice Route Kitchen,Kolkata
2026-04-04,Tandoori Roti,Breads,3,75.6,30,Zomato,UPI,Payment,Spice Route Kitchen,Kolkata
2026-04-04,Chicken Biryani,Biryani,1,273.0,260,Register,UPI,Payment,Spice Route Kitchen,Kolkata
2026-04-04,Garlic Naan,Breads,1,57.75,55,Register,UPI,Payment,Spice Route Kitchen,Kolkata
2026-04-04,Sweet Lassi,Beverages,1,75.6,80,Register,UPI,Payment,Spice Route Kitchen,Kolkata
2026-04-04,Butter Naan,Breads,3,99.23,45,Swiggy,UPI,Payment,Spice Route Kitchen,Kolkata
2026-04-04,Seekh Kebab,Starters,1,294.0,280,Register,UPI,Payment,Spice Route Kitchen,Kolkata
2026-04-04,Coke,Beverages,2,113.4,60,Zomato,UPI,Payment,Spice Route Kitchen,Kolkata
2026-04-04,Samosa (2pc),Starters,2,126.0,60,Zomato,UPI,Payment,Spice Route Kitchen,Kolkata
2026-04-04,Masala Chai,Beverages,1,37.8,40,Zomato,UPI,Payment,Spice Route Kitchen,Kolkata
2026-04-04,Veg Biryani,Biryani,2,441.0,210,Zomato,UPI,Payment,Spice Route Kitchen,Kolkata
2026-04-04,Seekh Kebab,Starters,1,294.0,280,Zomato,UPI,Payment,Spice Route Kitchen,Kolkata
2026-04-04,Mango Lassi,Beverages,2,189.0,90,Zomato,UPI,Payment,Spice Route Kitchen,Kolkata
2026-04-04,Dal Makhani,Main Course,1,207.9,220,Zomato,UPI,Payment,Spice Route Kitchen,Kolkata
2026-04-04,Veg Biryani,Biryani,1,220.5,210,Zomato,UPI,Payment,Spice Route Kitchen,Kolkata
2026-04-04,Mutton Biryani,Biryani,3,1071.0,340,Zomato,Card,Payment,Spice Route Kitchen,Kolkata
2026-04-04,Chicken Biryani,Biryani,2,546.0,260,Zomato,Card,Payment,Spice Route Kitchen,Kolkata
2026-04-04,Coke,Beverages,2,88.2,60,Zomato,Card,Payment,Spice Route Kitchen,Kolkata
2026-04-04,Paneer Tikka,Starters,1,273.0,260,Register,Cash,Payment,Spice Route Kitchen,Kolkata
2026-04-04,Paneer Butter Masala,Main Course,2,588.0,280,Register,Cash,Payment,Spice Route Kitchen,Kolkata
2026-04-04,Mutton Biryani,Biryani,1,357.0,340,Register,Cash,Payment,Spice Route Kitchen,Kolkata
2026-04-04,Dal Makhani,Main Course,1,231.0,220,Swiggy,UPI,Payment,Spice Route Kitchen,Kolkata
2026-04-04,Mutton Biryani,Biryani,3,1071.0,340,Swiggy,UPI,Payment,Spice Route Kitchen,Kolkata
2026-04-04,Mango Lassi,Beverages,2,189.0,90,Swiggy,UPI,Payment,Spice Route Kitchen,Kolkata
2026-04-04,Mango Lassi,Beverages,1,94.5,90,Swiggy,UPI,Payment,Spice Route Kitchen,Kolkata
2026-04-04,Chicken Biryani,Biryani,1,273.0,260,Swiggy,UPI,Payment,Spice Route Kitchen,Kolkata
2026-04-04,Paneer Tikka,Starters,2,546.0,260,Swiggy,UPI,Payment,Spice Route Kitchen,Kolkata
2026-04-04,Chicken Biryani,Biryani,1,245.7,260,Zomato,UPI,Payment,Spice Route Kitchen,Kolkata
2026-04-04,Butter Naan,Breads,2,94.5,45,Register,UPI,Payment,Spice Route Kitchen,Kolkata
2026-04-04,Samosa (2pc),Starters,3,189.0,60,Zomato,UPI,Payment,Spice Route Kitchen,Kolkata
2026-04-04,Veg Biryani,Biryani,1,220.5,210,Swiggy,UPI,Payment,Spice Route Kitchen,Kolkata
2026-04-04,Seekh Kebab,Starters,1,235.2,280,Register,UPI,Payment,Spice Route Kitchen,Kolkata
2026-04-04,Rasmalai (2pc),Desserts,2,231.0,110,Register,UPI,Payment,Spice Route Kitchen,Kolkata
2026-04-04,Samosa (2pc),Starters,1,56.7,60,Register,UPI,Payment,Spice Route Kitchen,Kolkata
2026-04-04,Chicken 65,Starters,1,252.0,240,Register,UPI,Payment,Spice Route Kitchen,Kolkata
2026-04-04,Seekh Kebab,Starters,2,588.0,280,Register,UPI,Payment,Spice Route Kitchen,Kolkata
2026-04-04,Mutton Biryani,Biryani,1,321.3,340,Register,UPI,Payment,Spice Route Kitchen,Kolkata
2026-04-04,Butter Chicken,Main Course,2,537.6,320,Register,UPI,Payment,Spice Route Kitchen,Kolkata
2026-04-04,Dal Makhani,Main Course,1,231.0,220,Register,UPI,Payment,Spice Route Kitchen,Kolkata
2026-04-04,Masala Chai,Beverages,1,42.0,40,Register,UPI,Payment,Spice Route Kitchen,Kolkata
2026-04-04,Samosa (2pc),Starters,2,126.0,60,Zomato,UPI,Payment,Spice Route Kitchen,Kolkata
2026-04-04,Mango Lassi,Beverages,1,85.05,90,Register,Cash,Payment,Spice Route Kitchen,Kolkata
2026-04-04,Chicken Biryani,Biryani,2,546.0,260,Register,Cash,Payment,Spice Route Kitchen,Kolkata
2026-04-04,Paneer Tikka,Starters,1,218.4,260,Register,Cash,Payment,Spice Route Kitchen,Kolkata
2026-04-04,Tandoori Roti,Breads,1,31.5,30,Zomato,UPI,Payment,Spice Route Kitchen,Kolkata
2026-04-04,Party Order - Custom,Uncategorized,1,2625.0,2500,Zomato,UPI,Payment,Spice Route Kitchen,Kolkata
2026-04-04,Butter Naan,Breads,2,94.5,45,Register,UPI,Payment,Spice Route Kitchen,Kolkata
2026-04-04,Dal Makhani,Main Course,1,231.0,220,Register,UPI,Payment,Spice Route Kitchen,Kolkata
2026-04-04,Sweet Lassi,Beverages,1,84.0,80,Zomato,UPI,Payment,Spice Route Kitchen,Kolkata
2026-04-04,Chicken Biryani,Biryani,1,273.0,260,Zomato,UPI,Payment,Spice Route Kitchen,Kolkata
2026-04-04,Sweet Lassi,Beverages,2,168.0,80,Zomato,UPI,Payment,Spice Route Kitchen,Kolkata
2026-04-04,Tandoori Roti,Breads,3,94.5,30,Zomato,UPI,Payment,Spice Route Kitchen,Kolkata
2026-04-04,Garlic Naan,Breads,2,115.5,55,Zomato,UPI,Payment,Spice Route Kitchen,Kolkata
2026-04-04,Chicken 65,Starters,2,504.0,240,Register,Card,Payment,Spice Route Kitchen,Kolkata
2026-04-04,Garlic Naan,Breads,1,57.75,55,Zomato,UPI,Payment,Spice Route Kitchen,Kolkata
2026-04-04,Butter Naan,Breads,1,33.08,45,Swiggy,UPI,Payment,Spice Route Kitchen,Kolkata
2026-04-04,Butter Naan,Breads,1,47.25,45,Swiggy,UPI,Payment,Spice Route Kitchen,Kolkata
2026-04-04,Chicken Biryani,Biryani,1,218.4,260,Register,Card,Payment,Spice Route Kitchen,Kolkata
2026-04-04,Samosa (2pc),Starters,2,126.0,60,Swiggy,UPI,Payment,Spice Route Kitchen,Kolkata
2026-04-04,Dal Makhani,Main Course,1,231.0,220,Zomato,UPI,Payment,Spice Route Kitchen,Kolkata
2026-04-04,Gulab Jamun (2pc),Desserts,1,94.5,90,Zomato,UPI,Payment,Spice Route Kitchen,Kolkata
2026-04-04,Butter Chicken,Main Course,2,672.0,320,Register,Card,Payment,Spice Route Kitchen,Kolkata
2026-04-04,Gulab Jamun (2pc),Desserts,1,94.5,90,Register,Card,Payment,Spice Route Kitchen,Kolkata
2026-04-04,Paneer Tikka,Starters,1,191.1,260,Register,Card,Payment,Spice Route Kitchen,Kolkata
2026-04-04,Chicken Biryani,Biryani,1,273.0,260,Register,Card,Payment,Spice Route Kitchen,Kolkata
2026-04-04,Paneer Butter Masala,Main Course,3,882.0,280,Swiggy,UPI,Payment,Spice Route Kitchen,Kolkata
2026-04-04,Rasmalai (2pc),Desserts,1,115.5,110,Swiggy,UPI,Payment,Spice Route Kitchen,Kolkata
2026-04-04,Butter Naan,Breads,2,94.5,45,Swiggy,UPI,Payment,Spice Route Kitchen,Kolkata
2026-04-04,Rasmalai (2pc),Desserts,1,115.5,110,Swiggy,UPI,Payment,Spice Route Kitchen,Kolkata
2026-04-04,Chicken 65,Starters,2,504.0,240,Swiggy,UPI,Payment,Spice Route Kitchen,Kolkata
2026-04-04,Coke,Beverages,3,189.0,60,Zomato,Card,Payment,Spice Route Kitchen,Kolkata
2026-04-04,Papad,Sides,2,63.0,30,Swiggy,UPI,Payment,Spice Route Kitchen,Kolkata
2026-04-04,Gulab Jamun (2pc),Desserts,1,94.5,90,Zomato,Card,Payment,Spice Route Kitchen,Kolkata
2026-04-04,Samosa (2pc),Starters,1,63.0,60,Zomato,Card,Payment,Spice Route Kitchen,Kolkata
2026-04-04,Butter Naan,Breads,1,33.08,45,Zomato,Card,Payment,Spice Route Kitchen,Kolkata
2026-04-04,Masala Chai,Beverages,1,29.4,40,Zomato,Card,Payment,Spice Route Kitchen,Kolkata
2026-04-04,Paneer Tikka,Starters,1,273.0,260,Zomato,Card,Payment,Spice Route Kitchen,Kolkata
2026-04-04,Coke,Beverages,2,113.4,60,Swiggy,Card,Payment,Spice Route Kitchen,Kolkata
2026-04-04,Butter Naan,Breads,1,47.25,45,Zomato,Card,Payment,Spice Route Kitchen,Kolkata
2026-04-04,Mango Lassi,Beverages,1,94.5,90,Zomato,Card,Payment,Spice Route Kitchen,Kolkata
2026-04-04,Paneer Butter Masala,Main Course,2,588.0,280,Zomato,Card,Payment,Spice Route Kitchen,Kolkata
2026-04-04,Chicken Biryani,Biryani,1,273.0,260,Zomato,Card,Payment,Spice Route Kitchen,Kolkata
2026-04-04,Rasmalai (2pc),Desserts,1,115.5,110,Zomato,Card,Payment,Spice Route Kitchen,Kolkata
2026-04-04,Chicken Biryani,Biryani,1,273.0,260,Zomato,Card,Payment,Spice Route Kitchen,Kolkata
2026-04-04,Mango Lassi,Beverages,2,189.0,90,Zomato,Card,Payment,Spice Route Kitchen,Kolkata
2026-04-05,Mango Lassi,Beverages,2,189.0,90,Register,Card,Payment,Spice Route Kitchen,Kolkata
2026-04-05,Sweet Lassi,Beverages,2,168.0,80,Register,Cash,Payment,Spice Route Kitchen,Kolkata
2026-04-05,Gulab Jamun (2pc),Desserts,2,189.0,90,Register,Cash,Payment,Spice Route Kitchen,Kolkata
2026-04-05,Garlic Naan,Breads,1,46.2,55,Register,Card,Payment,Spice Route Kitchen,Kolkata
2026-04-05,Chicken 65,Starters,1,252.0,240,Register,Cash,Payment,Spice Route Kitchen,Kolkata
2026-04-05,Paneer Butter Masala,Main Course,2,588.0,280,Register,Card,Payment,Spice Route Kitchen,Kolkata
2026-04-05,Masala Chai,Beverages,1,33.6,40,Register,Card,Payment,Spice Route Kitchen,Kolkata
2026-04-05,Tandoori Roti,Breads,2,63.0,30,Register,Card,Payment,Spice Route Kitchen,Kolkata
2026-04-05,Tandoori Roti,Breads,1,31.5,30,Register,Cash,Payment,Spice Route Kitchen,Kolkata
2026-04-05,Coke,Beverages,1,63.0,60,Register,Card,Payment,Spice Route Kitchen,Kolkata
2026-04-05,Gulab Jamun (2pc),Desserts,2,189.0,90,Register,UPI,Payment,Spice Route Kitchen,Kolkata
2026-04-05,Mutton Biryani,Biryani,3,1071.0,340,Register,UPI,Payment,Spice Route Kitchen,Kolkata
2026-04-05,Seekh Kebab,Starters,2,588.0,280,Register,UPI,Payment,Spice Route Kitchen,Kolkata
2026-04-05,Chicken 65,Starters,2,403.2,240,Register,UPI,Payment,Spice Route Kitchen,Kolkata
2026-04-05,Paneer Tikka,Starters,1,273.0,260,Register,UPI,Payment,Spice Route Kitchen,Kolkata
2026-04-05,Paneer Tikka,Starters,1,273.0,260,Swiggy,UPI,Payment,Spice Route Kitchen,Kolkata
2026-04-05,Chicken Biryani,Biryani,1,273.0,260,Swiggy,UPI,Payment,Spice Route Kitchen,Kolkata
2026-04-05,Tandoori Roti,Breads,2,63.0,30,Swiggy,UPI,Payment,Spice Route Kitchen,Kolkata
2026-04-05,Butter Chicken,Main Course,2,672.0,320,Swiggy,UPI,Payment,Spice Route Kitchen,Kolkata
2026-04-05,Sweet Lassi,Beverages,3,252.0,80,Swiggy,Card,Payment,Spice Route Kitchen,Kolkata
2026-04-05,Butter Chicken,Main Course,1,268.8,320,Swiggy,Card,Payment,Spice Route Kitchen,Kolkata
2026-04-05,Butter Naan,Breads,3,141.75,45,Swiggy,Card,Payment,Spice Route Kitchen,Kolkata
2026-04-05,Butter Chicken,Main Course,3,1008.0,320,Register,Cash,Payment,Spice Route Kitchen,Kolkata
2026-04-05,Chicken Biryani,Biryani,1,273.0,260,Register,UPI,Payment,Spice Route Kitchen,Kolkata
2026-04-05,Mango Lassi,Beverages,2,189.0,90,Register,Cash,Payment,Spice Route Kitchen,Kolkata
2026-04-05,Gulab Jamun (2pc),Desserts,1,94.5,90,Swiggy,UPI,Payment,Spice Route Kitchen,Kolkata
2026-04-05,Gulab Jamun (2pc),Desserts,1,94.5,90,Zomato,Card,Payment,Spice Route Kitchen,Kolkata
2026-04-05,Veg Biryani,Biryani,1,198.45,210,Swiggy,UPI,Payment,Spice Route Kitchen,Kolkata
2026-04-05,Chicken Biryani,Biryani,1,273.0,260,Zomato,Card,Payment,Spice Route Kitchen,Kolkata
2026-04-05,Garlic Naan,Breads,3,173.25,55,Swiggy,UPI,Payment,Spice Route Kitchen,Kolkata
2026-04-05,Masala Chai,Beverages,1,42.0,40,Swiggy,UPI,Payment,Spice Route Kitchen,Kolkata
2026-04-05,Mango Lassi,Beverages,2,189.0,90,Register,Cash,Payment,Spice Route Kitchen,Kolkata
2026-04-05,Dal Makhani,Main Course,3,693.0,220,Register,Cash,Payment,Spice Route Kitchen,Kolkata
2026-04-05,Chicken Biryani,Biryani,1,273.0,260,Zomato,UPI,Payment,Spice Route Kitchen,Kolkata
2026-04-05,Butter Naan,Breads,1,47.25,45,Zomato,Card,Payment,Spice Route Kitchen,Kolkata
2026-04-05,Gulab Jamun (2pc),Desserts,1,94.5,90,Zomato,Card,Payment,Spice Route Kitchen,Kolkata
2026-04-05,Samosa (2pc),Starters,1,63.0,60,Register,UPI,Payment,Spice Route Kitchen,Kolkata
2026-04-05,Garlic Naan,Breads,2,115.5,55,Register,UPI,Payment,Spice Route Kitchen,Kolkata
2026-04-05,Paneer Butter Masala,Main Course,3,882.0,280,Register,Cash,Payment,Spice Route Kitchen,Kolkata
2026-04-05,Seekh Kebab,Starters,2,411.6,280,Swiggy,UPI,Payment,Spice Route Kitchen,Kolkata
2026-04-05,Samosa (2pc),Starters,1,63.0,60,Swiggy,UPI,Payment,Spice Route Kitchen,Kolkata
2026-04-05,Seekh Kebab,Starters,1,294.0,280,Swiggy,UPI,Payment,Spice Route Kitchen,Kolkata
2026-04-05,Dal Makhani,Main Course,2,369.6,220,Swiggy,Card,Payment,Spice Route Kitchen,Kolkata
2026-04-05,Chicken 65,Starters,1,252.0,240,Swiggy,Card,Payment,Spice Route Kitchen,Kolkata
2026-04-05,Rasmalai (2pc),Desserts,1,103.95,110,Register,Card,Payment,Spice Route Kitchen,Kolkata
2026-04-05,Masala Chai,Beverages,2,84.0,40,Register,Card,Payment,Spice Route Kitchen,Kolkata
2026-04-05,Butter Naan,Breads,1,47.25,45,Register,Card,Payment,Spice Route Kitchen,Kolkata
2026-04-05,Butter Naan,Breads,3,127.58,45,Zomato,Card,Payment,Spice Route Kitchen,Kolkata
2026-04-05,Butter Chicken,Main Course,1,302.4,320,Zomato,Card,Payment,Spice Route Kitchen,Kolkata
2026-04-05,Paneer Tikka,Starters,1,273.0,260,Zomato,Card,Payment,Spice Route Kitchen,Kolkata
2026-04-05,Chicken Biryani,Biryani,2,546.0,260,Zomato,Card,Payment,Spice Route Kitchen,Kolkata
2026-04-05,Mutton Biryani,Biryani,1,357.0,340,Swiggy,UPI,Payment,Spice Route Kitchen,Kolkata
2026-04-05,Mutton Biryani,Biryani,2,714.0,340,Swiggy,UPI,Payment,Spice Route Kitchen,Kolkata
2026-04-05,Garlic Naan,Breads,1,51.98,55,Zomato,UPI,Payment,Spice Route Kitchen,Kolkata
2026-04-05,Chicken 65,Starters,2,504.0,240,Swiggy,UPI,Payment,Spice Route Kitchen,Kolkata
2026-04-05,Paneer Butter Masala,Main Course,1,235.2,280,Register,UPI,Payment,Spice Route Kitchen,Kolkata
2026-04-05,Paneer Tikka,Starters,1,273.0,260,Register,UPI,Payment,Spice Route Kitchen,Kolkata
2026-04-05,Tandoori Roti,Breads,1,31.5,30,Register,UPI,Payment,Spice Route Kitchen,Kolkata
2026-04-05,Tandoori Roti,Breads,1,31.5,30,Swiggy,Card,Payment,Spice Route Kitchen,Kolkata
2026-04-05,Papad,Sides,1,31.5,30,Swiggy,Card,Payment,Spice Route Kitchen,Kolkata
2026-04-05,Chicken Biryani,Biryani,2,546.0,260,Zomato,UPI,Payment,Spice Route Kitchen,Kolkata
2026-04-05,Gulab Jamun (2pc),Desserts,1,85.05,90,Zomato,UPI,Payment,Spice Route Kitchen,Kolkata
2026-04-05,Veg Biryani,Biryani,1,220.5,210,Zomato,UPI,Payment,Spice Route Kitchen,Kolkata
2026-04-05,Butter Naan,Breads,1,47.25,45,Register,UPI,Payment,Spice Route Kitchen,Kolkata
2026-04-05,Veg Biryani,Biryani,2,441.0,210,Register,UPI,Payment,Spice Route Kitchen,Kolkata
2026-04-05,Chicken 65,Starters,1,252.0,240,Swiggy,Card,Payment,Spice Route Kitchen,Kolkata
2026-04-05,Rasmalai (2pc),Desserts,1,115.5,110,Swiggy,Card,Payment,Spice Route Kitchen,Kolkata
2026-04-05,Paneer Butter Masala,Main Course,3,882.0,280,Register,UPI,Payment,Spice Route Kitchen,Kolkata
2026-04-05,Paneer Butter Masala,Main Course,2,588.0,280,Register,UPI,Payment,Spice Route Kitchen,Kolkata
2026-04-05,Chicken Biryani,Biryani,1,273.0,260,Register,UPI,Payment,Spice Route Kitchen,Kolkata
2026-04-05,Masala Chai,Beverages,2,84.0,40,Register,UPI,Payment,Spice Route Kitchen,Kolkata
2026-04-05,Mutton Biryani,Biryani,1,357.0,340,Swiggy,UPI,Payment,Spice Route Kitchen,Kolkata
2026-04-05,Dal Makhani,Main Course,2,462.0,220,Zomato,Card,Payment,Spice Route Kitchen,Kolkata
2026-04-05,Masala Chai,Beverages,1,42.0,40,Zomato,Card,Payment,Spice Route Kitchen,Kolkata
2026-04-05,Paneer Tikka,Starters,2,546.0,260,Zomato,Card,Payment,Spice Route Kitchen,Kolkata
2026-04-05,Samosa (2pc),Starters,1,63.0,60,Zomato,Card,Payment,Spice Route Kitchen,Kolkata
2026-04-05,Tandoori Roti,Breads,1,28.35,30,Register,Cash,Payment,Spice Route Kitchen,Kolkata
2026-04-05,Chicken Biryani,Biryani,1,218.4,260,Register,Cash,Payment,Spice Route Kitchen,Kolkata
2026-04-05,Butter Chicken,Main Course,1,336.0,320,Register,UPI,Payment,Spice Route Kitchen,Kolkata
2026-04-05,Samosa (2pc),Starters,1,63.0,60,Register,Cash,Payment,Spice Route Kitchen,Kolkata
2026-04-05,Butter Chicken,Main Course,2,537.6,320,Zomato,Card,Payment,Spice Route Kitchen,Kolkata
2026-04-05,Seekh Kebab,Starters,2,470.4,280,Register,Cash,Payment,Spice Route Kitchen,Kolkata
2026-04-05,Mutton Biryani,Biryani,1,285.6,340,Register,Cash,Payment,Spice Route Kitchen,Kolkata
2026-04-05,Dal Makhani,Main Course,1,231.0,220,Zomato,Card,Payment,Spice Route Kitchen,Kolkata
2026-04-05,Butter Chicken,Main Course,2,672.0,320,Zomato,Card,Payment,Spice Route Kitchen,Kolkata
2026-04-05,Butter Naan,Breads,1,33.08,45,Zomato,Card,Payment,Spice Route Kitchen,Kolkata
2026-04-05,Paneer Tikka,Starters,1,273.0,260,Zomato,Card,Payment,Spice Route Kitchen,Kolkata
2026-04-05,Butter Chicken,Main Course,1,336.0,320,Zomato,Card,Payment,Spice Route Kitchen,Kolkata
2026-04-05,Butter Chicken,Main Course,3,1008.0,320,Zomato,UPI,Payment,Spice Route Kitchen,Kolkata
2026-04-05,Butter Chicken,Main Course,1,336.0,320,Zomato,UPI,Payment,Spice Route Kitchen,Kolkata
2026-04-05,Mutton Biryani,Biryani,1,357.0,340,Swiggy,Card,Payment,Spice Route Kitchen,Kolkata
2026-04-05,Samosa (2pc),Starters,1,63.0,60,Swiggy,Card,Payment,Spice Route Kitchen,Kolkata
2026-04-05,Mutton Biryani,Biryani,1,357.0,340,Swiggy,Card,Payment,Spice Route Kitchen,Kolkata
2026-04-05,Tandoori Roti,Breads,1,31.5,30,Swiggy,Card,Payment,Spice Route Kitchen,Kolkata
2026-04-05,Butter Chicken,Main Course,3,1008.0,320,Zomato,Card,Payment,Spice Route Kitchen,Kolkata
2026-04-05,Samosa (2pc),Starters,1,56.7,60,Swiggy,UPI,Payment,Spice Route Kitchen,Kolkata
2026-04-05,Tandoori Roti,Breads,1,31.5,30,Swiggy,Card,Payment,Spice Route Kitchen,Kolkata
2026-04-05,Dal Makhani,Main Course,2,462.0,220,Register,UPI,Payment,Spice Route Kitchen,Kolkata
2026-04-05,Chicken Biryani,Biryani,2,546.0,260,Register,UPI,Payment,Spice Route Kitchen,Kolkata
2026-04-05,Butter Naan,Breads,1,33.08,45,Zomato,UPI,Payment,Spice Route Kitchen,Kolkata
2026-04-05,Garlic Naan,Breads,1,40.43,55,Zomato,UPI,Payment,Spice Route Kitchen,Kolkata
2026-04-05,Chicken Biryani,Biryani,2,491.4,260,Zomato,UPI,Payment,Spice Route Kitchen,Kolkata
2026-04-05,Paneer Tikka,Starters,1,273.0,260,Register,UPI,Payment,Spice Route Kitchen,Kolkata
2026-04-05,Sweet Lassi,Beverages,1,67.2,80,Swiggy,UPI,Payment,Spice Route Kitchen,Kolkata
2026-04-05,Masala Chai,Beverages,2,84.0,40,Swiggy,UPI,Payment,Spice Route Kitchen,Kolkata
2026-04-05,Chicken Biryani,Biryani,1,218.4,260,Swiggy,UPI,Payment,Spice Route Kitchen,Kolkata
2026-04-05,Papad,Sides,2,44.1,30,Register,UPI,Payment,Spice Route Kitchen,Kolkata
2026-04-06,Paneer Tikka,Starters,1,273.0,260,Zomato,Card,Payment,Spice Route Kitchen,Kolkata
2026-04-06,Samosa (2pc),Starters,1,63.0,60,Zomato,Card,Payment,Spice Route Kitchen,Kolkata
2026-04-06,Mango Lassi,Beverages,2,170.1,90,Zomato,UPI,Payment,Spice Route Kitchen,Kolkata
2026-04-06,Coke,Beverages,2,126.0,60,Zomato,UPI,Payment,Spice Route Kitchen,Kolkata
2026-04-06,Butter Naan,Breads,1,47.25,45,Zomato,UPI,Payment,Spice Route Kitchen,Kolkata
2026-04-06,Masala Chai,Beverages,1,42.0,40,Swiggy,Card,Payment,Spice Route Kitchen,Kolkata
2026-04-06,Paneer Butter Masala,Main Course,2,588.0,280,Swiggy,Card,Payment,Spice Route Kitchen,Kolkata
2026-04-06,Chicken 65,Starters,2,504.0,240,Swiggy,Card,Payment,Spice Route Kitchen,Kolkata
2026-04-06,Tandoori Roti,Breads,1,31.5,30,Zomato,UPI,Payment,Spice Route Kitchen,Kolkata
2026-04-06,Paneer Butter Masala,Main Course,3,882.0,280,Zomato,Card,Payment,Spice Route Kitchen,Kolkata
2026-04-06,Rasmalai (2pc),Desserts,1,115.5,110,Zomato,Card,Payment,Spice Route Kitchen,Kolkata
2026-04-06,Gulab Jamun (2pc),Desserts,3,283.5,90,Zomato,Card,Payment,Spice Route Kitchen,Kolkata
2026-04-06,Garlic Naan,Breads,1,57.75,55,Zomato,UPI,Payment,Spice Route Kitchen,Kolkata
2026-04-06,Veg Biryani,Biryani,1,198.45,210,Zomato,UPI,Payment,Spice Route Kitchen,Kolkata
2026-04-06,Mango Lassi,Beverages,2,170.1,90,Zomato,UPI,Payment,Spice Route Kitchen,Kolkata
2026-04-06,Butter Chicken,Main Course,1,302.4,320,Zomato,Card,Payment,Spice Route Kitchen,Kolkata
2026-04-06,Coke,Beverages,1,63.0,60,Swiggy,Card,Payment,Spice Route Kitchen,Kolkata
2026-04-06,Butter Naan,Breads,3,113.4,45,Swiggy,UPI,Payment,Spice Route Kitchen,Kolkata
2026-04-06,Masala Chai,Beverages,1,42.0,40,Zomato,UPI,Payment,Spice Route Kitchen,Kolkata
2026-04-06,Samosa (2pc),Starters,1,56.7,60,Register,Cash,Payment,Spice Route Kitchen,Kolkata
2026-04-06,Rasmalai (2pc),Desserts,1,115.5,110,Zomato,Card,Payment,Spice Route Kitchen,Kolkata
2026-04-06,Paneer Butter Masala,Main Course,1,294.0,280,Zomato,Card,Payment,Spice Route Kitchen,Kolkata
2026-04-06,Butter Naan,Breads,1,47.25,45,Zomato,Card,Payment,Spice Route Kitchen,Kolkata
2026-04-06,Paneer Butter Masala,Main Course,1,264.6,280,Zomato,Card,Payment,Spice Route Kitchen,Kolkata
2026-04-06,Paneer Butter Masala,Main Course,2,529.2,280,Swiggy,UPI,Payment,Spice Route Kitchen,Kolkata
2026-04-06,Butter Chicken,Main Course,2,672.0,320,Swiggy,UPI,Payment,Spice Route Kitchen,Kolkata
2026-04-06,Paneer Butter Masala,Main Course,1,205.8,280,Swiggy,UPI,Payment,Spice Route Kitchen,Kolkata
2026-04-06,Mango Lassi,Beverages,1,94.5,90,Zomato,UPI,Payment,Spice Route Kitchen,Kolkata
2026-04-06,Seekh Kebab,Starters,1,264.6,280,Zomato,UPI,Payment,Spice Route Kitchen,Kolkata
2026-04-06,Chicken Biryani,Biryani,1,273.0,260,Zomato,UPI,Payment,Spice Route Kitchen,Kolkata
2026-04-06,Butter Chicken,Main Course,1,336.0,320,Zomato,UPI,Payment,Spice Route Kitchen,Kolkata
2026-04-06,Samosa (2pc),Starters,1,63.0,60,Swiggy,Card,Payment,Spice Route Kitchen,Kolkata
2026-04-06,Butter Chicken,Main Course,3,1008.0,320,Swiggy,Card,Payment,Spice Route Kitchen,Kolkata
2026-04-06,Gulab Jamun (2pc),Desserts,1,94.5,90,Swiggy,Card,Payment,Spice Route Kitchen,Kolkata
2026-04-06,Samosa (2pc),Starters,1,56.7,60,Swiggy,UPI,Payment,Spice Route Kitchen,Kolkata
2026-04-06,Masala Chai,Beverages,1,29.4,40,Swiggy,UPI,Payment,Spice Route Kitchen,Kolkata
2026-04-06,Samosa (2pc),Starters,1,63.0,60,Swiggy,UPI,Payment,Spice Route Kitchen,Kolkata
2026-04-06,Mango Lassi,Beverages,1,94.5,90,Swiggy,UPI,Payment,Spice Route Kitchen,Kolkata
2026-04-06,Chicken Biryani,Biryani,1,191.1,260,Zomato,Card,Payment,Spice Route Kitchen,Kolkata
2026-04-06,Garlic Naan,Breads,2,115.5,55,Zomato,Card,Payment,Spice Route Kitchen,Kolkata
2026-04-06,Chicken Biryani,Biryani,2,546.0,260,Zomato,Card,Payment,Spice Route Kitchen,Kolkata
2026-04-06,Rasmalai (2pc),Desserts,2,207.9,110,Zomato,UPI,Payment,Spice Route Kitchen,Kolkata
2026-04-06,Paneer Tikka,Starters,2,546.0,260,Zomato,UPI,Payment,Spice Route Kitchen,Kolkata
2026-04-06,Masala Chai,Beverages,3,126.0,40,Zomato,UPI,Payment,Spice Route Kitchen,Kolkata
2026-04-06,Paneer Butter Masala,Main Course,1,294.0,280,Zomato,UPI,Payment,Spice Route Kitchen,Kolkata
2026-04-06,Chicken 65,Starters,1,201.6,240,Zomato,UPI,Payment,Spice Route Kitchen,Kolkata
2026-04-06,Butter Naan,Breads,1,47.25,45,Zomato,UPI,Payment,Spice Route Kitchen,Kolkata
2026-04-06,Garlic Naan,Breads,2,115.5,55,Zomato,UPI,Payment,Spice Route Kitchen,Kolkata
2026-04-06,Butter Naan,Breads,1,47.25,45,Zomato,UPI,Payment,Spice Route Kitchen,Kolkata
2026-04-06,Paneer Butter Masala,Main Course,1,294.0,280,Zomato,UPI,Payment,Spice Route Kitchen,Kolkata
2026-04-06,Sweet Lassi,Beverages,2,168.0,80,Register,Cash,Payment,Spice Route Kitchen,Kolkata
2026-04-06,Mutton Biryani,Biryani,1,321.3,340,Register,Cash,Payment,Spice Route Kitchen,Kolkata
2026-04-06,Butter Naan,Breads,2,94.5,45,Register,Cash,Payment,Spice Route Kitchen,Kolkata
2026-04-06,Chicken 65,Starters,1,252.0,240,Register,Card,Payment,Spice Route Kitchen,Kolkata
2026-04-06,Samosa (2pc),Starters,2,126.0,60,Register,Card,Payment,Spice Route Kitchen,Kolkata
2026-04-06,Mango Lassi,Beverages,1,94.5,90,Register,Card,Payment,Spice Route Kitchen,Kolkata
2026-04-06,Paneer Tikka,Starters,1,218.4,260,Zomato,Card,Payment,Spice Route Kitchen,Kolkata
2026-04-06,Mutton Biryani,Biryani,2,642.6,340,Zomato,UPI,Payment,Spice Route Kitchen,Kolkata
2026-04-06,Paneer Tikka,Starters,1,191.1,260,Zomato,Card,Payment,Spice Route Kitchen,Kolkata
2026-04-06,Dal Makhani,Main Course,1,184.8,220,Register,Card,Payment,Spice Route Kitchen,Kolkata
2026-04-06,Butter Naan,Breads,3,141.75,45,Zomato,Card,Payment,Spice Route Kitchen,Kolkata
2026-04-06,Veg Biryani,Biryani,1,220.5,210,Register,Cash,Payment,Spice Route Kitchen,Kolkata
2026-04-06,Mutton Biryani,Biryani,2,642.6,340,Swiggy,Card,Payment,Spice Route Kitchen,Kolkata
2026-04-06,Tandoori Roti,Breads,2,44.1,30,Swiggy,Card,Payment,Spice Route Kitchen,Kolkata
2026-04-06,Chicken 65,Starters,2,504.0,240,Swiggy,Card,Payment,Spice Route Kitchen,Kolkata
2026-04-06,Mango Lassi,Beverages,2,189.0,90,Zomato,UPI,Payment,Spice Route Kitchen,Kolkata
2026-04-06,Papad,Sides,1,31.5,30,Zomato,Card,Payment,Spice Route Kitchen,Kolkata
2026-04-06,Samosa (2pc),Starters,2,126.0,60,Zomato,UPI,Payment,Spice Route Kitchen,Kolkata
2026-04-06,Masala Chai,Beverages,2,84.0,40,Zomato,UPI,Payment,Spice Route Kitchen,Kolkata
2026-04-06,Garlic Naan,Breads,2,92.4,55,Zomato,UPI,Payment,Spice Route Kitchen,Kolkata
2026-04-06,Coke,Beverages,2,126.0,60,Zomato,UPI,Payment,Spice Route Kitchen,Kolkata
2026-04-06,Chicken Biryani,Biryani,3,819.0,260,Register,UPI,Payment,Spice Route Kitchen,Kolkata
2026-04-06,Chicken Biryani,Biryani,1,273.0,260,Register,UPI,Payment,Spice Route Kitchen,Kolkata
2026-04-06,Gulab Jamun (2pc),Desserts,1,94.5,90,Register,UPI,Payment,Spice Route Kitchen,Kolkata
2026-04-06,Papad,Sides,1,31.5,30,Register,Card,Payment,Spice Route Kitchen,Kolkata
2026-04-06,Butter Chicken,Main Course,3,907.2,320,Zomato,Card,Payment,Spice Route Kitchen,Kolkata
2026-04-06,Butter Naan,Breads,2,94.5,45,Zomato,Card,Payment,Spice Route Kitchen,Kolkata
2026-04-06,Dal Makhani,Main Course,1,184.8,220,Zomato,UPI,Payment,Spice Route Kitchen,Kolkata
2026-04-07,Butter Naan,Breads,1,47.25,45,Zomato,Card,Payment,Spice Route Kitchen,Kolkata
2026-04-07,Paneer Tikka,Starters,2,546.0,260,Register,Cash,Payment,Spice Route Kitchen,Kolkata
2026-04-07,Paneer Tikka,Starters,1,273.0,260,Register,Cash,Payment,Spice Route Kitchen,Kolkata
2026-04-07,Butter Naan,Breads,1,33.08,45,Zomato,UPI,Payment,Spice Route Kitchen,Kolkata
2026-04-07,Gulab Jamun (2pc),Desserts,1,94.5,90,Swiggy,UPI,Payment,Spice Route Kitchen,Kolkata
2026-04-07,Dal Makhani,Main Course,3,554.4,220,Swiggy,UPI,Payment,Spice Route Kitchen,Kolkata
2026-04-07,Mango Lassi,Beverages,1,94.5,90,Zomato,Card,Payment,Spice Route Kitchen,Kolkata
2026-04-07,Sweet Lassi,Beverages,2,168.0,80,Zomato,Card,Payment,Spice Route Kitchen,Kolkata
2026-04-07,Butter Naan,Breads,3,141.75,45,Swiggy,Card,Payment,Spice Route Kitchen,Kolkata
2026-04-07,Garlic Naan,Breads,1,57.75,55,Swiggy,Card,Payment,Spice Route Kitchen,Kolkata
2026-04-07,Chicken Biryani,Biryani,2,491.4,260,Swiggy,Card,Payment,Spice Route Kitchen,Kolkata
2026-04-07,Sweet Lassi,Beverages,2,168.0,80,Zomato,Card,Payment,Spice Route Kitchen,Kolkata
2026-04-07,Butter Naan,Breads,2,94.5,45,Zomato,Card,Payment,Spice Route Kitchen,Kolkata
2026-04-07,Garlic Naan,Breads,2,92.4,55,Zomato,Card,Payment,Spice Route Kitchen,Kolkata
2026-04-07,Mango Lassi,Beverages,1,94.5,90,Swiggy,UPI,Payment,Spice Route Kitchen,Kolkata
2026-04-07,Veg Biryani,Biryani,1,220.5,210,Swiggy,UPI,Payment,Spice Route Kitchen,Kolkata
2026-04-07,Samosa (2pc),Starters,3,151.2,60,Register,UPI,Payment,Spice Route Kitchen,Kolkata
2026-04-07,Dal Makhani,Main Course,2,369.6,220,Register,Cash,Payment,Spice Route Kitchen,Kolkata
2026-04-07,Mango Lassi,Beverages,1,94.5,90,Register,UPI,Payment,Spice Route Kitchen,Kolkata
2026-04-07,Tandoori Roti,Breads,1,31.5,30,Swiggy,UPI,Payment,Spice Route Kitchen,Kolkata
2026-04-07,Sweet Lassi,Beverages,1,84.0,80,Swiggy,UPI,Payment,Spice Route Kitchen,Kolkata
2026-04-07,Samosa (2pc),Starters,1,63.0,60,Swiggy,UPI,Payment,Spice Route Kitchen,Kolkata
2026-04-07,Dal Makhani,Main Course,1,231.0,220,Swiggy,UPI,Payment,Spice Route Kitchen,Kolkata
2026-04-07,Coke,Beverages,1,63.0,60,Zomato,UPI,Payment,Spice Route Kitchen,Kolkata
2026-04-07,Papad,Sides,1,28.35,30,Zomato,UPI,Payment,Spice Route Kitchen,Kolkata
2026-04-07,Veg Biryani,Biryani,1,220.5,210,Zomato,Card,Payment,Spice Route Kitchen,Kolkata
2026-04-07,Coke,Beverages,1,63.0,60,Zomato,Card,Payment,Spice Route Kitchen,Kolkata
2026-04-07,Veg Biryani,Biryani,1,154.35,210,Zomato,Card,Payment,Spice Route Kitchen,Kolkata
2026-04-07,Papad,Sides,3,94.5,30,Register,Cash,Payment,Spice Route Kitchen,Kolkata
2026-04-07,Papad,Sides,1,31.5,30,Zomato,UPI,Payment,Spice Route Kitchen,Kolkata
2026-04-07,Butter Naan,Breads,1,47.25,45,Zomato,UPI,Payment,Spice Route Kitchen,Kolkata
2026-04-07,Butter Naan,Breads,1,47.25,45,Zomato,UPI,Payment,Spice Route Kitchen,Kolkata
2026-04-07,Chicken Biryani,Biryani,1,273.0,260,Zomato,UPI,Payment,Spice Route Kitchen,Kolkata
2026-04-07,Chicken Biryani,Biryani,3,819.0,260,Register,UPI,Payment,Spice Route Kitchen,Kolkata
2026-04-07,Garlic Naan,Breads,1,51.98,55,Register,UPI,Payment,Spice Route Kitchen,Kolkata
2026-04-07,Paneer Butter Masala,Main Course,2,411.6,280,Swiggy,UPI,Payment,Spice Route Kitchen,Kolkata
2026-04-07,Garlic Naan,Breads,1,57.75,55,Zomato,UPI,Payment,Spice Route Kitchen,Kolkata
2026-04-07,Garlic Naan,Breads,1,57.75,55,Zomato,UPI,Payment,Spice Route Kitchen,Kolkata
2026-04-07,Garlic Naan,Breads,1,46.2,55,Zomato,Card,Payment,Spice Route Kitchen,Kolkata
2026-04-07,Samosa (2pc),Starters,1,63.0,60,Zomato,Card,Payment,Spice Route Kitchen,Kolkata
2026-04-07,Coke,Beverages,3,170.1,60,Zomato,UPI,Payment,Spice Route Kitchen,Kolkata
2026-04-07,Gulab Jamun (2pc),Desserts,2,151.2,90,Zomato,UPI,Payment,Spice Route Kitchen,Kolkata
2026-04-07,Tandoori Roti,Breads,2,63.0,30,Register,Cash,Payment,Spice Route Kitchen,Kolkata
2026-04-07,Paneer Butter Masala,Main Course,1,294.0,280,Register,Cash,Payment,Spice Route Kitchen,Kolkata
2026-04-07,Butter Chicken,Main Course,1,336.0,320,Swiggy,Card,Payment,Spice Route Kitchen,Kolkata
2026-04-07,Samosa (2pc),Starters,3,189.0,60,Swiggy,Card,Payment,Spice Route Kitchen,Kolkata
2026-04-07,Mutton Biryani,Biryani,2,714.0,340,Swiggy,UPI,Payment,Spice Route Kitchen,Kolkata
2026-04-07,Chicken 65,Starters,2,504.0,240,Swiggy,Card,Payment,Spice Route Kitchen,Kolkata
2026-04-07,Butter Naan,Breads,3,141.75,45,Swiggy,Card,Payment,Spice Route Kitchen,Kolkata
2026-04-07,Chicken 65,Starters,1,226.8,240,Zomato,Card,Payment,Spice Route Kitchen,Kolkata
2026-04-07,Chicken Biryani,Biryani,3,819.0,260,Zomato,Card,Payment,Spice Route Kitchen,Kolkata
2026-04-07,Butter Naan,Breads,1,47.25,45,Zomato,Card,Payment,Spice Route Kitchen,Kolkata
2026-04-07,Mutton Biryani,Biryani,2,571.2,340,Swiggy,UPI,Payment,Spice Route Kitchen,Kolkata
2026-04-07,Chicken Biryani,Biryani,2,382.2,260,Zomato,Card,Payment,Spice Route Kitchen,Kolkata
2026-04-07,Veg Biryani,Biryani,1,198.45,210,Zomato,Card,Payment,Spice Route Kitchen,Kolkata
2026-04-07,Veg Biryani,Biryani,1,220.5,210,Swiggy,Card,Payment,Spice Route Kitchen,Kolkata
2026-04-07,Coke,Beverages,1,63.0,60,Zomato,Card,Payment,Spice Route Kitchen,Kolkata
2026-04-07,Paneer Tikka,Starters,2,546.0,260,Zomato,Card,Payment,Spice Route Kitchen,Kolkata
2026-04-07,Chicken 65,Starters,1,252.0,240,Zomato,Card,Payment,Spice Route Kitchen,Kolkata
2026-04-07,Butter Chicken,Main Course,1,336.0,320,Zomato,Card,Payment,Spice Route Kitchen,Kolkata
2026-04-07,Masala Chai,Beverages,1,42.0,40,Zomato,Card,Payment,Spice Route Kitchen,Kolkata
2026-04-07,Butter Naan,Breads,1,47.25,45,Zomato,UPI,Payment,Spice Route Kitchen,Kolkata
2026-04-07,Masala Chai,Beverages,1,42.0,40,Zomato,Card,Payment,Spice Route Kitchen,Kolkata
2026-04-07,Mango Lassi,Beverages,1,94.5,90,Zomato,Card,Payment,Spice Route Kitchen,Kolkata
2026-04-07,Paneer Butter Masala,Main Course,1,294.0,280,Zomato,Card,Payment,Spice Route Kitchen,Kolkata
2026-04-07,Butter Naan,Breads,1,47.25,45,Zomato,Card,Payment,Spice Route Kitchen,Kolkata
2026-04-07,Rasmalai (2pc),Desserts,2,184.8,110,Zomato,Card,Payment,Spice Route Kitchen,Kolkata
2026-04-07,Paneer Tikka,Starters,1,191.1,260,Zomato,Card,Payment,Spice Route Kitchen,Kolkata
2026-04-07,Samosa (2pc),Starters,1,50.4,60,Register,Card,Payment,Spice Route Kitchen,Kolkata
2026-04-07,Coke,Beverages,1,56.7,60,Register,Card,Payment,Spice Route Kitchen,Kolkata
2026-04-07,Samosa (2pc),Starters,1,56.7,60,Register,Card,Payment,Spice Route Kitchen,Kolkata
2026-04-07,Coke,Beverages,1,63.0,60,Register,Card,Payment,Spice Route Kitchen,Kolkata
2026-04-07,Garlic Naan,Breads,1,57.75,55,Zomato,Card,Payment,Spice Route Kitchen,Kolkata
2026-04-07,Samosa (2pc),Starters,3,189.0,60,Zomato,Card,Payment,Spice Route Kitchen,Kolkata
2026-04-08,Samosa (2pc),Starters,2,88.2,60,Zomato,UPI,Payment,Spice Route Kitchen,Kolkata
2026-04-08,Masala Chai,Beverages,3,126.0,40,Zomato,UPI,Payment,Spice Route Kitchen,Kolkata
2026-04-08,Gulab Jamun (2pc),Desserts,1,94.5,90,Zomato,UPI,Payment,Spice Route Kitchen,Kolkata
2026-04-08,Garlic Naan,Breads,2,92.4,55,Zomato,UPI,Payment,Spice Route Kitchen,Kolkata
2026-04-08,Paneer Butter Masala,Main Course,1,294.0,280,Zomato,Card,Payment,Spice Route Kitchen,Kolkata
2026-04-08,Butter Naan,Breads,1,47.25,45,Zomato,Card,Payment,Spice Route Kitchen,Kolkata
2026-04-08,Mutton Biryani,Biryani,2,714.0,340,Zomato,Card,Payment,Spice Route Kitchen,Kolkata
2026-04-08,Tandoori Roti,Breads,2,50.4,30,Register,UPI,Payment,Spice Route Kitchen,Kolkata
2026-04-08,Mango Lassi,Beverages,1,94.5,90,Register,UPI,Payment,Spice Route Kitchen,Kolkata
2026-04-08,Butter Naan,Breads,1,33.08,45,Zomato,UPI,Payment,Spice Route Kitchen,Kolkata
2026-04-08,Rasmalai (2pc),Desserts,2,231.0,110,Zomato,Card,Payment,Spice Route Kitchen,Kolkata
2026-04-08,Tandoori Roti,Breads,1,31.5,30,Swiggy,UPI,Payment,Spice Route Kitchen,Kolkata
2026-04-08,Tandoori Roti,Breads,1,31.5,30,Swiggy,Card,Payment,Spice Route Kitchen,Kolkata
2026-04-08,Butter Chicken,Main Course,1,302.4,320,Swiggy,UPI,Payment,Spice Route Kitchen,Kolkata
2026-04-08,Tandoori Roti,Breads,2,63.0,30,Register,Cash,Payment,Spice Route Kitchen,Kolkata
2026-04-08,Garlic Naan,Breads,3,138.6,55,Register,Cash,Payment,Spice Route Kitchen,Kolkata
2026-04-08,Butter Chicken,Main Course,1,336.0,320,Register,Cash,Payment,Spice Route Kitchen,Kolkata
2026-04-08,Veg Biryani,Biryani,1,176.4,210,Swiggy,Card,Payment,Spice Route Kitchen,Kolkata
2026-04-08,Coke,Beverages,1,63.0,60,Swiggy,Card,Payment,Spice Route Kitchen,Kolkata
2026-04-08,Butter Chicken,Main Course,2,672.0,320,Zomato,Card,Payment,Spice Route Kitchen,Kolkata
2026-04-08,Masala Chai,Beverages,2,84.0,40,Zomato,Card,Payment,Spice Route Kitchen,Kolkata
2026-04-08,Paneer Tikka,Starters,1,218.4,260,Zomato,Card,Payment,Spice Route Kitchen,Kolkata
2026-04-08,Paneer Butter Masala,Main Course,1,294.0,280,Zomato,UPI,Payment,Spice Route Kitchen,Kolkata
2026-04-08,Mutton Biryani,Biryani,1,321.3,340,Zomato,UPI,Payment,Spice Route Kitchen,Kolkata
2026-04-08,Chicken Biryani,Biryani,1,273.0,260,Register,UPI,Payment,Spice Route Kitchen,Kolkata
2026-04-08,Coke,Beverages,2,88.2,60,Swiggy,UPI,Payment,Spice Route Kitchen,Kolkata
2026-04-08,Paneer Butter Masala,Main Course,3,882.0,280,Register,Cash,Payment,Spice Route Kitchen,Kolkata
2026-04-08,Masala Chai,Beverages,3,126.0,40,Register,Cash,Payment,Spice Route Kitchen,Kolkata
2026-04-08,Coke,Beverages,1,63.0,60,Zomato,Card,Payment,Spice Route Kitchen,Kolkata
2026-04-08,Butter Chicken,Main Course,2,672.0,320,Register,UPI,Payment,Spice Route Kitchen,Kolkata
2026-04-08,Garlic Naan,Breads,1,57.75,55,Swiggy,UPI,Payment,Spice Route Kitchen,Kolkata
2026-04-08,Chicken Biryani,Biryani,1,273.0,260,Swiggy,UPI,Payment,Spice Route Kitchen,Kolkata
2026-04-08,Mango Lassi,Beverages,1,94.5,90,Swiggy,UPI,Payment,Spice Route Kitchen,Kolkata
2026-04-08,Butter Chicken,Main Course,1,336.0,320,Swiggy,UPI,Payment,Spice Route Kitchen,Kolkata
2026-04-08,Mango Lassi,Beverages,1,94.5,90,Swiggy,UPI,Payment,Spice Route Kitchen,Kolkata
2026-04-08,Garlic Naan,Breads,2,115.5,55,Swiggy,Card,Payment,Spice Route Kitchen,Kolkata
2026-04-08,Samosa (2pc),Starters,1,44.1,60,Register,Cash,Payment,Spice Route Kitchen,Kolkata
2026-04-08,Chicken 65,Starters,1,201.6,240,Register,Cash,Payment,Spice Route Kitchen,Kolkata
2026-04-08,Dal Makhani,Main Course,1,231.0,220,Zomato,UPI,Payment,Spice Route Kitchen,Kolkata
2026-04-08,Chicken Biryani,Biryani,1,273.0,260,Zomato,UPI,Payment,Spice Route Kitchen,Kolkata
2026-04-08,Gulab Jamun (2pc),Desserts,1,94.5,90,Register,Card,Payment,Spice Route Kitchen,Kolkata
2026-04-08,Butter Chicken,Main Course,1,336.0,320,Swiggy,Card,Payment,Spice Route Kitchen,Kolkata
2026-04-08,Samosa (2pc),Starters,1,63.0,60,Register,Card,Payment,Spice Route Kitchen,Kolkata
2026-04-08,Mango Lassi,Beverages,1,75.6,90,Zomato,Card,Payment,Spice Route Kitchen,Kolkata
2026-04-08,Butter Naan,Breads,1,47.25,45,Register,Card,Payment,Spice Route Kitchen,Kolkata
2026-04-08,Veg Biryani,Biryani,2,441.0,210,Register,Cash,Payment,Spice Route Kitchen,Kolkata
2026-04-08,Butter Chicken,Main Course,2,470.4,320,Register,Cash,Payment,Spice Route Kitchen,Kolkata
2026-04-08,Butter Chicken,Main Course,-1,-302.4,320,Swiggy,Card,Refund,Spice Route Kitchen,Kolkata
2026-04-08,Butter Naan,Breads,1,47.25,45,Zomato,UPI,Payment,Spice Route Kitchen,Kolkata
2026-04-08,Garlic Naan,Breads,-2,-115.5,55,Swiggy,Card,Refund,Spice Route Kitchen,Kolkata
2026-04-08,Dal Makhani,Main Course,1,231.0,220,Zomato,UPI,Payment,Spice Route Kitchen,Kolkata
2026-04-08,Garlic Naan,Breads,1,57.75,55,Register,Card,Payment,Spice Route Kitchen,Kolkata
2026-04-08,Masala Chai,Beverages,1,33.6,40,Register,Card,Payment,Spice Route Kitchen,Kolkata
2026-04-08,Paneer Tikka,Starters,1,273.0,260,Register,Card,Payment,Spice Route Kitchen,Kolkata
2026-04-08,Veg Biryani,Biryani,1,220.5,210,Register,Cash,Payment,Spice Route Kitchen,Kolkata
2026-04-09,Garlic Naan,Breads,2,115.5,55,Zomato,Card,Payment,Spice Route Kitchen,Kolkata
2026-04-09,Coke,Beverages,2,126.0,60,Zomato,UPI,Payment,Spice Route Kitchen,Kolkata
2026-04-09,Gulab Jamun (2pc),Desserts,1,94.5,90,Zomato,Card,Payment,Spice Route Kitchen,Kolkata
2026-04-09,Butter Naan,Breads,2,94.5,45,Zomato,Card,Payment,Spice Route Kitchen,Kolkata
2026-04-09,Mango Lassi,Beverages,1,94.5,90,Zomato,UPI,Payment,Spice Route Kitchen,Kolkata
2026-04-09,Butter Chicken,Main Course,2,672.0,320,Zomato,Card,Payment,Spice Route Kitchen,Kolkata
2026-04-09,Mango Lassi,Beverages,1,94.5,90,Swiggy,Card,Payment,Spice Route Kitchen,Kolkata
2026-04-09,Garlic Naan,Breads,3,173.25,55,Swiggy,Card,Payment,Spice Route Kitchen,Kolkata
2026-04-09,Masala Chai,Beverages,1,42.0,40,Swiggy,Card,Payment,Spice Route Kitchen,Kolkata
2026-04-09,Seekh Kebab,Starters,2,529.2,280,Swiggy,UPI,Payment,Spice Route Kitchen,Kolkata
2026-04-09,Sweet Lassi,Beverages,1,84.0,80,Swiggy,UPI,Payment,Spice Route Kitchen,Kolkata
2026-04-09,Butter Chicken,Main Course,2,537.6,320,Swiggy,Card,Payment,Spice Route Kitchen,Kolkata
2026-04-09,Dal Makhani,Main Course,1,231.0,220,Zomato,UPI,Payment,Spice Route Kitchen,Kolkata
2026-04-09,Papad,Sides,1,31.5,30,Swiggy,Card,Payment,Spice Route Kitchen,Kolkata
2026-04-09,Butter Naan,Breads,-2,-94.5,45,Swiggy,Card,Refund,Spice Route Kitchen,Kolkata
2026-04-09,Mango Lassi,Beverages,1,94.5,90,Zomato,UPI,Payment,Spice Route Kitchen,Kolkata
2026-04-09,Butter Chicken,Main Course,-1,-336.0,320,Swiggy,Card,Refund,Spice Route Kitchen,Kolkata
2026-04-09,Butter Naan,Breads,2,94.5,45,Swiggy,Card,Payment,Spice Route Kitchen,Kolkata
2026-04-09,Dal Makhani,Main Course,1,231.0,220,Swiggy,Card,Payment,Spice Route Kitchen,Kolkata
2026-04-09,Chicken 65,Starters,1,176.4,240,Register,Card,Payment,Spice Route Kitchen,Kolkata
2026-04-09,Butter Chicken,Main Course,2,672.0,320,Register,Card,Payment,Spice Route Kitchen,Kolkata
2026-04-09,Butter Naan,Breads,2,94.5,45,Register,Card,Payment,Spice Route Kitchen,Kolkata
2026-04-09,Chicken 65,Starters,3,756.0,240,Register,Card,Payment,Spice Route Kitchen,Kolkata
2026-04-09,Mango Lassi,Beverages,1,85.05,90,Zomato,UPI,Payment,Spice Route Kitchen,Kolkata
2026-04-09,Chicken 65,Starters,1,252.0,240,Zomato,UPI,Payment,Spice Route Kitchen,Kolkata
2026-04-09,Masala Chai,Beverages,2,75.6,40,Zomato,UPI,Payment,Spice Route Kitchen,Kolkata
2026-04-09,Butter Naan,Breads,1,47.25,45,Zomato,UPI,Payment,Spice Route Kitchen,Kolkata
2026-04-09,Garlic Naan,Breads,1,51.98,55,Swiggy,UPI,Payment,Spice Route Kitchen,Kolkata
2026-04-09,Samosa (2pc),Starters,1,63.0,60,Swiggy,UPI,Payment,Spice Route Kitchen,Kolkata
2026-04-09,Masala Chai,Beverages,1,42.0,40,Register,Cash,Payment,Spice Route Kitchen,Kolkata
2026-04-09,Chicken 65,Starters,-2,-504.0,240,Swiggy,Card,Refund,Spice Route Kitchen,Kolkata
2026-04-09,Veg Biryani,Biryani,2,441.0,210,Register,Cash,Payment,Spice Route Kitchen,Kolkata
2026-04-09,Party Order - Custom,Uncategorized,1,2625.0,2500,Zomato,Card,Payment,Spice Route Kitchen,Kolkata
2026-04-09,Coke,Beverages,2,126.0,60,Register,Cash,Payment,Spice Route Kitchen,Kolkata
2026-04-09,Mango Lassi,Beverages,1,94.5,90,Swiggy,Card,Payment,Spice Route Kitchen,Kolkata
2026-04-09,Dal Makhani,Main Course,2,369.6,220,Swiggy,UPI,Payment,Spice Route Kitchen,Kolkata
2026-04-09,Mango Lassi,Beverages,1,94.5,90,Swiggy,UPI,Payment,Spice Route Kitchen,Kolkata
2026-04-09,Mango Lassi,Beverages,2,189.0,90,Swiggy,UPI,Payment,Spice Route Kitchen,Kolkata
2026-04-09,Samosa (2pc),Starters,1,63.0,60,Swiggy,UPI,Payment,Spice Route Kitchen,Kolkata
2026-04-09,Samosa (2pc),Starters,1,63.0,60,Swiggy,UPI,Payment,Spice Route Kitchen,Kolkata
2026-04-09,Coke,Beverages,1,56.7,60,Swiggy,UPI,Payment,Spice Route Kitchen,Kolkata
2026-04-09,Samosa (2pc),Starters,1,50.4,60,Swiggy,UPI,Payment,Spice Route Kitchen,Kolkata
2026-04-09,Tandoori Roti,Breads,1,31.5,30,Zomato,UPI,Payment,Spice Route Kitchen,Kolkata
2026-04-09,Coke,Beverages,1,63.0,60,Zomato,UPI,Payment,Spice Route Kitchen,Kolkata
2026-04-09,Chicken 65,Starters,2,352.8,240,Zomato,UPI,Payment,Spice Route Kitchen,Kolkata
2026-04-09,Butter Naan,Breads,1,47.25,45,Zomato,UPI,Payment,Spice Route Kitchen,Kolkata
2026-04-09,Chicken Biryani,Biryani,1,273.0,260,Register,Cash,Payment,Spice Route Kitchen,Kolkata
2026-04-09,Chicken Biryani,Biryani,3,819.0,260,Register,Card,Payment,Spice Route Kitchen,Kolkata
2026-04-09,Seekh Kebab,Starters,2,588.0,280,Swiggy,UPI,Payment,Spice Route Kitchen,Kolkata
2026-04-09,Sweet Lassi,Beverages,1,84.0,80,Zomato,Card,Payment,Spice Route Kitchen,Kolkata
2026-04-09,Coke,Beverages,2,100.8,60,Register,Cash,Payment,Spice Route Kitchen,Kolkata
2026-04-09,Coke,Beverages,2,126.0,60,Register,Card,Payment,Spice Route Kitchen,Kolkata
2026-04-09,Veg Biryani,Biryani,1,220.5,210,Register,Card,Payment,Spice Route Kitchen,Kolkata
2026-04-09,Seekh Kebab,Starters,1,294.0,280,Swiggy,Card,Payment,Spice Route Kitchen,Kolkata
2026-04-09,Masala Chai,Beverages,1,42.0,40,Swiggy,Card,Payment,Spice Route Kitchen,Kolkata
2026-04-09,Butter Chicken,Main Course,2,672.0,320,Swiggy,Card,Payment,Spice Route Kitchen,Kolkata
2026-04-09,Chicken 65,Starters,1,226.8,240,Swiggy,Card,Payment,Spice Route Kitchen,Kolkata
2026-04-09,Butter Chicken,Main Course,1,336.0,320,Zomato,UPI,Payment,Spice Route Kitchen,Kolkata
2026-04-09,Chicken Biryani,Biryani,1,273.0,260,Zomato,UPI,Payment,Spice Route Kitchen,Kolkata
2026-04-09,Sweet Lassi,Beverages,3,226.8,80,Zomato,UPI,Payment,Spice Route Kitchen,Kolkata
2026-04-09,Gulab Jamun (2pc),Desserts,2,189.0,90,Zomato,Card,Payment,Spice Route Kitchen,Kolkata
2026-04-09,Chicken 65,Starters,1,252.0,240,Zomato,Card,Payment,Spice Route Kitchen,Kolkata
2026-04-09,Veg Biryani,Biryani,3,661.5,210,Swiggy,Card,Payment,Spice Route Kitchen,Kolkata
2026-04-09,Paneer Butter Masala,Main Course,1,264.6,280,Zomato,Card,Payment,Spice Route Kitchen,Kolkata
2026-04-10,Masala Chai,Beverages,1,42.0,40,Register,UPI,Payment,Spice Route Kitchen,Kolkata
2026-04-10,Papad,Sides,3,94.5,30,Zomato,UPI,Payment,Spice Route Kitchen,Kolkata
2026-04-10,Dal Makhani,Main Course,2,462.0,220,Zomato,UPI,Payment,Spice Route Kitchen,Kolkata
2026-04-10,Chicken 65,Starters,1,252.0,240,Zomato,UPI,Payment,Spice Route Kitchen,Kolkata
2026-04-10,Seekh Kebab,Starters,2,588.0,280,Zomato,UPI,Payment,Spice Route Kitchen,Kolkata
2026-04-10,Tandoori Roti,Breads,1,31.5,30,Zomato,UPI,Payment,Spice Route Kitchen,Kolkata
2026-04-10,Masala Chai,Beverages,2,75.6,40,Register,UPI,Payment,Spice Route Kitchen,Kolkata
2026-04-10,Garlic Naan,Breads,2,115.5,55,Register,UPI,Payment,Spice Route Kitchen,Kolkata
2026-04-10,Garlic Naan,Breads,1,57.75,55,Zomato,UPI,Payment,Spice Route Kitchen,Kolkata
2026-04-10,Gulab Jamun (2pc),Desserts,2,189.0,90,Register,UPI,Payment,Spice Route Kitchen,Kolkata
2026-04-10,Gulab Jamun (2pc),Desserts,1,94.5,90,Register,UPI,Payment,Spice Route Kitchen,Kolkata
2026-04-10,Rasmalai (2pc),Desserts,2,231.0,110,Zomato,UPI,Payment,Spice Route Kitchen,Kolkata
2026-04-10,Seekh Kebab,Starters,1,294.0,280,Zomato,UPI,Payment,Spice Route Kitchen,Kolkata
2026-04-10,Rasmalai (2pc),Desserts,1,115.5,110,Register,UPI,Payment,Spice Route Kitchen,Kolkata
2026-04-10,Mango Lassi,Beverages,2,189.0,90,Register,UPI,Payment,Spice Route Kitchen,Kolkata
2026-04-10,Butter Naan,Breads,1,47.25,45,Register,UPI,Payment,Spice Route Kitchen,Kolkata
2026-04-10,Chicken Biryani,Biryani,1,273.0,260,Register,UPI,Payment,Spice Route Kitchen,Kolkata
2026-04-10,Rasmalai (2pc),Desserts,2,231.0,110,Register,UPI,Payment,Spice Route Kitchen,Kolkata
2026-04-10,Butter Chicken,Main Course,3,1008.0,320,Swiggy,UPI,Payment,Spice Route Kitchen,Kolkata
2026-04-10,Butter Chicken,Main Course,2,672.0,320,Swiggy,UPI,Payment,Spice Route Kitchen,Kolkata
2026-04-10,Masala Chai,Beverages,1,42.0,40,Register,UPI,Payment,Spice Route Kitchen,Kolkata
2026-04-10,Masala Chai,Beverages,1,42.0,40,Zomato,UPI,Payment,Spice Route Kitchen,Kolkata
2026-04-10,Paneer Butter Masala,Main Course,1,294.0,280,Swiggy,Card,Payment,Spice Route Kitchen,Kolkata
2026-04-10,Chicken Biryani,Biryani,1,273.0,260,Zomato,Card,Payment,Spice Route Kitchen,Kolkata
2026-04-10,Butter Naan,Breads,2,85.05,45,Swiggy,Card,Payment,Spice Route Kitchen,Kolkata
2026-04-10,Mutton Biryani,Biryani,3,1071.0,340,Zomato,Card,Payment,Spice Route Kitchen,Kolkata
2026-04-10,Masala Chai,Beverages,3,126.0,40,Zomato,UPI,Payment,Spice Route Kitchen,Kolkata
2026-04-10,Mango Lassi,Beverages,1,94.5,90,Zomato,UPI,Payment,Spice Route Kitchen,Kolkata
2026-04-10,Veg Biryani,Biryani,2,396.9,210,Zomato,UPI,Payment,Spice Route Kitchen,Kolkata
2026-04-10,Chicken 65,Starters,2,504.0,240,Zomato,UPI,Payment,Spice Route Kitchen,Kolkata
2026-04-10,Chicken 65,Starters,1,252.0,240,Zomato,UPI,Payment,Spice Route Kitchen,Kolkata
2026-04-10,Paneer Butter Masala,Main Course,3,882.0,280,Zomato,UPI,Payment,Spice Route Kitchen,Kolkata
2026-04-10,Garlic Naan,Breads,3,173.25,55,Zomato,UPI,Payment,Spice Route Kitchen,Kolkata
2026-04-10,Tandoori Roti,Breads,3,94.5,30,Zomato,Card,Payment,Spice Route Kitchen,Kolkata
2026-04-10,Samosa (2pc),Starters,2,126.0,60,Register,Card,Payment,Spice Route Kitchen,Kolkata
2026-04-10,Butter Naan,Breads,1,47.25,45,Swiggy,Card,Payment,Spice Route Kitchen,Kolkata
2026-04-10,Chicken Biryani,Biryani,2,546.0,260,Register,Card,Payment,Spice Route Kitchen,Kolkata
2026-04-10,Paneer Butter Masala,Main Course,2,588.0,280,Register,Card,Payment,Spice Route Kitchen,Kolkata
2026-04-10,Paneer Butter Masala,Main Course,2,529.2,280,Register,Card,Payment,Spice Route Kitchen,Kolkata
2026-04-10,Butter Chicken,Main Course,2,470.4,320,Register,Card,Payment,Spice Route Kitchen,Kolkata
2026-04-10,Garlic Naan,Breads,1,51.98,55,Register,Card,Payment,Spice Route Kitchen,Kolkata
2026-04-10,Butter Naan,Breads,1,47.25,45,Register,Card,Payment,Spice Route Kitchen,Kolkata
2026-04-10,Garlic Naan,Breads,2,115.5,55,Register,Cash,Payment,Spice Route Kitchen,Kolkata
2026-04-10,Gulab Jamun (2pc),Desserts,1,94.5,90,Register,Cash,Payment,Spice Route Kitchen,Kolkata
2026-04-10,Tandoori Roti,Breads,2,63.0,30,Swiggy,Card,Payment,Spice Route Kitchen,Kolkata
2026-04-10,Butter Naan,Breads,2,75.6,45,Swiggy,Card,Payment,Spice Route Kitchen,Kolkata
2026-04-10,Chicken 65,Starters,1,252.0,240,Swiggy,Card,Payment,Spice Route Kitchen,Kolkata
2026-04-10,Butter Naan,Breads,1,47.25,45,Register,Card,Payment,Spice Route Kitchen,Kolkata
2026-04-10,Dal Makhani,Main Course,1,207.9,220,Zomato,Card,Payment,Spice Route Kitchen,Kolkata
2026-04-10,Butter Naan,Breads,1,33.08,45,Swiggy,UPI,Payment,Spice Route Kitchen,Kolkata
2026-04-10,Butter Naan,Breads,1,47.25,45,Swiggy,UPI,Payment,Spice Route Kitchen,Kolkata
2026-04-10,Chicken Biryani,Biryani,1,218.4,260,Swiggy,UPI,Payment,Spice Route Kitchen,Kolkata
2026-04-10,Paneer Tikka,Starters,2,491.4,260,Swiggy,UPI,Payment,Spice Route Kitchen,Kolkata
2026-04-10,Mango Lassi,Beverages,3,283.5,90,Swiggy,UPI,Payment,Spice Route Kitchen,Kolkata
2026-04-10,Mango Lassi,Beverages,3,198.45,90,Swiggy,UPI,Payment,Spice Route Kitchen,Kolkata
2026-04-10,Gulab Jamun (2pc),Desserts,1,94.5,90,Register,UPI,Payment,Spice Route Kitchen,Kolkata
2026-04-10,Samosa (2pc),Starters,1,50.4,60,Register,UPI,Payment,Spice Route Kitchen,Kolkata
2026-04-10,Sweet Lassi,Beverages,3,226.8,80,Zomato,UPI,Payment,Spice Route Kitchen,Kolkata
2026-04-10,Veg Biryani,Biryani,1,220.5,210,Zomato,UPI,Payment,Spice Route Kitchen,Kolkata
2026-04-10,Veg Biryani,Biryani,1,220.5,210,Zomato,Card,Payment,Spice Route Kitchen,Kolkata
2026-04-10,Butter Chicken,Main Course,2,672.0,320,Zomato,Card,Payment,Spice Route Kitchen,Kolkata
2026-04-10,Masala Chai,Beverages,2,84.0,40,Swiggy,UPI,Payment,Spice Route Kitchen,Kolkata
2026-04-10,Chicken 65,Starters,1,252.0,240,Zomato,Card,Payment,Spice Route Kitchen,Kolkata
2026-04-10,Chicken Biryani,Biryani,1,273.0,260,Zomato,Card,Payment,Spice Route Kitchen,Kolkata
2026-04-10,Veg Biryani,Biryani,2,441.0,210,Swiggy,Card,Payment,Spice Route Kitchen,Kolkata
2026-04-10,Coke,Beverages,1,63.0,60,Swiggy,Card,Payment,Spice Route Kitchen,Kolkata
2026-04-10,Paneer Tikka,Starters,1,273.0,260,Swiggy,Card,Payment,Spice Route Kitchen,Kolkata
2026-04-10,Chicken Biryani,Biryani,2,546.0,260,Zomato,Card,Payment,Spice Route Kitchen,Kolkata
2026-04-10,Papad,Sides,1,31.5,30,Swiggy,Card,Payment,Spice Route Kitchen,Kolkata
2026-04-10,Butter Chicken,Main Course,1,302.4,320,Swiggy,UPI,Payment,Spice Route Kitchen,Kolkata
2026-04-10,Samosa (2pc),Starters,2,126.0,60,Swiggy,UPI,Payment,Spice Route Kitchen,Kolkata
2026-04-10,Paneer Tikka,Starters,1,273.0,260,Register,Cash,Payment,Spice Route Kitchen,Kolkata
2026-04-10,Mango Lassi,Beverages,2,189.0,90,Register,Cash,Payment,Spice Route Kitchen,Kolkata
2026-04-10,Tandoori Roti,Breads,1,31.5,30,Zomato,Card,Payment,Spice Route Kitchen,Kolkata
2026-04-10,Butter Naan,Breads,1,33.08,45,Register,Card,Payment,Spice Route Kitchen,Kolkata
2026-04-10,Paneer Butter Masala,Main Course,1,235.2,280,Swiggy,Card,Payment,Spice Route Kitchen,Kolkata
2026-04-10,Chicken Biryani,Biryani,2,491.4,260,Swiggy,UPI,Payment,Spice Route Kitchen,Kolkata
2026-04-10,Tandoori Roti,Breads,1,31.5,30,Register,Card,Payment,Spice Route Kitchen,Kolkata
2026-04-10,Rasmalai (2pc),Desserts,1,115.5,110,Swiggy,UPI,Payment,Spice Route Kitchen,Kolkata
2026-04-10,Mango Lassi,Beverages,1,94.5,90,Swiggy,UPI,Payment,Spice Route Kitchen,Kolkata
2026-04-10,Sweet Lassi,Beverages,2,168.0,80,Swiggy,UPI,Payment,Spice Route Kitchen,Kolkata
2026-04-10,Samosa (2pc),Starters,3,189.0,60,Register,Cash,Payment,Spice Route Kitchen,Kolkata
2026-04-10,Garlic Naan,Breads,2,103.95,55,Register,Cash,Payment,Spice Route Kitchen,Kolkata
2026-04-10,Chicken Biryani,Biryani,1,273.0,260,Register,Cash,Payment,Spice Route Kitchen,Kolkata
2026-04-10,Coke,Beverages,1,63.0,60,Register,Cash,Payment,Spice Route Kitchen,Kolkata
2026-04-10,Mango Lassi,Beverages,2,189.0,90,Register,Cash,Payment,Spice Route Kitchen,Kolkata
2026-04-10,Samosa (2pc),Starters,3,189.0,60,Register,Cash,Payment,Spice Route Kitchen,Kolkata
2026-04-10,Dal Makhani,Main Course,1,231.0,220,Register,Cash,Payment,Spice Route Kitchen,Kolkata
2026-04-10,Butter Chicken,Main Course,2,537.6,320,Swiggy,UPI,Payment,Spice Route Kitchen,Kolkata
2026-04-10,Paneer Tikka,Starters,2,546.0,260,Zomato,UPI,Payment,Spice Route Kitchen,Kolkata
2026-04-10,Dal Makhani,Main Course,2,462.0,220,Register,Cash,Payment,Spice Route Kitchen,Kolkata
2026-04-10,Dal Makhani,Main Course,1,231.0,220,Swiggy,UPI,Payment,Spice Route Kitchen,Kolkata
2026-04-10,Butter Naan,Breads,1,47.25,45,Swiggy,UPI,Payment,Spice Route Kitchen,Kolkata
2026-04-10,Gulab Jamun (2pc),Desserts,3,283.5,90,Swiggy,UPI,Payment,Spice Route Kitchen,Kolkata
2026-04-10,Chicken Biryani,Biryani,1,273.0,260,Swiggy,UPI,Payment,Spice Route Kitchen,Kolkata
2026-04-10,Coke,Beverages,1,63.0,60,Swiggy,UPI,Payment,Spice Route Kitchen,Kolkata
2026-04-10,Paneer Butter Masala,Main Course,1,294.0,280,Zomato,UPI,Payment,Spice Route Kitchen,Kolkata
2026-04-10,Masala Chai,Beverages,1,42.0,40,Zomato,UPI,Payment,Spice Route Kitchen,Kolkata
2026-04-10,Chicken 65,Starters,2,453.6,240,Swiggy,UPI,Payment,Spice Route Kitchen,Kolkata
2026-04-10,Mango Lassi,Beverages,1,94.5,90,Swiggy,UPI,Payment,Spice Route Kitchen,Kolkata
2026-04-11,Masala Chai,Beverages,2,84.0,40,Register,Cash,Payment,Spice Route Kitchen,Kolkata
2026-04-11,Mutton Biryani,Biryani,1,357.0,340,Register,Cash,Payment,Spice Route Kitchen,Kolkata
2026-04-11,Tandoori Roti,Breads,1,31.5,30,Zomato,UPI,Payment,Spice Route Kitchen,Kolkata
2026-04-11,Butter Chicken,Main Course,2,672.0,320,Register,Card,Payment,Spice Route Kitchen,Kolkata
2026-04-11,Butter Chicken,Main Course,2,672.0,320,Register,Card,Payment,Spice Route Kitchen,Kolkata
2026-04-11,Masala Chai,Beverages,1,37.8,40,Zomato,UPI,Payment,Spice Route Kitchen,Kolkata
2026-04-11,Seekh Kebab,Starters,2,470.4,280,Zomato,UPI,Payment,Spice Route Kitchen,Kolkata
2026-04-11,Butter Chicken,Main Course,1,336.0,320,Zomato,UPI,Payment,Spice Route Kitchen,Kolkata
2026-04-11,Chicken 65,Starters,1,252.0,240,Zomato,Card,Payment,Spice Route Kitchen,Kolkata
2026-04-11,Paneer Tikka,Starters,2,546.0,260,Zomato,UPI,Payment,Spice Route Kitchen,Kolkata
2026-04-11,Papad,Sides,2,63.0,30,Register,Card,Payment,Spice Route Kitchen,Kolkata
2026-04-11,Chicken 65,Starters,1,252.0,240,Register,Card,Payment,Spice Route Kitchen,Kolkata
2026-04-11,Masala Chai,Beverages,1,42.0,40,Zomato,Card,Payment,Spice Route Kitchen,Kolkata
2026-04-11,Mango Lassi,Beverages,1,94.5,90,Zomato,Card,Payment,Spice Route Kitchen,Kolkata
2026-04-11,Butter Chicken,Main Course,2,672.0,320,Zomato,Card,Payment,Spice Route Kitchen,Kolkata
2026-04-11,Butter Chicken,Main Course,2,470.4,320,Register,Cash,Payment,Spice Route Kitchen,Kolkata
2026-04-11,Sweet Lassi,Beverages,1,84.0,80,Swiggy,Card,Payment,Spice Route Kitchen,Kolkata
2026-04-11,Dal Makhani,Main Course,1,231.0,220,Zomato,UPI,Payment,Spice Route Kitchen,Kolkata
2026-04-11,Tandoori Roti,Breads,1,31.5,30,Zomato,UPI,Payment,Spice Route Kitchen,Kolkata
2026-04-11,Samosa (2pc),Starters,1,63.0,60,Register,UPI,Payment,Spice Route Kitchen,Kolkata
2026-04-11,Mango Lassi,Beverages,1,94.5,90,Zomato,UPI,Payment,Spice Route Kitchen,Kolkata
2026-04-11,Chicken Biryani,Biryani,1,273.0,260,Swiggy,Card,Payment,Spice Route Kitchen,Kolkata
2026-04-11,Seekh Kebab,Starters,1,294.0,280,Register,UPI,Payment,Spice Route Kitchen,Kolkata
2026-04-11,Coke,Beverages,2,88.2,60,Register,UPI,Payment,Spice Route Kitchen,Kolkata
2026-04-11,Butter Naan,Breads,1,37.8,45,Swiggy,UPI,Payment,Spice Route Kitchen,Kolkata
2026-04-11,Chicken Biryani,Biryani,1,273.0,260,Swiggy,UPI,Payment,Spice Route Kitchen,Kolkata
2026-04-11,Butter Naan,Breads,2,94.5,45,Swiggy,UPI,Payment,Spice Route Kitchen,Kolkata
2026-04-11,Papad,Sides,2,50.4,30,Swiggy,UPI,Payment,Spice Route Kitchen,Kolkata
2026-04-11,Rasmalai (2pc),Desserts,1,115.5,110,Swiggy,UPI,Payment,Spice Route Kitchen,Kolkata
2026-04-11,Chicken 65,Starters,1,252.0,240,Register,UPI,Payment,Spice Route Kitchen,Kolkata
2026-04-11,Mango Lassi,Beverages,1,85.05,90,Register,UPI,Payment,Spice Route Kitchen,Kolkata
2026-04-11,Paneer Tikka,Starters,1,273.0,260,Register,Card,Payment,Spice Route Kitchen,Kolkata
2026-04-11,Veg Biryani,Biryani,1,220.5,210,Register,Card,Payment,Spice Route Kitchen,Kolkata
2026-04-11,Party Order - Custom,Uncategorized,1,2362.5,2500,Swiggy,Card,Payment,Spice Route Kitchen,Kolkata
2026-04-11,Masala Chai,Beverages,1,42.0,40,Swiggy,Card,Payment,Spice Route Kitchen,Kolkata
2026-04-11,Chicken 65,Starters,2,453.6,240,Swiggy,Card,Payment,Spice Route Kitchen,Kolkata
2026-04-11,Coke,Beverages,2,100.8,60,Zomato,UPI,Payment,Spice Route Kitchen,Kolkata
2026-04-11,Chicken Biryani,Biryani,1,218.4,260,Zomato,UPI,Payment,Spice Route Kitchen,Kolkata
2026-04-11,Paneer Tikka,Starters,1,273.0,260,Zomato,UPI,Payment,Spice Route Kitchen,Kolkata
2026-04-11,Chicken Biryani,Biryani,1,273.0,260,Swiggy,Card,Payment,Spice Route Kitchen,Kolkata
2026-04-11,Tandoori Roti,Breads,1,31.5,30,Zomato,Card,Payment,Spice Route Kitchen,Kolkata
2026-04-11,Samosa (2pc),Starters,1,50.4,60,Zomato,Card,Payment,Spice Route Kitchen,Kolkata
2026-04-11,Butter Naan,Breads,1,47.25,45,Swiggy,Card,Payment,Spice Route Kitchen,Kolkata
2026-04-11,Butter Chicken,Main Course,3,1008.0,320,Zomato,Card,Payment,Spice Route Kitchen,Kolkata
2026-04-11,Gulab Jamun (2pc),Desserts,1,94.5,90,Zomato,Card,Payment,Spice Route Kitchen,Kolkata
2026-04-11,Dal Makhani,Main Course,1,231.0,220,Zomato,Card,Payment,Spice Route Kitchen,Kolkata
2026-04-11,Tandoori Roti,Breads,2,56.7,30,Swiggy,Card,Payment,Spice Route Kitchen,Kolkata
2026-04-11,Paneer Butter Masala,Main Course,1,294.0,280,Swiggy,Card,Payment,Spice Route Kitchen,Kolkata
2026-04-11,Butter Chicken,Main Course,1,336.0,320,Swiggy,Card,Payment,Spice Route Kitchen,Kolkata
2026-04-11,Coke,Beverages,3,132.3,60,Swiggy,Card,Payment,Spice Route Kitchen,Kolkata
2026-04-11,Sweet Lassi,Beverages,2,168.0,80,Zomato,UPI,Payment,Spice Route Kitchen,Kolkata
2026-04-11,Papad,Sides,1,31.5,30,Zomato,UPI,Payment,Spice Route Kitchen,Kolkata
2026-04-11,Butter Naan,Breads,2,94.5,45,Zomato,UPI,Payment,Spice Route Kitchen,Kolkata
2026-04-11,Coke,Beverages,1,63.0,60,Register,Cash,Payment,Spice Route Kitchen,Kolkata
2026-04-11,Butter Naan,Breads,1,47.25,45,Register,Cash,Payment,Spice Route Kitchen,Kolkata
2026-04-11,Veg Biryani,Biryani,1,154.35,210,Register,Cash,Payment,Spice Route Kitchen,Kolkata
2026-04-11,Chicken Biryani,Biryani,2,436.8,260,Register,UPI,Payment,Spice Route Kitchen,Kolkata
2026-04-11,Chicken 65,Starters,1,252.0,240,Register,UPI,Payment,Spice Route Kitchen,Kolkata
2026-04-11,Chicken Biryani,Biryani,2,546.0,260,Zomato,UPI,Payment,Spice Route Kitchen,Kolkata
2026-04-11,Sweet Lassi,Beverages,1,84.0,80,Swiggy,Card,Payment,Spice Route Kitchen,Kolkata
2026-04-11,Mutton Biryani,Biryani,1,357.0,340,Zomato,UPI,Payment,Spice Route Kitchen,Kolkata
2026-04-11,Coke,Beverages,2,88.2,60,Swiggy,Card,Payment,Spice Route Kitchen,Kolkata
2026-04-11,Butter Chicken,Main Course,3,1008.0,320,Swiggy,Card,Payment,Spice Route Kitchen,Kolkata
2026-04-11,Dal Makhani,Main Course,1,231.0,220,Zomato,Card,Payment,Spice Route Kitchen,Kolkata
2026-04-11,Veg Biryani,Biryani,2,441.0,210,Zomato,Card,Payment,Spice Route Kitchen,Kolkata
2026-04-11,Chicken Biryani,Biryani,1,218.4,260,Register,UPI,Payment,Spice Route Kitchen,Kolkata
2026-04-11,Garlic Naan,Breads,1,57.75,55,Zomato,Card,Payment,Spice Route Kitchen,Kolkata
2026-04-11,Papad,Sides,1,31.5,30,Zomato,Card,Payment,Spice Route Kitchen,Kolkata
2026-04-11,Sweet Lassi,Beverages,1,84.0,80,Swiggy,Card,Payment,Spice Route Kitchen,Kolkata
2026-04-11,Chicken Biryani,Biryani,1,273.0,260,Swiggy,Card,Payment,Spice Route Kitchen,Kolkata
2026-04-11,Mutton Biryani,Biryani,1,357.0,340,Zomato,Card,Payment,Spice Route Kitchen,Kolkata
2026-04-11,Chicken Biryani,Biryani,2,546.0,260,Swiggy,Card,Payment,Spice Route Kitchen,Kolkata
2026-04-11,Gulab Jamun (2pc),Desserts,1,94.5,90,Swiggy,Card,Payment,Spice Route Kitchen,Kolkata
2026-04-11,Paneer Butter Masala,Main Course,1,294.0,280,Register,Card,Payment,Spice Route Kitchen,Kolkata
2026-04-11,Samosa (2pc),Starters,2,126.0,60,Register,Card,Payment,Spice Route Kitchen,Kolkata
2026-04-11,Samosa (2pc),Starters,2,126.0,60,Register,Card,Payment,Spice Route Kitchen,Kolkata
2026-04-11,Masala Chai,Beverages,1,29.4,40,Register,UPI,Payment,Spice Route Kitchen,Kolkata
2026-04-11,Papad,Sides,2,63.0,30,Register,UPI,Payment,Spice Route Kitchen,Kolkata
2026-04-11,Mango Lassi,Beverages,3,283.5,90,Swiggy,Card,Payment,Spice Route Kitchen,Kolkata
2026-04-11,Mutton Biryani,Biryani,2,714.0,340,Register,UPI,Payment,Spice Route Kitchen,Kolkata
2026-04-12,Butter Naan,Breads,1,47.25,45,Zomato,UPI,Payment,Spice Route Kitchen,Kolkata
2026-04-12,Tandoori Roti,Breads,1,31.5,30,Register,Cash,Payment,Spice Route Kitchen,Kolkata
2026-04-12,Masala Chai,Beverages,2,84.0,40,Register,Cash,Payment,Spice Route Kitchen,Kolkata
2026-04-12,Garlic Naan,Breads,1,51.98,55,Register,Cash,Payment,Spice Route Kitchen,Kolkata
2026-04-12,Masala Chai,Beverages,2,58.8,40,Zomato,UPI,Payment,Spice Route Kitchen,Kolkata
2026-04-12,Butter Chicken,Main Course,1,302.4,320,Register,Cash,Payment,Spice Route Kitchen,Kolkata
2026-04-12,Mango Lassi,Beverages,1,85.05,90,Zomato,UPI,Payment,Spice Route Kitchen,Kolkata
2026-04-12,Paneer Butter Masala,Main Course,1,235.2,280,Zomato,UPI,Payment,Spice Route Kitchen,Kolkata
2026-04-12,Butter Naan,Breads,2,94.5,45,Register,Cash,Payment,Spice Route Kitchen,Kolkata
2026-04-12,Coke,Beverages,1,63.0,60,Register,Cash,Payment,Spice Route Kitchen,Kolkata
2026-04-12,Coke,Beverages,2,126.0,60,Zomato,UPI,Payment,Spice Route Kitchen,Kolkata
2026-04-12,Paneer Tikka,Starters,2,546.0,260,Zomato,UPI,Payment,Spice Route Kitchen,Kolkata
2026-04-12,Paneer Tikka,Starters,1,273.0,260,Swiggy,UPI,Payment,Spice Route Kitchen,Kolkata
2026-04-12,Paneer Tikka,Starters,1,273.0,260,Swiggy,UPI,Payment,Spice Route Kitchen,Kolkata
2026-04-12,Mango Lassi,Beverages,1,94.5,90,Swiggy,UPI,Payment,Spice Route Kitchen,Kolkata
2026-04-12,Masala Chai,Beverages,2,84.0,40,Swiggy,UPI,Payment,Spice Route Kitchen,Kolkata
2026-04-12,Butter Naan,Breads,1,42.52,45,Register,UPI,Payment,Spice Route Kitchen,Kolkata
2026-04-12,Chicken Biryani,Biryani,2,546.0,260,Register,UPI,Payment,Spice Route Kitchen,Kolkata
2026-04-12,Samosa (2pc),Starters,1,56.7,60,Zomato,Card,Payment,Spice Route Kitchen,Kolkata
2026-04-12,Garlic Naan,Breads,1,57.75,55,Zomato,Card,Payment,Spice Route Kitchen,Kolkata
2026-04-12,Chicken Biryani,Biryani,1,273.0,260,Zomato,UPI,Payment,Spice Route Kitchen,Kolkata
2026-04-12,Seekh Kebab,Starters,1,264.6,280,Zomato,UPI,Payment,Spice Route Kitchen,Kolkata
2026-04-12,Butter Naan,Breads,1,37.8,45,Register,Cash,Payment,Spice Route Kitchen,Kolkata
2026-04-12,Tandoori Roti,Breads,3,94.5,30,Zomato,UPI,Payment,Spice Route Kitchen,Kolkata
2026-04-12,Masala Chai,Beverages,2,84.0,40,Register,Cash,Payment,Spice Route Kitchen,Kolkata
2026-04-12,Paneer Tikka,Starters,1,273.0,260,Zomato,Card,Payment,Spice Route Kitchen,Kolkata
2026-04-12,Gulab Jamun (2pc),Desserts,1,94.5,90,Register,Card,Payment,Spice Route Kitchen,Kolkata
2026-04-12,Tandoori Roti,Breads,1,31.5,30,Register,UPI,Payment,Spice Route Kitchen,Kolkata
2026-04-12,Rasmalai (2pc),Desserts,1,115.5,110,Register,UPI,Payment,Spice Route Kitchen,Kolkata
2026-04-12,Masala Chai,Beverages,2,84.0,40,Register,UPI,Payment,Spice Route Kitchen,Kolkata
2026-04-12,Sweet Lassi,Beverages,1,84.0,80,Register,Card,Payment,Spice Route Kitchen,Kolkata
2026-04-12,Garlic Naan,Breads,2,115.5,55,Register,Card,Payment,Spice Route Kitchen,Kolkata
2026-04-12,Mutton Biryani,Biryani,1,321.3,340,Register,Card,Payment,Spice Route Kitchen,Kolkata
2026-04-12,Chicken Biryani,Biryani,1,273.0,260,Register,Card,Payment,Spice Route Kitchen,Kolkata
2026-04-12,Chicken Biryani,Biryani,3,819.0,260,Register,Cash,Payment,Spice Route Kitchen,Kolkata
2026-04-12,Butter Chicken,Main Course,1,336.0,320,Register,Cash,Payment,Spice Route Kitchen,Kolkata
2026-04-12,Paneer Butter Masala,Main Course,2,529.2,280,Swiggy,Card,Payment,Spice Route Kitchen,Kolkata
2026-04-12,Paneer Tikka,Starters,2,436.8,260,Swiggy,Card,Payment,Spice Route Kitchen,Kolkata
2026-04-12,Gulab Jamun (2pc),Desserts,2,170.1,90,Swiggy,Card,Payment,Spice Route Kitchen,Kolkata
2026-04-12,Masala Chai,Beverages,1,42.0,40,Swiggy,Card,Payment,Spice Route Kitchen,Kolkata
2026-04-12,Veg Biryani,Biryani,2,441.0,210,Swiggy,Card,Payment,Spice Route Kitchen,Kolkata
2026-04-12,Mango Lassi,Beverages,1,85.05,90,Swiggy,Card,Payment,Spice Route Kitchen,Kolkata
2026-04-12,Party Order - Custom,Uncategorized,2,5250.0,2500,Swiggy,Card,Payment,Spice Route Kitchen,Kolkata
2026-04-12,Garlic Naan,Breads,1,40.43,55,Swiggy,Card,Payment,Spice Route Kitchen,Kolkata
2026-04-12,Gulab Jamun (2pc),Desserts,1,94.5,90,Zomato,UPI,Payment,Spice Route Kitchen,Kolkata
2026-04-12,Papad,Sides,2,50.4,30,Zomato,UPI,Payment,Spice Route Kitchen,Kolkata
2026-04-12,Masala Chai,Beverages,1,42.0,40,Zomato,UPI,Payment,Spice Route Kitchen,Kolkata
2026-04-12,Masala Chai,Beverages,1,42.0,40,Swiggy,Card,Payment,Spice Route Kitchen,Kolkata
2026-04-12,Tandoori Roti,Breads,1,31.5,30,Swiggy,Card,Payment,Spice Route Kitchen,Kolkata
2026-04-12,Garlic Naan,Breads,1,57.75,55,Swiggy,Card,Payment,Spice Route Kitchen,Kolkata
2026-04-12,Mango Lassi,Beverages,1,94.5,90,Register,Card,Payment,Spice Route Kitchen,Kolkata
2026-04-12,Tandoori Roti,Breads,1,22.05,30,Register,Card,Payment,Spice Route Kitchen,Kolkata
2026-04-12,Papad,Sides,2,63.0,30,Register,Cash,Payment,Spice Route Kitchen,Kolkata
2026-04-12,Coke,Beverages,-1,-63.0,60,Zomato,Card,Refund,Spice Route Kitchen,Kolkata
2026-04-12,Mutton Biryani,Biryani,1,357.0,340,Swiggy,UPI,Payment,Spice Route Kitchen,Kolkata
2026-04-12,Veg Biryani,Biryani,2,441.0,210,Zomato,UPI,Payment,Spice Route Kitchen,Kolkata
2026-04-12,Samosa (2pc),Starters,1,63.0,60,Zomato,UPI,Payment,Spice Route Kitchen,Kolkata
2026-04-12,Paneer Butter Masala,Main Course,1,294.0,280,Register,Card,Payment,Spice Route Kitchen,Kolkata
2026-04-12,Samosa (2pc),Starters,1,63.0,60,Register,Card,Payment,Spice Route Kitchen,Kolkata
2026-04-12,Dal Makhani,Main Course,2,462.0,220,Zomato,Card,Payment,Spice Route Kitchen,Kolkata
2026-04-12,Chicken Biryani,Biryani,1,273.0,260,Zomato,Card,Payment,Spice Route Kitchen,Kolkata
2026-04-12,Masala Chai,Beverages,2,84.0,40,Zomato,UPI,Payment,Spice Route Kitchen,Kolkata
2026-04-12,Mutton Biryani,Biryani,1,357.0,340,Zomato,UPI,Payment,Spice Route Kitchen,Kolkata
2026-04-12,Mutton Biryani,Biryani,2,714.0,340,Zomato,UPI,Payment,Spice Route Kitchen,Kolkata
2026-04-12,Garlic Naan,Breads,2,115.5,55,Register,UPI,Payment,Spice Route Kitchen,Kolkata
2026-04-12,Paneer Tikka,Starters,1,273.0,260,Zomato,Card,Payment,Spice Route Kitchen,Kolkata
2026-04-12,Butter Chicken,Main Course,2,672.0,320,Zomato,Card,Payment,Spice Route Kitchen,Kolkata
2026-04-12,Papad,Sides,3,94.5,30,Zomato,Card,Payment,Spice Route Kitchen,Kolkata
2026-04-12,Paneer Butter Masala,Main Course,2,588.0,280,Swiggy,UPI,Payment,Spice Route Kitchen,Kolkata
2026-04-12,Mango Lassi,Beverages,1,94.5,90,Swiggy,UPI,Payment,Spice Route Kitchen,Kolkata
2026-04-12,Butter Naan,Breads,1,42.52,45,Swiggy,UPI,Payment,Spice Route Kitchen,Kolkata
2026-04-12,Paneer Butter Masala,Main Course,1,294.0,280,Register,UPI,Payment,Spice Route Kitchen,Kolkata
2026-04-12,Butter Chicken,Main Course,3,1008.0,320,Zomato,UPI,Payment,Spice Route Kitchen,Kolkata
2026-04-12,Rasmalai (2pc),Desserts,1,115.5,110,Zomato,UPI,Payment,Spice Route Kitchen,Kolkata
2026-04-12,Masala Chai,Beverages,2,84.0,40,Zomato,UPI,Payment,Spice Route Kitchen,Kolkata
2026-04-12,Paneer Butter Masala,Main Course,1,294.0,280,Swiggy,UPI,Payment,Spice Route Kitchen,Kolkata
2026-04-12,Butter Naan,Breads,1,47.25,45,Swiggy,UPI,Payment,Spice Route Kitchen,Kolkata
2026-04-12,Masala Chai,Beverages,2,67.2,40,Swiggy,UPI,Payment,Spice Route Kitchen,Kolkata
2026-04-12,Masala Chai,Beverages,2,84.0,40,Swiggy,UPI,Payment,Spice Route Kitchen,Kolkata
2026-04-12,Chicken Biryani,Biryani,1,218.4,260,Zomato,Card,Payment,Spice Route Kitchen,Kolkata
2026-04-12,Samosa (2pc),Starters,1,44.1,60,Swiggy,Card,Payment,Spice Route Kitchen,Kolkata
2026-04-12,Masala Chai,Beverages,3,126.0,40,Swiggy,UPI,Payment,Spice Route Kitchen,Kolkata
2026-04-12,Masala Chai,Beverages,-1,-42.0,40,Zomato,Card,Refund,Spice Route Kitchen,Kolkata
2026-04-12,Masala Chai,Beverages,-1,-42.0,40,Zomato,Card,Refund,Spice Route Kitchen,Kolkata
2026-04-12,Tandoori Roti,Breads,-1,-25.2,30,Zomato,Card,Refund,Spice Route Kitchen,Kolkata
2026-04-12,Samosa (2pc),Starters,-1,-44.1,60,Zomato,Card,Refund,Spice Route Kitchen,Kolkata
2026-04-12,Garlic Naan,Breads,2,115.5,55,Register,Cash,Payment,Spice Route Kitchen,Kolkata
2026-04-12,Dal Makhani,Main Course,1,231.0,220,Swiggy,Card,Payment,Spice Route Kitchen,Kolkata
2026-04-12,Dal Makhani,Main Course,1,231.0,220,Swiggy,Card,Payment,Spice Route Kitchen,Kolkata
2026-04-12,Rasmalai (2pc),Desserts,1,115.5,110,Swiggy,Card,Payment,Spice Route Kitchen,Kolkata
2026-04-12,Chicken Biryani,Biryani,1,245.7,260,Swiggy,Card,Payment,Spice Route Kitchen,Kolkata
2026-04-12,Sweet Lassi,Beverages,1,84.0,80,Swiggy,Card,Payment,Spice Route Kitchen,Kolkata
2026-04-12,Butter Chicken,Main Course,2,470.4,320,Swiggy,Card,Payment,Spice Route Kitchen,Kolkata
2026-04-12,Tandoori Roti,Breads,2,63.0,30,Zomato,Card,Payment,Spice Route Kitchen,Kolkata
2026-04-12,Seekh Kebab,Starters,2,588.0,280,Swiggy,Card,Payment,Spice Route Kitchen,Kolkata
2026-04-12,Butter Naan,Breads,2,94.5,45,Swiggy,Card,Payment,Spice Route Kitchen,Kolkata
2026-04-12,Paneer Butter Masala,Main Course,3,882.0,280,Register,Card,Payment,Spice Route Kitchen,Kolkata
2026-04-12,Masala Chai,Beverages,2,84.0,40,Swiggy,UPI,Payment,Spice Route Kitchen,Kolkata
2026-04-12,Tandoori Roti,Breads,1,31.5,30,Swiggy,UPI,Payment,Spice Route Kitchen,Kolkata
2026-04-12,Coke,Beverages,1,63.0,60,Swiggy,Card,Payment,Spice Route Kitchen,Kolkata
2026-04-12,Garlic Naan,Breads,1,57.75,55,Swiggy,UPI,Payment,Spice Route Kitchen,Kolkata
2026-04-12,Samosa (2pc),Starters,1,63.0,60,Swiggy,UPI,Payment,Spice Route Kitchen,Kolkata
2026-04-12,Papad,Sides,1,31.5,30,Swiggy,UPI,Payment,Spice Route Kitchen,Kolkata
2026-04-12,Paneer Butter Masala,Main Course,2,588.0,280,Zomato,Card,Payment,Spice Route Kitchen,Kolkata
2026-04-13,Butter Naan,Breads,-3,-127.58,45,Swiggy,Card,Refund,Spice Route Kitchen,Kolkata
2026-04-13,Masala Chai,Beverages,1,42.0,40,Register,UPI,Payment,Spice Route Kitchen,Kolkata
2026-04-13,Chicken Biryani,Biryani,1,273.0,260,Register,UPI,Payment,Spice Route Kitchen,Kolkata
2026-04-13,Seekh Kebab,Starters,1,294.0,280,Zomato,UPI,Payment,Spice Route Kitchen,Kolkata
2026-04-13,Garlic Naan,Breads,3,173.25,55,Zomato,UPI,Payment,Spice Route Kitchen,Kolkata
2026-04-13,Butter Chicken,Main Course,1,336.0,320,Zomato,UPI,Payment,Spice Route Kitchen,Kolkata
2026-04-13,Rasmalai (2pc),Desserts,1,115.5,110,Zomato,UPI,Payment,Spice Route Kitchen,Kolkata
2026-04-13,Paneer Butter Masala,Main Course,1,294.0,280,Zomato,UPI,Payment,Spice Route Kitchen,Kolkata
2026-04-13,Chicken Biryani,Biryani,-1,-191.1,260,Swiggy,Card,Refund,Spice Route Kitchen,Kolkata
2026-04-13,Sweet Lassi,Beverages,1,67.2,80,Zomato,UPI,Payment,Spice Route Kitchen,Kolkata
2026-04-13,Garlic Naan,Breads,1,57.75,55,Register,UPI,Payment,Spice Route Kitchen,Kolkata
2026-04-13,Chicken Biryani,Biryani,-2,-546.0,260,Swiggy,Card,Refund,Spice Route Kitchen,Kolkata
2026-04-13,Veg Biryani,Biryani,2,441.0,210,Zomato,UPI,Payment,Spice Route Kitchen,Kolkata
2026-04-13,Coke,Beverages,2,126.0,60,Swiggy,UPI,Payment,Spice Route Kitchen,Kolkata
2026-04-13,Garlic Naan,Breads,1,57.75,55,Swiggy,Card,Payment,Spice Route Kitchen,Kolkata
2026-04-13,Veg Biryani,Biryani,1,220.5,210,Swiggy,Card,Payment,Spice Route Kitchen,Kolkata
2026-04-13,Masala Chai,Beverages,1,42.0,40,Swiggy,Card,Payment,Spice Route Kitchen,Kolkata
2026-04-13,Butter Naan,Breads,1,47.25,45,Swiggy,Card,Payment,Spice Route Kitchen,Kolkata
2026-04-13,Masala Chai,Beverages,1,42.0,40,Swiggy,Card,Payment,Spice Route Kitchen,Kolkata
2026-04-13,Samosa (2pc),Starters,1,63.0,60,Swiggy,Card,Payment,Spice Route Kitchen,Kolkata
2026-04-13,Chicken 65,Starters,1,252.0,240,Zomato,UPI,Payment,Spice Route Kitchen,Kolkata
2026-04-13,Seekh Kebab,Starters,1,294.0,280,Zomato,UPI,Payment,Spice Route Kitchen,Kolkata
2026-04-13,Tandoori Roti,Breads,1,22.05,30,Zomato,UPI,Payment,Spice Route Kitchen,Kolkata
2026-04-13,Samosa (2pc),Starters,1,63.0,60,Register,Cash,Payment,Spice Route Kitchen,Kolkata
2026-04-13,Coke,Beverages,1,63.0,60,Zomato,UPI,Payment,Spice Route Kitchen,Kolkata
2026-04-13,Masala Chai,Beverages,2,84.0,40,Register,Cash,Payment,Spice Route Kitchen,Kolkata
2026-04-13,Coke,Beverages,1,63.0,60,Register,UPI,Payment,Spice Route Kitchen,Kolkata
2026-04-13,Chicken 65,Starters,1,252.0,240,Register,Cash,Payment,Spice Route Kitchen,Kolkata
2026-04-13,Seekh Kebab,Starters,2,588.0,280,Register,Cash,Payment,Spice Route Kitchen,Kolkata
2026-04-13,Tandoori Roti,Breads,1,31.5,30,Swiggy,UPI,Payment,Spice Route Kitchen,Kolkata
2026-04-13,Seekh Kebab,Starters,3,882.0,280,Swiggy,UPI,Payment,Spice Route Kitchen,Kolkata
2026-04-13,Butter Naan,Breads,1,37.8,45,Swiggy,UPI,Payment,Spice Route Kitchen,Kolkata
2026-04-13,Sweet Lassi,Beverages,1,75.6,80,Zomato,Card,Payment,Spice Route Kitchen,Kolkata
2026-04-13,Papad,Sides,1,31.5,30,Zomato,Card,Payment,Spice Route Kitchen,Kolkata
2026-04-13,Rasmalai (2pc),Desserts,2,161.7,110,Zomato,UPI,Payment,Spice Route Kitchen,Kolkata
2026-04-13,Chicken Biryani,Biryani,1,273.0,260,Zomato,UPI,Payment,Spice Route Kitchen,Kolkata
2026-04-13,Sweet Lassi,Beverages,2,134.4,80,Swiggy,Card,Payment,Spice Route Kitchen,Kolkata
2026-04-13,Gulab Jamun (2pc),Desserts,1,94.5,90,Swiggy,Card,Payment,Spice Route Kitchen,Kolkata
2026-04-13,Masala Chai,Beverages,1,42.0,40,Swiggy,Card,Payment,Spice Route Kitchen,Kolkata
2026-04-13,Papad,Sides,3,94.5,30,Swiggy,UPI,Payment,Spice Route Kitchen,Kolkata
2026-04-13,Butter Naan,Breads,2,75.6,45,Register,UPI,Payment,Spice Route Kitchen,Kolkata
2026-04-13,Sweet Lassi,Beverages,1,84.0,80,Swiggy,Card,Payment,Spice Route Kitchen,Kolkata
2026-04-13,Paneer Tikka,Starters,1,273.0,260,Zomato,UPI,Payment,Spice Route Kitchen,Kolkata
2026-04-13,Samosa (2pc),Starters,1,63.0,60,Zomato,UPI,Payment,Spice Route Kitchen,Kolkata
2026-04-13,Tandoori Roti,Breads,2,56.7,30,Zomato,UPI,Payment,Spice Route Kitchen,Kolkata
2026-04-13,Papad,Sides,3,94.5,30,Zomato,UPI,Payment,Spice Route Kitchen,Kolkata
2026-04-13,Party Order - Custom,Uncategorized,1,1837.5,2500,Zomato,UPI,Payment,Spice Route Kitchen,Kolkata
2026-04-13,Tandoori Roti,Breads,1,31.5,30,Zomato,Card,Payment,Spice Route Kitchen,Kolkata
2026-04-13,Coke,Beverages,1,63.0,60,Register,UPI,Payment,Spice Route Kitchen,Kolkata
2026-04-13,Chicken Biryani,Biryani,1,245.7,260,Register,UPI,Payment,Spice Route Kitchen,Kolkata
2026-04-13,Butter Naan,Breads,1,47.25,45,Register,UPI,Payment,Spice Route Kitchen,Kolkata
2026-04-13,Rasmalai (2pc),Desserts,1,115.5,110,Zomato,UPI,Payment,Spice Route Kitchen,Kolkata
2026-04-14,Garlic Naan,Breads,2,115.5,55,Zomato,Card,Payment,Spice Route Kitchen,Kolkata
2026-04-14,Chicken 65,Starters,1,201.6,240,Swiggy,Card,Payment,Spice Route Kitchen,Kolkata
2026-04-14,Paneer Tikka,Starters,1,245.7,260,Zomato,Card,Payment,Spice Route Kitchen,Kolkata
2026-04-14,Veg Biryani,Biryani,2,441.0,210,Register,Card,Payment,Spice Route Kitchen,Kolkata
2026-04-14,Garlic Naan,Breads,1,57.75,55,Register,Card,Payment,Spice Route Kitchen,Kolkata
2026-04-14,Samosa (2pc),Starters,2,126.0,60,Register,Card,Payment,Spice Route Kitchen,Kolkata
2026-04-14,Masala Chai,Beverages,2,67.2,40,Register,Card,Payment,Spice Route Kitchen,Kolkata
2026-04-14,Paneer Tikka,Starters,3,737.1,260,Swiggy,Card,Payment,Spice Route Kitchen,Kolkata
2026-04-14,Samosa (2pc),Starters,1,63.0,60,Zomato,Card,Payment,Spice Route Kitchen,Kolkata
2026-04-14,Rasmalai (2pc),Desserts,1,103.95,110,Zomato,Card,Payment,Spice Route Kitchen,Kolkata
2026-04-14,Mango Lassi,Beverages,3,283.5,90,Zomato,Card,Payment,Spice Route Kitchen,Kolkata
2026-04-14,Butter Chicken,Main Course,1,268.8,320,Zomato,Card,Payment,Spice Route Kitchen,Kolkata
2026-04-14,Butter Chicken,Main Course,1,336.0,320,Zomato,Card,Payment,Spice Route Kitchen,Kolkata
2026-04-14,Butter Chicken,Main Course,1,336.0,320,Zomato,UPI,Payment,Spice Route Kitchen,Kolkata
2026-04-14,Sweet Lassi,Beverages,2,168.0,80,Zomato,Card,Payment,Spice Route Kitchen,Kolkata
2026-04-14,Paneer Tikka,Starters,2,546.0,260,Zomato,Card,Payment,Spice Route Kitchen,Kolkata
2026-04-14,Garlic Naan,Breads,1,57.75,55,Zomato,Card,Payment,Spice Route Kitchen,Kolkata
2026-04-14,Tandoori Roti,Breads,2,44.1,30,Zomato,Card,Payment,Spice Route Kitchen,Kolkata
2026-04-14,Coke,Beverages,2,126.0,60,Zomato,Card,Payment,Spice Route Kitchen,Kolkata
2026-04-14,Seekh Kebab,Starters,1,294.0,280,Swiggy,UPI,Payment,Spice Route Kitchen,Kolkata
2026-04-14,Garlic Naan,Breads,2,115.5,55,Zomato,Card,Payment,Spice Route Kitchen,Kolkata
2026-04-14,Paneer Tikka,Starters,1,273.0,260,Swiggy,Card,Payment,Spice Route Kitchen,Kolkata
2026-04-14,Coke,Beverages,1,63.0,60,Swiggy,Card,Payment,Spice Route Kitchen,Kolkata
2026-04-14,Samosa (2pc),Starters,1,63.0,60,Swiggy,Card,Payment,Spice Route Kitchen,Kolkata
2026-04-14,Seekh Kebab,Starters,3,882.0,280,Zomato,Card,Payment,Spice Route Kitchen,Kolkata
2026-04-14,Chicken Biryani,Biryani,1,273.0,260,Zomato,UPI,Payment,Spice Route Kitchen,Kolkata
2026-04-14,Garlic Naan,Breads,2,115.5,55,Zomato,UPI,Payment,Spice Route Kitchen,Kolkata
2026-04-14,Paneer Butter Masala,Main Course,1,294.0,280,Zomato,UPI,Payment,Spice Route Kitchen,Kolkata
2026-04-14,Chicken Biryani,Biryani,2,546.0,260,Zomato,Card,Payment,Spice Route Kitchen,Kolkata
2026-04-14,Butter Chicken,Main Course,1,336.0,320,Zomato,Card,Payment,Spice Route Kitchen,Kolkata
2026-04-14,Chicken 65,Starters,2,504.0,240,Swiggy,UPI,Payment,Spice Route Kitchen,Kolkata
2026-04-14,Masala Chai,Beverages,1,42.0,40,Zomato,Card,Payment,Spice Route Kitchen,Kolkata
2026-04-14,Papad,Sides,1,31.5,30,Zomato,Card,Payment,Spice Route Kitchen,Kolkata
2026-04-14,Paneer Butter Masala,Main Course,1,294.0,280,Zomato,Card,Payment,Spice Route Kitchen,Kolkata
2026-04-14,Butter Naan,Breads,1,47.25,45,Zomato,Card,Payment,Spice Route Kitchen,Kolkata
2026-04-14,Samosa (2pc),Starters,1,63.0,60,Zomato,Card,Payment,Spice Route Kitchen,Kolkata
2026-04-14,Butter Naan,Breads,1,47.25,45,Register,Card,Payment,Spice Route Kitchen,Kolkata
2026-04-14,Chicken 65,Starters,1,176.4,240,Register,Card,Payment,Spice Route Kitchen,Kolkata
2026-04-14,Mutton Biryani,Biryani,1,357.0,340,Register,Card,Payment,Spice Route Kitchen,Kolkata
2026-04-14,Butter Chicken,Main Course,1,336.0,320,Swiggy,UPI,Payment,Spice Route Kitchen,Kolkata
2026-04-14,Butter Naan,Breads,1,47.25,45,Swiggy,UPI,Payment,Spice Route Kitchen,Kolkata
2026-04-14,Chicken 65,Starters,1,252.0,240,Zomato,Card,Payment,Spice Route Kitchen,Kolkata
2026-04-14,Garlic Naan,Breads,1,57.75,55,Swiggy,UPI,Payment,Spice Route Kitchen,Kolkata
2026-04-14,Mutton Biryani,Biryani,2,714.0,340,Swiggy,UPI,Payment,Spice Route Kitchen,Kolkata
2026-04-14,Papad,Sides,3,94.5,30,Swiggy,UPI,Payment,Spice Route Kitchen,Kolkata
2026-04-14,Masala Chai,Beverages,2,84.0,40,Swiggy,UPI,Payment,Spice Route Kitchen,Kolkata
2026-04-14,Paneer Butter Masala,Main Course,2,588.0,280,Swiggy,UPI,Payment,Spice Route Kitchen,Kolkata
2026-04-14,Mango Lassi,Beverages,1,94.5,90,Swiggy,UPI,Payment,Spice Route Kitchen,Kolkata
2026-04-14,Samosa (2pc),Starters,2,126.0,60,Swiggy,UPI,Payment,Spice Route Kitchen,Kolkata
2026-04-14,Veg Biryani,Biryani,1,220.5,210,Register,UPI,Payment,Spice Route Kitchen,Kolkata
2026-04-14,Gulab Jamun (2pc),Desserts,1,94.5,90,Register,UPI,Payment,Spice Route Kitchen,Kolkata
2026-04-14,Mango Lassi,Beverages,1,94.5,90,Swiggy,UPI,Payment,Spice Route Kitchen,Kolkata
2026-04-14,Garlic Naan,Breads,1,46.2,55,Zomato,Card,Payment,Spice Route Kitchen,Kolkata
2026-04-14,Butter Naan,Breads,2,94.5,45,Zomato,Card,Payment,Spice Route Kitchen,Kolkata
2026-04-14,Butter Chicken,Main Course,1,336.0,320,Zomato,Card,Payment,Spice Route Kitchen,Kolkata
2026-04-14,Dal Makhani,Main Course,2,462.0,220,Zomato,Card,Payment,Spice Route Kitchen,Kolkata
2026-04-14,Butter Naan,Breads,2,94.5,45,Swiggy,UPI,Payment,Spice Route Kitchen,Kolkata
2026-04-14,Chicken 65,Starters,1,252.0,240,Register,Cash,Payment,Spice Route Kitchen,Kolkata
2026-04-14,Dal Makhani,Main Course,1,161.7,220,Register,Cash,Payment,Spice Route Kitchen,Kolkata
2026-04-14,Masala Chai,Beverages,1,37.8,40,Register,Cash,Payment,Spice Route Kitchen,Kolkata
2026-04-14,Dal Makhani,Main Course,1,231.0,220,Register,Cash,Payment,Spice Route Kitchen,Kolkata
2026-04-14,Coke,Beverages,1,63.0,60,Zomato,Card,Payment,Spice Route Kitchen,Kolkata
2026-04-14,Chicken Biryani,Biryani,1,245.7,260,Swiggy,UPI,Payment,Spice Route Kitchen,Kolkata
2026-04-14,Gulab Jamun (2pc),Desserts,2,189.0,90,Zomato,Card,Payment,Spice Route Kitchen,Kolkata
2026-04-14,Paneer Butter Masala,Main Course,2,588.0,280,Zomato,UPI,Payment,Spice Route Kitchen,Kolkata
2026-04-14,Coke,Beverages,1,56.7,60,Swiggy,UPI,Payment,Spice Route Kitchen,Kolkata
2026-04-14,Chicken Biryani,Biryani,2,436.8,260,Swiggy,Card,Payment,Spice Route Kitchen,Kolkata
2026-04-14,Dal Makhani,Main Course,1,231.0,220,Zomato,Card,Payment,Spice Route Kitchen,Kolkata
2026-04-14,Mango Lassi,Beverages,2,189.0,90,Zomato,Card,Payment,Spice Route Kitchen,Kolkata
2026-04-14,Butter Chicken,Main Course,2,672.0,320,Register,Card,Payment,Spice Route Kitchen,Kolkata
2026-04-14,Butter Chicken,Main Course,1,336.0,320,Register,Card,Payment,Spice Route Kitchen,Kolkata
2026-04-14,Samosa (2pc),Starters,3,189.0,60,Swiggy,UPI,Payment,Spice Route Kitchen,Kolkata
2026-04-14,Gulab Jamun (2pc),Desserts,2,170.1,90,Swiggy,UPI,Payment,Spice Route Kitchen,Kolkata
2026-04-14,Seekh Kebab,Starters,1,294.0,280,Register,Card,Payment,Spice Route Kitchen,Kolkata
2026-04-14,Paneer Tikka,Starters,2,546.0,260,Register,Cash,Payment,Spice Route Kitchen,Kolkata
2026-04-14,Paneer Tikka,Starters,1,273.0,260,Register,Cash,Payment,Spice Route Kitchen,Kolkata
2026-04-14,Butter Naan,Breads,1,37.8,45,Register,Cash,Payment,Spice Route Kitchen,Kolkata
2026-04-14,Garlic Naan,Breads,1,57.75,55,Register,Cash,Payment,Spice Route Kitchen,Kolkata
2026-04-14,Samosa (2pc),Starters,3,189.0,60,Register,Cash,Payment,Spice Route Kitchen,Kolkata
2026-04-14,Butter Naan,Breads,3,141.75,45,Register,Cash,Payment,Spice Route Kitchen,Kolkata
2026-04-14,Mango Lassi,Beverages,1,94.5,90,Zomato,UPI,Payment,Spice Route Kitchen,Kolkata
2026-04-14,Masala Chai,Beverages,1,42.0,40,Zomato,UPI,Payment,Spice Route Kitchen,Kolkata
2026-04-14,Chicken Biryani,Biryani,3,819.0,260,Register,Cash,Payment,Spice Route Kitchen,Kolkata
2026-04-14,Paneer Butter Masala,Main Course,2,588.0,280,Swiggy,UPI,Payment,Spice Route Kitchen,Kolkata
2026-04-15,Gulab Jamun (2pc),Desserts,3,283.5,90,Swiggy,UPI,Payment,Spice Route Kitchen,Kolkata
2026-04-15,Coke,Beverages,1,63.0,60,Swiggy,UPI,Payment,Spice Route Kitchen,Kolkata
2026-04-15,Chicken Biryani,Biryani,1,273.0,260,Zomato,UPI,Payment,Spice Route Kitchen,Kolkata
2026-04-15,Chicken Biryani,Biryani,1,273.0,260,Zomato,UPI,Payment,Spice Route Kitchen,Kolkata
2026-04-15,Chicken Biryani,Biryani,2,546.0,260,Zomato,UPI,Payment,Spice Route Kitchen,Kolkata
2026-04-15,Paneer Butter Masala,Main Course,1,205.8,280,Swiggy,UPI,Payment,Spice Route Kitchen,Kolkata
2026-04-15,Butter Chicken,Main Course,1,336.0,320,Register,UPI,Payment,Spice Route Kitchen,Kolkata
2026-04-15,Butter Chicken,Main Course,1,336.0,320,Register,UPI,Payment,Spice Route Kitchen,Kolkata
2026-04-15,Seekh Kebab,Starters,2,588.0,280,Zomato,UPI,Payment,Spice Route Kitchen,Kolkata
2026-04-15,Tandoori Roti,Breads,1,25.2,30,Zomato,UPI,Payment,Spice Route Kitchen,Kolkata
2026-04-15,Tandoori Roti,Breads,1,31.5,30,Register,UPI,Payment,Spice Route Kitchen,Kolkata
2026-04-15,Rasmalai (2pc),Desserts,1,103.95,110,Register,UPI,Payment,Spice Route Kitchen,Kolkata
2026-04-15,Coke,Beverages,1,56.7,60,Zomato,Card,Payment,Spice Route Kitchen,Kolkata
2026-04-15,Paneer Butter Masala,Main Course,2,588.0,280,Register,UPI,Payment,Spice Route Kitchen,Kolkata
2026-04-15,Seekh Kebab,Starters,1,294.0,280,Swiggy,UPI,Payment,Spice Route Kitchen,Kolkata
2026-04-15,Garlic Naan,Breads,1,57.75,55,Zomato,Card,Payment,Spice Route Kitchen,Kolkata
2026-04-15,Butter Naan,Breads,3,127.58,45,Zomato,UPI,Payment,Spice Route Kitchen,Kolkata
2026-04-15,Butter Chicken,Main Course,2,672.0,320,Register,UPI,Payment,Spice Route Kitchen,Kolkata
2026-04-15,Masala Chai,Beverages,1,42.0,40,Swiggy,UPI,Payment,Spice Route Kitchen,Kolkata
2026-04-15,Mango Lassi,Beverages,3,283.5,90,Swiggy,UPI,Payment,Spice Route Kitchen,Kolkata
2026-04-15,Butter Naan,Breads,1,47.25,45,Swiggy,UPI,Payment,Spice Route Kitchen,Kolkata
2026-04-15,Dal Makhani,Main Course,1,231.0,220,Swiggy,UPI,Payment,Spice Route Kitchen,Kolkata
2026-04-15,Paneer Butter Masala,Main Course,3,882.0,280,Zomato,Card,Payment,Spice Route Kitchen,Kolkata
2026-04-15,Masala Chai,Beverages,1,42.0,40,Swiggy,UPI,Payment,Spice Route Kitchen,Kolkata
2026-04-15,Paneer Butter Masala,Main Course,2,588.0,280,Zomato,Card,Payment,Spice Route Kitchen,Kolkata
2026-04-15,Paneer Butter Masala,Main Course,1,294.0,280,Zomato,UPI,Payment,Spice Route Kitchen,Kolkata
2026-04-15,Butter Naan,Breads,2,94.5,45,Register,UPI,Payment,Spice Route Kitchen,Kolkata
2026-04-15,Garlic Naan,Breads,2,103.95,55,Register,UPI,Payment,Spice Route Kitchen,Kolkata
2026-04-15,Chicken 65,Starters,1,252.0,240,Register,UPI,Payment,Spice Route Kitchen,Kolkata
2026-04-15,Garlic Naan,Breads,2,115.5,55,Zomato,UPI,Payment,Spice Route Kitchen,Kolkata
2026-04-15,Dal Makhani,Main Course,2,369.6,220,Zomato,UPI,Payment,Spice Route Kitchen,Kolkata
2026-04-15,Tandoori Roti,Breads,1,25.2,30,Zomato,UPI,Payment,Spice Route Kitchen,Kolkata
2026-04-15,Seekh Kebab,Starters,1,294.0,280,Zomato,UPI,Payment,Spice Route Kitchen,Kolkata
2026-04-15,Papad,Sides,1,31.5,30,Swiggy,UPI,Payment,Spice Route Kitchen,Kolkata
2026-04-15,Paneer Butter Masala,Main Course,1,235.2,280,Zomato,UPI,Payment,Spice Route Kitchen,Kolkata
2026-04-15,Samosa (2pc),Starters,1,63.0,60,Swiggy,Card,Payment,Spice Route Kitchen,Kolkata
2026-04-15,Butter Naan,Breads,-1,-37.8,45,Register,Card,Refund,Spice Route Kitchen,Kolkata
2026-04-15,Rasmalai (2pc),Desserts,-3,-346.5,110,Register,Card,Refund,Spice Route Kitchen,Kolkata
2026-04-15,Tandoori Roti,Breads,1,31.5,30,Swiggy,Card,Payment,Spice Route Kitchen,Kolkata
2026-04-15,Chicken Biryani,Biryani,1,273.0,260,Swiggy,Card,Payment,Spice Route Kitchen,Kolkata
2026-04-15,Chicken Biryani,Biryani,1,218.4,260,Swiggy,Card,Payment,Spice Route Kitchen,Kolkata
2026-04-15,Mutton Biryani,Biryani,2,714.0,340,Swiggy,UPI,Payment,Spice Route Kitchen,Kolkata
2026-04-15,Veg Biryani,Biryani,2,441.0,210,Zomato,Card,Payment,Spice Route Kitchen,Kolkata
2026-04-15,Tandoori Roti,Breads,1,28.35,30,Swiggy,UPI,Payment,Spice Route Kitchen,Kolkata
2026-04-15,Chicken 65,Starters,2,504.0,240,Swiggy,UPI,Payment,Spice Route Kitchen,Kolkata
2026-04-15,Tandoori Roti,Breads,2,63.0,30,Swiggy,UPI,Payment,Spice Route Kitchen,Kolkata
2026-04-15,Dal Makhani,Main Course,1,231.0,220,Swiggy,UPI,Payment,Spice Route Kitchen,Kolkata
2026-04-15,Butter Chicken,Main Course,2,537.6,320,Swiggy,Card,Payment,Spice Route Kitchen,Kolkata
2026-04-15,Butter Chicken,Main Course,2,672.0,320,Zomato,UPI,Payment,Spice Route Kitchen,Kolkata
2026-04-15,Butter Chicken,Main Course,1,336.0,320,Swiggy,UPI,Payment,Spice Route Kitchen,Kolkata
2026-04-15,Chicken Biryani,Biryani,3,655.2,260,Swiggy,UPI,Payment,Spice Route Kitchen,Kolkata
2026-04-15,Paneer Tikka,Starters,1,273.0,260,Swiggy,Card,Payment,Spice Route Kitchen,Kolkata
2026-04-15,Mango Lassi,Beverages,1,94.5,90,Swiggy,UPI,Payment,Spice Route Kitchen,Kolkata
2026-04-15,Rasmalai (2pc),Desserts,1,115.5,110,Swiggy,UPI,Payment,Spice Route Kitchen,Kolkata
2026-04-15,Butter Naan,Breads,2,94.5,45,Zomato,Card,Payment,Spice Route Kitchen,Kolkata
2026-04-15,Veg Biryani,Biryani,1,220.5,210,Zomato,Card,Payment,Spice Route Kitchen,Kolkata
2026-04-15,Dal Makhani,Main Course,1,184.8,220,Zomato,Card,Payment,Spice Route Kitchen,Kolkata
2026-04-15,Butter Chicken,Main Course,2,672.0,320,Zomato,UPI,Payment,Spice Route Kitchen,Kolkata
2026-04-15,Paneer Butter Masala,Main Course,2,588.0,280,Zomato,Card,Payment,Spice Route Kitchen,Kolkata
2026-04-15,Butter Naan,Breads,1,47.25,45,Register,Card,Payment,Spice Route Kitchen,Kolkata
2026-04-15,Butter Naan,Breads,2,94.5,45,Zomato,Card,Payment,Spice Route Kitchen,Kolkata
2026-04-15,Garlic Naan,Breads,3,173.25,55,Zomato,Card,Payment,Spice Route Kitchen,Kolkata
2026-04-15,Samosa (2pc),Starters,2,126.0,60,Swiggy,UPI,Payment,Spice Route Kitchen,Kolkata
2026-04-15,Chicken 65,Starters,2,403.2,240,Swiggy,UPI,Payment,Spice Route Kitchen,Kolkata
2026-04-15,Mutton Biryani,Biryani,1,285.6,340,Register,Card,Payment,Spice Route Kitchen,Kolkata
2026-04-15,Paneer Butter Masala,Main Course,1,294.0,280,Register,Card,Payment,Spice Route Kitchen,Kolkata
2026-04-15,Paneer Tikka,Starters,2,382.2,260,Swiggy,UPI,Payment,Spice Route Kitchen,Kolkata
2026-04-15,Paneer Tikka,Starters,2,546.0,260,Swiggy,Card,Payment,Spice Route Kitchen,Kolkata
2026-04-16,Mango Lassi,Beverages,1,75.6,90,Zomato,Card,Payment,Spice Route Kitchen,Kolkata
2026-04-16,Tandoori Roti,Breads,1,31.5,30,Zomato,Card,Payment,Spice Route Kitchen,Kolkata
2026-04-16,Mango Lassi,Beverages,1,94.5,90,Zomato,Card,Payment,Spice Route Kitchen,Kolkata
2026-04-16,Paneer Butter Masala,Main Course,2,588.0,280,Register,Card,Payment,Spice Route Kitchen,Kolkata
2026-04-16,Garlic Naan,Breads,1,57.75,55,Register,Card,Payment,Spice Route Kitchen,Kolkata
2026-04-16,Butter Naan,Breads,2,94.5,45,Zomato,UPI,Payment,Spice Route Kitchen,Kolkata
2026-04-16,Garlic Naan,Breads,1,57.75,55,Zomato,Card,Payment,Spice Route Kitchen,Kolkata
2026-04-16,Samosa (2pc),Starters,2,126.0,60,Zomato,UPI,Payment,Spice Route Kitchen,Kolkata
2026-04-16,Butter Naan,Breads,3,141.75,45,Zomato,Card,Payment,Spice Route Kitchen,Kolkata
2026-04-16,Seekh Kebab,Starters,2,470.4,280,Zomato,Card,Payment,Spice Route Kitchen,Kolkata
2026-04-16,Mutton Biryani,Biryani,1,357.0,340,Zomato,Card,Payment,Spice Route Kitchen,Kolkata
2026-04-16,Paneer Butter Masala,Main Course,1,294.0,280,Zomato,Card,Payment,Spice Route Kitchen,Kolkata
2026-04-16,Chicken Biryani,Biryani,2,382.2,260,Zomato,UPI,Payment,Spice Route Kitchen,Kolkata
2026-04-16,Butter Naan,Breads,1,42.52,45,Zomato,UPI,Payment,Spice Route Kitchen,Kolkata
2026-04-16,Gulab Jamun (2pc),Desserts,-1,-75.6,90,Swiggy,UPI,Refund,Spice Route Kitchen,Kolkata
2026-04-16,Gulab Jamun (2pc),Desserts,2,189.0,90,Register,UPI,Payment,Spice Route Kitchen,Kolkata
2026-04-16,Seekh Kebab,Starters,1,205.8,280,Zomato,Card,Payment,Spice Route Kitchen,Kolkata
2026-04-16,Dal Makhani,Main Course,1,231.0,220,Zomato,UPI,Payment,Spice Route Kitchen,Kolkata
2026-04-16,Butter Naan,Breads,1,47.25,45,Zomato,Card,Payment,Spice Route Kitchen,Kolkata
2026-04-16,Tandoori Roti,Breads,1,31.5,30,Zomato,UPI,Payment,Spice Route Kitchen,Kolkata
2026-04-16,Gulab Jamun (2pc),Desserts,2,189.0,90,Zomato,Card,Payment,Spice Route Kitchen,Kolkata
2026-04-16,Papad,Sides,3,94.5,30,Zomato,Card,Payment,Spice Route Kitchen,Kolkata
2026-04-16,Samosa (2pc),Starters,2,126.0,60,Zomato,Card,Payment,Spice Route Kitchen,Kolkata
2026-04-16,Masala Chai,Beverages,-3,-126.0,40,Swiggy,UPI,Refund,Spice Route Kitchen,Kolkata
2026-04-16,Seekh Kebab,Starters,1,294.0,280,Zomato,Card,Payment,Spice Route Kitchen,Kolkata
2026-04-16,Paneer Butter Masala,Main Course,1,294.0,280,Register,Card,Payment,Spice Route Kitchen,Kolkata
2026-04-16,Chicken Biryani,Biryani,2,436.8,260,Register,Card,Payment,Spice Route Kitchen,Kolkata
2026-04-16,Gulab Jamun (2pc),Desserts,1,94.5,90,Register,Card,Payment,Spice Route Kitchen,Kolkata
2026-04-16,Butter Naan,Breads,2,94.5,45,Zomato,UPI,Payment,Spice Route Kitchen,Kolkata
2026-04-16,Butter Naan,Breads,1,47.25,45,Register,Card,Payment,Spice Route Kitchen,Kolkata
2026-04-16,Butter Naan,Breads,2,94.5,45,Swiggy,UPI,Payment,Spice Route Kitchen,Kolkata
2026-04-16,Butter Naan,Breads,2,94.5,45,Swiggy,UPI,Payment,Spice Route Kitchen,Kolkata
2026-04-16,Butter Naan,Breads,3,141.75,45,Swiggy,UPI,Payment,Spice Route Kitchen,Kolkata
2026-04-16,Paneer Butter Masala,Main Course,2,588.0,280,Swiggy,UPI,Payment,Spice Route Kitchen,Kolkata
2026-04-16,Chicken Biryani,Biryani,3,819.0,260,Swiggy,UPI,Payment,Spice Route Kitchen,Kolkata
2026-04-16,Chicken Biryani,Biryani,3,819.0,260,Swiggy,UPI,Payment,Spice Route Kitchen,Kolkata
2026-04-16,Paneer Tikka,Starters,1,218.4,260,Register,Card,Payment,Spice Route Kitchen,Kolkata
2026-04-16,Mutton Biryani,Biryani,1,357.0,340,Zomato,UPI,Payment,Spice Route Kitchen,Kolkata
2026-04-16,Chicken Biryani,Biryani,2,546.0,260,Register,Card,Payment,Spice Route Kitchen,Kolkata
2026-04-16,Masala Chai,Beverages,-1,-42.0,40,Swiggy,UPI,Refund,Spice Route Kitchen,Kolkata
2026-04-16,Gulab Jamun (2pc),Desserts,1,94.5,90,Swiggy,UPI,Payment,Spice Route Kitchen,Kolkata
2026-04-16,Masala Chai,Beverages,-1,-42.0,40,Swiggy,UPI,Refund,Spice Route Kitchen,Kolkata
2026-04-16,Paneer Butter Masala,Main Course,1,294.0,280,Zomato,UPI,Payment,Spice Route Kitchen,Kolkata
2026-04-16,Papad,Sides,1,31.5,30,Zomato,UPI,Payment,Spice Route Kitchen,Kolkata
2026-04-16,Dal Makhani,Main Course,2,323.4,220,Zomato,UPI,Payment,Spice Route Kitchen,Kolkata
2026-04-16,Samosa (2pc),Starters,2,126.0,60,Swiggy,Card,Payment,Spice Route Kitchen,Kolkata
2026-04-16,Samosa (2pc),Starters,1,63.0,60,Zomato,Card,Payment,Spice Route Kitchen,Kolkata
2026-04-16,Mango Lassi,Beverages,2,151.2,90,Zomato,Card,Payment,Spice Route Kitchen,Kolkata
2026-04-16,Chicken Biryani,Biryani,2,546.0,260,Zomato,Card,Payment,Spice Route Kitchen,Kolkata
2026-04-16,Mutton Biryani,Biryani,1,357.0,340,Zomato,Card,Payment,Spice Route Kitchen,Kolkata
2026-04-16,Papad,Sides,1,31.5,30,Zomato,Card,Payment,Spice Route Kitchen,Kolkata
2026-04-16,Dal Makhani,Main Course,3,554.4,220,Zomato,Card,Payment,Spice Route Kitchen,Kolkata
2026-04-16,Paneer Tikka,Starters,1,273.0,260,Swiggy,UPI,Payment,Spice Route Kitchen,Kolkata
2026-04-16,Dal Makhani,Main Course,1,207.9,220,Swiggy,UPI,Payment,Spice Route Kitchen,Kolkata
2026-04-16,Samosa (2pc),Starters,2,126.0,60,Zomato,UPI,Payment,Spice Route Kitchen,Kolkata
2026-04-16,Samosa (2pc),Starters,1,63.0,60,Zomato,UPI,Payment,Spice Route Kitchen,Kolkata
2026-04-16,Masala Chai,Beverages,2,75.6,40,Zomato,UPI,Payment,Spice Route Kitchen,Kolkata
2026-04-16,Chicken 65,Starters,1,201.6,240,Zomato,Card,Payment,Spice Route Kitchen,Kolkata
2026-04-16,Chicken 65,Starters,-1,-252.0,240,Swiggy,UPI,Refund,Spice Route Kitchen,Kolkata
2026-04-16,Coke,Beverages,2,113.4,60,Zomato,UPI,Payment,Spice Route Kitchen,Kolkata
2026-04-16,Butter Chicken,Main Course,1,336.0,320,Zomato,UPI,Payment,Spice Route Kitchen,Kolkata
2026-04-16,Seekh Kebab,Starters,1,235.2,280,Zomato,UPI,Payment,Spice Route Kitchen,Kolkata
2026-04-16,Butter Chicken,Main Course,1,336.0,320,Zomato,Card,Payment,Spice Route Kitchen,Kolkata
2026-04-16,Gulab Jamun (2pc),Desserts,3,283.5,90,Swiggy,UPI,Payment,Spice Route Kitchen,Kolkata
2026-04-16,Dal Makhani,Main Course,1,231.0,220,Zomato,Card,Payment,Spice Route Kitchen,Kolkata
2026-04-16,Mutton Biryani,Biryani,3,1071.0,340,Swiggy,UPI,Payment,Spice Route Kitchen,Kolkata
2026-04-16,Gulab Jamun (2pc),Desserts,2,189.0,90,Zomato,Card,Payment,Spice Route Kitchen,Kolkata
2026-04-16,Butter Naan,Breads,1,47.25,45,Zomato,Card,Payment,Spice Route Kitchen,Kolkata
2026-04-16,Garlic Naan,Breads,2,115.5,55,Zomato,Card,Payment,Spice Route Kitchen,Kolkata
2026-04-16,Chicken Biryani,Biryani,2,436.8,260,Zomato,Card,Payment,Spice Route Kitchen,Kolkata
2026-04-16,Seekh Kebab,Starters,1,205.8,280,Zomato,Card,Payment,Spice Route Kitchen,Kolkata
2026-04-16,Tandoori Roti,Breads,1,31.5,30,Zomato,Card,Payment,Spice Route Kitchen,Kolkata
2026-04-16,Butter Chicken,Main Course,1,302.4,320,Swiggy,UPI,Payment,Spice Route Kitchen,Kolkata
2026-04-16,Mango Lassi,Beverages,2,189.0,90,Swiggy,UPI,Payment,Spice Route Kitchen,Kolkata
2026-04-16,Coke,Beverages,1,63.0,60,Swiggy,UPI,Payment,Spice Route Kitchen,Kolkata
2026-04-16,Butter Naan,Breads,1,33.08,45,Zomato,Card,Payment,Spice Route Kitchen,Kolkata
2026-04-16,Coke,Beverages,2,126.0,60,Zomato,Card,Payment,Spice Route Kitchen,Kolkata
2026-04-16,Butter Naan,Breads,1,47.25,45,Zomato,Card,Payment,Spice Route Kitchen,Kolkata
2026-04-16,Butter Chicken,Main Course,2,672.0,320,Zomato,Card,Payment,Spice Route Kitchen,Kolkata
2026-04-16,Paneer Tikka,Starters,1,273.0,260,Zomato,Card,Payment,Spice Route Kitchen,Kolkata
2026-04-16,Rasmalai (2pc),Desserts,1,115.5,110,Zomato,Card,Payment,Spice Route Kitchen,Kolkata
2026-04-17,Tandoori Roti,Breads,1,31.5,30,Register,Card,Payment,Spice Route Kitchen,Kolkata
2026-04-17,Mutton Biryani,Biryani,2,714.0,340,Register,Card,Payment,Spice Route Kitchen,Kolkata
2026-04-17,Mango Lassi,Beverages,1,85.05,90,Register,Card,Payment,Spice Route Kitchen,Kolkata
2026-04-17,Chicken 65,Starters,1,252.0,240,Register,UPI,Payment,Spice Route Kitchen,Kolkata
2026-04-17,Paneer Tikka,Starters,2,546.0,260,Zomato,Card,Payment,Spice Route Kitchen,Kolkata
2026-04-17,Chicken Biryani,Biryani,1,245.7,260,Zomato,Card,Payment,Spice Route Kitchen,Kolkata
2026-04-17,Rasmalai (2pc),Desserts,1,115.5,110,Zomato,Card,Payment,Spice Route Kitchen,Kolkata
2026-04-17,Paneer Tikka,Starters,2,546.0,260,Zomato,Card,Payment,Spice Route Kitchen,Kolkata
2026-04-17,Samosa (2pc),Starters,1,44.1,60,Swiggy,Card,Payment,Spice Route Kitchen,Kolkata
2026-04-17,Coke,Beverages,2,126.0,60,Swiggy,UPI,Payment,Spice Route Kitchen,Kolkata
2026-04-17,Butter Chicken,Main Course,3,1008.0,320,Swiggy,Card,Payment,Spice Route Kitchen,Kolkata
2026-04-17,Mango Lassi,Beverages,1,94.5,90,Zomato,Card,Payment,Spice Route Kitchen,Kolkata
2026-04-17,Butter Chicken,Main Course,2,672.0,320,Swiggy,UPI,Payment,Spice Route Kitchen,Kolkata
2026-04-17,Chicken 65,Starters,1,252.0,240,Zomato,Card,Payment,Spice Route Kitchen,Kolkata
2026-04-17,Masala Chai,Beverages,2,84.0,40,Register,Cash,Payment,Spice Route Kitchen,Kolkata
2026-04-17,Masala Chai,Beverages,1,29.4,40,Register,Cash,Payment,Spice Route Kitchen,Kolkata
2026-04-17,Mango Lassi,Beverages,2,170.1,90,Register,UPI,Payment,Spice Route Kitchen,Kolkata
2026-04-17,Butter Chicken,Main Course,1,336.0,320,Register,UPI,Payment,Spice Route Kitchen,Kolkata
2026-04-17,Chicken Biryani,Biryani,1,273.0,260,Zomato,Card,Payment,Spice Route Kitchen,Kolkata
2026-04-17,Chicken Biryani,Biryani,1,273.0,260,Zomato,Card,Payment,Spice Route Kitchen,Kolkata
2026-04-17,Mango Lassi,Beverages,3,255.15,90,Zomato,Card,Payment,Spice Route Kitchen,Kolkata
2026-04-17,Chicken Biryani,Biryani,3,819.0,260,Zomato,Card,Payment,Spice Route Kitchen,Kolkata
2026-04-17,Samosa (2pc),Starters,1,63.0,60,Zomato,Card,Payment,Spice Route Kitchen,Kolkata
2026-04-17,Butter Naan,Breads,2,94.5,45,Zomato,Card,Payment,Spice Route Kitchen,Kolkata
2026-04-17,Chicken Biryani,Biryani,2,546.0,260,Zomato,Card,Payment,Spice Route Kitchen,Kolkata
2026-04-17,Seekh Kebab,Starters,1,294.0,280,Swiggy,Card,Payment,Spice Route Kitchen,Kolkata
2026-04-17,Mango Lassi,Beverages,1,94.5,90,Register,Cash,Payment,Spice Route Kitchen,Kolkata
2026-04-17,Butter Naan,Breads,2,85.05,45,Swiggy,Card,Payment,Spice Route Kitchen,Kolkata
2026-04-17,Chicken Biryani,Biryani,3,819.0,260,Register,Cash,Payment,Spice Route Kitchen,Kolkata
2026-04-17,Veg Biryani,Biryani,1,220.5,210,Swiggy,Card,Payment,Spice Route Kitchen,Kolkata
2026-04-17,Dal Makhani,Main Course,1,231.0,220,Zomato,Card,Payment,Spice Route Kitchen,Kolkata
2026-04-17,Veg Biryani,Biryani,1,220.5,210,Swiggy,UPI,Payment,Spice Route Kitchen,Kolkata
2026-04-17,Seekh Kebab,Starters,2,588.0,280,Swiggy,UPI,Payment,Spice Route Kitchen,Kolkata
2026-04-17,Chicken Biryani,Biryani,2,546.0,260,Swiggy,UPI,Payment,Spice Route Kitchen,Kolkata
2026-04-17,Mango Lassi,Beverages,1,94.5,90,Swiggy,UPI,Payment,Spice Route Kitchen,Kolkata
2026-04-17,Paneer Butter Masala,Main Course,1,294.0,280,Register,Cash,Payment,Spice Route Kitchen,Kolkata
2026-04-17,Garlic Naan,Breads,1,57.75,55,Register,Cash,Payment,Spice Route Kitchen,Kolkata
2026-04-17,Butter Chicken,Main Course,3,1008.0,320,Register,Cash,Payment,Spice Route Kitchen,Kolkata
2026-04-17,Paneer Tikka,Starters,2,546.0,260,Register,Cash,Payment,Spice Route Kitchen,Kolkata
2026-04-17,Butter Chicken,Main Course,3,705.6,320,Register,Cash,Payment,Spice Route Kitchen,Kolkata
2026-04-17,Gulab Jamun (2pc),Desserts,1,94.5,90,Register,Cash,Payment,Spice Route Kitchen,Kolkata
2026-04-17,Sweet Lassi,Beverages,1,84.0,80,Swiggy,Card,Payment,Spice Route Kitchen,Kolkata
2026-04-17,Gulab Jamun (2pc),Desserts,1,94.5,90,Swiggy,Card,Payment,Spice Route Kitchen,Kolkata
2026-04-17,Paneer Tikka,Starters,1,273.0,260,Register,Cash,Payment,Spice Route Kitchen,Kolkata
2026-04-17,Butter Naan,Breads,1,47.25,45,Register,Cash,Payment,Spice Route Kitchen,Kolkata
2026-04-17,Garlic Naan,Breads,1,57.75,55,Register,Cash,Payment,Spice Route Kitchen,Kolkata
2026-04-17,Masala Chai,Beverages,1,37.8,40,Register,Cash,Payment,Spice Route Kitchen,Kolkata
2026-04-17,Sweet Lassi,Beverages,1,84.0,80,Register,Cash,Payment,Spice Route Kitchen,Kolkata
2026-04-17,Garlic Naan,Breads,2,115.5,55,Swiggy,UPI,Payment,Spice Route Kitchen,Kolkata
2026-04-17,Butter Chicken,Main Course,1,336.0,320,Swiggy,UPI,Payment,Spice Route Kitchen,Kolkata
2026-04-17,Butter Naan,Breads,1,42.52,45,Zomato,Card,Payment,Spice Route Kitchen,Kolkata
2026-04-17,Butter Chicken,Main Course,3,1008.0,320,Zomato,Card,Payment,Spice Route Kitchen,Kolkata
2026-04-17,Chicken Biryani,Biryani,2,546.0,260,Zomato,Card,Payment,Spice Route Kitchen,Kolkata
2026-04-17,Samosa (2pc),Starters,1,63.0,60,Zomato,Card,Payment,Spice Route Kitchen,Kolkata
2026-04-17,Chicken Biryani,Biryani,2,382.2,260,Zomato,Card,Payment,Spice Route Kitchen,Kolkata
2026-04-17,Mango Lassi,Beverages,2,189.0,90,Zomato,Card,Payment,Spice Route Kitchen,Kolkata
2026-04-17,Masala Chai,Beverages,3,126.0,40,Swiggy,Card,Payment,Spice Route Kitchen,Kolkata
2026-04-17,Veg Biryani,Biryani,2,396.9,210,Swiggy,Card,Payment,Spice Route Kitchen,Kolkata
2026-04-17,Paneer Butter Masala,Main Course,2,588.0,280,Zomato,Card,Payment,Spice Route Kitchen,Kolkata
2026-04-17,Chicken 65,Starters,2,504.0,240,Zomato,Card,Payment,Spice Route Kitchen,Kolkata
2026-04-17,Rasmalai (2pc),Desserts,1,115.5,110,Swiggy,Card,Payment,Spice Route Kitchen,Kolkata
2026-04-17,Garlic Naan,Breads,2,115.5,55,Zomato,Card,Payment,Spice Route Kitchen,Kolkata
2026-04-17,Veg Biryani,Biryani,1,220.5,210,Zomato,UPI,Payment,Spice Route Kitchen,Kolkata
2026-04-17,Masala Chai,Beverages,3,88.2,40,Zomato,Card,Payment,Spice Route Kitchen,Kolkata
2026-04-17,Butter Naan,Breads,1,47.25,45,Zomato,Card,Payment,Spice Route Kitchen,Kolkata
2026-04-17,Masala Chai,Beverages,1,42.0,40,Zomato,Card,Payment,Spice Route Kitchen,Kolkata
2026-04-17,Veg Biryani,Biryani,1,220.5,210,Register,UPI,Payment,Spice Route Kitchen,Kolkata
2026-04-17,Garlic Naan,Breads,1,57.75,55,Register,UPI,Payment,Spice Route Kitchen,Kolkata
2026-04-17,Samosa (2pc),Starters,2,126.0,60,Register,UPI,Payment,Spice Route Kitchen,Kolkata
2026-04-17,Tandoori Roti,Breads,1,25.2,30,Register,UPI,Payment,Spice Route Kitchen,Kolkata
2026-04-17,Dal Makhani,Main Course,2,415.8,220,Swiggy,UPI,Payment,Spice Route Kitchen,Kolkata
2026-04-17,Paneer Tikka,Starters,3,655.2,260,Swiggy,UPI,Payment,Spice Route Kitchen,Kolkata
2026-04-17,Tandoori Roti,Breads,3,94.5,30,Zomato,Card,Payment,Spice Route Kitchen,Kolkata
2026-04-17,Paneer Tikka,Starters,1,273.0,260,Zomato,Card,Payment,Spice Route Kitchen,Kolkata
2026-04-17,Mango Lassi,Beverages,1,75.6,90,Zomato,Card,Payment,Spice Route Kitchen,Kolkata
2026-04-17,Masala Chai,Beverages,2,84.0,40,Swiggy,UPI,Payment,Spice Route Kitchen,Kolkata
2026-04-17,Mutton Biryani,Biryani,1,357.0,340,Zomato,UPI,Payment,Spice Route Kitchen,Kolkata
2026-04-17,Mango Lassi,Beverages,1,94.5,90,Zomato,UPI,Payment,Spice Route Kitchen,Kolkata
2026-04-17,Mango Lassi,Beverages,2,189.0,90,Register,UPI,Payment,Spice Route Kitchen,Kolkata
2026-04-17,Paneer Butter Masala,Main Course,1,294.0,280,Swiggy,Card,Payment,Spice Route Kitchen,Kolkata
2026-04-17,Papad,Sides,2,63.0,30,Swiggy,Card,Payment,Spice Route Kitchen,Kolkata
2026-04-17,Garlic Naan,Breads,1,57.75,55,Swiggy,Card,Payment,Spice Route Kitchen,Kolkata
2026-04-17,Dal Makhani,Main Course,2,462.0,220,Swiggy,Card,Payment,Spice Route Kitchen,Kolkata
2026-04-17,Butter Naan,Breads,2,94.5,45,Zomato,Card,Payment,Spice Route Kitchen,Kolkata
2026-04-17,Chicken Biryani,Biryani,2,546.0,260,Zomato,Card,Payment,Spice Route Kitchen,Kolkata
2026-04-17,Masala Chai,Beverages,2,84.0,40,Register,Cash,Payment,Spice Route Kitchen,Kolkata
2026-04-17,Masala Chai,Beverages,3,126.0,40,Register,Cash,Payment,Spice Route Kitchen,Kolkata
2026-04-17,Paneer Butter Masala,Main Course,1,235.2,280,Swiggy,UPI,Payment,Spice Route Kitchen,Kolkata
2026-04-17,Mutton Biryani,Biryani,1,357.0,340,Swiggy,Card,Payment,Spice Route Kitchen,Kolkata
2026-04-17,Coke,Beverages,1,63.0,60,Zomato,UPI,Payment,Spice Route Kitchen,Kolkata
2026-04-17,Paneer Butter Masala,Main Course,2,588.0,280,Register,Card,Payment,Spice Route Kitchen,Kolkata
2026-04-17,Mutton Biryani,Biryani,2,499.8,340,Zomato,Card,Payment,Spice Route Kitchen,Kolkata
2026-04-17,Gulab Jamun (2pc),Desserts,1,94.5,90,Swiggy,Card,Payment,Spice Route Kitchen,Kolkata
2026-04-17,Butter Naan,Breads,1,47.25,45,Zomato,Card,Payment,Spice Route Kitchen,Kolkata
2026-04-17,Mutton Biryani,Biryani,1,249.9,340,Zomato,Card,Payment,Spice Route Kitchen,Kolkata
2026-04-17,Masala Chai,Beverages,1,42.0,40,Zomato,Card,Payment,Spice Route Kitchen,Kolkata
2026-04-17,Garlic Naan,Breads,3,138.6,55,Zomato,Card,Payment,Spice Route Kitchen,Kolkata
2026-04-17,Paneer Butter Masala,Main Course,1,294.0,280,Swiggy,Card,Payment,Spice Route Kitchen,Kolkata
2026-04-17,Garlic Naan,Breads,1,46.2,55,Zomato,UPI,Payment,Spice Route Kitchen,Kolkata
2026-04-17,Sweet Lassi,Beverages,1,75.6,80,Zomato,UPI,Payment,Spice Route Kitchen,Kolkata
2026-04-17,Chicken Biryani,Biryani,3,819.0,260,Zomato,UPI,Payment,Spice Route Kitchen,Kolkata
2026-04-17,Mango Lassi,Beverages,1,94.5,90,Zomato,UPI,Payment,Spice Route Kitchen,Kolkata
2026-04-17,Garlic Naan,Breads,1,46.2,55,Register,Card,Payment,Spice Route Kitchen,Kolkata
2026-04-17,Seekh Kebab,Starters,1,294.0,280,Register,Card,Payment,Spice Route Kitchen,Kolkata
2026-04-17,Sweet Lassi,Beverages,1,84.0,80,Swiggy,Card,Payment,Spice Route Kitchen,Kolkata
2026-04-17,Samosa (2pc),Starters,2,113.4,60,Register,Card,Payment,Spice Route Kitchen,Kolkata
2026-04-17,Mutton Biryani,Biryani,1,321.3,340,Register,Card,Payment,Spice Route Kitchen,Kolkata
2026-04-17,Mutton Biryani,Biryani,1,285.6,340,Register,Card,Payment,Spice Route Kitchen,Kolkata
2026-04-17,Garlic Naan,Breads,1,57.75,55,Zomato,UPI,Payment,Spice Route Kitchen,Kolkata
2026-04-17,Dal Makhani,Main Course,2,462.0,220,Zomato,UPI,Payment,Spice Route Kitchen,Kolkata
2026-04-17,Chicken 65,Starters,2,504.0,240,Zomato,UPI,Payment,Spice Route Kitchen,Kolkata
2026-04-17,Dal Makhani,Main Course,1,231.0,220,Zomato,Card,Payment,Spice Route Kitchen,Kolkata
2026-04-17,Chicken 65,Starters,2,403.2,240,Zomato,Card,Payment,Spice Route Kitchen,Kolkata
2026-04-17,Gulab Jamun (2pc),Desserts,1,85.05,90,Register,Card,Payment,Spice Route Kitchen,Kolkata
2026-04-17,Samosa (2pc),Starters,2,126.0,60,Register,Card,Payment,Spice Route Kitchen,Kolkata
2026-04-17,Butter Chicken,Main Course,1,336.0,320,Swiggy,Card,Payment,Spice Route Kitchen,Kolkata
2026-04-17,Tandoori Roti,Breads,1,25.2,30,Swiggy,Card,Payment,Spice Route Kitchen,Kolkata
2026-04-17,Garlic Naan,Breads,2,115.5,55,Register,Card,Payment,Spice Route Kitchen,Kolkata
2026-04-17,Seekh Kebab,Starters,1,294.0,280,Zomato,Card,Payment,Spice Route Kitchen,Kolkata
2026-04-18,Butter Chicken,Main Course,1,336.0,320,Zomato,UPI,Payment,Spice Route Kitchen,Kolkata
2026-04-18,Mutton Biryani,Biryani,2,714.0,340,Swiggy,Card,Payment,Spice Route Kitchen,Kolkata
2026-04-18,Mango Lassi,Beverages,1,94.5,90,Zomato,UPI,Payment,Spice Route Kitchen,Kolkata
2026-04-18,Samosa (2pc),Starters,1,63.0,60,Register,UPI,Payment,Spice Route Kitchen,Kolkata
2026-04-18,Paneer Tikka,Starters,3,819.0,260,Register,UPI,Payment,Spice Route Kitchen,Kolkata
2026-04-18,Gulab Jamun (2pc),Desserts,2,189.0,90,Register,UPI,Payment,Spice Route Kitchen,Kolkata
2026-04-18,Butter Naan,Breads,2,94.5,45,Register,UPI,Payment,Spice Route Kitchen,Kolkata
2026-04-18,Papad,Sides,2,63.0,30,Swiggy,Card,Payment,Spice Route Kitchen,Kolkata
2026-04-18,Garlic Naan,Breads,2,115.5,55,Zomato,Card,Payment,Spice Route Kitchen,Kolkata
2026-04-18,Mutton Biryani,Biryani,1,285.6,340,Zomato,Card,Payment,Spice Route Kitchen,Kolkata
2026-04-18,Papad,Sides,1,28.35,30,Zomato,Card,Payment,Spice Route Kitchen,Kolkata
2026-04-18,Paneer Butter Masala,Main Course,2,588.0,280,Zomato,Card,Payment,Spice Route Kitchen,Kolkata
2026-04-18,Rasmalai (2pc),Desserts,3,346.5,110,Zomato,Card,Payment,Spice Route Kitchen,Kolkata
2026-04-18,Paneer Butter Masala,Main Course,1,294.0,280,Register,Cash,Payment,Spice Route Kitchen,Kolkata
2026-04-18,Dal Makhani,Main Course,1,231.0,220,Zomato,UPI,Payment,Spice Route Kitchen,Kolkata
2026-04-18,Mango Lassi,Beverages,2,189.0,90,Register,Cash,Payment,Spice Route Kitchen,Kolkata
2026-04-18,Chicken Biryani,Biryani,1,218.4,260,Zomato,Card,Payment,Spice Route Kitchen,Kolkata
2026-04-18,Butter Chicken,Main Course,1,302.4,320,Register,Card,Payment,Spice Route Kitchen,Kolkata
2026-04-18,Samosa (2pc),Starters,2,126.0,60,Register,Cash,Payment,Spice Route Kitchen,Kolkata
2026-04-18,Mango Lassi,Beverages,1,94.5,90,Register,Card,Payment,Spice Route Kitchen,Kolkata
2026-04-18,Sweet Lassi,Beverages,1,58.8,80,Register,Cash,Payment,Spice Route Kitchen,Kolkata
2026-04-18,Tandoori Roti,Breads,1,31.5,30,Swiggy,UPI,Payment,Spice Route Kitchen,Kolkata
2026-04-18,Paneer Tikka,Starters,1,245.7,260,Register,Cash,Payment,Spice Route Kitchen,Kolkata
2026-04-18,Paneer Butter Masala,Main Course,1,205.8,280,Register,Cash,Payment,Spice Route Kitchen,Kolkata
2026-04-18,Mutton Biryani,Biryani,1,357.0,340,Register,Cash,Payment,Spice Route Kitchen,Kolkata
2026-04-18,Samosa (2pc),Starters,1,63.0,60,Register,Cash,Payment,Spice Route Kitchen,Kolkata
2026-04-18,Chicken 65,Starters,1,252.0,240,Register,Cash,Payment,Spice Route Kitchen,Kolkata
2026-04-18,Mutton Biryani,Biryani,3,1071.0,340,Register,Cash,Payment,Spice Route Kitchen,Kolkata
2026-04-18,Coke,Beverages,1,63.0,60,Register,Cash,Payment,Spice Route Kitchen,Kolkata
2026-04-18,Seekh Kebab,Starters,2,529.2,280,Register,Cash,Payment,Spice Route Kitchen,Kolkata
2026-04-18,Garlic Naan,Breads,2,115.5,55,Swiggy,Card,Payment,Spice Route Kitchen,Kolkata
2026-04-18,Butter Chicken,Main Course,2,672.0,320,Swiggy,Card,Payment,Spice Route Kitchen,Kolkata
2026-04-18,Gulab Jamun (2pc),Desserts,2,189.0,90,Zomato,Card,Payment,Spice Route Kitchen,Kolkata
2026-04-18,Chicken 65,Starters,1,252.0,240,Zomato,Card,Payment,Spice Route Kitchen,Kolkata
2026-04-18,Chicken 65,Starters,1,252.0,240,Zomato,Card,Payment,Spice Route Kitchen,Kolkata
2026-04-18,Garlic Naan,Breads,1,46.2,55,Zomato,Card,Payment,Spice Route Kitchen,Kolkata
2026-04-18,Masala Chai,Beverages,1,42.0,40,Register,Card,Payment,Spice Route Kitchen,Kolkata
2026-04-18,Coke,Beverages,1,63.0,60,Register,Card,Payment,Spice Route Kitchen,Kolkata
2026-04-18,Veg Biryani,Biryani,2,441.0,210,Register,Cash,Payment,Spice Route Kitchen,Kolkata
2026-04-18,Paneer Butter Masala,Main Course,1,294.0,280,Register,Card,Payment,Spice Route Kitchen,Kolkata
2026-04-18,Samosa (2pc),Starters,1,50.4,60,Swiggy,UPI,Payment,Spice Route Kitchen,Kolkata
2026-04-18,Gulab Jamun (2pc),Desserts,2,170.1,90,Zomato,UPI,Payment,Spice Route Kitchen,Kolkata
2026-04-18,Paneer Tikka,Starters,1,273.0,260,Zomato,UPI,Payment,Spice Route Kitchen,Kolkata
2026-04-18,Veg Biryani,Biryani,1,220.5,210,Zomato,UPI,Payment,Spice Route Kitchen,Kolkata
2026-04-18,Garlic Naan,Breads,2,115.5,55,Zomato,UPI,Payment,Spice Route Kitchen,Kolkata
2026-04-18,Sweet Lassi,Beverages,1,84.0,80,Zomato,UPI,Payment,Spice Route Kitchen,Kolkata
2026-04-18,Sweet Lassi,Beverages,2,168.0,80,Swiggy,UPI,Payment,Spice Route Kitchen,Kolkata
2026-04-18,Chicken 65,Starters,1,226.8,240,Register,Card,Payment,Spice Route Kitchen,Kolkata
2026-04-18,Seekh Kebab,Starters,1,294.0,280,Swiggy,UPI,Payment,Spice Route Kitchen,Kolkata
2026-04-18,Paneer Tikka,Starters,1,273.0,260,Register,Card,Payment,Spice Route Kitchen,Kolkata
2026-04-18,Gulab Jamun (2pc),Desserts,1,94.5,90,Zomato,Card,Payment,Spice Route Kitchen,Kolkata
2026-04-18,Veg Biryani,Biryani,1,220.5,210,Zomato,Card,Payment,Spice Route Kitchen,Kolkata
2026-04-18,Garlic Naan,Breads,1,46.2,55,Register,Card,Payment,Spice Route Kitchen,Kolkata
2026-04-18,Butter Chicken,Main Course,3,1008.0,320,Register,Card,Payment,Spice Route Kitchen,Kolkata
2026-04-18,Garlic Naan,Breads,2,115.5,55,Register,Card,Payment,Spice Route Kitchen,Kolkata
2026-04-18,Butter Chicken,Main Course,1,336.0,320,Register,Card,Payment,Spice Route Kitchen,Kolkata
2026-04-18,Paneer Butter Masala,Main Course,2,588.0,280,Register,Card,Payment,Spice Route Kitchen,Kolkata
2026-04-18,Garlic Naan,Breads,1,51.98,55,Zomato,Card,Payment,Spice Route Kitchen,Kolkata
2026-04-18,Paneer Butter Masala,Main Course,2,588.0,280,Swiggy,UPI,Payment,Spice Route Kitchen,Kolkata
2026-04-18,Chicken Biryani,Biryani,2,546.0,260,Swiggy,UPI,Payment,Spice Route Kitchen,Kolkata
2026-04-18,Chicken Biryani,Biryani,1,273.0,260,Swiggy,Card,Payment,Spice Route Kitchen,Kolkata
2026-04-18,Rasmalai (2pc),Desserts,2,231.0,110,Swiggy,UPI,Payment,Spice Route Kitchen,Kolkata
2026-04-18,Gulab Jamun (2pc),Desserts,2,189.0,90,Swiggy,UPI,Payment,Spice Route Kitchen,Kolkata
2026-04-18,Chicken Biryani,Biryani,1,273.0,260,Swiggy,UPI,Payment,Spice Route Kitchen,Kolkata
2026-04-18,Chicken Biryani,Biryani,1,273.0,260,Zomato,Card,Payment,Spice Route Kitchen,Kolkata
2026-04-18,Samosa (2pc),Starters,1,63.0,60,Zomato,Card,Payment,Spice Route Kitchen,Kolkata
2026-04-18,Butter Chicken,Main Course,1,336.0,320,Zomato,Card,Payment,Spice Route Kitchen,Kolkata
2026-04-18,Mango Lassi,Beverages,1,94.5,90,Zomato,Card,Payment,Spice Route Kitchen,Kolkata
2026-04-18,Papad,Sides,2,44.1,30,Zomato,Card,Payment,Spice Route Kitchen,Kolkata
2026-04-18,Butter Naan,Breads,1,42.52,45,Zomato,Card,Payment,Spice Route Kitchen,Kolkata
2026-04-18,Coke,Beverages,2,113.4,60,Zomato,Card,Payment,Spice Route Kitchen,Kolkata
2026-04-18,Dal Makhani,Main Course,2,462.0,220,Zomato,Card,Payment,Spice Route Kitchen,Kolkata
2026-04-18,Tandoori Roti,Breads,2,63.0,30,Zomato,Card,Payment,Spice Route Kitchen,Kolkata
2026-04-18,Gulab Jamun (2pc),Desserts,1,94.5,90,Swiggy,Card,Payment,Spice Route Kitchen,Kolkata
2026-04-18,Chicken 65,Starters,2,504.0,240,Swiggy,Card,Payment,Spice Route Kitchen,Kolkata
2026-04-18,Butter Chicken,Main Course,2,604.8,320,Swiggy,Card,Payment,Spice Route Kitchen,Kolkata
2026-04-18,Chicken Biryani,Biryani,3,819.0,260,Swiggy,Card,Payment,Spice Route Kitchen,Kolkata
2026-04-18,Paneer Tikka,Starters,1,218.4,260,Swiggy,Card,Payment,Spice Route Kitchen,Kolkata
2026-04-18,Butter Chicken,Main Course,2,470.4,320,Register,Cash,Payment,Spice Route Kitchen,Kolkata
2026-04-18,Dal Makhani,Main Course,3,693.0,220,Register,UPI,Payment,Spice Route Kitchen,Kolkata
2026-04-18,Rasmalai (2pc),Desserts,1,115.5,110,Swiggy,UPI,Payment,Spice Route Kitchen,Kolkata
2026-04-18,Chicken Biryani,Biryani,2,546.0,260,Register,UPI,Payment,Spice Route Kitchen,Kolkata
2026-04-18,Rasmalai (2pc),Desserts,1,115.5,110,Swiggy,Card,Payment,Spice Route Kitchen,Kolkata
2026-04-18,Tandoori Roti,Breads,1,28.35,30,Swiggy,Card,Payment,Spice Route Kitchen,Kolkata
2026-04-18,Mango Lassi,Beverages,1,94.5,90,Swiggy,Card,Payment,Spice Route Kitchen,Kolkata
2026-04-18,Tandoori Roti,Breads,1,31.5,30,Register,Card,Payment,Spice Route Kitchen,Kolkata
2026-04-18,Tandoori Roti,Breads,1,31.5,30,Register,Card,Payment,Spice Route Kitchen,Kolkata
2026-04-18,Coke,Beverages,2,126.0,60,Register,Card,Payment,Spice Route Kitchen,Kolkata
2026-04-18,Coke,Beverages,1,44.1,60,Register,Card,Payment,Spice Route Kitchen,Kolkata
2026-04-18,Butter Naan,Breads,1,37.8,45,Swiggy,Card,Payment,Spice Route Kitchen,Kolkata
2026-04-18,Gulab Jamun (2pc),Desserts,2,189.0,90,Register,UPI,Payment,Spice Route Kitchen,Kolkata
2026-04-18,Tandoori Roti,Breads,2,63.0,30,Register,UPI,Payment,Spice Route Kitchen,Kolkata
2026-04-18,Seekh Kebab,Starters,3,882.0,280,Register,UPI,Payment,Spice Route Kitchen,Kolkata
2026-04-18,Gulab Jamun (2pc),Desserts,1,94.5,90,Register,UPI,Payment,Spice Route Kitchen,Kolkata
2026-04-18,Chicken 65,Starters,2,504.0,240,Zomato,Card,Payment,Spice Route Kitchen,Kolkata
2026-04-18,Dal Makhani,Main Course,2,462.0,220,Zomato,UPI,Payment,Spice Route Kitchen,Kolkata
2026-04-18,Seekh Kebab,Starters,1,235.2,280,Zomato,UPI,Payment,Spice Route Kitchen,Kolkata
2026-04-18,Samosa (2pc),Starters,3,189.0,60,Zomato,UPI,Payment,Spice Route Kitchen,Kolkata
2026-04-18,Paneer Butter Masala,Main Course,1,294.0,280,Register,UPI,Payment,Spice Route Kitchen,Kolkata
2026-04-18,Mutton Biryani,Biryani,2,714.0,340,Zomato,Card,Payment,Spice Route Kitchen,Kolkata
2026-04-18,Coke,Beverages,1,63.0,60,Zomato,Card,Payment,Spice Route Kitchen,Kolkata
2026-04-18,Mango Lassi,Beverages,3,255.15,90,Zomato,Card,Payment,Spice Route Kitchen,Kolkata
2026-04-18,Seekh Kebab,Starters,2,588.0,280,Register,Card,Payment,Spice Route Kitchen,Kolkata
2026-04-18,Chicken 65,Starters,1,252.0,240,Register,Card,Payment,Spice Route Kitchen,Kolkata
2026-04-18,Tandoori Roti,Breads,3,94.5,30,Register,Card,Payment,Spice Route Kitchen,Kolkata
2026-04-18,Rasmalai (2pc),Desserts,1,115.5,110,Register,Card,Payment,Spice Route Kitchen,Kolkata
2026-04-18,Mutton Biryani,Biryani,2,714.0,340,Swiggy,Card,Payment,Spice Route Kitchen,Kolkata
2026-04-18,Papad,Sides,2,44.1,30,Register,UPI,Payment,Spice Route Kitchen,Kolkata
2026-04-18,Coke,Beverages,2,126.0,60,Register,UPI,Payment,Spice Route Kitchen,Kolkata
2026-04-18,Butter Naan,Breads,2,94.5,45,Register,UPI,Payment,Spice Route Kitchen,Kolkata
2026-04-18,Paneer Tikka,Starters,3,819.0,260,Register,UPI,Payment,Spice Route Kitchen,Kolkata
2026-04-18,Papad,Sides,1,31.5,30,Register,UPI,Payment,Spice Route Kitchen,Kolkata
2026-04-18,Butter Chicken,Main Course,1,336.0,320,Register,UPI,Payment,Spice Route Kitchen,Kolkata
2026-04-18,Masala Chai,Beverages,1,42.0,40,Register,UPI,Payment,Spice Route Kitchen,Kolkata
2026-04-18,Mango Lassi,Beverages,2,151.2,90,Swiggy,Card,Payment,Spice Route Kitchen,Kolkata
2026-04-18,Garlic Naan,Breads,1,40.43,55,Swiggy,Card,Payment,Spice Route Kitchen,Kolkata
2026-04-18,Chicken Biryani,Biryani,1,273.0,260,Swiggy,Card,Payment,Spice Route Kitchen,Kolkata
2026-04-18,Chicken Biryani,Biryani,2,546.0,260,Zomato,UPI,Payment,Spice Route Kitchen,Kolkata
2026-04-18,Garlic Naan,Breads,3,173.25,55,Zomato,Card,Payment,Spice Route Kitchen,Kolkata
2026-04-18,Paneer Tikka,Starters,1,273.0,260,Zomato,UPI,Payment,Spice Route Kitchen,Kolkata
2026-04-18,Paneer Tikka,Starters,1,245.7,260,Register,UPI,Payment,Spice Route Kitchen,Kolkata
2026-04-18,Tandoori Roti,Breads,2,63.0,30,Register,UPI,Payment,Spice Route Kitchen,Kolkata
2026-04-18,Paneer Butter Masala,Main Course,1,294.0,280,Swiggy,UPI,Payment,Spice Route Kitchen,Kolkata
2026-04-18,Samosa (2pc),Starters,2,126.0,60,Register,UPI,Payment,Spice Route Kitchen,Kolkata
2026-04-18,Paneer Butter Masala,Main Course,1,294.0,280,Register,UPI,Payment,Spice Route Kitchen,Kolkata
2026-04-18,Paneer Butter Masala,Main Course,1,294.0,280,Register,UPI,Payment,Spice Route Kitchen,Kolkata
2026-04-18,Garlic Naan,Breads,2,80.85,55,Zomato,Card,Payment,Spice Route Kitchen,Kolkata
2026-04-18,Sweet Lassi,Beverages,1,84.0,80,Zomato,Card,Payment,Spice Route Kitchen,Kolkata
2026-04-18,Butter Naan,Breads,2,94.5,45,Zomato,Card,Payment,Spice Route Kitchen,Kolkata
2026-04-18,Chicken Biryani,Biryani,1,273.0,260,Zomato,Card,Payment,Spice Route Kitchen,Kolkata
2026-04-18,Veg Biryani,Biryani,2,441.0,210,Zomato,UPI,Payment,Spice Route Kitchen,Kolkata
2026-04-18,Chicken Biryani,Biryani,1,273.0,260,Swiggy,UPI,Payment,Spice Route Kitchen,Kolkata
2026-04-18,Paneer Butter Masala,Main Course,1,294.0,280,Swiggy,UPI,Payment,Spice Route Kitchen,Kolkata
2026-04-18,Samosa (2pc),Starters,2,126.0,60,Swiggy,UPI,Payment,Spice Route Kitchen,Kolkata
2026-04-18,Masala Chai,Beverages,2,84.0,40,Zomato,UPI,Payment,Spice Route Kitchen,Kolkata
2026-04-18,Sweet Lassi,Beverages,1,84.0,80,Zomato,UPI,Payment,Spice Route Kitchen,Kolkata
2026-04-18,Samosa (2pc),Starters,1,63.0,60,Zomato,UPI,Payment,Spice Route Kitchen,Kolkata
2026-04-18,Garlic Naan,Breads,2,115.5,55,Zomato,UPI,Payment,Spice Route Kitchen,Kolkata
2026-04-18,Rasmalai (2pc),Desserts,2,184.8,110,Swiggy,UPI,Payment,Spice Route Kitchen,Kolkata
2026-04-18,Gulab Jamun (2pc),Desserts,1,94.5,90,Swiggy,UPI,Payment,Spice Route Kitchen,Kolkata
2026-04-18,Garlic Naan,Breads,2,92.4,55,Zomato,UPI,Payment,Spice Route Kitchen,Kolkata
2026-04-18,Dal Makhani,Main Course,1,207.9,220,Zomato,UPI,Payment,Spice Route Kitchen,Kolkata
2026-04-18,Coke,Beverages,2,126.0,60,Zomato,UPI,Payment,Spice Route Kitchen,Kolkata
2026-04-18,Masala Chai,Beverages,2,75.6,40,Swiggy,UPI,Payment,Spice Route Kitchen,Kolkata
2026-04-18,Veg Biryani,Biryani,1,220.5,210,Zomato,UPI,Payment,Spice Route Kitchen,Kolkata
2026-04-18,Sweet Lassi,Beverages,1,84.0,80,Swiggy,UPI,Payment,Spice Route Kitchen,Kolkata
2026-04-18,Paneer Butter Masala,Main Course,1,294.0,280,Zomato,UPI,Payment,Spice Route Kitchen,Kolkata
2026-04-18,Paneer Tikka,Starters,2,546.0,260,Zomato,UPI,Payment,Spice Route Kitchen,Kolkata
2026-04-18,Mutton Biryani,Biryani,3,1071.0,340,Register,Cash,Payment,Spice Route Kitchen,Kolkata
2026-04-18,Samosa (2pc),Starters,1,63.0,60,Register,Card,Payment,Spice Route Kitchen,Kolkata
2026-04-18,Masala Chai,Beverages,1,42.0,40,Register,Card,Payment,Spice Route Kitchen,Kolkata
2026-04-18,Butter Chicken,Main Course,1,336.0,320,Swiggy,UPI,Payment,Spice Route Kitchen,Kolkata
2026-04-18,Rasmalai (2pc),Desserts,2,231.0,110,Register,Card,Payment,Spice Route Kitchen,Kolkata
2026-04-18,Paneer Butter Masala,Main Course,1,205.8,280,Swiggy,UPI,Payment,Spice Route Kitchen,Kolkata
2026-04-18,Sweet Lassi,Beverages,1,75.6,80,Swiggy,UPI,Payment,Spice Route Kitchen,Kolkata
2026-04-18,Dal Makhani,Main Course,2,415.8,220,Swiggy,UPI,Payment,Spice Route Kitchen,Kolkata
2026-04-18,Veg Biryani,Biryani,2,441.0,210,Swiggy,UPI,Payment,Spice Route Kitchen,Kolkata
2026-04-18,Chicken 65,Starters,2,403.2,240,Zomato,Card,Payment,Spice Route Kitchen,Kolkata
2026-04-18,Butter Naan,Breads,1,37.8,45,Zomato,Card,Payment,Spice Route Kitchen,Kolkata
2026-04-18,Paneer Tikka,Starters,2,546.0,260,Register,Card,Payment,Spice Route Kitchen,Kolkata
2026-04-18,Samosa (2pc),Starters,2,126.0,60,Swiggy,UPI,Payment,Spice Route Kitchen,Kolkata
2026-04-19,Masala Chai,Beverages,1,42.0,40,Zomato,UPI,Payment,Spice Route Kitchen,Kolkata
2026-04-19,Masala Chai,Beverages,3,126.0,40,Swiggy,Card,Payment,Spice Route Kitchen,Kolkata
2026-04-19,Chicken Biryani,Biryani,1,273.0,260,Register,UPI,Payment,Spice Route Kitchen,Kolkata
2026-04-19,Paneer Butter Masala,Main Course,1,294.0,280,Register,UPI,Payment,Spice Route Kitchen,Kolkata
2026-04-19,Chicken Biryani,Biryani,1,245.7,260,Register,UPI,Payment,Spice Route Kitchen,Kolkata
2026-04-19,Masala Chai,Beverages,3,126.0,40,Swiggy,Card,Payment,Spice Route Kitchen,Kolkata
2026-04-19,Tandoori Roti,Breads,2,63.0,30,Register,UPI,Payment,Spice Route Kitchen,Kolkata
2026-04-19,Butter Chicken,Main Course,3,1008.0,320,Swiggy,Card,Payment,Spice Route Kitchen,Kolkata
2026-04-19,Paneer Butter Masala,Main Course,1,294.0,280,Swiggy,Card,Payment,Spice Route Kitchen,Kolkata
2026-04-19,Tandoori Roti,Breads,2,44.1,30,Zomato,UPI,Payment,Spice Route Kitchen,Kolkata
2026-04-19,Chicken Biryani,Biryani,1,218.4,260,Zomato,UPI,Payment,Spice Route Kitchen,Kolkata
2026-04-19,Rasmalai (2pc),Desserts,3,346.5,110,Zomato,UPI,Payment,Spice Route Kitchen,Kolkata
2026-04-19,Garlic Naan,Breads,1,40.43,55,Register,UPI,Payment,Spice Route Kitchen,Kolkata
2026-04-19,Gulab Jamun (2pc),Desserts,2,189.0,90,Zomato,UPI,Payment,Spice Route Kitchen,Kolkata
2026-04-19,Masala Chai,Beverages,1,42.0,40,Swiggy,Card,Payment,Spice Route Kitchen,Kolkata
2026-04-19,Masala Chai,Beverages,1,42.0,40,Swiggy,Card,Payment,Spice Route Kitchen,Kolkata
2026-04-19,Paneer Tikka,Starters,1,273.0,260,Swiggy,Card,Payment,Spice Route Kitchen,Kolkata
2026-04-19,Coke,Beverages,2,126.0,60,Swiggy,Card,Payment,Spice Route Kitchen,Kolkata
2026-04-19,Mango Lassi,Beverages,1,94.5,90,Register,UPI,Payment,Spice Route Kitchen,Kolkata
2026-04-19,Paneer Butter Masala,Main Course,2,588.0,280,Register,Card,Payment,Spice Route Kitchen,Kolkata
2026-04-19,Mutton Biryani,Biryani,1,321.3,340,Swiggy,Card,Payment,Spice Route Kitchen,Kolkata
2026-04-19,Butter Naan,Breads,3,141.75,45,Swiggy,Card,Payment,Spice Route Kitchen,Kolkata
2026-04-19,Butter Naan,Breads,2,94.5,45,Swiggy,Card,Payment,Spice Route Kitchen,Kolkata
2026-04-19,Paneer Butter Masala,Main Course,1,294.0,280,Swiggy,Card,Payment,Spice Route Kitchen,Kolkata
2026-04-19,Chicken Biryani,Biryani,1,273.0,260,Swiggy,Card,Payment,Spice Route Kitchen,Kolkata
2026-04-19,Chicken Biryani,Biryani,2,546.0,260,Swiggy,Card,Payment,Spice Route Kitchen,Kolkata
2026-04-19,Veg Biryani,Biryani,1,220.5,210,Swiggy,UPI,Payment,Spice Route Kitchen,Kolkata
2026-04-19,Samosa (2pc),Starters,1,63.0,60,Zomato,UPI,Payment,Spice Route Kitchen,Kolkata
2026-04-19,Paneer Butter Masala,Main Course,1,294.0,280,Swiggy,Card,Payment,Spice Route Kitchen,Kolkata
2026-04-19,Paneer Butter Masala,Main Course,1,264.6,280,Zomato,UPI,Payment,Spice Route Kitchen,Kolkata
2026-04-19,Paneer Tikka,Starters,2,546.0,260,Swiggy,Card,Payment,Spice Route Kitchen,Kolkata
2026-04-19,Butter Chicken,Main Course,1,336.0,320,Zomato,Card,Payment,Spice Route Kitchen,Kolkata
2026-04-19,Rasmalai (2pc),Desserts,2,231.0,110,Swiggy,UPI,Payment,Spice Route Kitchen,Kolkata
2026-04-19,Chicken Biryani,Biryani,1,218.4,260,Zomato,UPI,Payment,Spice Route Kitchen,Kolkata
2026-04-19,Rasmalai (2pc),Desserts,1,115.5,110,Zomato,UPI,Payment,Spice Route Kitchen,Kolkata
2026-04-19,Sweet Lassi,Beverages,2,168.0,80,Zomato,UPI,Payment,Spice Route Kitchen,Kolkata
2026-04-19,Paneer Tikka,Starters,2,436.8,260,Register,Card,Payment,Spice Route Kitchen,Kolkata
2026-04-19,Paneer Butter Masala,Main Course,3,793.8,280,Register,Card,Payment,Spice Route Kitchen,Kolkata
2026-04-19,Dal Makhani,Main Course,2,462.0,220,Zomato,Card,Payment,Spice Route Kitchen,Kolkata
2026-04-19,Paneer Butter Masala,Main Course,1,264.6,280,Zomato,Card,Payment,Spice Route Kitchen,Kolkata
2026-04-19,Dal Makhani,Main Course,1,231.0,220,Zomato,UPI,Payment,Spice Route Kitchen,Kolkata
2026-04-19,Garlic Naan,Breads,1,57.75,55,Zomato,UPI,Payment,Spice Route Kitchen,Kolkata
2026-04-19,Garlic Naan,Breads,2,115.5,55,Register,UPI,Payment,Spice Route Kitchen,Kolkata
2026-04-19,Veg Biryani,Biryani,1,220.5,210,Register,UPI,Payment,Spice Route Kitchen,Kolkata
2026-04-19,Coke,Beverages,1,56.7,60,Swiggy,Card,Payment,Spice Route Kitchen,Kolkata
2026-04-19,Chicken Biryani,Biryani,1,273.0,260,Swiggy,Card,Payment,Spice Route Kitchen,Kolkata
2026-04-19,Butter Chicken,Main Course,1,336.0,320,Zomato,UPI,Payment,Spice Route Kitchen,Kolkata
2026-04-19,Mango Lassi,Beverages,2,151.2,90,Zomato,UPI,Payment,Spice Route Kitchen,Kolkata
2026-04-19,Coke,Beverages,1,63.0,60,Zomato,UPI,Payment,Spice Route Kitchen,Kolkata
2026-04-19,Butter Chicken,Main Course,2,672.0,320,Swiggy,Card,Payment,Spice Route Kitchen,Kolkata
2026-04-19,Gulab Jamun (2pc),Desserts,2,189.0,90,Swiggy,Card,Payment,Spice Route Kitchen,Kolkata
2026-04-19,Coke,Beverages,2,113.4,60,Swiggy,Card,Payment,Spice Route Kitchen,Kolkata
2026-04-19,Garlic Naan,Breads,2,115.5,55,Swiggy,UPI,Payment,Spice Route Kitchen,Kolkata
2026-04-19,Papad,Sides,2,44.1,30,Swiggy,UPI,Payment,Spice Route Kitchen,Kolkata
2026-04-19,Gulab Jamun (2pc),Desserts,1,94.5,90,Swiggy,UPI,Payment,Spice Route Kitchen,Kolkata
2026-04-19,Paneer Butter Masala,Main Course,2,588.0,280,Swiggy,UPI,Payment,Spice Route Kitchen,Kolkata
2026-04-19,Paneer Tikka,Starters,1,273.0,260,Zomato,Card,Payment,Spice Route Kitchen,Kolkata
2026-04-19,Paneer Tikka,Starters,1,245.7,260,Register,Card,Payment,Spice Route Kitchen,Kolkata
2026-04-19,Veg Biryani,Biryani,1,154.35,210,Register,Card,Payment,Spice Route Kitchen,Kolkata
2026-04-19,Butter Naan,Breads,1,47.25,45,Register,Card,Payment,Spice Route Kitchen,Kolkata
2026-04-19,Sweet Lassi,Beverages,1,84.0,80,Zomato,Card,Payment,Spice Route Kitchen,Kolkata
2026-04-19,Garlic Naan,Breads,2,115.5,55,Zomato,Card,Payment,Spice Route Kitchen,Kolkata
2026-04-19,Gulab Jamun (2pc),Desserts,1,94.5,90,Swiggy,UPI,Payment,Spice Route Kitchen,Kolkata
2026-04-19,Butter Naan,Breads,2,94.5,45,Zomato,UPI,Payment,Spice Route Kitchen,Kolkata
2026-04-19,Tandoori Roti,Breads,3,94.5,30,Register,Cash,Payment,Spice Route Kitchen,Kolkata
2026-04-19,Paneer Butter Masala,Main Course,2,529.2,280,Swiggy,UPI,Payment,Spice Route Kitchen,Kolkata
2026-04-19,Coke,Beverages,1,63.0,60,Swiggy,UPI,Payment,Spice Route Kitchen,Kolkata
2026-04-19,Dal Makhani,Main Course,2,415.8,220,Swiggy,UPI,Payment,Spice Route Kitchen,Kolkata
2026-04-19,Mutton Biryani,Biryani,1,357.0,340,Swiggy,UPI,Payment,Spice Route Kitchen,Kolkata
2026-04-19,Masala Chai,Beverages,1,42.0,40,Register,UPI,Payment,Spice Route Kitchen,Kolkata
2026-04-19,Chicken 65,Starters,1,252.0,240,Register,UPI,Payment,Spice Route Kitchen,Kolkata
2026-04-19,Coke,Beverages,2,126.0,60,Swiggy,UPI,Payment,Spice Route Kitchen,Kolkata
2026-04-19,Paneer Tikka,Starters,1,273.0,260,Swiggy,UPI,Payment,Spice Route Kitchen,Kolkata
2026-04-19,Tandoori Roti,Breads,1,31.5,30,Swiggy,UPI,Payment,Spice Route Kitchen,Kolkata
2026-04-19,Paneer Butter Masala,Main Course,1,294.0,280,Register,UPI,Payment,Spice Route Kitchen,Kolkata
2026-04-19,Butter Chicken,Main Course,2,537.6,320,Register,UPI,Payment,Spice Route Kitchen,Kolkata
2026-04-19,Sweet Lassi,Beverages,1,58.8,80,Register,UPI,Payment,Spice Route Kitchen,Kolkata
2026-04-19,Paneer Butter Masala,Main Course,1,294.0,280,Register,Cash,Payment,Spice Route Kitchen,Kolkata
2026-04-19,Garlic Naan,Breads,1,57.75,55,Swiggy,UPI,Payment,Spice Route Kitchen,Kolkata
2026-04-19,Papad,Sides,1,28.35,30,Register,Cash,Payment,Spice Route Kitchen,Kolkata
2026-04-19,Seekh Kebab,Starters,1,294.0,280,Register,Cash,Payment,Spice Route Kitchen,Kolkata
2026-04-19,Sweet Lassi,Beverages,1,58.8,80,Register,Cash,Payment,Spice Route Kitchen,Kolkata
2026-04-19,Paneer Butter Masala,Main Course,1,264.6,280,Zomato,UPI,Payment,Spice Route Kitchen,Kolkata
2026-04-19,Coke,Beverages,1,63.0,60,Zomato,UPI,Payment,Spice Route Kitchen,Kolkata
2026-04-19,Chicken 65,Starters,2,352.8,240,Zomato,UPI,Payment,Spice Route Kitchen,Kolkata
2026-04-19,Coke,Beverages,1,63.0,60,Zomato,UPI,Payment,Spice Route Kitchen,Kolkata
2026-04-19,Papad,Sides,3,94.5,30,Zomato,UPI,Payment,Spice Route Kitchen,Kolkata
2026-04-19,Papad,Sides,2,63.0,30,Swiggy,Card,Payment,Spice Route Kitchen,Kolkata
2026-04-19,Garlic Naan,Breads,2,115.5,55,Swiggy,Card,Payment,Spice Route Kitchen,Kolkata
2026-04-19,Tandoori Roti,Breads,2,63.0,30,Swiggy,Card,Payment,Spice Route Kitchen,Kolkata
2026-04-19,Chicken Biryani,Biryani,1,273.0,260,Register,Cash,Payment,Spice Route Kitchen,Kolkata
2026-04-19,Mutton Biryani,Biryani,2,714.0,340,Swiggy,Card,Payment,Spice Route Kitchen,Kolkata
2026-04-19,Seekh Kebab,Starters,2,588.0,280,Swiggy,Card,Payment,Spice Route Kitchen,Kolkata
2026-04-19,Butter Naan,Breads,1,47.25,45,Register,Cash,Payment,Spice Route Kitchen,Kolkata
2026-04-19,Paneer Butter Masala,Main Course,1,294.0,280,Swiggy,UPI,Payment,Spice Route Kitchen,Kolkata
2026-04-19,Butter Naan,Breads,2,94.5,45,Register,UPI,Payment,Spice Route Kitchen,Kolkata
2026-04-19,Butter Chicken,Main Course,1,336.0,320,Swiggy,UPI,Payment,Spice Route Kitchen,Kolkata
2026-04-19,Paneer Butter Masala,Main Course,2,588.0,280,Register,Cash,Payment,Spice Route Kitchen,Kolkata
2026-04-19,Chicken Biryani,Biryani,2,546.0,260,Zomato,Card,Payment,Spice Route Kitchen,Kolkata
2026-04-19,Paneer Butter Masala,Main Course,2,588.0,280,Swiggy,UPI,Payment,Spice Route Kitchen,Kolkata
2026-04-19,Butter Chicken,Main Course,2,537.6,320,Swiggy,UPI,Payment,Spice Route Kitchen,Kolkata
2026-04-19,Veg Biryani,Biryani,2,441.0,210,Swiggy,Card,Payment,Spice Route Kitchen,Kolkata
2026-04-19,Veg Biryani,Biryani,2,441.0,210,Swiggy,Card,Payment,Spice Route Kitchen,Kolkata
2026-04-19,Veg Biryani,Biryani,1,220.5,210,Swiggy,UPI,Payment,Spice Route Kitchen,Kolkata
2026-04-19,Garlic Naan,Breads,1,57.75,55,Swiggy,UPI,Payment,Spice Route Kitchen,Kolkata
2026-04-19,Butter Chicken,Main Course,2,672.0,320,Swiggy,Card,Payment,Spice Route Kitchen,Kolkata
2026-04-19,Butter Chicken,Main Course,1,336.0,320,Swiggy,Card,Payment,Spice Route Kitchen,Kolkata
2026-04-19,Tandoori Roti,Breads,1,31.5,30,Swiggy,UPI,Payment,Spice Route Kitchen,Kolkata
2026-04-19,Coke,Beverages,1,63.0,60,Register,Card,Payment,Spice Route Kitchen,Kolkata
2026-04-19,Tandoori Roti,Breads,2,63.0,30,Register,Card,Payment,Spice Route Kitchen,Kolkata
2026-04-19,Coke,Beverages,1,63.0,60,Register,Card,Payment,Spice Route Kitchen,Kolkata
2026-04-19,Chicken Biryani,Biryani,1,273.0,260,Register,Card,Payment,Spice Route Kitchen,Kolkata
2026-04-19,Masala Chai,Beverages,1,42.0,40,Zomato,Card,Payment,Spice Route Kitchen,Kolkata
2026-04-19,Coke,Beverages,2,126.0,60,Zomato,Card,Payment,Spice Route Kitchen,Kolkata
2026-04-19,Butter Chicken,Main Course,1,336.0,320,Register,Card,Payment,Spice Route Kitchen,Kolkata
2026-04-19,Mango Lassi,Beverages,1,94.5,90,Swiggy,UPI,Payment,Spice Route Kitchen,Kolkata
2026-04-19,Butter Chicken,Main Course,-2,-470.4,320,Register,Cash,Refund,Spice Route Kitchen,Kolkata
2026-04-19,Masala Chai,Beverages,-1,-42.0,40,Register,Cash,Refund,Spice Route Kitchen,Kolkata
2026-04-19,Masala Chai,Beverages,2,67.2,40,Zomato,UPI,Payment,Spice Route Kitchen,Kolkata
2026-04-19,Seekh Kebab,Starters,3,882.0,280,Zomato,UPI,Payment,Spice Route Kitchen,Kolkata
2026-04-19,Chicken Biryani,Biryani,1,273.0,260,Swiggy,UPI,Payment,Spice Route Kitchen,Kolkata
2026-04-19,Paneer Butter Masala,Main Course,2,588.0,280,Zomato,UPI,Payment,Spice Route Kitchen,Kolkata
2026-04-19,Chicken Biryani,Biryani,2,546.0,260,Zomato,UPI,Payment,Spice Route Kitchen,Kolkata
2026-04-19,Masala Chai,Beverages,1,42.0,40,Zomato,UPI,Payment,Spice Route Kitchen,Kolkata
2026-04-19,Sweet Lassi,Beverages,1,84.0,80,Zomato,UPI,Payment,Spice Route Kitchen,Kolkata
2026-04-19,Mango Lassi,Beverages,2,189.0,90,Zomato,Card,Payment,Spice Route Kitchen,Kolkata
2026-04-19,Butter Naan,Breads,1,47.25,45,Zomato,UPI,Payment,Spice Route Kitchen,Kolkata
2026-04-20,Mutton Biryani,Biryani,1,357.0,340,Swiggy,UPI,Payment,Spice Route Kitchen,Kolkata
2026-04-20,Papad,Sides,2,63.0,30,Swiggy,UPI,Payment,Spice Route Kitchen,Kolkata
2026-04-20,Tandoori Roti,Breads,1,31.5,30,Zomato,Card,Payment,Spice Route Kitchen,Kolkata
2026-04-20,Papad,Sides,1,25.2,30,Zomato,Card,Payment,Spice Route Kitchen,Kolkata
2026-04-20,Butter Naan,Breads,2,94.5,45,Swiggy,UPI,Payment,Spice Route Kitchen,Kolkata
2026-04-20,Gulab Jamun (2pc),Desserts,1,85.05,90,Zomato,Card,Payment,Spice Route Kitchen,Kolkata
2026-04-20,Paneer Butter Masala,Main Course,1,235.2,280,Swiggy,UPI,Payment,Spice Route Kitchen,Kolkata
2026-04-20,Butter Naan,Breads,1,47.25,45,Swiggy,UPI,Payment,Spice Route Kitchen,Kolkata
2026-04-20,Masala Chai,Beverages,1,37.8,40,Swiggy,UPI,Payment,Spice Route Kitchen,Kolkata
2026-04-20,Chicken 65,Starters,2,504.0,240,Swiggy,UPI,Payment,Spice Route Kitchen,Kolkata
2026-04-20,Butter Chicken,Main Course,3,1008.0,320,Zomato,Card,Payment,Spice Route Kitchen,Kolkata
2026-04-20,Mutton Biryani,Biryani,1,285.6,340,Swiggy,Card,Payment,Spice Route Kitchen,Kolkata
2026-04-20,Sweet Lassi,Beverages,1,84.0,80,Zomato,Card,Payment,Spice Route Kitchen,Kolkata
2026-04-20,Butter Naan,Breads,2,94.5,45,Swiggy,Card,Payment,Spice Route Kitchen,Kolkata
2026-04-20,Sweet Lassi,Beverages,1,84.0,80,Swiggy,Card,Payment,Spice Route Kitchen,Kolkata
2026-04-20,Chicken Biryani,Biryani,1,273.0,260,Swiggy,UPI,Payment,Spice Route Kitchen,Kolkata
2026-04-20,Mutton Biryani,Biryani,1,357.0,340,Swiggy,UPI,Payment,Spice Route Kitchen,Kolkata
2026-04-20,Chicken 65,Starters,1,252.0,240,Swiggy,UPI,Payment,Spice Route Kitchen,Kolkata
2026-04-20,Butter Chicken,Main Course,1,336.0,320,Zomato,Card,Payment,Spice Route Kitchen,Kolkata
2026-04-20,Paneer Tikka,Starters,2,436.8,260,Zomato,Card,Payment,Spice Route Kitchen,Kolkata
2026-04-20,Chicken Biryani,Biryani,1,273.0,260,Register,Cash,Payment,Spice Route Kitchen,Kolkata
2026-04-20,Butter Chicken,Main Course,2,672.0,320,Register,Cash,Payment,Spice Route Kitchen,Kolkata
2026-04-20,Tandoori Roti,Breads,2,63.0,30,Register,Cash,Payment,Spice Route Kitchen,Kolkata
2026-04-20,Paneer Butter Masala,Main Course,1,294.0,280,Register,Cash,Payment,Spice Route Kitchen,Kolkata
2026-04-20,Rasmalai (2pc),Desserts,1,80.85,110,Swiggy,UPI,Payment,Spice Route Kitchen,Kolkata
2026-04-20,Tandoori Roti,Breads,1,31.5,30,Swiggy,Card,Payment,Spice Route Kitchen,Kolkata
2026-04-20,Paneer Butter Masala,Main Course,2,588.0,280,Swiggy,UPI,Payment,Spice Route Kitchen,Kolkata
2026-04-20,Gulab Jamun (2pc),Desserts,1,85.05,90,Register,Cash,Payment,Spice Route Kitchen,Kolkata
2026-04-20,Seekh Kebab,Starters,2,588.0,280,Zomato,Card,Payment,Spice Route Kitchen,Kolkata
2026-04-20,Chicken 65,Starters,2,504.0,240,Swiggy,UPI,Payment,Spice Route Kitchen,Kolkata
2026-04-20,Paneer Butter Masala,Main Course,3,882.0,280,Register,Cash,Payment,Spice Route Kitchen,Kolkata
2026-04-20,Papad,Sides,1,28.35,30,Register,Cash,Payment,Spice Route Kitchen,Kolkata
2026-04-20,Veg Biryani,Biryani,2,352.8,210,Register,Cash,Payment,Spice Route Kitchen,Kolkata
2026-04-20,Tandoori Roti,Breads,1,28.35,30,Register,Cash,Payment,Spice Route Kitchen,Kolkata
2026-04-20,Samosa (2pc),Starters,1,56.7,60,Zomato,UPI,Payment,Spice Route Kitchen,Kolkata
2026-04-20,Chicken Biryani,Biryani,2,546.0,260,Zomato,UPI,Payment,Spice Route Kitchen,Kolkata
2026-04-20,Butter Naan,Breads,3,141.75,45,Swiggy,UPI,Payment,Spice Route Kitchen,Kolkata
2026-04-20,Butter Naan,Breads,1,47.25,45,Swiggy,UPI,Payment,Spice Route Kitchen,Kolkata
2026-04-20,Paneer Tikka,Starters,1,273.0,260,Swiggy,UPI,Payment,Spice Route Kitchen,Kolkata
2026-04-20,Mutton Biryani,Biryani,2,714.0,340,Zomato,UPI,Payment,Spice Route Kitchen,Kolkata
2026-04-20,Mango Lassi,Beverages,2,170.1,90,Zomato,UPI,Payment,Spice Route Kitchen,Kolkata
2026-04-20,Paneer Butter Masala,Main Course,2,529.2,280,Swiggy,UPI,Payment,Spice Route Kitchen,Kolkata
2026-04-20,Chicken Biryani,Biryani,1,245.7,260,Register,Cash,Payment,Spice Route Kitchen,Kolkata
2026-04-20,Paneer Butter Masala,Main Course,3,882.0,280,Swiggy,UPI,Payment,Spice Route Kitchen,Kolkata
2026-04-20,Mango Lassi,Beverages,1,66.15,90,Zomato,Card,Payment,Spice Route Kitchen,Kolkata
2026-04-20,Butter Naan,Breads,1,42.52,45,Swiggy,UPI,Payment,Spice Route Kitchen,Kolkata
2026-04-20,Gulab Jamun (2pc),Desserts,2,189.0,90,Zomato,Card,Payment,Spice Route Kitchen,Kolkata
2026-04-20,Seekh Kebab,Starters,2,588.0,280,Swiggy,UPI,Payment,Spice Route Kitchen,Kolkata
2026-04-20,Samosa (2pc),Starters,2,126.0,60,Swiggy,UPI,Payment,Spice Route Kitchen,Kolkata
2026-04-20,Butter Chicken,Main Course,2,604.8,320,Swiggy,UPI,Payment,Spice Route Kitchen,Kolkata
2026-04-20,Butter Naan,Breads,1,42.52,45,Zomato,Card,Payment,Spice Route Kitchen,Kolkata
2026-04-20,Garlic Naan,Breads,1,57.75,55,Zomato,Card,Payment,Spice Route Kitchen,Kolkata
2026-04-20,Chicken Biryani,Biryani,2,436.8,260,Zomato,Card,Payment,Spice Route Kitchen,Kolkata
2026-04-20,Gulab Jamun (2pc),Desserts,1,94.5,90,Swiggy,Card,Payment,Spice Route Kitchen,Kolkata
2026-04-20,Chicken Biryani,Biryani,1,273.0,260,Swiggy,Card,Payment,Spice Route Kitchen,Kolkata
2026-04-20,Chicken 65,Starters,2,504.0,240,Register,Card,Payment,Spice Route Kitchen,Kolkata
2026-04-21,Butter Naan,Breads,2,94.5,45,Register,Cash,Payment,Spice Route Kitchen,Kolkata
2026-04-21,Chicken Biryani,Biryani,1,273.0,260,Swiggy,UPI,Payment,Spice Route Kitchen,Kolkata
2026-04-21,Garlic Naan,Breads,3,155.93,55,Register,Cash,Payment,Spice Route Kitchen,Kolkata
2026-04-21,Paneer Tikka,Starters,1,245.7,260,Register,Cash,Payment,Spice Route Kitchen,Kolkata
2026-04-21,Samosa (2pc),Starters,2,88.2,60,Register,Card,Payment,Spice Route Kitchen,Kolkata
2026-04-21,Butter Naan,Breads,2,94.5,45,Register,Card,Payment,Spice Route Kitchen,Kolkata
2026-04-21,Garlic Naan,Breads,3,173.25,55,Swiggy,UPI,Payment,Spice Route Kitchen,Kolkata
2026-04-21,Paneer Butter Masala,Main Course,1,294.0,280,Register,UPI,Payment,Spice Route Kitchen,Kolkata
2026-04-21,Butter Naan,Breads,1,47.25,45,Zomato,Card,Payment,Spice Route Kitchen,Kolkata
2026-04-21,Rasmalai (2pc),Desserts,1,92.4,110,Zomato,Card,Payment,Spice Route Kitchen,Kolkata
2026-04-21,Gulab Jamun (2pc),Desserts,1,94.5,90,Register,UPI,Payment,Spice Route Kitchen,Kolkata
2026-04-21,Dal Makhani,Main Course,1,231.0,220,Register,UPI,Payment,Spice Route Kitchen,Kolkata
2026-04-21,Paneer Butter Masala,Main Course,1,264.6,280,Register,UPI,Payment,Spice Route Kitchen,Kolkata
2026-04-21,Paneer Tikka,Starters,1,273.0,260,Register,UPI,Payment,Spice Route Kitchen,Kolkata
2026-04-21,Butter Naan,Breads,1,47.25,45,Register,Cash,Payment,Spice Route Kitchen,Kolkata
2026-04-21,Garlic Naan,Breads,3,173.25,55,Zomato,Card,Payment,Spice Route Kitchen,Kolkata
2026-04-21,Mutton Biryani,Biryani,1,357.0,340,Register,Cash,Payment,Spice Route Kitchen,Kolkata
2026-04-21,Butter Naan,Breads,2,75.6,45,Zomato,Card,Payment,Spice Route Kitchen,Kolkata
2026-04-21,Butter Naan,Breads,1,47.25,45,Swiggy,Card,Payment,Spice Route Kitchen,Kolkata
2026-04-21,Paneer Butter Masala,Main Course,2,588.0,280,Zomato,UPI,Payment,Spice Route Kitchen,Kolkata
2026-04-21,Butter Chicken,Main Course,3,1008.0,320,Zomato,UPI,Payment,Spice Route Kitchen,Kolkata
2026-04-21,Chicken Biryani,Biryani,1,218.4,260,Zomato,Card,Payment,Spice Route Kitchen,Kolkata
2026-04-21,Masala Chai,Beverages,1,29.4,40,Zomato,Card,Payment,Spice Route Kitchen,Kolkata
2026-04-21,Masala Chai,Beverages,3,113.4,40,Zomato,Card,Payment,Spice Route Kitchen,Kolkata
2026-04-21,Papad,Sides,1,31.5,30,Zomato,UPI,Payment,Spice Route Kitchen,Kolkata
2026-04-21,Mutton Biryani,Biryani,2,642.6,340,Zomato,Card,Payment,Spice Route Kitchen,Kolkata
2026-04-21,Mutton Biryani,Biryani,1,357.0,340,Swiggy,Card,Payment,Spice Route Kitchen,Kolkata
2026-04-21,Butter Naan,Breads,3,99.23,45,Zomato,Card,Payment,Spice Route Kitchen,Kolkata
2026-04-21,Butter Chicken,Main Course,1,268.8,320,Swiggy,Card,Payment,Spice Route Kitchen,Kolkata
2026-04-21,Masala Chai,Beverages,2,84.0,40,Swiggy,Card,Payment,Spice Route Kitchen,Kolkata
2026-04-21,Paneer Tikka,Starters,1,273.0,260,Swiggy,UPI,Payment,Spice Route Kitchen,Kolkata
2026-04-21,Sweet Lassi,Beverages,1,84.0,80,Zomato,Card,Payment,Spice Route Kitchen,Kolkata
2026-04-21,Chicken 65,Starters,1,176.4,240,Zomato,Card,Payment,Spice Route Kitchen,Kolkata
2026-04-21,Garlic Naan,Breads,2,115.5,55,Zomato,Card,Payment,Spice Route Kitchen,Kolkata
2026-04-21,Papad,Sides,1,31.5,30,Zomato,Card,Payment,Spice Route Kitchen,Kolkata
2026-04-21,Butter Naan,Breads,1,37.8,45,Swiggy,Card,Payment,Spice Route Kitchen,Kolkata
2026-04-21,Masala Chai,Beverages,3,126.0,40,Register,Card,Payment,Spice Route Kitchen,Kolkata
2026-04-21,Masala Chai,Beverages,1,33.6,40,Register,UPI,Payment,Spice Route Kitchen,Kolkata
2026-04-21,Dal Makhani,Main Course,1,184.8,220,Register,Card,Payment,Spice Route Kitchen,Kolkata
2026-04-21,Seekh Kebab,Starters,1,294.0,280,Zomato,UPI,Payment,Spice Route Kitchen,Kolkata
2026-04-21,Chicken Biryani,Biryani,1,273.0,260,Zomato,UPI,Payment,Spice Route Kitchen,Kolkata
2026-04-21,Butter Chicken,Main Course,3,1008.0,320,Zomato,UPI,Payment,Spice Route Kitchen,Kolkata
2026-04-21,Papad,Sides,2,63.0,30,Zomato,UPI,Payment,Spice Route Kitchen,Kolkata
2026-04-21,Mango Lassi,Beverages,1,94.5,90,Zomato,Card,Payment,Spice Route Kitchen,Kolkata
2026-04-21,Samosa (2pc),Starters,2,126.0,60,Register,Cash,Payment,Spice Route Kitchen,Kolkata
2026-04-21,Paneer Tikka,Starters,1,273.0,260,Register,Cash,Payment,Spice Route Kitchen,Kolkata
2026-04-21,Sweet Lassi,Beverages,1,84.0,80,Zomato,UPI,Payment,Spice Route Kitchen,Kolkata
2026-04-21,Garlic Naan,Breads,1,57.75,55,Swiggy,Card,Payment,Spice Route Kitchen,Kolkata
2026-04-21,Tandoori Roti,Breads,1,31.5,30,Zomato,UPI,Payment,Spice Route Kitchen,Kolkata
2026-04-21,Garlic Naan,Breads,2,115.5,55,Zomato,UPI,Payment,Spice Route Kitchen,Kolkata
2026-04-21,Mango Lassi,Beverages,2,189.0,90,Register,Card,Payment,Spice Route Kitchen,Kolkata
2026-04-21,Rasmalai (2pc),Desserts,3,346.5,110,Register,Card,Payment,Spice Route Kitchen,Kolkata
2026-04-21,Masala Chai,Beverages,3,126.0,40,Register,Card,Payment,Spice Route Kitchen,Kolkata
2026-04-21,Veg Biryani,Biryani,1,220.5,210,Register,Card,Payment,Spice Route Kitchen,Kolkata
2026-04-21,Seekh Kebab,Starters,1,294.0,280,Register,Card,Payment,Spice Route Kitchen,Kolkata
2026-04-21,Dal Makhani,Main Course,1,231.0,220,Zomato,UPI,Payment,Spice Route Kitchen,Kolkata
2026-04-21,Dal Makhani,Main Course,1,231.0,220,Zomato,Card,Payment,Spice Route Kitchen,Kolkata
2026-04-21,Masala Chai,Beverages,3,126.0,40,Register,Cash,Payment,Spice Route Kitchen,Kolkata
2026-04-21,Chicken 65,Starters,1,252.0,240,Zomato,Card,Payment,Spice Route Kitchen,Kolkata
2026-04-21,Paneer Butter Masala,Main Course,2,470.4,280,Register,Card,Payment,Spice Route Kitchen,Kolkata
2026-04-21,Butter Naan,Breads,1,33.08,45,Zomato,Card,Payment,Spice Route Kitchen,Kolkata
2026-04-21,Butter Naan,Breads,2,94.5,45,Zomato,UPI,Payment,Spice Route Kitchen,Kolkata
2026-04-21,Butter Naan,Breads,1,47.25,45,Zomato,UPI,Payment,Spice Route Kitchen,Kolkata
2026-04-21,Coke,Beverages,1,50.4,60,Zomato,UPI,Payment,Spice Route Kitchen,Kolkata
2026-04-21,Butter Chicken,Main Course,1,336.0,320,Zomato,UPI,Payment,Spice Route Kitchen,Kolkata
2026-04-21,Paneer Butter Masala,Main Course,1,294.0,280,Register,Cash,Payment,Spice Route Kitchen,Kolkata
2026-04-21,Dal Makhani,Main Course,3,693.0,220,Register,Cash,Payment,Spice Route Kitchen,Kolkata
2026-04-21,Coke,Beverages,3,189.0,60,Zomato,UPI,Payment,Spice Route Kitchen,Kolkata
2026-04-21,Mutton Biryani,Biryani,1,357.0,340,Zomato,Card,Payment,Spice Route Kitchen,Kolkata
2026-04-21,Tandoori Roti,Breads,2,63.0,30,Register,Card,Payment,Spice Route Kitchen,Kolkata
2026-04-21,Coke,Beverages,1,63.0,60,Register,Card,Payment,Spice Route Kitchen,Kolkata
2026-04-21,Samosa (2pc),Starters,2,126.0,60,Register,Card,Payment,Spice Route Kitchen,Kolkata
2026-04-21,Chicken 65,Starters,2,504.0,240,Register,Card,Payment,Spice Route Kitchen,Kolkata
2026-04-21,Butter Chicken,Main Course,1,336.0,320,Zomato,Card,Payment,Spice Route Kitchen,Kolkata
2026-04-21,Butter Chicken,Main Course,1,336.0,320,Register,Cash,Payment,Spice Route Kitchen,Kolkata
2026-04-21,Mango Lassi,Beverages,1,94.5,90,Zomato,Card,Payment,Spice Route Kitchen,Kolkata
2026-04-22,Masala Chai,Beverages,1,42.0,40,Swiggy,UPI,Payment,Spice Route Kitchen,Kolkata
2026-04-22,Samosa (2pc),Starters,2,100.8,60,Swiggy,Card,Payment,Spice Route Kitchen,Kolkata
2026-04-22,Masala Chai,Beverages,-1,-42.0,40,Register,Cash,Refund,Spice Route Kitchen,Kolkata
2026-04-22,Paneer Butter Masala,Main Course,1,294.0,280,Zomato,UPI,Payment,Spice Route Kitchen,Kolkata
2026-04-22,Masala Chai,Beverages,2,84.0,40,Swiggy,Card,Payment,Spice Route Kitchen,Kolkata
2026-04-22,Samosa (2pc),Starters,2,126.0,60,Swiggy,Card,Payment,Spice Route Kitchen,Kolkata
2026-04-22,Coke,Beverages,1,63.0,60,Swiggy,UPI,Payment,Spice Route Kitchen,Kolkata
2026-04-22,Butter Naan,Breads,-3,-141.75,45,Register,Cash,Refund,Spice Route Kitchen,Kolkata
2026-04-22,Mango Lassi,Beverages,2,189.0,90,Swiggy,UPI,Payment,Spice Route Kitchen,Kolkata
2026-04-22,Garlic Naan,Breads,1,57.75,55,Zomato,Card,Payment,Spice Route Kitchen,Kolkata
2026-04-22,Tandoori Roti,Breads,2,63.0,30,Register,Cash,Payment,Spice Route Kitchen,Kolkata
2026-04-22,Butter Naan,Breads,1,47.25,45,Register,Cash,Payment,Spice Route Kitchen,Kolkata
2026-04-22,Gulab Jamun (2pc),Desserts,2,151.2,90,Register,Cash,Payment,Spice Route Kitchen,Kolkata
2026-04-22,Masala Chai,Beverages,2,84.0,40,Register,Cash,Payment,Spice Route Kitchen,Kolkata
2026-04-22,Gulab Jamun (2pc),Desserts,1,94.5,90,Swiggy,UPI,Payment,Spice Route Kitchen,Kolkata
2026-04-22,Chicken Biryani,Biryani,3,819.0,260,Zomato,Card,Payment,Spice Route Kitchen,Kolkata
2026-04-22,Butter Naan,Breads,3,141.75,45,Swiggy,UPI,Payment,Spice Route Kitchen,Kolkata
2026-04-22,Chicken Biryani,Biryani,1,273.0,260,Zomato,UPI,Payment,Spice Route Kitchen,Kolkata
2026-04-22,Gulab Jamun (2pc),Desserts,2,189.0,90,Register,Cash,Payment,Spice Route Kitchen,Kolkata
2026-04-22,Sweet Lassi,Beverages,2,168.0,80,Zomato,UPI,Payment,Spice Route Kitchen,Kolkata
2026-04-22,Mango Lassi,Beverages,1,94.5,90,Zomato,UPI,Payment,Spice Route Kitchen,Kolkata
2026-04-22,Samosa (2pc),Starters,2,113.4,60,Zomato,UPI,Payment,Spice Route Kitchen,Kolkata
2026-04-22,Mutton Biryani,Biryani,1,321.3,340,Swiggy,UPI,Payment,Spice Route Kitchen,Kolkata
2026-04-22,Butter Chicken,Main Course,1,302.4,320,Zomato,UPI,Payment,Spice Route Kitchen,Kolkata
2026-04-22,Chicken 65,Starters,2,504.0,240,Zomato,UPI,Payment,Spice Route Kitchen,Kolkata
2026-04-22,Chicken Biryani,Biryani,1,273.0,260,Swiggy,UPI,Payment,Spice Route Kitchen,Kolkata
2026-04-22,Masala Chai,Beverages,1,42.0,40,Swiggy,UPI,Payment,Spice Route Kitchen,Kolkata
2026-04-22,Samosa (2pc),Starters,1,63.0,60,Swiggy,UPI,Payment,Spice Route Kitchen,Kolkata
2026-04-22,Garlic Naan,Breads,2,115.5,55,Zomato,UPI,Payment,Spice Route Kitchen,Kolkata
2026-04-22,Samosa (2pc),Starters,3,189.0,60,Zomato,UPI,Payment,Spice Route Kitchen,Kolkata
2026-04-22,Dal Makhani,Main Course,1,231.0,220,Zomato,UPI,Payment,Spice Route Kitchen,Kolkata
2026-04-22,Garlic Naan,Breads,1,46.2,55,Zomato,UPI,Payment,Spice Route Kitchen,Kolkata
2026-04-22,Butter Naan,Breads,2,94.5,45,Zomato,UPI,Payment,Spice Route Kitchen,Kolkata
2026-04-22,Paneer Tikka,Starters,1,273.0,260,Swiggy,Card,Payment,Spice Route Kitchen,Kolkata
2026-04-22,Masala Chai,Beverages,1,42.0,40,Swiggy,Card,Payment,Spice Route Kitchen,Kolkata
2026-04-22,Butter Naan,Breads,1,47.25,45,Register,Cash,Payment,Spice Route Kitchen,Kolkata
2026-04-22,Mutton Biryani,Biryani,1,249.9,340,Register,Cash,Payment,Spice Route Kitchen,Kolkata
2026-04-22,Butter Naan,Breads,3,113.4,45,Register,Cash,Payment,Spice Route Kitchen,Kolkata
2026-04-22,Paneer Butter Masala,Main Course,3,882.0,280,Register,Cash,Payment,Spice Route Kitchen,Kolkata
2026-04-22,Coke,Beverages,3,189.0,60,Zomato,UPI,Payment,Spice Route Kitchen,Kolkata
2026-04-22,Butter Naan,Breads,1,42.52,45,Zomato,UPI,Payment,Spice Route Kitchen,Kolkata
2026-04-22,Seekh Kebab,Starters,1,294.0,280,Swiggy,UPI,Payment,Spice Route Kitchen,Kolkata
2026-04-22,Butter Chicken,Main Course,2,672.0,320,Zomato,Card,Payment,Spice Route Kitchen,Kolkata
2026-04-22,Tandoori Roti,Breads,3,94.5,30,Swiggy,UPI,Payment,Spice Route Kitchen,Kolkata
2026-04-22,Coke,Beverages,3,132.3,60,Register,Card,Payment,Spice Route Kitchen,Kolkata
2026-04-22,Dal Makhani,Main Course,1,231.0,220,Register,Card,Payment,Spice Route Kitchen,Kolkata
2026-04-22,Chicken Biryani,Biryani,2,546.0,260,Register,Card,Payment,Spice Route Kitchen,Kolkata
2026-04-22,Paneer Butter Masala,Main Course,1,294.0,280,Register,Card,Payment,Spice Route Kitchen,Kolkata
2026-04-22,Coke,Beverages,1,56.7,60,Swiggy,UPI,Payment,Spice Route Kitchen,Kolkata
2026-04-22,Gulab Jamun (2pc),Desserts,1,94.5,90,Swiggy,UPI,Payment,Spice Route Kitchen,Kolkata
2026-04-22,Paneer Butter Masala,Main Course,1,294.0,280,Swiggy,UPI,Payment,Spice Route Kitchen,Kolkata
2026-04-22,Mango Lassi,Beverages,2,132.3,90,Swiggy,UPI,Payment,Spice Route Kitchen,Kolkata
2026-04-22,Sweet Lassi,Beverages,1,75.6,80,Swiggy,UPI,Payment,Spice Route Kitchen,Kolkata
2026-04-22,Gulab Jamun (2pc),Desserts,2,170.1,90,Zomato,Card,Payment,Spice Route Kitchen,Kolkata
2026-04-22,Butter Chicken,Main Course,-1,-302.4,320,Zomato,Card,Refund,Spice Route Kitchen,Kolkata
2026-04-22,Coke,Beverages,-1,-63.0,60,Zomato,Card,Refund,Spice Route Kitchen,Kolkata
2026-04-22,Seekh Kebab,Starters,-1,-294.0,280,Zomato,Card,Refund,Spice Route Kitchen,Kolkata
2026-04-22,Gulab Jamun (2pc),Desserts,1,94.5,90,Zomato,Card,Payment,Spice Route Kitchen,Kolkata
2026-04-22,Party Order - Custom,Uncategorized,2,5250.0,2500,Zomato,Card,Payment,Spice Route Kitchen,Kolkata
2026-04-22,Chicken 65,Starters,2,504.0,240,Zomato,Card,Payment,Spice Route Kitchen,Kolkata
2026-04-22,Samosa (2pc),Starters,1,56.7,60,Swiggy,UPI,Payment,Spice Route Kitchen,Kolkata
2026-04-22,Gulab Jamun (2pc),Desserts,1,75.6,90,Register,Card,Payment,Spice Route Kitchen,Kolkata
2026-04-22,Seekh Kebab,Starters,3,882.0,280,Swiggy,UPI,Payment,Spice Route Kitchen,Kolkata
2026-04-22,Chicken Biryani,Biryani,2,546.0,260,Zomato,Card,Payment,Spice Route Kitchen,Kolkata
2026-04-22,Mango Lassi,Beverages,1,94.5,90,Swiggy,UPI,Payment,Spice Route Kitchen,Kolkata
2026-04-22,Butter Chicken,Main Course,3,1008.0,320,Zomato,UPI,Payment,Spice Route Kitchen,Kolkata
2026-04-22,Gulab Jamun (2pc),Desserts,1,94.5,90,Zomato,UPI,Payment,Spice Route Kitchen,Kolkata
2026-04-22,Veg Biryani,Biryani,1,220.5,210,Zomato,Card,Payment,Spice Route Kitchen,Kolkata
2026-04-22,Tandoori Roti,Breads,1,31.5,30,Swiggy,Card,Payment,Spice Route Kitchen,Kolkata
2026-04-22,Mutton Biryani,Biryani,1,285.6,340,Zomato,Card,Payment,Spice Route Kitchen,Kolkata
2026-04-22,Mutton Biryani,Biryani,1,357.0,340,Zomato,Card,Payment,Spice Route Kitchen,Kolkata
2026-04-22,Veg Biryani,Biryani,1,220.5,210,Zomato,Card,Payment,Spice Route Kitchen,Kolkata
2026-04-22,Mango Lassi,Beverages,2,189.0,90,Register,UPI,Payment,Spice Route Kitchen,Kolkata
2026-04-22,Garlic Naan,Breads,1,57.75,55,Zomato,Card,Payment,Spice Route Kitchen,Kolkata
2026-04-22,Masala Chai,Beverages,1,42.0,40,Register,UPI,Payment,Spice Route Kitchen,Kolkata
2026-04-22,Butter Naan,Breads,1,47.25,45,Register,UPI,Payment,Spice Route Kitchen,Kolkata
2026-04-22,Masala Chai,Beverages,1,42.0,40,Register,UPI,Payment,Spice Route Kitchen,Kolkata
2026-04-22,Samosa (2pc),Starters,1,63.0,60,Zomato,Card,Payment,Spice Route Kitchen,Kolkata
2026-04-22,Masala Chai,Beverages,2,67.2,40,Zomato,Card,Payment,Spice Route Kitchen,Kolkata
2026-04-22,Sweet Lassi,Beverages,2,168.0,80,Zomato,Card,Payment,Spice Route Kitchen,Kolkata
2026-04-22,Butter Chicken,Main Course,2,672.0,320,Zomato,Card,Payment,Spice Route Kitchen,Kolkata
2026-04-22,Mutton Biryani,Biryani,1,357.0,340,Zomato,UPI,Payment,Spice Route Kitchen,Kolkata
2026-04-22,Coke,Beverages,1,63.0,60,Register,UPI,Payment,Spice Route Kitchen,Kolkata
2026-04-22,Paneer Butter Masala,Main Course,2,470.4,280,Swiggy,UPI,Payment,Spice Route Kitchen,Kolkata
2026-04-23,Paneer Butter Masala,Main Course,1,294.0,280,Zomato,Card,Payment,Spice Route Kitchen,Kolkata
2026-04-23,Butter Chicken,Main Course,2,672.0,320,Swiggy,Card,Payment,Spice Route Kitchen,Kolkata
2026-04-23,Paneer Butter Masala,Main Course,2,588.0,280,Swiggy,Card,Payment,Spice Route Kitchen,Kolkata
2026-04-23,Paneer Butter Masala,Main Course,1,235.2,280,Swiggy,UPI,Payment,Spice Route Kitchen,Kolkata
2026-04-23,Tandoori Roti,Breads,1,31.5,30,Swiggy,UPI,Payment,Spice Route Kitchen,Kolkata
2026-04-23,Tandoori Roti,Breads,2,63.0,30,Swiggy,UPI,Payment,Spice Route Kitchen,Kolkata
2026-04-23,Rasmalai (2pc),Desserts,1,115.5,110,Swiggy,Card,Payment,Spice Route Kitchen,Kolkata
2026-04-23,Mango Lassi,Beverages,2,189.0,90,Zomato,Card,Payment,Spice Route Kitchen,Kolkata
2026-04-23,Samosa (2pc),Starters,2,113.4,60,Zomato,Card,Payment,Spice Route Kitchen,Kolkata
2026-04-23,Veg Biryani,Biryani,2,396.9,210,Register,Cash,Payment,Spice Route Kitchen,Kolkata
2026-04-23,Paneer Butter Masala,Main Course,3,617.4,280,Register,Card,Payment,Spice Route Kitchen,Kolkata
2026-04-23,Paneer Tikka,Starters,3,737.1,260,Register,Cash,Payment,Spice Route Kitchen,Kolkata
2026-04-23,Tandoori Roti,Breads,1,31.5,30,Swiggy,Card,Payment,Spice Route Kitchen,Kolkata
2026-04-23,Mutton Biryani,Biryani,3,1071.0,340,Swiggy,Card,Payment,Spice Route Kitchen,Kolkata
2026-04-23,Rasmalai (2pc),Desserts,1,115.5,110,Zomato,Card,Payment,Spice Route Kitchen,Kolkata
2026-04-23,Butter Chicken,Main Course,2,537.6,320,Swiggy,Card,Payment,Spice Route Kitchen,Kolkata
2026-04-23,Dal Makhani,Main Course,1,231.0,220,Zomato,Card,Payment,Spice Route Kitchen,Kolkata
2026-04-23,Gulab Jamun (2pc),Desserts,2,151.2,90,Swiggy,UPI,Payment,Spice Route Kitchen,Kolkata
2026-04-23,Gulab Jamun (2pc),Desserts,3,255.15,90,Swiggy,Card,Payment,Spice Route Kitchen,Kolkata
2026-04-23,Samosa (2pc),Starters,2,126.0,60,Zomato,Card,Payment,Spice Route Kitchen,Kolkata
2026-04-23,Paneer Tikka,Starters,2,546.0,260,Zomato,Card,Payment,Spice Route Kitchen,Kolkata
2026-04-23,Masala Chai,Beverages,1,42.0,40,Zomato,Card,Payment,Spice Route Kitchen,Kolkata
2026-04-23,Mango Lassi,Beverages,1,94.5,90,Zomato,Card,Payment,Spice Route Kitchen,Kolkata
2026-04-23,Paneer Tikka,Starters,3,819.0,260,Zomato,UPI,Payment,Spice Route Kitchen,Kolkata
2026-04-23,Garlic Naan,Breads,2,115.5,55,Zomato,UPI,Payment,Spice Route Kitchen,Kolkata
2026-04-23,Samosa (2pc),Starters,1,63.0,60,Swiggy,Card,Payment,Spice Route Kitchen,Kolkata
2026-04-23,Paneer Tikka,Starters,1,273.0,260,Zomato,UPI,Payment,Spice Route Kitchen,Kolkata
2026-04-23,Seekh Kebab,Starters,2,588.0,280,Swiggy,UPI,Payment,Spice Route Kitchen,Kolkata
2026-04-23,Butter Chicken,Main Course,1,268.8,320,Swiggy,UPI,Payment,Spice Route Kitchen,Kolkata
2026-04-23,Masala Chai,Beverages,1,33.6,40,Swiggy,UPI,Payment,Spice Route Kitchen,Kolkata
2026-04-23,Samosa (2pc),Starters,1,63.0,60,Zomato,UPI,Payment,Spice Route Kitchen,Kolkata
2026-04-23,Chicken 65,Starters,1,252.0,240,Zomato,UPI,Payment,Spice Route Kitchen,Kolkata
2026-04-23,Veg Biryani,Biryani,3,595.35,210,Zomato,UPI,Payment,Spice Route Kitchen,Kolkata
2026-04-23,Mango Lassi,Beverages,2,189.0,90,Swiggy,UPI,Payment,Spice Route Kitchen,Kolkata
2026-04-23,Chicken Biryani,Biryani,2,546.0,260,Zomato,Card,Payment,Spice Route Kitchen,Kolkata
2026-04-23,Garlic Naan,Breads,1,57.75,55,Swiggy,Card,Payment,Spice Route Kitchen,Kolkata
2026-04-23,Paneer Tikka,Starters,3,819.0,260,Register,Cash,Payment,Spice Route Kitchen,Kolkata
2026-04-23,Paneer Tikka,Starters,1,273.0,260,Swiggy,Card,Payment,Spice Route Kitchen,Kolkata
2026-04-23,Papad,Sides,2,63.0,30,Swiggy,UPI,Payment,Spice Route Kitchen,Kolkata
2026-04-23,Garlic Naan,Breads,2,115.5,55,Swiggy,UPI,Payment,Spice Route Kitchen,Kolkata
2026-04-23,Butter Chicken,Main Course,2,537.6,320,Swiggy,UPI,Payment,Spice Route Kitchen,Kolkata
2026-04-23,Chicken Biryani,Biryani,2,546.0,260,Register,Cash,Payment,Spice Route Kitchen,Kolkata
2026-04-23,Tandoori Roti,Breads,1,25.2,30,Register,Cash,Payment,Spice Route Kitchen,Kolkata
2026-04-23,Paneer Butter Masala,Main Course,2,529.2,280,Register,Cash,Payment,Spice Route Kitchen,Kolkata
2026-04-23,Chicken 65,Starters,2,403.2,240,Register,Card,Payment,Spice Route Kitchen,Kolkata
2026-04-23,Butter Naan,Breads,2,94.5,45,Zomato,UPI,Payment,Spice Route Kitchen,Kolkata
2026-04-23,Coke,Beverages,1,63.0,60,Zomato,UPI,Payment,Spice Route Kitchen,Kolkata
2026-04-23,Garlic Naan,Breads,2,115.5,55,Swiggy,Card,Payment,Spice Route Kitchen,Kolkata
2026-04-23,Seekh Kebab,Starters,3,882.0,280,Swiggy,UPI,Payment,Spice Route Kitchen,Kolkata
2026-04-23,Chicken Biryani,Biryani,1,273.0,260,Swiggy,UPI,Payment,Spice Route Kitchen,Kolkata
2026-04-23,Butter Naan,Breads,1,47.25,45,Swiggy,UPI,Payment,Spice Route Kitchen,Kolkata
2026-04-23,Samosa (2pc),Starters,2,126.0,60,Zomato,UPI,Payment,Spice Route Kitchen,Kolkata
2026-04-23,Butter Chicken,Main Course,1,336.0,320,Swiggy,Card,Payment,Spice Route Kitchen,Kolkata
2026-04-23,Garlic Naan,Breads,2,115.5,55,Swiggy,UPI,Payment,Spice Route Kitchen,Kolkata
2026-04-23,Butter Naan,Breads,1,47.25,45,Swiggy,UPI,Payment,Spice Route Kitchen,Kolkata
2026-04-23,Rasmalai (2pc),Desserts,3,346.5,110,Swiggy,Card,Payment,Spice Route Kitchen,Kolkata
2026-04-23,Chicken Biryani,Biryani,1,273.0,260,Zomato,Card,Payment,Spice Route Kitchen,Kolkata
2026-04-23,Veg Biryani,Biryani,1,220.5,210,Swiggy,Card,Payment,Spice Route Kitchen,Kolkata
2026-04-23,Paneer Tikka,Starters,1,273.0,260,Register,Card,Payment,Spice Route Kitchen,Kolkata
2026-04-23,Chicken Biryani,Biryani,3,819.0,260,Swiggy,Card,Payment,Spice Route Kitchen,Kolkata
2026-04-23,Masala Chai,Beverages,2,58.8,40,Swiggy,Card,Payment,Spice Route Kitchen,Kolkata
2026-04-23,Samosa (2pc),Starters,1,63.0,60,Swiggy,Card,Payment,Spice Route Kitchen,Kolkata
2026-04-23,Chicken Biryani,Biryani,1,273.0,260,Swiggy,Card,Payment,Spice Route Kitchen,Kolkata
2026-04-23,Butter Chicken,Main Course,2,672.0,320,Swiggy,Card,Payment,Spice Route Kitchen,Kolkata
2026-04-23,Masala Chai,Beverages,1,42.0,40,Swiggy,Card,Payment,Spice Route Kitchen,Kolkata
2026-04-23,Papad,Sides,1,31.5,30,Swiggy,Card,Payment,Spice Route Kitchen,Kolkata
2026-04-23,Gulab Jamun (2pc),Desserts,2,189.0,90,Zomato,UPI,Payment,Spice Route Kitchen,Kolkata
2026-04-23,Butter Chicken,Main Course,2,672.0,320,Zomato,Card,Payment,Spice Route Kitchen,Kolkata
2026-04-23,Butter Chicken,Main Course,1,336.0,320,Zomato,Card,Payment,Spice Route Kitchen,Kolkata
2026-04-23,Dal Makhani,Main Course,2,462.0,220,Zomato,Card,Payment,Spice Route Kitchen,Kolkata
2026-04-23,Paneer Tikka,Starters,2,546.0,260,Zomato,Card,Payment,Spice Route Kitchen,Kolkata
2026-04-23,Chicken 65,Starters,2,504.0,240,Zomato,Card,Payment,Spice Route Kitchen,Kolkata
2026-04-23,Chicken 65,Starters,1,252.0,240,Swiggy,UPI,Payment,Spice Route Kitchen,Kolkata
2026-04-23,Chicken 65,Starters,1,252.0,240,Zomato,Card,Payment,Spice Route Kitchen,Kolkata
2026-04-24,Masala Chai,Beverages,1,42.0,40,Swiggy,Card,Payment,Spice Route Kitchen,Kolkata
2026-04-24,Sweet Lassi,Beverages,2,168.0,80,Swiggy,Card,Payment,Spice Route Kitchen,Kolkata
2026-04-24,Chicken Biryani,Biryani,3,819.0,260,Swiggy,Card,Payment,Spice Route Kitchen,Kolkata
2026-04-24,Chicken Biryani,Biryani,2,491.4,260,Zomato,Card,Payment,Spice Route Kitchen,Kolkata
2026-04-24,Sweet Lassi,Beverages,1,84.0,80,Zomato,UPI,Payment,Spice Route Kitchen,Kolkata
2026-04-24,Mango Lassi,Beverages,2,189.0,90,Zomato,UPI,Payment,Spice Route Kitchen,Kolkata
2026-04-24,Mango Lassi,Beverages,1,94.5,90,Zomato,Card,Payment,Spice Route Kitchen,Kolkata
2026-04-24,Mango Lassi,Beverages,3,283.5,90,Swiggy,Card,Payment,Spice Route Kitchen,Kolkata
2026-04-24,Paneer Tikka,Starters,3,819.0,260,Zomato,Card,Payment,Spice Route Kitchen,Kolkata
2026-04-24,Mutton Biryani,Biryani,1,357.0,340,Zomato,Card,Payment,Spice Route Kitchen,Kolkata
2026-04-24,Dal Makhani,Main Course,1,184.8,220,Zomato,Card,Payment,Spice Route Kitchen,Kolkata
2026-04-24,Mutton Biryani,Biryani,2,571.2,340,Swiggy,UPI,Payment,Spice Route Kitchen,Kolkata
2026-04-24,Chicken 65,Starters,2,504.0,240,Zomato,UPI,Payment,Spice Route Kitchen,Kolkata
2026-04-24,Mango Lassi,Beverages,3,283.5,90,Zomato,Card,Payment,Spice Route Kitchen,Kolkata
2026-04-24,Butter Naan,Breads,1,37.8,45,Zomato,Card,Payment,Spice Route Kitchen,Kolkata
2026-04-24,Mutton Biryani,Biryani,2,499.8,340,Zomato,Card,Payment,Spice Route Kitchen,Kolkata
2026-04-24,Mutton Biryani,Biryani,2,714.0,340,Zomato,Card,Payment,Spice Route Kitchen,Kolkata
2026-04-24,Masala Chai,Beverages,1,37.8,40,Swiggy,UPI,Payment,Spice Route Kitchen,Kolkata
2026-04-24,Mango Lassi,Beverages,2,189.0,90,Swiggy,UPI,Payment,Spice Route Kitchen,Kolkata
2026-04-24,Masala Chai,Beverages,1,42.0,40,Register,Cash,Payment,Spice Route Kitchen,Kolkata
2026-04-24,Chicken 65,Starters,1,252.0,240,Register,Cash,Payment,Spice Route Kitchen,Kolkata
2026-04-24,Chicken Biryani,Biryani,2,546.0,260,Register,Cash,Payment,Spice Route Kitchen,Kolkata
2026-04-24,Masala Chai,Beverages,2,84.0,40,Zomato,Card,Payment,Spice Route Kitchen,Kolkata
2026-04-24,Mutton Biryani,Biryani,1,357.0,340,Zomato,UPI,Payment,Spice Route Kitchen,Kolkata
2026-04-24,Paneer Tikka,Starters,2,546.0,260,Zomato,UPI,Payment,Spice Route Kitchen,Kolkata
2026-04-24,Chicken Biryani,Biryani,2,546.0,260,Swiggy,UPI,Payment,Spice Route Kitchen,Kolkata
2026-04-24,Veg Biryani,Biryani,1,220.5,210,Zomato,UPI,Payment,Spice Route Kitchen,Kolkata
2026-04-24,Paneer Butter Masala,Main Course,1,294.0,280,Swiggy,UPI,Payment,Spice Route Kitchen,Kolkata
2026-04-24,Chicken Biryani,Biryani,2,491.4,260,Register,UPI,Payment,Spice Route Kitchen,Kolkata
2026-04-24,Paneer Tikka,Starters,2,436.8,260,Register,UPI,Payment,Spice Route Kitchen,Kolkata
2026-04-24,Paneer Butter Masala,Main Course,2,588.0,280,Swiggy,UPI,Payment,Spice Route Kitchen,Kolkata
2026-04-24,Tandoori Roti,Breads,1,25.2,30,Swiggy,UPI,Payment,Spice Route Kitchen,Kolkata
2026-04-24,Masala Chai,Beverages,1,42.0,40,Swiggy,UPI,Payment,Spice Route Kitchen,Kolkata
2026-04-24,Samosa (2pc),Starters,2,126.0,60,Zomato,UPI,Payment,Spice Route Kitchen,Kolkata
2026-04-24,Butter Chicken,Main Course,1,336.0,320,Zomato,UPI,Payment,Spice Route Kitchen,Kolkata
2026-04-24,Chicken 65,Starters,1,252.0,240,Register,UPI,Payment,Spice Route Kitchen,Kolkata
2026-04-24,Veg Biryani,Biryani,2,352.8,210,Swiggy,UPI,Payment,Spice Route Kitchen,Kolkata
2026-04-24,Paneer Butter Masala,Main Course,1,294.0,280,Swiggy,UPI,Payment,Spice Route Kitchen,Kolkata
2026-04-24,Samosa (2pc),Starters,2,126.0,60,Zomato,UPI,Payment,Spice Route Kitchen,Kolkata
2026-04-24,Garlic Naan,Breads,1,57.75,55,Swiggy,UPI,Payment,Spice Route Kitchen,Kolkata
2026-04-24,Garlic Naan,Breads,2,115.5,55,Register,Card,Payment,Spice Route Kitchen,Kolkata
2026-04-24,Masala Chai,Beverages,1,42.0,40,Register,Card,Payment,Spice Route Kitchen,Kolkata
2026-04-24,Paneer Butter Masala,Main Course,3,882.0,280,Register,Card,Payment,Spice Route Kitchen,Kolkata
2026-04-24,Coke,Beverages,3,189.0,60,Swiggy,Card,Payment,Spice Route Kitchen,Kolkata
2026-04-24,Sweet Lassi,Beverages,2,168.0,80,Register,Card,Payment,Spice Route Kitchen,Kolkata
2026-04-24,Chicken 65,Starters,2,453.6,240,Register,Card,Payment,Spice Route Kitchen,Kolkata
2026-04-24,Chicken Biryani,Biryani,1,245.7,260,Register,Card,Payment,Spice Route Kitchen,Kolkata
2026-04-24,Chicken 65,Starters,1,252.0,240,Register,Card,Payment,Spice Route Kitchen,Kolkata
2026-04-24,Butter Chicken,Main Course,2,672.0,320,Register,Cash,Payment,Spice Route Kitchen,Kolkata
2026-04-24,Coke,Beverages,3,151.2,60,Register,Cash,Payment,Spice Route Kitchen,Kolkata
2026-04-24,Masala Chai,Beverages,2,84.0,40,Zomato,UPI,Payment,Spice Route Kitchen,Kolkata
2026-04-24,Chicken 65,Starters,1,252.0,240,Register,Card,Payment,Spice Route Kitchen,Kolkata
2026-04-24,Butter Chicken,Main Course,2,672.0,320,Swiggy,UPI,Payment,Spice Route Kitchen,Kolkata
2026-04-24,Chicken 65,Starters,1,252.0,240,Swiggy,UPI,Payment,Spice Route Kitchen,Kolkata
2026-04-24,Garlic Naan,Breads,1,46.2,55,Zomato,Card,Payment,Spice Route Kitchen,Kolkata
2026-04-24,Butter Chicken,Main Course,1,336.0,320,Swiggy,Card,Payment,Spice Route Kitchen,Kolkata
2026-04-24,Garlic Naan,Breads,2,115.5,55,Swiggy,UPI,Payment,Spice Route Kitchen,Kolkata
2026-04-24,Paneer Butter Masala,Main Course,1,294.0,280,Swiggy,UPI,Payment,Spice Route Kitchen,Kolkata
2026-04-24,Gulab Jamun (2pc),Desserts,1,94.5,90,Register,Card,Payment,Spice Route Kitchen,Kolkata
2026-04-24,Paneer Butter Masala,Main Course,1,294.0,280,Register,Card,Payment,Spice Route Kitchen,Kolkata
2026-04-24,Butter Naan,Breads,1,33.08,45,Register,Card,Payment,Spice Route Kitchen,Kolkata
2026-04-24,Mutton Biryani,Biryani,2,714.0,340,Zomato,UPI,Payment,Spice Route Kitchen,Kolkata
2026-04-24,Garlic Naan,Breads,2,92.4,55,Swiggy,UPI,Payment,Spice Route Kitchen,Kolkata
2026-04-24,Sweet Lassi,Beverages,1,84.0,80,Swiggy,UPI,Payment,Spice Route Kitchen,Kolkata
2026-04-24,Paneer Tikka,Starters,1,273.0,260,Swiggy,UPI,Payment,Spice Route Kitchen,Kolkata
2026-04-24,Gulab Jamun (2pc),Desserts,1,94.5,90,Zomato,Card,Payment,Spice Route Kitchen,Kolkata
2026-04-24,Mutton Biryani,Biryani,1,357.0,340,Zomato,Card,Payment,Spice Route Kitchen,Kolkata
2026-04-24,Garlic Naan,Breads,1,57.75,55,Swiggy,UPI,Payment,Spice Route Kitchen,Kolkata
2026-04-24,Chicken Biryani,Biryani,2,546.0,260,Swiggy,UPI,Payment,Spice Route Kitchen,Kolkata
2026-04-24,Paneer Tikka,Starters,1,245.7,260,Swiggy,UPI,Payment,Spice Route Kitchen,Kolkata
2026-04-24,Sweet Lassi,Beverages,1,75.6,80,Swiggy,UPI,Payment,Spice Route Kitchen,Kolkata
2026-04-24,Mango Lassi,Beverages,2,189.0,90,Swiggy,Card,Payment,Spice Route Kitchen,Kolkata
2026-04-24,Paneer Tikka,Starters,2,546.0,260,Swiggy,Card,Payment,Spice Route Kitchen,Kolkata
2026-04-24,Chicken 65,Starters,1,252.0,240,Swiggy,Card,Payment,Spice Route Kitchen,Kolkata
2026-04-24,Paneer Butter Masala,Main Course,1,294.0,280,Zomato,Card,Payment,Spice Route Kitchen,Kolkata
2026-04-24,Paneer Butter Masala,Main Course,1,264.6,280,Zomato,Card,Payment,Spice Route Kitchen,Kolkata
2026-04-24,Chicken 65,Starters,1,252.0,240,Zomato,Card,Payment,Spice Route Kitchen,Kolkata
2026-04-24,Masala Chai,Beverages,1,42.0,40,Zomato,Card,Payment,Spice Route Kitchen,Kolkata
2026-04-24,Rasmalai (2pc),Desserts,2,231.0,110,Swiggy,Card,Payment,Spice Route Kitchen,Kolkata
2026-04-24,Butter Chicken,Main Course,2,672.0,320,Swiggy,Card,Payment,Spice Route Kitchen,Kolkata
2026-04-24,Gulab Jamun (2pc),Desserts,2,151.2,90,Zomato,Card,Payment,Spice Route Kitchen,Kolkata
2026-04-24,Masala Chai,Beverages,1,42.0,40,Zomato,UPI,Payment,Spice Route Kitchen,Kolkata
2026-04-24,Chicken Biryani,Biryani,1,273.0,260,Register,Cash,Payment,Spice Route Kitchen,Kolkata
2026-04-24,Paneer Butter Masala,Main Course,2,588.0,280,Zomato,Card,Payment,Spice Route Kitchen,Kolkata
2026-04-24,Paneer Tikka,Starters,2,382.2,260,Swiggy,UPI,Payment,Spice Route Kitchen,Kolkata
2026-04-24,Garlic Naan,Breads,1,57.75,55,Swiggy,UPI,Payment,Spice Route Kitchen,Kolkata
2026-04-24,Dal Makhani,Main Course,2,462.0,220,Swiggy,UPI,Payment,Spice Route Kitchen,Kolkata
2026-04-24,Chicken 65,Starters,1,252.0,240,Swiggy,UPI,Payment,Spice Route Kitchen,Kolkata
2026-04-24,Samosa (2pc),Starters,1,44.1,60,Swiggy,UPI,Payment,Spice Route Kitchen,Kolkata
2026-04-24,Butter Naan,Breads,1,42.52,45,Swiggy,UPI,Payment,Spice Route Kitchen,Kolkata
2026-04-24,Butter Naan,Breads,2,94.5,45,Register,UPI,Payment,Spice Route Kitchen,Kolkata
2026-04-24,Butter Chicken,Main Course,1,302.4,320,Swiggy,UPI,Payment,Spice Route Kitchen,Kolkata
2026-04-24,Dal Makhani,Main Course,3,693.0,220,Swiggy,UPI,Payment,Spice Route Kitchen,Kolkata
2026-04-24,Chicken Biryani,Biryani,2,546.0,260,Register,Card,Payment,Spice Route Kitchen,Kolkata
2026-04-24,Masala Chai,Beverages,2,84.0,40,Swiggy,UPI,Payment,Spice Route Kitchen,Kolkata
2026-04-24,Garlic Naan,Breads,1,57.75,55,Swiggy,UPI,Payment,Spice Route Kitchen,Kolkata
2026-04-24,Seekh Kebab,Starters,3,882.0,280,Register,UPI,Payment,Spice Route Kitchen,Kolkata
2026-04-24,Chicken 65,Starters,1,252.0,240,Register,UPI,Payment,Spice Route Kitchen,Kolkata
2026-04-24,Chicken 65,Starters,1,226.8,240,Zomato,UPI,Payment,Spice Route Kitchen,Kolkata
2026-04-24,Butter Naan,Breads,1,47.25,45,Swiggy,UPI,Payment,Spice Route Kitchen,Kolkata
2026-04-24,Tandoori Roti,Breads,2,63.0,30,Register,UPI,Payment,Spice Route Kitchen,Kolkata
2026-04-24,Paneer Tikka,Starters,1,273.0,260,Zomato,Card,Payment,Spice Route Kitchen,Kolkata
2026-04-24,Samosa (2pc),Starters,1,63.0,60,Zomato,Card,Payment,Spice Route Kitchen,Kolkata
2026-04-24,Butter Naan,Breads,1,47.25,45,Zomato,Card,Payment,Spice Route Kitchen,Kolkata
2026-04-24,Papad,Sides,1,31.5,30,Swiggy,UPI,Payment,Spice Route Kitchen,Kolkata
2026-04-24,Chicken 65,Starters,2,504.0,240,Swiggy,UPI,Payment,Spice Route Kitchen,Kolkata
2026-04-25,Papad,Sides,1,31.5,30,Swiggy,Card,Payment,Spice Route Kitchen,Kolkata
2026-04-25,Mutton Biryani,Biryani,2,571.2,340,Swiggy,Card,Payment,Spice Route Kitchen,Kolkata
2026-04-25,Veg Biryani,Biryani,1,154.35,210,Swiggy,Card,Payment,Spice Route Kitchen,Kolkata
2026-04-25,Garlic Naan,Breads,1,57.75,55,Register,UPI,Payment,Spice Route Kitchen,Kolkata
2026-04-25,Samosa (2pc),Starters,1,63.0,60,Register,UPI,Payment,Spice Route Kitchen,Kolkata
2026-04-25,Coke,Beverages,1,63.0,60,Swiggy,UPI,Payment,Spice Route Kitchen,Kolkata
2026-04-25,Butter Naan,Breads,1,47.25,45,Swiggy,UPI,Payment,Spice Route Kitchen,Kolkata
2026-04-25,Butter Chicken,Main Course,1,302.4,320,Register,Cash,Payment,Spice Route Kitchen,Kolkata
2026-04-25,Chicken 65,Starters,1,252.0,240,Register,Card,Payment,Spice Route Kitchen,Kolkata
2026-04-25,Mango Lassi,Beverages,1,94.5,90,Register,Card,Payment,Spice Route Kitchen,Kolkata
2026-04-25,Gulab Jamun (2pc),Desserts,1,94.5,90,Register,Card,Payment,Spice Route Kitchen,Kolkata
2026-04-25,Coke,Beverages,1,63.0,60,Swiggy,Card,Payment,Spice Route Kitchen,Kolkata
2026-04-25,Chicken 65,Starters,1,226.8,240,Swiggy,Card,Payment,Spice Route Kitchen,Kolkata
2026-04-25,Paneer Tikka,Starters,1,273.0,260,Swiggy,Card,Payment,Spice Route Kitchen,Kolkata
2026-04-25,Paneer Butter Masala,Main Course,1,264.6,280,Register,Cash,Payment,Spice Route Kitchen,Kolkata
2026-04-25,Butter Chicken,Main Course,2,672.0,320,Swiggy,UPI,Payment,Spice Route Kitchen,Kolkata
2026-04-25,Butter Naan,Breads,1,47.25,45,Swiggy,Card,Payment,Spice Route Kitchen,Kolkata
2026-04-25,Paneer Tikka,Starters,1,273.0,260,Zomato,Card,Payment,Spice Route Kitchen,Kolkata
2026-04-25,Butter Chicken,Main Course,1,336.0,320,Register,Cash,Payment,Spice Route Kitchen,Kolkata
2026-04-25,Paneer Tikka,Starters,1,273.0,260,Register,Cash,Payment,Spice Route Kitchen,Kolkata
2026-04-25,Sweet Lassi,Beverages,1,84.0,80,Register,UPI,Payment,Spice Route Kitchen,Kolkata
2026-04-25,Sweet Lassi,Beverages,1,84.0,80,Register,UPI,Payment,Spice Route Kitchen,Kolkata
2026-04-25,Butter Naan,Breads,1,47.25,45,Register,UPI,Payment,Spice Route Kitchen,Kolkata
2026-04-25,Butter Naan,Breads,-1,-47.25,45,Swiggy,Card,Refund,Spice Route Kitchen,Kolkata
2026-04-25,Masala Chai,Beverages,-2,-84.0,40,Swiggy,Card,Refund,Spice Route Kitchen,Kolkata
2026-04-25,Coke,Beverages,1,56.7,60,Zomato,Card,Payment,Spice Route Kitchen,Kolkata
2026-04-25,Dal Makhani,Main Course,3,693.0,220,Register,Cash,Payment,Spice Route Kitchen,Kolkata
2026-04-25,Sweet Lassi,Beverages,1,84.0,80,Zomato,Card,Payment,Spice Route Kitchen,Kolkata
2026-04-25,Mutton Biryani,Biryani,2,642.6,340,Register,UPI,Payment,Spice Route Kitchen,Kolkata
2026-04-25,Masala Chai,Beverages,1,42.0,40,Register,UPI,Payment,Spice Route Kitchen,Kolkata
2026-04-25,Tandoori Roti,Breads,1,25.2,30,Register,UPI,Payment,Spice Route Kitchen,Kolkata
2026-04-25,Paneer Butter Masala,Main Course,1,294.0,280,Register,UPI,Payment,Spice Route Kitchen,Kolkata
2026-04-25,Butter Naan,Breads,3,141.75,45,Register,UPI,Payment,Spice Route Kitchen,Kolkata
2026-04-25,Mutton Biryani,Biryani,1,357.0,340,Register,Cash,Payment,Spice Route Kitchen,Kolkata
2026-04-25,Chicken Biryani,Biryani,1,191.1,260,Register,Cash,Payment,Spice Route Kitchen,Kolkata
2026-04-25,Chicken Biryani,Biryani,1,218.4,260,Zomato,Card,Payment,Spice Route Kitchen,Kolkata
2026-04-25,Garlic Naan,Breads,2,115.5,55,Register,Cash,Payment,Spice Route Kitchen,Kolkata
2026-04-25,Chicken Biryani,Biryani,1,273.0,260,Register,UPI,Payment,Spice Route Kitchen,Kolkata
2026-04-25,Dal Makhani,Main Course,1,231.0,220,Swiggy,UPI,Payment,Spice Route Kitchen,Kolkata
2026-04-25,Samosa (2pc),Starters,3,151.2,60,Swiggy,UPI,Payment,Spice Route Kitchen,Kolkata
2026-04-25,Coke,Beverages,1,50.4,60,Register,UPI,Payment,Spice Route Kitchen,Kolkata
2026-04-25,Samosa (2pc),Starters,1,63.0,60,Register,UPI,Payment,Spice Route Kitchen,Kolkata
2026-04-25,Chicken Biryani,Biryani,1,273.0,260,Register,UPI,Payment,Spice Route Kitchen,Kolkata
2026-04-25,Coke,Beverages,1,56.7,60,Register,UPI,Payment,Spice Route Kitchen,Kolkata
2026-04-25,Gulab Jamun (2pc),Desserts,1,94.5,90,Zomato,Card,Payment,Spice Route Kitchen,Kolkata
2026-04-25,Veg Biryani,Biryani,2,441.0,210,Zomato,Card,Payment,Spice Route Kitchen,Kolkata
2026-04-25,Paneer Tikka,Starters,2,491.4,260,Zomato,UPI,Payment,Spice Route Kitchen,Kolkata
2026-04-25,Tandoori Roti,Breads,2,63.0,30,Zomato,UPI,Payment,Spice Route Kitchen,Kolkata
2026-04-25,Gulab Jamun (2pc),Desserts,2,189.0,90,Zomato,UPI,Payment,Spice Route Kitchen,Kolkata
2026-04-25,Tandoori Roti,Breads,1,31.5,30,Zomato,UPI,Payment,Spice Route Kitchen,Kolkata
2026-04-25,Mutton Biryani,Biryani,2,714.0,340,Zomato,UPI,Payment,Spice Route Kitchen,Kolkata
2026-04-25,Dal Makhani,Main Course,1,231.0,220,Swiggy,UPI,Payment,Spice Route Kitchen,Kolkata
2026-04-25,Garlic Naan,Breads,2,115.5,55,Swiggy,UPI,Payment,Spice Route Kitchen,Kolkata
2026-04-25,Coke,Beverages,1,63.0,60,Swiggy,UPI,Payment,Spice Route Kitchen,Kolkata
2026-04-25,Dal Makhani,Main Course,1,231.0,220,Swiggy,UPI,Payment,Spice Route Kitchen,Kolkata
2026-04-25,Samosa (2pc),Starters,1,63.0,60,Register,Card,Payment,Spice Route Kitchen,Kolkata
2026-04-25,Garlic Naan,Breads,1,51.98,55,Register,Card,Payment,Spice Route Kitchen,Kolkata
2026-04-25,Paneer Tikka,Starters,1,273.0,260,Register,Card,Payment,Spice Route Kitchen,Kolkata
2026-04-25,Butter Naan,Breads,3,113.4,45,Swiggy,UPI,Payment,Spice Route Kitchen,Kolkata
2026-04-25,Garlic Naan,Breads,1,57.75,55,Swiggy,UPI,Payment,Spice Route Kitchen,Kolkata
2026-04-25,Gulab Jamun (2pc),Desserts,1,94.5,90,Swiggy,UPI,Payment,Spice Route Kitchen,Kolkata
2026-04-25,Butter Naan,Breads,2,94.5,45,Register,UPI,Payment,Spice Route Kitchen,Kolkata
2026-04-25,Veg Biryani,Biryani,1,220.5,210,Register,UPI,Payment,Spice Route Kitchen,Kolkata
2026-04-25,Seekh Kebab,Starters,2,588.0,280,Register,UPI,Payment,Spice Route Kitchen,Kolkata
2026-04-25,Mango Lassi,Beverages,1,94.5,90,Register,UPI,Payment,Spice Route Kitchen,Kolkata
2026-04-25,Chicken Biryani,Biryani,1,273.0,260,Swiggy,UPI,Payment,Spice Route Kitchen,Kolkata
2026-04-25,Garlic Naan,Breads,2,115.5,55,Swiggy,Card,Payment,Spice Route Kitchen,Kolkata
2026-04-25,Butter Naan,Breads,1,47.25,45,Swiggy,Card,Payment,Spice Route Kitchen,Kolkata
2026-04-25,Tandoori Roti,Breads,1,31.5,30,Swiggy,Card,Payment,Spice Route Kitchen,Kolkata
2026-04-25,Butter Chicken,Main Course,1,336.0,320,Zomato,Card,Payment,Spice Route Kitchen,Kolkata
2026-04-25,Paneer Tikka,Starters,1,273.0,260,Zomato,Card,Payment,Spice Route Kitchen,Kolkata
2026-04-25,Coke,Beverages,1,63.0,60,Zomato,Card,Payment,Spice Route Kitchen,Kolkata
2026-04-25,Masala Chai,Beverages,3,126.0,40,Zomato,Card,Payment,Spice Route Kitchen,Kolkata
2026-04-25,Butter Naan,Breads,1,47.25,45,Register,Card,Payment,Spice Route Kitchen,Kolkata
2026-04-25,Dal Makhani,Main Course,1,231.0,220,Swiggy,Card,Payment,Spice Route Kitchen,Kolkata
2026-04-25,Paneer Tikka,Starters,1,191.1,260,Register,UPI,Payment,Spice Route Kitchen,Kolkata
2026-04-25,Samosa (2pc),Starters,1,63.0,60,Register,UPI,Payment,Spice Route Kitchen,Kolkata
2026-04-25,Chicken Biryani,Biryani,1,273.0,260,Zomato,UPI,Payment,Spice Route Kitchen,Kolkata
2026-04-25,Coke,Beverages,1,44.1,60,Swiggy,Card,Payment,Spice Route Kitchen,Kolkata
2026-04-25,Chicken 65,Starters,3,756.0,240,Swiggy,Card,Payment,Spice Route Kitchen,Kolkata
2026-04-25,Paneer Tikka,Starters,2,546.0,260,Swiggy,Card,Payment,Spice Route Kitchen,Kolkata
2026-04-25,Samosa (2pc),Starters,2,126.0,60,Zomato,Card,Payment,Spice Route Kitchen,Kolkata
2026-04-25,Garlic Naan,Breads,1,51.98,55,Zomato,Card,Payment,Spice Route Kitchen,Kolkata
2026-04-25,Paneer Tikka,Starters,1,273.0,260,Zomato,Card,Payment,Spice Route Kitchen,Kolkata
2026-04-25,Seekh Kebab,Starters,1,264.6,280,Zomato,Card,Payment,Spice Route Kitchen,Kolkata
2026-04-25,Butter Chicken,Main Course,1,336.0,320,Swiggy,Card,Payment,Spice Route Kitchen,Kolkata
2026-04-25,Masala Chai,Beverages,1,42.0,40,Swiggy,Card,Payment,Spice Route Kitchen,Kolkata
2026-04-25,Butter Chicken,Main Course,2,672.0,320,Swiggy,Card,Payment,Spice Route Kitchen,Kolkata
2026-04-25,Butter Naan,Breads,1,42.52,45,Register,Card,Payment,Spice Route Kitchen,Kolkata
2026-04-25,Samosa (2pc),Starters,2,100.8,60,Zomato,UPI,Payment,Spice Route Kitchen,Kolkata
2026-04-25,Butter Naan,Breads,1,47.25,45,Zomato,UPI,Payment,Spice Route Kitchen,Kolkata
2026-04-25,Butter Chicken,Main Course,1,302.4,320,Register,UPI,Payment,Spice Route Kitchen,Kolkata
2026-04-25,Butter Chicken,Main Course,2,604.8,320,Register,UPI,Payment,Spice Route Kitchen,Kolkata
2026-04-25,Veg Biryani,Biryani,1,220.5,210,Zomato,Card,Payment,Spice Route Kitchen,Kolkata
2026-04-25,Butter Naan,Breads,3,141.75,45,Zomato,Card,Payment,Spice Route Kitchen,Kolkata
2026-04-25,Paneer Tikka,Starters,2,546.0,260,Zomato,Card,Payment,Spice Route Kitchen,Kolkata
2026-04-25,Paneer Butter Masala,Main Course,2,529.2,280,Swiggy,UPI,Payment,Spice Route Kitchen,Kolkata
2026-04-25,Paneer Tikka,Starters,1,245.7,260,Zomato,UPI,Payment,Spice Route Kitchen,Kolkata
2026-04-25,Masala Chai,Beverages,1,42.0,40,Register,Cash,Payment,Spice Route Kitchen,Kolkata
2026-04-25,Paneer Butter Masala,Main Course,1,235.2,280,Register,UPI,Payment,Spice Route Kitchen,Kolkata
2026-04-25,Paneer Tikka,Starters,1,273.0,260,Register,UPI,Payment,Spice Route Kitchen,Kolkata
2026-04-25,Masala Chai,Beverages,3,126.0,40,Register,UPI,Payment,Spice Route Kitchen,Kolkata
2026-04-25,Sweet Lassi,Beverages,1,84.0,80,Register,UPI,Payment,Spice Route Kitchen,Kolkata
2026-04-25,Paneer Butter Masala,Main Course,1,294.0,280,Register,UPI,Payment,Spice Route Kitchen,Kolkata
2026-04-25,Garlic Naan,Breads,3,173.25,55,Register,Card,Payment,Spice Route Kitchen,Kolkata
2026-04-25,Chicken 65,Starters,1,252.0,240,Register,UPI,Payment,Spice Route Kitchen,Kolkata
2026-04-25,Mango Lassi,Beverages,1,66.15,90,Swiggy,UPI,Payment,Spice Route Kitchen,Kolkata
2026-04-25,Tandoori Roti,Breads,3,94.5,30,Swiggy,UPI,Payment,Spice Route Kitchen,Kolkata
2026-04-25,Sweet Lassi,Beverages,1,84.0,80,Swiggy,UPI,Payment,Spice Route Kitchen,Kolkata
2026-04-25,Paneer Tikka,Starters,1,273.0,260,Register,Card,Payment,Spice Route Kitchen,Kolkata
2026-04-25,Paneer Butter Masala,Main Course,2,588.0,280,Register,Card,Payment,Spice Route Kitchen,Kolkata
2026-04-25,Masala Chai,Beverages,1,42.0,40,Register,Card,Payment,Spice Route Kitchen,Kolkata
2026-04-25,Butter Naan,Breads,1,47.25,45,Register,Card,Payment,Spice Route Kitchen,Kolkata
2026-04-25,Chicken 65,Starters,2,504.0,240,Swiggy,UPI,Payment,Spice Route Kitchen,Kolkata
2026-04-25,Butter Chicken,Main Course,1,336.0,320,Register,Card,Payment,Spice Route Kitchen,Kolkata
2026-04-25,Tandoori Roti,Breads,2,63.0,30,Register,Cash,Payment,Spice Route Kitchen,Kolkata
2026-04-25,Tandoori Roti,Breads,1,31.5,30,Zomato,UPI,Payment,Spice Route Kitchen,Kolkata
2026-04-25,Paneer Tikka,Starters,1,245.7,260,Zomato,Card,Payment,Spice Route Kitchen,Kolkata
2026-04-25,Masala Chai,Beverages,1,42.0,40,Swiggy,UPI,Payment,Spice Route Kitchen,Kolkata
2026-04-25,Tandoori Roti,Breads,1,25.2,30,Swiggy,UPI,Payment,Spice Route Kitchen,Kolkata
2026-04-25,Gulab Jamun (2pc),Desserts,1,94.5,90,Swiggy,UPI,Payment,Spice Route Kitchen,Kolkata
2026-04-25,Butter Naan,Breads,1,47.25,45,Swiggy,UPI,Payment,Spice Route Kitchen,Kolkata
2026-04-25,Mutton Biryani,Biryani,1,357.0,340,Zomato,UPI,Payment,Spice Route Kitchen,Kolkata
2026-04-25,Masala Chai,Beverages,1,42.0,40,Zomato,UPI,Payment,Spice Route Kitchen,Kolkata
2026-04-25,Samosa (2pc),Starters,3,189.0,60,Zomato,UPI,Payment,Spice Route Kitchen,Kolkata
2026-04-25,Paneer Butter Masala,Main Course,2,588.0,280,Swiggy,Card,Payment,Spice Route Kitchen,Kolkata
2026-04-25,Paneer Butter Masala,Main Course,1,294.0,280,Swiggy,Card,Payment,Spice Route Kitchen,Kolkata
2026-04-25,Paneer Butter Masala,Main Course,2,588.0,280,Swiggy,Card,Payment,Spice Route Kitchen,Kolkata
2026-04-25,Papad,Sides,1,28.35,30,Swiggy,Card,Payment,Spice Route Kitchen,Kolkata
2026-04-25,Veg Biryani,Biryani,1,220.5,210,Swiggy,Card,Payment,Spice Route Kitchen,Kolkata
2026-04-25,Mango Lassi,Beverages,1,94.5,90,Swiggy,Card,Payment,Spice Route Kitchen,Kolkata
2026-04-25,Tandoori Roti,Breads,1,31.5,30,Register,Card,Payment,Spice Route Kitchen,Kolkata
2026-04-25,Seekh Kebab,Starters,2,588.0,280,Zomato,Card,Payment,Spice Route Kitchen,Kolkata
2026-04-25,Chicken 65,Starters,1,252.0,240,Zomato,Card,Payment,Spice Route Kitchen,Kolkata
2026-04-25,Mutton Biryani,Biryani,1,357.0,340,Swiggy,Card,Payment,Spice Route Kitchen,Kolkata
2026-04-25,Mango Lassi,Beverages,1,94.5,90,Swiggy,UPI,Payment,Spice Route Kitchen,Kolkata
2026-04-25,Samosa (2pc),Starters,1,63.0,60,Swiggy,UPI,Payment,Spice Route Kitchen,Kolkata
2026-04-25,Butter Naan,Breads,2,94.5,45,Swiggy,UPI,Payment,Spice Route Kitchen,Kolkata
2026-04-25,Paneer Tikka,Starters,1,273.0,260,Swiggy,UPI,Payment,Spice Route Kitchen,Kolkata
2026-04-25,Tandoori Roti,Breads,1,31.5,30,Zomato,UPI,Payment,Spice Route Kitchen,Kolkata
2026-04-25,Seekh Kebab,Starters,1,294.0,280,Zomato,UPI,Payment,Spice Route Kitchen,Kolkata
2026-04-25,Dal Makhani,Main Course,1,231.0,220,Zomato,UPI,Payment,Spice Route Kitchen,Kolkata
2026-04-25,Butter Naan,Breads,1,42.52,45,Zomato,UPI,Payment,Spice Route Kitchen,Kolkata
2026-04-25,Chicken 65,Starters,2,403.2,240,Register,Cash,Payment,Spice Route Kitchen,Kolkata
2026-04-25,Paneer Butter Masala,Main Course,2,588.0,280,Swiggy,UPI,Payment,Spice Route Kitchen,Kolkata
2026-04-25,Butter Naan,Breads,1,47.25,45,Register,Cash,Payment,Spice Route Kitchen,Kolkata
2026-04-25,Mutton Biryani,Biryani,2,714.0,340,Register,Card,Payment,Spice Route Kitchen,Kolkata
2026-04-25,Paneer Butter Masala,Main Course,2,588.0,280,Register,Cash,Payment,Spice Route Kitchen,Kolkata
2026-04-25,Chicken 65,Starters,2,352.8,240,Register,Cash,Payment,Spice Route Kitchen,Kolkata
2026-04-25,Garlic Naan,Breads,1,57.75,55,Register,Cash,Payment,Spice Route Kitchen,Kolkata
2026-04-25,Chicken Biryani,Biryani,1,273.0,260,Swiggy,UPI,Payment,Spice Route Kitchen,Kolkata
2026-04-25,Paneer Butter Masala,Main Course,1,294.0,280,Register,Cash,Payment,Spice Route Kitchen,Kolkata
2026-04-25,Masala Chai,Beverages,2,84.0,40,Swiggy,UPI,Payment,Spice Route Kitchen,Kolkata
2026-04-26,Butter Naan,Breads,1,47.25,45,Swiggy,Card,Payment,Spice Route Kitchen,Kolkata
2026-04-26,Chicken Biryani,Biryani,1,273.0,260,Zomato,UPI,Payment,Spice Route Kitchen,Kolkata
2026-04-26,Dal Makhani,Main Course,1,231.0,220,Zomato,UPI,Payment,Spice Route Kitchen,Kolkata
2026-04-26,Tandoori Roti,Breads,1,31.5,30,Zomato,UPI,Payment,Spice Route Kitchen,Kolkata
2026-04-26,Chicken Biryani,Biryani,2,546.0,260,Swiggy,Card,Payment,Spice Route Kitchen,Kolkata
2026-04-26,Sweet Lassi,Beverages,1,84.0,80,Swiggy,Card,Payment,Spice Route Kitchen,Kolkata
2026-04-26,Samosa (2pc),Starters,1,63.0,60,Swiggy,Card,Payment,Spice Route Kitchen,Kolkata
2026-04-26,Paneer Butter Masala,Main Course,2,588.0,280,Zomato,Card,Payment,Spice Route Kitchen,Kolkata
2026-04-26,Masala Chai,Beverages,1,42.0,40,Swiggy,Card,Payment,Spice Route Kitchen,Kolkata
2026-04-26,Masala Chai,Beverages,1,42.0,40,Swiggy,Card,Payment,Spice Route Kitchen,Kolkata
2026-04-26,Chicken Biryani,Biryani,1,273.0,260,Zomato,Card,Payment,Spice Route Kitchen,Kolkata
2026-04-26,Chicken Biryani,Biryani,1,273.0,260,Zomato,Card,Payment,Spice Route Kitchen,Kolkata
2026-04-26,Butter Naan,Breads,1,47.25,45,Zomato,Card,Payment,Spice Route Kitchen,Kolkata
2026-04-26,Mutton Biryani,Biryani,1,357.0,340,Zomato,Card,Payment,Spice Route Kitchen,Kolkata
2026-04-26,Papad,Sides,1,31.5,30,Swiggy,Card,Payment,Spice Route Kitchen,Kolkata
2026-04-26,Chicken 65,Starters,2,504.0,240,Zomato,UPI,Payment,Spice Route Kitchen,Kolkata
2026-04-26,Rasmalai (2pc),Desserts,2,231.0,110,Swiggy,UPI,Payment,Spice Route Kitchen,Kolkata
2026-04-26,Butter Chicken,Main Course,2,672.0,320,Zomato,UPI,Payment,Spice Route Kitchen,Kolkata
2026-04-26,Paneer Butter Masala,Main Course,2,588.0,280,Swiggy,Card,Payment,Spice Route Kitchen,Kolkata
2026-04-26,Coke,Beverages,1,63.0,60,Swiggy,Card,Payment,Spice Route Kitchen,Kolkata
2026-04-26,Tandoori Roti,Breads,3,94.5,30,Swiggy,Card,Payment,Spice Route Kitchen,Kolkata
2026-04-26,Sweet Lassi,Beverages,1,84.0,80,Register,Cash,Payment,Spice Route Kitchen,Kolkata
2026-04-26,Coke,Beverages,2,126.0,60,Register,Cash,Payment,Spice Route Kitchen,Kolkata
2026-04-26,Mango Lassi,Beverages,1,94.5,90,Register,Cash,Payment,Spice Route Kitchen,Kolkata
2026-04-26,Masala Chai,Beverages,1,42.0,40,Register,Cash,Payment,Spice Route Kitchen,Kolkata
2026-04-26,Garlic Naan,Breads,3,173.25,55,Register,Cash,Payment,Spice Route Kitchen,Kolkata
2026-04-26,Chicken Biryani,Biryani,1,245.7,260,Register,Cash,Payment,Spice Route Kitchen,Kolkata
2026-04-26,Butter Naan,Breads,1,42.52,45,Swiggy,UPI,Payment,Spice Route Kitchen,Kolkata
2026-04-26,Paneer Butter Masala,Main Course,2,588.0,280,Swiggy,UPI,Payment,Spice Route Kitchen,Kolkata
2026-04-26,Mutton Biryani,Biryani,2,714.0,340,Swiggy,UPI,Payment,Spice Route Kitchen,Kolkata
2026-04-26,Dal Makhani,Main Course,1,231.0,220,Swiggy,UPI,Payment,Spice Route Kitchen,Kolkata
2026-04-26,Samosa (2pc),Starters,3,170.1,60,Swiggy,UPI,Payment,Spice Route Kitchen,Kolkata
2026-04-26,Garlic Naan,Breads,1,57.75,55,Swiggy,UPI,Payment,Spice Route Kitchen,Kolkata
2026-04-26,Paneer Tikka,Starters,2,436.8,260,Swiggy,UPI,Payment,Spice Route Kitchen,Kolkata
2026-04-26,Paneer Tikka,Starters,3,737.1,260,Swiggy,UPI,Payment,Spice Route Kitchen,Kolkata
2026-04-26,Mutton Biryani,Biryani,1,249.9,340,Swiggy,Card,Payment,Spice Route Kitchen,Kolkata
2026-04-26,Garlic Naan,Breads,2,103.95,55,Zomato,Card,Payment,Spice Route Kitchen,Kolkata
2026-04-26,Gulab Jamun (2pc),Desserts,1,94.5,90,Swiggy,Card,Payment,Spice Route Kitchen,Kolkata
2026-04-26,Masala Chai,Beverages,1,42.0,40,Swiggy,Card,Payment,Spice Route Kitchen,Kolkata
2026-04-26,Tandoori Roti,Breads,1,28.35,30,Swiggy,Card,Payment,Spice Route Kitchen,Kolkata
2026-04-26,Papad,Sides,1,22.05,30,Swiggy,UPI,Payment,Spice Route Kitchen,Kolkata
2026-04-26,Samosa (2pc),Starters,3,189.0,60,Swiggy,UPI,Payment,Spice Route Kitchen,Kolkata
2026-04-26,Chicken 65,Starters,1,176.4,240,Swiggy,UPI,Payment,Spice Route Kitchen,Kolkata
2026-04-26,Tandoori Roti,Breads,1,31.5,30,Swiggy,UPI,Payment,Spice Route Kitchen,Kolkata
2026-04-26,Chicken Biryani,Biryani,1,273.0,260,Swiggy,UPI,Payment,Spice Route Kitchen,Kolkata
2026-04-26,Butter Chicken,Main Course,1,336.0,320,Swiggy,UPI,Payment,Spice Route Kitchen,Kolkata
2026-04-26,Masala Chai,Beverages,1,33.6,40,Swiggy,UPI,Payment,Spice Route Kitchen,Kolkata
2026-04-26,Sweet Lassi,Beverages,1,84.0,80,Swiggy,UPI,Payment,Spice Route Kitchen,Kolkata
2026-04-26,Butter Naan,Breads,2,66.15,45,Zomato,UPI,Payment,Spice Route Kitchen,Kolkata
2026-04-26,Chicken 65,Starters,1,226.8,240,Zomato,UPI,Payment,Spice Route Kitchen,Kolkata
2026-04-26,Garlic Naan,Breads,1,57.75,55,Register,Cash,Payment,Spice Route Kitchen,Kolkata
2026-04-26,Butter Chicken,Main Course,2,672.0,320,Register,Cash,Payment,Spice Route Kitchen,Kolkata
2026-04-26,Sweet Lassi,Beverages,1,84.0,80,Swiggy,Card,Payment,Spice Route Kitchen,Kolkata
2026-04-26,Coke,Beverages,1,63.0,60,Swiggy,Card,Payment,Spice Route Kitchen,Kolkata
2026-04-26,Masala Chai,Beverages,2,84.0,40,Swiggy,Card,Payment,Spice Route Kitchen,Kolkata
2026-04-26,Garlic Naan,Breads,1,57.75,55,Zomato,Card,Payment,Spice Route Kitchen,Kolkata
2026-04-26,Seekh Kebab,Starters,1,294.0,280,Zomato,Card,Payment,Spice Route Kitchen,Kolkata
2026-04-26,Butter Naan,Breads,1,47.25,45,Register,Cash,Payment,Spice Route Kitchen,Kolkata
2026-04-26,Chicken 65,Starters,2,504.0,240,Register,Cash,Payment,Spice Route Kitchen,Kolkata
2026-04-26,Dal Makhani,Main Course,3,623.7,220,Register,Cash,Payment,Spice Route Kitchen,Kolkata
2026-04-26,Masala Chai,Beverages,1,42.0,40,Register,Cash,Payment,Spice Route Kitchen,Kolkata
2026-04-26,Mango Lassi,Beverages,3,283.5,90,Swiggy,UPI,Payment,Spice Route Kitchen,Kolkata
2026-04-26,Butter Naan,Breads,1,47.25,45,Swiggy,UPI,Payment,Spice Route Kitchen,Kolkata
2026-04-26,Samosa (2pc),Starters,1,63.0,60,Swiggy,UPI,Payment,Spice Route Kitchen,Kolkata
2026-04-26,Mango Lassi,Beverages,3,283.5,90,Swiggy,Card,Payment,Spice Route Kitchen,Kolkata
2026-04-26,Tandoori Roti,Breads,1,31.5,30,Swiggy,Card,Payment,Spice Route Kitchen,Kolkata
2026-04-26,Garlic Naan,Breads,1,57.75,55,Swiggy,Card,Payment,Spice Route Kitchen,Kolkata
2026-04-26,Tandoori Roti,Breads,1,31.5,30,Swiggy,Card,Payment,Spice Route Kitchen,Kolkata
2026-04-26,Butter Naan,Breads,1,37.8,45,Swiggy,UPI,Payment,Spice Route Kitchen,Kolkata
2026-04-26,Mango Lassi,Beverages,2,132.3,90,Swiggy,UPI,Payment,Spice Route Kitchen,Kolkata
2026-04-26,Butter Chicken,Main Course,2,672.0,320,Swiggy,UPI,Payment,Spice Route Kitchen,Kolkata
2026-04-26,Paneer Tikka,Starters,2,546.0,260,Swiggy,UPI,Payment,Spice Route Kitchen,Kolkata
2026-04-26,Garlic Naan,Breads,2,115.5,55,Swiggy,UPI,Payment,Spice Route Kitchen,Kolkata
2026-04-26,Chicken 65,Starters,2,504.0,240,Swiggy,Card,Payment,Spice Route Kitchen,Kolkata
2026-04-26,Veg Biryani,Biryani,3,661.5,210,Swiggy,Card,Payment,Spice Route Kitchen,Kolkata
2026-04-26,Paneer Tikka,Starters,1,273.0,260,Zomato,UPI,Payment,Spice Route Kitchen,Kolkata
2026-04-26,Garlic Naan,Breads,2,115.5,55,Zomato,Card,Payment,Spice Route Kitchen,Kolkata
2026-04-26,Samosa (2pc),Starters,3,189.0,60,Swiggy,Card,Payment,Spice Route Kitchen,Kolkata
2026-04-26,Chicken 65,Starters,3,756.0,240,Zomato,UPI,Payment,Spice Route Kitchen,Kolkata
2026-04-26,Seekh Kebab,Starters,1,235.2,280,Zomato,UPI,Payment,Spice Route Kitchen,Kolkata
2026-04-26,Tandoori Roti,Breads,1,31.5,30,Register,UPI,Payment,Spice Route Kitchen,Kolkata
2026-04-26,Mango Lassi,Beverages,1,94.5,90,Register,UPI,Payment,Spice Route Kitchen,Kolkata
2026-04-26,Tandoori Roti,Breads,2,44.1,30,Register,UPI,Payment,Spice Route Kitchen,Kolkata
2026-04-26,Butter Naan,Breads,1,47.25,45,Swiggy,UPI,Payment,Spice Route Kitchen,Kolkata
2026-04-26,Samosa (2pc),Starters,2,126.0,60,Swiggy,UPI,Payment,Spice Route Kitchen,Kolkata
2026-04-26,Garlic Naan,Breads,1,51.98,55,Swiggy,UPI,Payment,Spice Route Kitchen,Kolkata
2026-04-26,Samosa (2pc),Starters,2,113.4,60,Swiggy,UPI,Payment,Spice Route Kitchen,Kolkata
2026-04-26,Masala Chai,Beverages,1,33.6,40,Swiggy,UPI,Payment,Spice Route Kitchen,Kolkata
2026-04-26,Butter Naan,Breads,1,47.25,45,Swiggy,UPI,Payment,Spice Route Kitchen,Kolkata
2026-04-26,Mutton Biryani,Biryani,1,357.0,340,Swiggy,UPI,Payment,Spice Route Kitchen,Kolkata
2026-04-26,Gulab Jamun (2pc),Desserts,3,255.15,90,Swiggy,UPI,Payment,Spice Route Kitchen,Kolkata
2026-04-26,Paneer Tikka,Starters,1,273.0,260,Swiggy,UPI,Payment,Spice Route Kitchen,Kolkata
2026-04-26,Chicken 65,Starters,2,403.2,240,Swiggy,Card,Payment,Spice Route Kitchen,Kolkata
2026-04-26,Veg Biryani,Biryani,1,198.45,210,Zomato,Card,Payment,Spice Route Kitchen,Kolkata
2026-04-26,Gulab Jamun (2pc),Desserts,1,94.5,90,Zomato,Card,Payment,Spice Route Kitchen,Kolkata
2026-04-26,Tandoori Roti,Breads,2,63.0,30,Zomato,Card,Payment,Spice Route Kitchen,Kolkata
2026-04-26,Chicken Biryani,Biryani,2,546.0,260,Zomato,Card,Payment,Spice Route Kitchen,Kolkata
2026-04-26,Dal Makhani,Main Course,3,693.0,220,Register,Cash,Payment,Spice Route Kitchen,Kolkata
2026-04-26,Masala Chai,Beverages,1,42.0,40,Register,Cash,Payment,Spice Route Kitchen,Kolkata
2026-04-26,Masala Chai,Beverages,2,84.0,40,Register,Cash,Payment,Spice Route Kitchen,Kolkata
2026-04-26,Veg Biryani,Biryani,1,220.5,210,Zomato,UPI,Payment,Spice Route Kitchen,Kolkata
2026-04-26,Garlic Naan,Breads,1,46.2,55,Zomato,UPI,Payment,Spice Route Kitchen,Kolkata
2026-04-26,Papad,Sides,2,63.0,30,Zomato,UPI,Payment,Spice Route Kitchen,Kolkata
2026-04-26,Samosa (2pc),Starters,2,126.0,60,Zomato,Card,Payment,Spice Route Kitchen,Kolkata
2026-04-26,Samosa (2pc),Starters,1,50.4,60,Swiggy,Card,Payment,Spice Route Kitchen,Kolkata
2026-04-26,Samosa (2pc),Starters,2,88.2,60,Swiggy,Card,Payment,Spice Route Kitchen,Kolkata
2026-04-26,Gulab Jamun (2pc),Desserts,1,75.6,90,Zomato,Card,Payment,Spice Route Kitchen,Kolkata
2026-04-26,Gulab Jamun (2pc),Desserts,2,189.0,90,Zomato,Card,Payment,Spice Route Kitchen,Kolkata
2026-04-26,Garlic Naan,Breads,1,46.2,55,Zomato,Card,Payment,Spice Route Kitchen,Kolkata
2026-04-26,Dal Makhani,Main Course,1,184.8,220,Zomato,Card,Payment,Spice Route Kitchen,Kolkata
2026-04-26,Veg Biryani,Biryani,1,154.35,210,Zomato,Card,Payment,Spice Route Kitchen,Kolkata
2026-04-26,Mango Lassi,Beverages,1,94.5,90,Zomato,Card,Payment,Spice Route Kitchen,Kolkata
2026-04-26,Papad,Sides,2,63.0,30,Swiggy,Card,Payment,Spice Route Kitchen,Kolkata
2026-04-26,Paneer Tikka,Starters,1,245.7,260,Zomato,Card,Payment,Spice Route Kitchen,Kolkata
2026-04-26,Masala Chai,Beverages,2,84.0,40,Zomato,Card,Payment,Spice Route Kitchen,Kolkata
2026-04-26,Gulab Jamun (2pc),Desserts,2,189.0,90,Register,Cash,Payment,Spice Route Kitchen,Kolkata
2026-04-26,Tandoori Roti,Breads,1,31.5,30,Swiggy,Card,Payment,Spice Route Kitchen,Kolkata
2026-04-26,Dal Makhani,Main Course,2,462.0,220,Swiggy,Card,Payment,Spice Route Kitchen,Kolkata
2026-04-26,Tandoori Roti,Breads,1,22.05,30,Swiggy,Card,Payment,Spice Route Kitchen,Kolkata
2026-04-26,Mango Lassi,Beverages,1,94.5,90,Swiggy,Card,Payment,Spice Route Kitchen,Kolkata
2026-04-26,Butter Naan,Breads,2,94.5,45,Zomato,Card,Payment,Spice Route Kitchen,Kolkata
2026-04-26,Coke,Beverages,2,126.0,60,Zomato,UPI,Payment,Spice Route Kitchen,Kolkata
2026-04-26,Paneer Tikka,Starters,3,819.0,260,Zomato,UPI,Payment,Spice Route Kitchen,Kolkata
2026-04-26,Seekh Kebab,Starters,2,588.0,280,Register,UPI,Payment,Spice Route Kitchen,Kolkata
2026-04-26,Veg Biryani,Biryani,2,441.0,210,Register,UPI,Payment,Spice Route Kitchen,Kolkata
2026-04-26,Garlic Naan,Breads,2,115.5,55,Swiggy,UPI,Payment,Spice Route Kitchen,Kolkata
2026-04-26,Garlic Naan,Breads,2,115.5,55,Swiggy,UPI,Payment,Spice Route Kitchen,Kolkata
2026-04-26,Seekh Kebab,Starters,3,882.0,280,Swiggy,UPI,Payment,Spice Route Kitchen,Kolkata
2026-04-26,Mango Lassi,Beverages,2,170.1,90,Swiggy,UPI,Payment,Spice Route Kitchen,Kolkata
2026-04-26,Dal Makhani,Main Course,2,462.0,220,Swiggy,UPI,Payment,Spice Route Kitchen,Kolkata
2026-04-26,Coke,Beverages,3,189.0,60,Zomato,Card,Payment,Spice Route Kitchen,Kolkata
2026-04-26,Paneer Butter Masala,Main Course,1,294.0,280,Register,UPI,Payment,Spice Route Kitchen,Kolkata
2026-04-26,Butter Naan,Breads,2,94.5,45,Register,UPI,Payment,Spice Route Kitchen,Kolkata
2026-04-26,Samosa (2pc),Starters,1,50.4,60,Zomato,UPI,Payment,Spice Route Kitchen,Kolkata
2026-04-26,Coke,Beverages,2,113.4,60,Swiggy,UPI,Payment,Spice Route Kitchen,Kolkata
2026-04-26,Seekh Kebab,Starters,1,294.0,280,Swiggy,UPI,Payment,Spice Route Kitchen,Kolkata
2026-04-26,Paneer Butter Masala,Main Course,1,264.6,280,Register,UPI,Payment,Spice Route Kitchen,Kolkata
2026-04-26,Chicken Biryani,Biryani,1,273.0,260,Register,UPI,Payment,Spice Route Kitchen,Kolkata
2026-04-26,Butter Naan,Breads,-2,-94.5,45,Swiggy,UPI,Refund,Spice Route Kitchen,Kolkata
2026-04-26,Mango Lassi,Beverages,-2,-189.0,90,Swiggy,UPI,Refund,Spice Route Kitchen,Kolkata
2026-04-26,Sweet Lassi,Beverages,2,168.0,80,Register,Cash,Payment,Spice Route Kitchen,Kolkata
2026-04-26,Butter Naan,Breads,2,94.5,45,Register,Cash,Payment,Spice Route Kitchen,Kolkata
2026-04-26,Paneer Tikka,Starters,1,273.0,260,Register,Cash,Payment,Spice Route Kitchen,Kolkata
2026-04-26,Rasmalai (2pc),Desserts,1,115.5,110,Register,Cash,Payment,Spice Route Kitchen,Kolkata
2026-04-26,Garlic Naan,Breads,1,57.75,55,Zomato,UPI,Payment,Spice Route Kitchen,Kolkata
2026-04-26,Masala Chai,Beverages,1,42.0,40,Zomato,UPI,Payment,Spice Route Kitchen,Kolkata
2026-04-26,Chicken 65,Starters,1,252.0,240,Zomato,UPI,Payment,Spice Route Kitchen,Kolkata
2026-04-26,Gulab Jamun (2pc),Desserts,1,94.5,90,Zomato,UPI,Payment,Spice Route Kitchen,Kolkata
2026-04-26,Tandoori Roti,Breads,3,66.15,30,Zomato,UPI,Payment,Spice Route Kitchen,Kolkata
2026-04-26,Butter Naan,Breads,2,94.5,45,Zomato,Card,Payment,Spice Route Kitchen,Kolkata
2026-04-26,Veg Biryani,Biryani,3,595.35,210,Swiggy,UPI,Payment,Spice Route Kitchen,Kolkata
2026-04-26,Paneer Butter Masala,Main Course,2,411.6,280,Register,Cash,Payment,Spice Route Kitchen,Kolkata
2026-04-27,Dal Makhani,Main Course,1,161.7,220,Zomato,UPI,Payment,Spice Route Kitchen,Kolkata
2026-04-27,Coke,Beverages,2,126.0,60,Swiggy,UPI,Payment,Spice Route Kitchen,Kolkata
2026-04-27,Tandoori Roti,Breads,1,31.5,30,Swiggy,UPI,Payment,Spice Route Kitchen,Kolkata
2026-04-27,Paneer Butter Masala,Main Course,1,294.0,280,Swiggy,UPI,Payment,Spice Route Kitchen,Kolkata
2026-04-27,Seekh Kebab,Starters,2,470.4,280,Zomato,Card,Payment,Spice Route Kitchen,Kolkata
2026-04-27,Chicken 65,Starters,2,504.0,240,Zomato,Card,Payment,Spice Route Kitchen,Kolkata
2026-04-27,Butter Chicken,Main Course,1,302.4,320,Zomato,Card,Payment,Spice Route Kitchen,Kolkata
2026-04-27,Masala Chai,Beverages,1,42.0,40,Zomato,UPI,Payment,Spice Route Kitchen,Kolkata
2026-04-27,Chicken 65,Starters,1,252.0,240,Zomato,Card,Payment,Spice Route Kitchen,Kolkata
2026-04-27,Veg Biryani,Biryani,2,441.0,210,Zomato,UPI,Payment,Spice Route Kitchen,Kolkata
2026-04-27,Tandoori Roti,Breads,1,28.35,30,Zomato,UPI,Payment,Spice Route Kitchen,Kolkata
2026-04-27,Masala Chai,Beverages,2,84.0,40,Zomato,UPI,Payment,Spice Route Kitchen,Kolkata
2026-04-27,Samosa (2pc),Starters,1,63.0,60,Zomato,Card,Payment,Spice Route Kitchen,Kolkata
2026-04-27,Chicken Biryani,Biryani,1,273.0,260,Zomato,UPI,Payment,Spice Route Kitchen,Kolkata
2026-04-27,Butter Chicken,Main Course,2,604.8,320,Zomato,UPI,Payment,Spice Route Kitchen,Kolkata
2026-04-27,Paneer Tikka,Starters,1,191.1,260,Zomato,Card,Payment,Spice Route Kitchen,Kolkata
2026-04-27,Samosa (2pc),Starters,2,126.0,60,Zomato,UPI,Payment,Spice Route Kitchen,Kolkata
2026-04-27,Dal Makhani,Main Course,3,693.0,220,Zomato,Card,Payment,Spice Route Kitchen,Kolkata
2026-04-27,Dal Makhani,Main Course,3,693.0,220,Zomato,UPI,Payment,Spice Route Kitchen,Kolkata
2026-04-27,Coke,Beverages,1,63.0,60,Zomato,UPI,Payment,Spice Route Kitchen,Kolkata
2026-04-27,Coke,Beverages,2,126.0,60,Swiggy,Card,Payment,Spice Route Kitchen,Kolkata
2026-04-27,Butter Naan,Breads,3,127.58,45,Swiggy,Card,Payment,Spice Route Kitchen,Kolkata
2026-04-27,Coke,Beverages,1,63.0,60,Swiggy,Card,Payment,Spice Route Kitchen,Kolkata
2026-04-27,Papad,Sides,1,31.5,30,Register,UPI,Payment,Spice Route Kitchen,Kolkata
2026-04-27,Masala Chai,Beverages,1,42.0,40,Register,UPI,Payment,Spice Route Kitchen,Kolkata
2026-04-27,Papad,Sides,2,63.0,30,Register,UPI,Payment,Spice Route Kitchen,Kolkata
2026-04-27,Masala Chai,Beverages,1,33.6,40,Register,UPI,Payment,Spice Route Kitchen,Kolkata
2026-04-27,Paneer Tikka,Starters,1,273.0,260,Zomato,Card,Payment,Spice Route Kitchen,Kolkata
2026-04-27,Veg Biryani,Biryani,1,220.5,210,Register,Card,Payment,Spice Route Kitchen,Kolkata
2026-04-27,Tandoori Roti,Breads,1,28.35,30,Zomato,UPI,Payment,Spice Route Kitchen,Kolkata
2026-04-27,Paneer Butter Masala,Main Course,1,294.0,280,Zomato,UPI,Payment,Spice Route Kitchen,Kolkata
2026-04-27,Paneer Butter Masala,Main Course,2,588.0,280,Zomato,UPI,Payment,Spice Route Kitchen,Kolkata
2026-04-27,Sweet Lassi,Beverages,1,84.0,80,Zomato,Card,Payment,Spice Route Kitchen,Kolkata
2026-04-27,Garlic Naan,Breads,3,173.25,55,Zomato,Card,Payment,Spice Route Kitchen,Kolkata
2026-04-27,Mutton Biryani,Biryani,1,357.0,340,Register,UPI,Payment,Spice Route Kitchen,Kolkata
2026-04-28,Sweet Lassi,Beverages,2,168.0,80,Register,UPI,Payment,Spice Route Kitchen,Kolkata
2026-04-28,Chicken Biryani,Biryani,1,273.0,260,Zomato,Card,Payment,Spice Route Kitchen,Kolkata
2026-04-28,Butter Naan,Breads,1,47.25,45,Zomato,Card,Payment,Spice Route Kitchen,Kolkata
2026-04-28,Rasmalai (2pc),Desserts,1,115.5,110,Zomato,Card,Payment,Spice Route Kitchen,Kolkata
2026-04-28,Masala Chai,Beverages,1,42.0,40,Zomato,Card,Payment,Spice Route Kitchen,Kolkata
2026-04-28,Mutton Biryani,Biryani,2,714.0,340,Register,UPI,Payment,Spice Route Kitchen,Kolkata
2026-04-28,Butter Naan,Breads,2,94.5,45,Register,UPI,Payment,Spice Route Kitchen,Kolkata
2026-04-28,Samosa (2pc),Starters,2,126.0,60,Register,UPI,Payment,Spice Route Kitchen,Kolkata
2026-04-28,Garlic Naan,Breads,1,57.75,55,Zomato,Card,Payment,Spice Route Kitchen,Kolkata
2026-04-28,Chicken Biryani,Biryani,1,273.0,260,Register,Cash,Payment,Spice Route Kitchen,Kolkata
2026-04-28,Chicken 65,Starters,1,252.0,240,Register,Cash,Payment,Spice Route Kitchen,Kolkata
2026-04-28,Butter Naan,Breads,1,37.8,45,Swiggy,UPI,Payment,Spice Route Kitchen,Kolkata
2026-04-28,Chicken 65,Starters,1,226.8,240,Swiggy,UPI,Payment,Spice Route Kitchen,Kolkata
2026-04-28,Chicken Biryani,Biryani,2,546.0,260,Zomato,UPI,Payment,Spice Route Kitchen,Kolkata
2026-04-28,Seekh Kebab,Starters,2,588.0,280,Zomato,Card,Payment,Spice Route Kitchen,Kolkata
2026-04-28,Butter Naan,Breads,2,75.6,45,Zomato,Card,Payment,Spice Route Kitchen,Kolkata
2026-04-28,Gulab Jamun (2pc),Desserts,1,94.5,90,Swiggy,Card,Payment,Spice Route Kitchen,Kolkata
2026-04-28,Samosa (2pc),Starters,1,63.0,60,Register,Cash,Payment,Spice Route Kitchen,Kolkata
2026-04-28,Papad,Sides,1,25.2,30,Zomato,Card,Payment,Spice Route Kitchen,Kolkata
2026-04-28,Veg Biryani,Biryani,2,441.0,210,Swiggy,UPI,Payment,Spice Route Kitchen,Kolkata
2026-04-28,Butter Chicken,Main Course,3,1008.0,320,Register,UPI,Payment,Spice Route Kitchen,Kolkata
2026-04-28,Dal Makhani,Main Course,2,462.0,220,Swiggy,Card,Payment,Spice Route Kitchen,Kolkata
2026-04-28,Chicken 65,Starters,1,252.0,240,Swiggy,UPI,Payment,Spice Route Kitchen,Kolkata
2026-04-28,Butter Chicken,Main Course,3,1008.0,320,Swiggy,UPI,Payment,Spice Route Kitchen,Kolkata
2026-04-28,Chicken Biryani,Biryani,1,218.4,260,Swiggy,UPI,Payment,Spice Route Kitchen,Kolkata
2026-04-28,Butter Chicken,Main Course,1,336.0,320,Swiggy,UPI,Payment,Spice Route Kitchen,Kolkata
2026-04-28,Masala Chai,Beverages,1,42.0,40,Register,Card,Payment,Spice Route Kitchen,Kolkata
2026-04-28,Papad,Sides,3,94.5,30,Register,Card,Payment,Spice Route Kitchen,Kolkata
2026-04-28,Seekh Kebab,Starters,2,588.0,280,Register,Card,Payment,Spice Route Kitchen,Kolkata
2026-04-28,Paneer Butter Masala,Main Course,2,588.0,280,Zomato,UPI,Payment,Spice Route Kitchen,Kolkata
2026-04-28,Garlic Naan,Breads,1,57.75,55,Register,UPI,Payment,Spice Route Kitchen,Kolkata
2026-04-28,Coke,Beverages,1,56.7,60,Register,Card,Payment,Spice Route Kitchen,Kolkata
2026-04-28,Chicken 65,Starters,2,504.0,240,Zomato,Card,Payment,Spice Route Kitchen,Kolkata
2026-04-28,Mutton Biryani,Biryani,2,714.0,340,Zomato,Card,Payment,Spice Route Kitchen,Kolkata
2026-04-28,Mutton Biryani,Biryani,1,357.0,340,Zomato,Card,Payment,Spice Route Kitchen,Kolkata
2026-04-28,Butter Chicken,Main Course,1,302.4,320,Zomato,Card,Payment,Spice Route Kitchen,Kolkata
2026-04-28,Coke,Beverages,2,126.0,60,Swiggy,Card,Payment,Spice Route Kitchen,Kolkata
2026-04-28,Masala Chai,Beverages,2,75.6,40,Swiggy,Card,Payment,Spice Route Kitchen,Kolkata
2026-04-28,Butter Chicken,Main Course,2,604.8,320,Swiggy,Card,Payment,Spice Route Kitchen,Kolkata
2026-04-28,Chicken 65,Starters,2,504.0,240,Register,UPI,Payment,Spice Route Kitchen,Kolkata
2026-04-28,Chicken Biryani,Biryani,1,273.0,260,Register,Card,Payment,Spice Route Kitchen,Kolkata
2026-04-28,Samosa (2pc),Starters,1,63.0,60,Zomato,UPI,Payment,Spice Route Kitchen,Kolkata
2026-04-28,Butter Chicken,Main Course,1,336.0,320,Register,Card,Payment,Spice Route Kitchen,Kolkata
2026-04-28,Seekh Kebab,Starters,1,264.6,280,Register,UPI,Payment,Spice Route Kitchen,Kolkata
2026-04-28,Samosa (2pc),Starters,1,63.0,60,Register,UPI,Payment,Spice Route Kitchen,Kolkata
2026-04-28,Chicken 65,Starters,1,201.6,240,Swiggy,UPI,Payment,Spice Route Kitchen,Kolkata
2026-04-28,Dal Makhani,Main Course,2,462.0,220,Register,Card,Payment,Spice Route Kitchen,Kolkata
2026-04-28,Dal Makhani,Main Course,2,462.0,220,Register,Card,Payment,Spice Route Kitchen,Kolkata
2026-04-28,Tandoori Roti,Breads,1,25.2,30,Register,Card,Payment,Spice Route Kitchen,Kolkata
2026-04-28,Mango Lassi,Beverages,3,283.5,90,Register,Card,Payment,Spice Route Kitchen,Kolkata
2026-04-28,Masala Chai,Beverages,2,84.0,40,Swiggy,Card,Payment,Spice Route Kitchen,Kolkata
2026-04-28,Sweet Lassi,Beverages,2,168.0,80,Swiggy,Card,Payment,Spice Route Kitchen,Kolkata
2026-04-28,Mutton Biryani,Biryani,1,357.0,340,Swiggy,Card,Payment,Spice Route Kitchen,Kolkata
2026-04-28,Sweet Lassi,Beverages,2,168.0,80,Swiggy,Card,Payment,Spice Route Kitchen,Kolkata
2026-04-28,Paneer Butter Masala,Main Course,2,529.2,280,Swiggy,Card,Payment,Spice Route Kitchen,Kolkata
2026-04-28,Coke,Beverages,2,100.8,60,Swiggy,Card,Payment,Spice Route Kitchen,Kolkata
2026-04-28,Mango Lassi,Beverages,1,94.5,90,Swiggy,Card,Payment,Spice Route Kitchen,Kolkata
2026-04-28,Dal Makhani,Main Course,2,462.0,220,Swiggy,Card,Payment,Spice Route Kitchen,Kolkata
2026-04-28,Coke,Beverages,2,126.0,60,Swiggy,Card,Payment,Spice Route Kitchen,Kolkata
2026-04-28,Masala Chai,Beverages,1,29.4,40,Register,Card,Payment,Spice Route Kitchen,Kolkata
2026-04-28,Paneer Tikka,Starters,1,273.0,260,Swiggy,UPI,Payment,Spice Route Kitchen,Kolkata
2026-04-28,Coke,Beverages,1,50.4,60,Swiggy,UPI,Payment,Spice Route Kitchen,Kolkata
2026-04-28,Seekh Kebab,Starters,2,588.0,280,Swiggy,Card,Payment,Spice Route Kitchen,Kolkata
2026-04-28,Samosa (2pc),Starters,3,189.0,60,Swiggy,UPI,Payment,Spice Route Kitchen,Kolkata
2026-04-28,Gulab Jamun (2pc),Desserts,2,189.0,90,Register,Cash,Payment,Spice Route Kitchen,Kolkata
2026-04-28,Masala Chai,Beverages,1,42.0,40,Swiggy,UPI,Payment,Spice Route Kitchen,Kolkata
2026-04-28,Butter Naan,Breads,1,33.08,45,Register,Cash,Payment,Spice Route Kitchen,Kolkata
2026-04-28,Garlic Naan,Breads,3,173.25,55,Register,Cash,Payment,Spice Route Kitchen,Kolkata
2026-04-28,Gulab Jamun (2pc),Desserts,1,94.5,90,Zomato,Card,Payment,Spice Route Kitchen,Kolkata
2026-04-28,Coke,Beverages,2,126.0,60,Zomato,Card,Payment,Spice Route Kitchen,Kolkata
2026-04-28,Sweet Lassi,Beverages,1,84.0,80,Zomato,Card,Payment,Spice Route Kitchen,Kolkata
2026-04-28,Butter Naan,Breads,1,47.25,45,Zomato,Card,Payment,Spice Route Kitchen,Kolkata
2026-04-28,Garlic Naan,Breads,2,115.5,55,Zomato,UPI,Payment,Spice Route Kitchen,Kolkata
2026-04-28,Butter Chicken,Main Course,1,268.8,320,Register,Cash,Payment,Spice Route Kitchen,Kolkata
2026-04-28,Samosa (2pc),Starters,1,63.0,60,Swiggy,Card,Payment,Spice Route Kitchen,Kolkata
2026-04-28,Butter Chicken,Main Course,1,336.0,320,Zomato,Card,Payment,Spice Route Kitchen,Kolkata
2026-04-28,Mutton Biryani,Biryani,1,357.0,340,Zomato,Card,Payment,Spice Route Kitchen,Kolkata
2026-04-28,Tandoori Roti,Breads,1,31.5,30,Zomato,Card,Payment,Spice Route Kitchen,Kolkata
2026-04-28,Samosa (2pc),Starters,1,63.0,60,Zomato,Card,Payment,Spice Route Kitchen,Kolkata
2026-04-28,Paneer Tikka,Starters,1,245.7,260,Zomato,Card,Payment,Spice Route Kitchen,Kolkata
2026-04-28,Veg Biryani,Biryani,1,176.4,210,Swiggy,UPI,Payment,Spice Route Kitchen,Kolkata
2026-04-28,Paneer Tikka,Starters,1,245.7,260,Swiggy,Card,Payment,Spice Route Kitchen,Kolkata
2026-04-28,Sweet Lassi,Beverages,1,75.6,80,Zomato,Card,Payment,Spice Route Kitchen,Kolkata
2026-04-29,Butter Chicken,Main Course,3,1008.0,320,Register,UPI,Payment,Spice Route Kitchen,Kolkata
2026-04-29,Samosa (2pc),Starters,3,189.0,60,Register,UPI,Payment,Spice Route Kitchen,Kolkata
2026-04-29,Paneer Tikka,Starters,1,273.0,260,Zomato,UPI,Payment,Spice Route Kitchen,Kolkata
2026-04-29,Samosa (2pc),Starters,3,189.0,60,Register,Card,Payment,Spice Route Kitchen,Kolkata
2026-04-29,Samosa (2pc),Starters,2,100.8,60,Swiggy,Card,Payment,Spice Route Kitchen,Kolkata
2026-04-29,Butter Chicken,Main Course,2,672.0,320,Register,Card,Payment,Spice Route Kitchen,Kolkata
2026-04-29,Samosa (2pc),Starters,1,63.0,60,Swiggy,Card,Payment,Spice Route Kitchen,Kolkata
2026-04-29,Mango Lassi,Beverages,1,94.5,90,Register,Card,Payment,Spice Route Kitchen,Kolkata
2026-04-29,Tandoori Roti,Breads,1,31.5,30,Swiggy,Card,Payment,Spice Route Kitchen,Kolkata
2026-04-29,Seekh Kebab,Starters,1,294.0,280,Register,Cash,Payment,Spice Route Kitchen,Kolkata
2026-04-29,Seekh Kebab,Starters,2,470.4,280,Register,UPI,Payment,Spice Route Kitchen,Kolkata
2026-04-29,Garlic Naan,Breads,1,51.98,55,Register,Cash,Payment,Spice Route Kitchen,Kolkata
2026-04-29,Garlic Naan,Breads,1,57.75,55,Swiggy,Card,Payment,Spice Route Kitchen,Kolkata
2026-04-29,Mutton Biryani,Biryani,1,357.0,340,Zomato,UPI,Payment,Spice Route Kitchen,Kolkata
2026-04-29,Gulab Jamun (2pc),Desserts,1,75.6,90,Zomato,Card,Payment,Spice Route Kitchen,Kolkata
2026-04-29,Papad,Sides,1,31.5,30,Swiggy,Card,Payment,Spice Route Kitchen,Kolkata
2026-04-29,Samosa (2pc),Starters,1,63.0,60,Swiggy,Card,Payment,Spice Route Kitchen,Kolkata
2026-04-29,Butter Naan,Breads,1,47.25,45,Swiggy,Card,Payment,Spice Route Kitchen,Kolkata
2026-04-29,Butter Naan,Breads,1,47.25,45,Swiggy,Card,Payment,Spice Route Kitchen,Kolkata
2026-04-29,Mango Lassi,Beverages,2,170.1,90,Zomato,Card,Payment,Spice Route Kitchen,Kolkata
2026-04-29,Samosa (2pc),Starters,1,63.0,60,Zomato,Card,Payment,Spice Route Kitchen,Kolkata
2026-04-29,Veg Biryani,Biryani,3,529.2,210,Zomato,Card,Payment,Spice Route Kitchen,Kolkata
2026-04-29,Gulab Jamun (2pc),Desserts,1,94.5,90,Zomato,Card,Payment,Spice Route Kitchen,Kolkata
2026-04-29,Veg Biryani,Biryani,1,220.5,210,Zomato,UPI,Payment,Spice Route Kitchen,Kolkata
2026-04-29,Coke,Beverages,1,56.7,60,Zomato,UPI,Payment,Spice Route Kitchen,Kolkata
2026-04-29,Garlic Naan,Breads,1,40.43,55,Zomato,UPI,Payment,Spice Route Kitchen,Kolkata
2026-04-29,Tandoori Roti,Breads,2,63.0,30,Zomato,UPI,Payment,Spice Route Kitchen,Kolkata
2026-04-29,Paneer Butter Masala,Main Course,2,588.0,280,Register,Card,Payment,Spice Route Kitchen,Kolkata
2026-04-29,Rasmalai (2pc),Desserts,1,115.5,110,Register,Cash,Payment,Spice Route Kitchen,Kolkata
2026-04-29,Butter Naan,Breads,3,141.75,45,Swiggy,Card,Payment,Spice Route Kitchen,Kolkata
2026-04-29,Paneer Butter Masala,Main Course,1,294.0,280,Swiggy,Card,Payment,Spice Route Kitchen,Kolkata
2026-04-29,Paneer Butter Masala,Main Course,1,264.6,280,Register,Card,Payment,Spice Route Kitchen,Kolkata
2026-04-29,Mango Lassi,Beverages,1,94.5,90,Zomato,UPI,Payment,Spice Route Kitchen,Kolkata
2026-04-29,Chicken 65,Starters,1,252.0,240,Zomato,UPI,Payment,Spice Route Kitchen,Kolkata
2026-04-29,Seekh Kebab,Starters,1,235.2,280,Zomato,UPI,Payment,Spice Route Kitchen,Kolkata
2026-04-29,Chicken 65,Starters,1,252.0,240,Zomato,UPI,Payment,Spice Route Kitchen,Kolkata
2026-04-29,Paneer Butter Masala,Main Course,1,294.0,280,Zomato,UPI,Payment,Spice Route Kitchen,Kolkata
2026-04-29,Papad,Sides,2,63.0,30,Zomato,UPI,Payment,Spice Route Kitchen,Kolkata
2026-04-29,Garlic Naan,Breads,1,57.75,55,Zomato,UPI,Payment,Spice Route Kitchen,Kolkata
2026-04-29,Chicken 65,Starters,2,504.0,240,Zomato,UPI,Payment,Spice Route Kitchen,Kolkata
2026-04-29,Butter Naan,Breads,2,94.5,45,Swiggy,Card,Payment,Spice Route Kitchen,Kolkata
2026-04-29,Veg Biryani,Biryani,1,220.5,210,Swiggy,Card,Payment,Spice Route Kitchen,Kolkata
2026-04-29,Samosa (2pc),Starters,2,126.0,60,Swiggy,Card,Payment,Spice Route Kitchen,Kolkata
2026-04-29,Dal Makhani,Main Course,1,184.8,220,Swiggy,Card,Payment,Spice Route Kitchen,Kolkata
2026-04-29,Rasmalai (2pc),Desserts,1,115.5,110,Swiggy,Card,Payment,Spice Route Kitchen,Kolkata
2026-04-29,Chicken Biryani,Biryani,1,245.7,260,Swiggy,Card,Payment,Spice Route Kitchen,Kolkata
2026-04-29,Chicken Biryani,Biryani,1,273.0,260,Swiggy,Card,Payment,Spice Route Kitchen,Kolkata
2026-04-29,Masala Chai,Beverages,1,42.0,40,Zomato,Card,Payment,Spice Route Kitchen,Kolkata
2026-04-29,Rasmalai (2pc),Desserts,1,115.5,110,Zomato,UPI,Payment,Spice Route Kitchen,Kolkata
2026-04-29,Sweet Lassi,Beverages,2,168.0,80,Zomato,UPI,Payment,Spice Route Kitchen,Kolkata
2026-04-29,Coke,Beverages,2,126.0,60,Zomato,Card,Payment,Spice Route Kitchen,Kolkata
2026-04-29,Masala Chai,Beverages,1,42.0,40,Register,UPI,Payment,Spice Route Kitchen,Kolkata
2026-04-29,Chicken Biryani,Biryani,1,218.4,260,Register,UPI,Payment,Spice Route Kitchen,Kolkata
2026-04-29,Paneer Butter Masala,Main Course,1,294.0,280,Register,UPI,Payment,Spice Route Kitchen,Kolkata
2026-04-29,Butter Naan,Breads,2,94.5,45,Zomato,UPI,Payment,Spice Route Kitchen,Kolkata
2026-04-29,Coke,Beverages,1,50.4,60,Zomato,UPI,Payment,Spice Route Kitchen,Kolkata
2026-04-29,Gulab Jamun (2pc),Desserts,1,94.5,90,Register,UPI,Payment,Spice Route Kitchen,Kolkata
2026-04-29,Coke,Beverages,1,56.7,60,Zomato,Card,Payment,Spice Route Kitchen,Kolkata
2026-04-29,Mutton Biryani,Biryani,1,357.0,340,Zomato,Card,Payment,Spice Route Kitchen,Kolkata
2026-04-29,Butter Naan,Breads,1,47.25,45,Zomato,Card,Payment,Spice Route Kitchen,Kolkata
2026-04-29,Chicken Biryani,Biryani,3,819.0,260,Zomato,UPI,Payment,Spice Route Kitchen,Kolkata
2026-04-29,Butter Naan,Breads,2,94.5,45,Zomato,UPI,Payment,Spice Route Kitchen,Kolkata
2026-04-29,Masala Chai,Beverages,1,42.0,40,Zomato,UPI,Payment,Spice Route Kitchen,Kolkata
2026-04-29,Seekh Kebab,Starters,1,294.0,280,Zomato,Card,Payment,Spice Route Kitchen,Kolkata
2026-04-30,Chicken 65,Starters,2,504.0,240,Register,Cash,Payment,Spice Route Kitchen,Kolkata
2026-04-30,Paneer Tikka,Starters,1,273.0,260,Register,Cash,Payment,Spice Route Kitchen,Kolkata
2026-04-30,Masala Chai,Beverages,1,42.0,40,Register,Cash,Payment,Spice Route Kitchen,Kolkata
2026-04-30,Rasmalai (2pc),Desserts,2,184.8,110,Register,Cash,Payment,Spice Route Kitchen,Kolkata
2026-04-30,Chicken Biryani,Biryani,1,273.0,260,Register,Cash,Payment,Spice Route Kitchen,Kolkata
2026-04-30,Gulab Jamun (2pc),Desserts,1,94.5,90,Swiggy,UPI,Payment,Spice Route Kitchen,Kolkata
2026-04-30,Rasmalai (2pc),Desserts,1,115.5,110,Swiggy,UPI,Payment,Spice Route Kitchen,Kolkata
2026-04-30,Paneer Tikka,Starters,1,273.0,260,Swiggy,UPI,Payment,Spice Route Kitchen,Kolkata
2026-04-30,Masala Chai,Beverages,1,42.0,40,Swiggy,UPI,Payment,Spice Route Kitchen,Kolkata
2026-04-30,Coke,Beverages,1,63.0,60,Zomato,UPI,Payment,Spice Route Kitchen,Kolkata
2026-04-30,Paneer Tikka,Starters,3,819.0,260,Swiggy,Card,Payment,Spice Route Kitchen,Kolkata
2026-04-30,Gulab Jamun (2pc),Desserts,2,189.0,90,Swiggy,UPI,Payment,Spice Route Kitchen,Kolkata
2026-04-30,Masala Chai,Beverages,1,42.0,40,Swiggy,Card,Payment,Spice Route Kitchen,Kolkata
2026-04-30,Party Order - Custom,Uncategorized,2,4200.0,2500,Zomato,Card,Payment,Spice Route Kitchen,Kolkata
2026-04-30,Masala Chai,Beverages,3,126.0,40,Swiggy,Card,Payment,Spice Route Kitchen,Kolkata
2026-04-30,Butter Naan,Breads,1,47.25,45,Swiggy,Card,Payment,Spice Route Kitchen,Kolkata
2026-04-30,Gulab Jamun (2pc),Desserts,3,255.15,90,Swiggy,Card,Payment,Spice Route Kitchen,Kolkata
2026-04-30,Butter Naan,Breads,2,94.5,45,Zomato,Card,Payment,Spice Route Kitchen,Kolkata
2026-04-30,Mutton Biryani,Biryani,1,357.0,340,Zomato,Card,Payment,Spice Route Kitchen,Kolkata
2026-04-30,Masala Chai,Beverages,1,42.0,40,Zomato,Card,Payment,Spice Route Kitchen,Kolkata
2026-04-30,Paneer Tikka,Starters,2,546.0,260,Zomato,UPI,Payment,Spice Route Kitchen,Kolkata
2026-04-30,Papad,Sides,2,63.0,30,Zomato,UPI,Payment,Spice Route Kitchen,Kolkata
2026-04-30,Butter Chicken,Main Course,1,302.4,320,Zomato,UPI,Payment,Spice Route Kitchen,Kolkata
2026-04-30,Samosa (2pc),Starters,1,50.4,60,Zomato,UPI,Payment,Spice Route Kitchen,Kolkata
2026-04-30,Chicken 65,Starters,1,252.0,240,Swiggy,Card,Payment,Spice Route Kitchen,Kolkata
2026-04-30,Chicken 65,Starters,1,176.4,240,Zomato,UPI,Payment,Spice Route Kitchen,Kolkata
2026-04-30,Chicken 65,Starters,1,226.8,240,Zomato,UPI,Payment,Spice Route Kitchen,Kolkata
2026-04-30,Masala Chai,Beverages,3,126.0,40,Swiggy,Card,Payment,Spice Route Kitchen,Kolkata
2026-04-30,Coke,Beverages,1,63.0,60,Swiggy,Card,Payment,Spice Route Kitchen,Kolkata
2026-04-30,Mutton Biryani,Biryani,1,357.0,340,Zomato,Card,Payment,Spice Route Kitchen,Kolkata
2026-04-30,Butter Naan,Breads,1,42.52,45,Register,Card,Payment,Spice Route Kitchen,Kolkata
2026-04-30,Paneer Tikka,Starters,1,273.0,260,Register,Cash,Payment,Spice Route Kitchen,Kolkata
2026-04-30,Samosa (2pc),Starters,2,126.0,60,Swiggy,UPI,Payment,Spice Route Kitchen,Kolkata
2026-04-30,Chicken Biryani,Biryani,1,273.0,260,Register,UPI,Payment,Spice Route Kitchen,Kolkata
2026-04-30,Masala Chai,Beverages,1,42.0,40,Register,UPI,Payment,Spice Route Kitchen,Kolkata
2026-04-30,Veg Biryani,Biryani,1,176.4,210,Zomato,UPI,Payment,Spice Route Kitchen,Kolkata
2026-04-30,Veg Biryani,Biryani,3,661.5,210,Zomato,UPI,Payment,Spice Route Kitchen,Kolkata
2026-04-30,Veg Biryani,Biryani,1,220.5,210,Zomato,UPI,Payment,Spice Route Kitchen,Kolkata
2026-04-30,Chicken 65,Starters,1,252.0,240,Register,UPI,Payment,Spice Route Kitchen,Kolkata
2026-04-30,Butter Chicken,Main Course,1,268.8,320,Register,UPI,Payment,Spice Route Kitchen,Kolkata
2026-04-30,Masala Chai,Beverages,1,37.8,40,Register,UPI,Payment,Spice Route Kitchen,Kolkata
2026-04-30,Butter Naan,Breads,2,94.5,45,Register,UPI,Payment,Spice Route Kitchen,Kolkata
2026-04-30,Masala Chai,Beverages,1,42.0,40,Register,UPI,Payment,Spice Route Kitchen,Kolkata
2026-04-30,Dal Makhani,Main Course,1,231.0,220,Register,UPI,Payment,Spice Route Kitchen,Kolkata
2026-04-30,Gulab Jamun (2pc),Desserts,1,75.6,90,Register,UPI,Payment,Spice Route Kitchen,Kolkata
2026-04-30,Butter Chicken,Main Course,1,336.0,320,Register,Cash,Payment,Spice Route Kitchen,Kolkata
2026-04-30,Masala Chai,Beverages,2,84.0,40,Swiggy,UPI,Payment,Spice Route Kitchen,Kolkata
2026-04-30,Masala Chai,Beverages,1,42.0,40,Zomato,Card,Payment,Spice Route Kitchen,Kolkata
2026-04-30,Butter Chicken,Main Course,1,336.0,320,Zomato,Card,Payment,Spice Route Kitchen,Kolkata
2026-04-30,Chicken 65,Starters,3,756.0,240,Register,Cash,Payment,Spice Route Kitchen,Kolkata
2026-04-30,Mutton Biryani,Biryani,2,714.0,340,Register,Cash,Payment,Spice Route Kitchen,Kolkata
2026-04-30,Butter Naan,Breads,1,42.52,45,Register,Cash,Payment,Spice Route Kitchen,Kolkata
2026-04-30,Tandoori Roti,Breads,1,25.2,30,Register,Cash,Payment,Spice Route Kitchen,Kolkata
2026-04-30,Seekh Kebab,Starters,1,264.6,280,Register,Cash,Payment,Spice Route Kitchen,Kolkata
2026-04-30,Chicken 65,Starters,2,504.0,240,Zomato,Card,Payment,Spice Route Kitchen,Kolkata
2026-04-30,Dal Makhani,Main Course,2,462.0,220,Zomato,Card,Payment,Spice Route Kitchen,Kolkata
2026-04-30,Veg Biryani,Biryani,1,154.35,210,Zomato,Card,Payment,Spice Route Kitchen,Kolkata
2026-04-30,Garlic Naan,Breads,1,57.75,55,Zomato,Card,Payment,Spice Route Kitchen,Kolkata
2026-04-30,Paneer Butter Masala,Main Course,2,470.4,280,Register,Cash,Payment,Spice Route Kitchen,Kolkata
2026-04-30,Paneer Butter Masala,Main Course,1,235.2,280,Register,Cash,Payment,Spice Route Kitchen,Kolkata
2026-04-30,Masala Chai,Beverages,1,42.0,40,Swiggy,UPI,Payment,Spice Route Kitchen,Kolkata
2026-04-30,Mango Lassi,Beverages,2,189.0,90,Zomato,Card,Payment,Spice Route Kitchen,Kolkata
