order_date,product,category,quantity,total_sales,unit_price,channel,payment_mode,event_type,store,city,discount
2026-06-01,Soju (Fri-Sat),Beverages,1,13.2,12.0,Register,Cash,Payment,Main Branch,Hobart,0.0
2026-06-01,Kimchi Fried Rice,Rice Bowls,1,17.49,15.9,Register,Card,Payment,Main Branch,Hobart,0.0
2026-06-01,TK Boneless Chicken,Fried Chicken,1,31.35,28.5,Uber Eats,Card,Payment,Main Branch,Hobart,0.0
2026-06-01,Spicy Pork Bowl,Rice Bowls,2,41.58,18.9,Uber Eats,Card,Payment,Main Branch,Hobart,0.0
2026-06-01,Soju (Fri-Sat),Beverages,1,13.2,12.0,Register,Card,Payment,Main Branch,Hobart,0.0
2026-06-01,Spicy Pork Bowl,Rice Bowls,1,20.79,18.9,Register,Cash,Payment,Main Branch,Hobart,0.0
2026-06-01,Yangnyeom Chicken,Fried Chicken,2,57.2,26.0,Register,Cash,Payment,Main Branch,Hobart,0.0
2026-06-01,Spicy Pork Bowl,Rice Bowls,2,41.58,18.9,Register,Cash,Payment,Main Branch,Hobart,0.0
2026-06-01,Spicy Pork Bowl,Rice Bowls,2,41.58,18.9,Register,Card,Payment,Main Branch,Hobart,0.0
2026-06-01,Yangnyeom Chicken,Fried Chicken,1,28.6,26.0,Uber Eats,Card,Payment,Main Branch,Hobart,0.0
2026-06-01,Coke,Beverages,1,3.47,3.5,Uber Eats,Card,Payment,Main Branch,Hobart,0.0
2026-06-01,Bibimbap,Rice Bowls,3,57.75,17.5,Register,Card,Payment,Main Branch,Hobart,0.0
2026-06-01,6pc Boneless Chicken,Fried Chicken,1,13.56,14.5,Uber Eats Pickup,Card,Payment,Main Branch,Hobart,0.0
2026-06-01,12pc Korean Fried Wings,Fried Chicken,1,22.35,23.9,Square Online,Card,Payment,Main Branch,Hobart,0.0
2026-06-01,12pc Boneless Chicken,Fried Chicken,1,27.39,24.9,Square Online,Card,Payment,Main Branch,Hobart,0.0
2026-06-01,Bingsu,Desserts,1,13.09,11.9,DoorDash,Card,Payment,Main Branch,Hobart,0.0
2026-06-01,18pc Korean Fried Wings,Fried Chicken,1,35.75,32.5,DoorDash,Card,Payment,Main Branch,Hobart,0.0
2026-06-01,Coke,Beverages,1,3.85,3.5,DoorDash,Card,Payment,Main Branch,Hobart,0.0
2026-06-01,Bibimbap,Rice Bowls,1,19.25,17.5,DoorDash,Card,Payment,Main Branch,Hobart,0.0
2026-06-01,Tteokbokki,Sides,1,13.75,12.5,DoorDash,Card,Payment,Main Branch,Hobart,0.0
2026-06-01,Bulgogi Beef Bowl,Rice Bowls,2,42.9,19.5,DoorDash,Card,Payment,Main Branch,Hobart,0.0
2026-06-01,12pc Korean Fried Wings,Fried Chicken,1,26.29,23.9,Register,Cash,Payment,Main Branch,Hobart,0.0
2026-06-01,Tteokbokki,Sides,1,13.75,12.5,Uber Eats Pickup,Card,Payment,Main Branch,Hobart,0.0
2026-06-02,Kimchi Pancake,Sides,1,14.85,13.5,DoorDash Pickup,Cash,Payment,Main Branch,Hobart,0.0
2026-06-02,Fries,Sides,1,7.15,6.5,DoorDash,Card,Payment,Main Branch,Hobart,0.0
2026-06-02,12pc Boneless Chicken,Fried Chicken,2,43.82,24.9,DoorDash,Card,Payment,Main Branch,Hobart,0.0
2026-06-02,Soju (Fri-Sat),Beverages,1,11.22,12.0,DoorDash,Card,Payment,Main Branch,Hobart,0.0
2026-06-02,TK Boneless Chicken,Fried Chicken,1,26.64,28.5,DoorDash,Card,Payment,Main Branch,Hobart,0.0
2026-06-02,Fries,Sides,1,7.15,6.5,DoorDash,Card,Payment,Main Branch,Hobart,0.0
2026-06-02,Korean Iced Tea,Beverages,2,9.9,4.5,DoorDash,Card,Payment,Main Branch,Hobart,0.0
2026-06-02,Corn Cheese,Sides,2,21.78,9.9,DoorDash,Card,Payment,Main Branch,Hobart,0.0
2026-06-02,Korean Iced Tea,Beverages,1,4.95,4.5,DoorDash,Card,Payment,Main Branch,Hobart,0.0
2026-06-02,Kimchi Fried Rice,Rice Bowls,1,17.49,15.9,DoorDash,Card,Payment,Main Branch,Hobart,0.0
2026-06-02,Coke,Beverages,1,3.08,3.5,Square Online,Card,Payment,Main Branch,Hobart,0.0
2026-06-02,TK Boneless Chicken,Fried Chicken,2,62.7,28.5,Square Online,Card,Payment,Main Branch,Hobart,0.0
2026-06-02,6pc Boneless Chicken,Fried Chicken,1,15.95,14.5,DoorDash,Card,Payment,Main Branch,Hobart,0.0
2026-06-02,Coke,Beverages,1,3.85,3.5,DoorDash,Card,Payment,Main Branch,Hobart,0.0
2026-06-02,TK Boneless Chicken,Fried Chicken,1,31.35,28.5,Register,Card,Payment,Main Branch,Hobart,0.0
2026-06-02,Sprite,Beverages,3,10.39,3.5,Register,Card,Payment,Main Branch,Hobart,0.0
2026-06-02,Soju (Fri-Sat),Beverages,1,13.2,12.0,Register,Card,Payment,Main Branch,Hobart,0.0
2026-06-02,Spicy Pork Bowl,Rice Bowls,1,20.79,18.9,DoorDash,Card,Payment,Main Branch,Hobart,0.0
2026-06-02,TK Boneless Chicken,Fried Chicken,1,31.35,28.5,DoorDash,Card,Payment,Main Branch,Hobart,0.0
2026-06-02,Bibimbap,Rice Bowls,1,19.25,17.5,DoorDash,Card,Payment,Main Branch,Hobart,0.0
2026-06-02,Coke,Beverages,3,11.55,3.5,DoorDash,Card,Payment,Main Branch,Hobart,0.0
2026-06-02,Kimchi Fried Rice,Rice Bowls,1,15.74,15.9,Square Online,Card,Payment,Main Branch,Hobart,0.0
2026-06-02,Tteokbokki,Sides,1,13.75,12.5,DoorDash,Card,Payment,Main Branch,Hobart,0.0
2026-06-02,Tteokbokki,Sides,3,41.25,12.5,Register,Cash,Payment,Main Branch,Hobart,0.0
2026-06-02,12pc Korean Fried Wings,Fried Chicken,1,26.29,23.9,DoorDash,Card,Payment,Main Branch,Hobart,0.0
2026-06-02,Spicy Pork Bowl,Rice Bowls,2,37.42,18.9,Square Online,Card,Payment,Main Branch,Hobart,0.0
2026-06-02,6pc Boneless Chicken,Fried Chicken,2,31.9,14.5,Square Online,Card,Payment,Main Branch,Hobart,0.0
2026-06-02,Bibimbap,Rice Bowls,1,19.25,17.5,Uber Eats,Card,Payment,Main Branch,Hobart,0.0
2026-06-02,Fries,Sides,1,7.15,6.5,Square Online,Card,Payment,Main Branch,Hobart,0.0
2026-06-02,Coke,Beverages,2,6.55,3.5,Square Online,Card,Payment,Main Branch,Hobart,0.0
2026-06-02,Kimchi Fried Rice,Rice Bowls,1,17.49,15.9,Uber Eats,Card,Payment,Main Branch,Hobart,0.0
2026-06-02,Coke,Beverages,1,3.27,3.5,Uber Eats,Card,Payment,Main Branch,Hobart,0.0
2026-06-02,18pc Korean Fried Wings,Fried Chicken,1,35.75,32.5,Register,Card,Payment,Main Branch,Hobart,0.0
2026-06-02,TK Boneless Chicken,Fried Chicken,1,31.35,28.5,Register,Card,Payment,Main Branch,Hobart,0.0
2026-06-02,Bibimbap,Rice Bowls,1,19.25,17.5,Register,Card,Payment,Main Branch,Hobart,0.0
2026-06-02,TK Boneless Chicken,Fried Chicken,2,62.7,28.5,Uber Eats,Card,Payment,Main Branch,Hobart,0.0
2026-06-02,Korean Iced Tea,Beverages,2,9.9,4.5,DoorDash Pickup,Card,Payment,Main Branch,Hobart,0.0
2026-06-02,TK Boneless Chicken,Fried Chicken,1,31.35,28.5,Uber Eats,Card,Payment,Main Branch,Hobart,0.0
2026-06-02,Fries,Sides,1,7.15,6.5,Square Online,Card,Payment,Main Branch,Hobart,0.0
2026-06-02,Spicy Pork Bowl,Rice Bowls,1,20.79,18.9,Square Online,Card,Payment,Main Branch,Hobart,0.0
2026-06-02,Bulgogi Beef Bowl,Rice Bowls,2,42.9,19.5,DoorDash,Card,Payment,Main Branch,Hobart,0.0
2026-06-02,TK Boneless Chicken,Fried Chicken,3,84.65,28.5,Uber Eats,Card,Payment,Main Branch,Hobart,0.0
2026-06-03,Fries,Sides,1,7.15,6.5,Register,Card,Payment,Main Branch,Hobart,0.0
2026-06-03,Bulgogi Beef Bowl,Rice Bowls,3,64.35,19.5,Register,Cash,Payment,Main Branch,Hobart,0.0
2026-06-03,Yangnyeom Chicken,Fried Chicken,1,28.6,26.0,Register,Cash,Payment,Main Branch,Hobart,0.0
2026-06-03,Kimchi Fried Rice,Rice Bowls,1,17.49,15.9,Register,Card,Payment,Main Branch,Hobart,0.0
2026-06-03,TK Boneless Chicken,Fried Chicken,3,94.05,28.5,DoorDash,Card,Payment,Main Branch,Hobart,0.0
2026-06-03,Corn Cheese,Sides,1,10.89,9.9,Uber Eats,Card,Payment,Main Branch,Hobart,0.0
2026-06-03,12pc Korean Fried Wings,Fried Chicken,2,52.58,23.9,DoorDash,Card,Payment,Main Branch,Hobart,0.0
2026-06-03,Tteokbokki,Sides,1,13.75,12.5,DoorDash,Card,Payment,Main Branch,Hobart,0.0
2026-06-03,TK Boneless Chicken,Fried Chicken,2,62.7,28.5,Uber Eats,Card,Payment,Main Branch,Hobart,0.0
2026-06-03,TK Boneless Chicken,Fried Chicken,2,62.7,28.5,Register,Cash,Payment,Main Branch,Hobart,0.0
2026-06-03,Coke,Beverages,1,3.85,3.5,DoorDash,Card,Payment,Main Branch,Hobart,0.0
2026-06-03,TK Boneless Chicken,Fried Chicken,1,31.35,28.5,Register,Card,Payment,Main Branch,Hobart,0.0
2026-06-03,6pc Boneless Chicken,Fried Chicken,1,15.95,14.5,DoorDash Pickup,Cash,Payment,Main Branch,Hobart,0.0
2026-06-03,Tteokbokki,Sides,1,11.68,12.5,DoorDash,Card,Payment,Main Branch,Hobart,0.0
2026-06-03,Sprite,Beverages,1,3.85,3.5,DoorDash,Card,Payment,Main Branch,Hobart,0.0
2026-06-03,12pc Boneless Chicken,Fried Chicken,1,27.39,24.9,DoorDash,Card,Payment,Main Branch,Hobart,0.0
2026-06-03,18pc Korean Fried Wings,Fried Chicken,3,85.8,32.5,Uber Eats,Card,Payment,Main Branch,Hobart,0.0
2026-06-03,18pc Korean Fried Wings,Fried Chicken,1,35.75,32.5,Register,Card,Payment,Main Branch,Hobart,0.0
2026-06-03,Sprite,Beverages,2,7.7,3.5,Square Online,Card,Payment,Main Branch,Hobart,0.0
2026-06-03,Coke,Beverages,1,3.85,3.5,Square Online,Card,Payment,Main Branch,Hobart,0.0
2026-06-03,12pc Boneless Chicken,Fried Chicken,1,27.39,24.9,Square Online,Card,Payment,Main Branch,Hobart,0.0
2026-06-03,12pc Korean Fried Wings,Fried Chicken,1,26.29,23.9,DoorDash Pickup,Cash,Payment,Main Branch,Hobart,0.0
2026-06-03,Tteokbokki,Sides,3,41.25,12.5,Square Online,Card,Payment,Main Branch,Hobart,0.0
2026-06-03,Spicy Pork Bowl,Rice Bowls,1,20.79,18.9,Uber Eats Pickup,Card,Payment,Main Branch,Hobart,0.0
2026-06-03,6pc Boneless Chicken,Fried Chicken,1,12.76,14.5,Uber Eats Pickup,Card,Payment,Main Branch,Hobart,0.0
2026-06-03,Bingsu,Desserts,2,26.18,11.9,Uber Eats,Card,Payment,Main Branch,Hobart,0.0
2026-06-03,12pc Korean Fried Wings,Fried Chicken,3,78.87,23.9,Uber Eats,Card,Payment,Main Branch,Hobart,0.0
2026-06-03,6pc Boneless Chicken,Fried Chicken,1,15.95,14.5,Register,Cash,Payment,Main Branch,Hobart,0.0
2026-06-03,TK Boneless Chicken,Fried Chicken,1,31.35,28.5,Register,Cash,Payment,Main Branch,Hobart,0.0
2026-06-03,Tteokbokki,Sides,2,27.5,12.5,DoorDash Pickup,Card,Payment,Main Branch,Hobart,0.0
2026-06-03,Kimchi Pancake,Sides,3,44.55,13.5,Uber Eats,Card,Payment,Main Branch,Hobart,0.0
2026-06-03,Bulgogi Beef Bowl,Rice Bowls,2,42.9,19.5,Uber Eats,Card,Payment,Main Branch,Hobart,0.0
2026-06-03,12pc Korean Fried Wings,Fried Chicken,1,22.35,23.9,Register,Card,Payment,Main Branch,Hobart,0.0
2026-06-03,12pc Boneless Chicken,Fried Chicken,1,27.39,24.9,Register,Card,Payment,Main Branch,Hobart,0.0
2026-06-03,Soju (Fri-Sat),Beverages,1,13.2,12.0,Register,Card,Payment,Main Branch,Hobart,0.0
2026-06-03,6pc Boneless Chicken,Fried Chicken,2,31.9,14.5,Register,Card,Payment,Main Branch,Hobart,0.0
2026-06-03,Korean Iced Tea,Beverages,1,4.95,4.5,DoorDash,Card,Payment,Main Branch,Hobart,0.0
2026-06-03,Tteokbokki,Sides,3,41.25,12.5,DoorDash,Card,Payment,Main Branch,Hobart,0.0
2026-06-03,18pc Korean Fried Wings,Fried Chicken,2,71.5,32.5,DoorDash,Card,Payment,Main Branch,Hobart,0.0
2026-06-03,Coke,Beverages,1,3.85,3.5,DoorDash Pickup,Card,Payment,Main Branch,Hobart,0.0
2026-06-03,12pc Boneless Chicken,Fried Chicken,2,54.78,24.9,Uber Eats,Card,Payment,Main Branch,Hobart,0.0
2026-06-03,Tteokbokki,Sides,1,13.75,12.5,Register,Card,Payment,Main Branch,Hobart,0.0
2026-06-03,12pc Boneless Chicken,Fried Chicken,2,54.78,24.9,Square Online,Card,Payment,Main Branch,Hobart,0.0
2026-06-03,TK Boneless Chicken,Fried Chicken,1,31.35,28.5,Register,Cash,Payment,Main Branch,Hobart,0.0
2026-06-03,Soju (Fri-Sat),Beverages,1,13.2,12.0,Register,Cash,Payment,Main Branch,Hobart,0.0
2026-06-03,Bibimbap,Rice Bowls,1,19.25,17.5,Register,Cash,Payment,Main Branch,Hobart,0.0
2026-06-03,18pc Korean Fried Wings,Fried Chicken,1,35.75,32.5,Uber Eats,Card,Payment,Main Branch,Hobart,0.0
2026-06-03,Bulgogi Beef Bowl,Rice Bowls,1,21.45,19.5,Register,Cash,Payment,Main Branch,Hobart,0.0
2026-06-03,Fries,Sides,1,6.08,6.5,Uber Eats,Card,Payment,Main Branch,Hobart,0.0
2026-06-03,Tteokbokki,Sides,1,13.75,12.5,Uber Eats,Card,Payment,Main Branch,Hobart,0.0
2026-06-03,Soju (Fri-Sat),Beverages,2,26.4,12.0,Uber Eats,Card,Payment,Main Branch,Hobart,0.0
2026-06-03,12pc Korean Fried Wings,Fried Chicken,1,26.29,23.9,Register,Cash,Payment,Main Branch,Hobart,0.0
2026-06-04,12pc Korean Fried Wings,Fried Chicken,2,52.58,23.9,DoorDash,Card,Payment,Main Branch,Hobart,0.0
2026-06-04,Coke,Beverages,1,3.85,3.5,Register,Card,Payment,Main Branch,Hobart,0.0
2026-06-04,TK Boneless Chicken,Fried Chicken,1,26.64,28.5,Register,Card,Payment,Main Branch,Hobart,0.0
2026-06-04,Spicy Pork Bowl,Rice Bowls,1,20.79,18.9,Register,Card,Payment,Main Branch,Hobart,0.0
2026-06-04,12pc Boneless Chicken,Fried Chicken,1,27.39,24.9,Uber Eats,Card,Payment,Main Branch,Hobart,0.0
2026-06-04,TK Boneless Chicken,Fried Chicken,1,31.35,28.5,Uber Eats,Card,Payment,Main Branch,Hobart,0.0
2026-06-04,12pc Korean Fried Wings,Fried Chicken,3,78.87,23.9,Uber Eats,Card,Payment,Main Branch,Hobart,0.0
2026-06-04,Yangnyeom Chicken,Fried Chicken,1,28.6,26.0,Register,Card,Payment,Main Branch,Hobart,0.0
2026-06-04,12pc Boneless Chicken,Fried Chicken,1,27.39,24.9,Uber Eats,Card,Payment,Main Branch,Hobart,0.0
2026-06-04,18pc Korean Fried Wings,Fried Chicken,1,35.75,32.5,Uber Eats,Card,Payment,Main Branch,Hobart,0.0
2026-06-04,Tteokbokki,Sides,3,41.25,12.5,DoorDash,Card,Payment,Main Branch,Hobart,0.0
2026-06-04,Sprite,Beverages,1,3.85,3.5,Register,Cash,Payment,Main Branch,Hobart,0.0
2026-06-04,Corn Cheese,Sides,1,10.89,9.9,Register,Cash,Payment,Main Branch,Hobart,0.0
2026-06-04,18pc Korean Fried Wings,Fried Chicken,2,71.5,32.5,Register,Cash,Payment,Main Branch,Hobart,0.0
2026-06-04,6pc Boneless Chicken,Fried Chicken,-1,-15.95,14.5,Uber Eats Pickup,Cash,Refund,Main Branch,Hobart,0.0
2026-06-04,Custom Amount,Uncategorized,-3,-33.0,10.0,Uber Eats Pickup,Cash,Refund,Main Branch,Hobart,0.0
2026-06-04,6pc Boneless Chicken,Fried Chicken,1,15.95,14.5,Uber Eats,Card,Payment,Main Branch,Hobart,0.0
2026-06-04,Korean Iced Tea,Beverages,1,4.95,4.5,Uber Eats,Card,Payment,Main Branch,Hobart,0.0
2026-06-04,12pc Korean Fried Wings,Fried Chicken,1,23.66,23.9,Register,Card,Payment,Main Branch,Hobart,0.0
2026-06-04,Yangnyeom Chicken,Fried Chicken,1,28.6,26.0,Uber Eats,Card,Payment,Main Branch,Hobart,0.0
2026-06-04,Spicy Pork Bowl,Rice Bowls,1,20.79,18.9,Uber Eats,Card,Payment,Main Branch,Hobart,0.0
2026-06-04,Spicy Pork Bowl,Rice Bowls,-1,-20.79,18.9,Uber Eats Pickup,Cash,Refund,Main Branch,Hobart,0.0
2026-06-04,Fries,Sides,1,7.15,6.5,DoorDash Pickup,Card,Payment,Main Branch,Hobart,0.0
2026-06-04,Spicy Pork Bowl,Rice Bowls,2,41.58,18.9,DoorDash Pickup,Card,Payment,Main Branch,Hobart,0.0
2026-06-04,Corn Cheese,Sides,2,21.78,9.9,DoorDash Pickup,Card,Payment,Main Branch,Hobart,0.0
2026-06-04,6pc Boneless Chicken,Fried Chicken,3,47.85,14.5,DoorDash,Card,Payment,Main Branch,Hobart,0.0
2026-06-04,Kimchi Pancake,Sides,1,14.85,13.5,DoorDash,Card,Payment,Main Branch,Hobart,0.0
2026-06-04,TK Boneless Chicken,Fried Chicken,1,31.35,28.5,DoorDash,Card,Payment,Main Branch,Hobart,0.0
2026-06-04,Bingsu,Desserts,1,13.09,11.9,Register,Card,Payment,Main Branch,Hobart,0.0
2026-06-04,Korean Iced Tea,Beverages,3,12.63,4.5,Register,Cash,Payment,Main Branch,Hobart,0.0
2026-06-04,12pc Boneless Chicken,Fried Chicken,1,27.39,24.9,Register,Cash,Payment,Main Branch,Hobart,0.0
2026-06-04,Kimchi Fried Rice,Rice Bowls,1,17.49,15.9,Register,Cash,Payment,Main Branch,Hobart,0.0
2026-06-04,Kimchi Fried Rice,Rice Bowls,1,17.49,15.9,DoorDash,Card,Payment,Main Branch,Hobart,0.0
2026-06-04,Soju (Fri-Sat),Beverages,2,26.4,12.0,DoorDash,Card,Payment,Main Branch,Hobart,0.0
2026-06-04,Bulgogi Beef Bowl,Rice Bowls,1,18.24,19.5,Register,Card,Payment,Main Branch,Hobart,0.0
2026-06-04,Korean Iced Tea,Beverages,2,9.9,4.5,Register,Cash,Payment,Main Branch,Hobart,0.0
2026-06-04,TK Boneless Chicken,Fried Chicken,1,31.35,28.5,DoorDash,Card,Payment,Main Branch,Hobart,0.0
2026-06-04,Soju (Fri-Sat),Beverages,1,13.2,12.0,DoorDash,Card,Payment,Main Branch,Hobart,0.0
2026-06-04,Soju (Fri-Sat),Beverages,1,13.2,12.0,Register,Card,Payment,Main Branch,Hobart,0.0
2026-06-04,Bibimbap,Rice Bowls,1,19.25,17.5,Uber Eats Pickup,Card,Payment,Main Branch,Hobart,0.0
2026-06-04,6pc Boneless Chicken,Fried Chicken,1,15.95,14.5,Uber Eats Pickup,Card,Payment,Main Branch,Hobart,0.0
2026-06-04,Coke,Beverages,1,3.85,3.5,Uber Eats Pickup,Card,Payment,Main Branch,Hobart,0.0
2026-06-04,Sprite,Beverages,3,11.55,3.5,DoorDash,Card,Payment,Main Branch,Hobart,0.0
2026-06-04,12pc Boneless Chicken,Fried Chicken,2,54.78,24.9,DoorDash Pickup,Cash,Payment,Main Branch,Hobart,0.0
2026-06-04,Tteokbokki,Sides,1,11.0,12.5,DoorDash,Card,Payment,Main Branch,Hobart,0.0
2026-06-04,6pc Boneless Chicken,Fried Chicken,1,13.56,14.5,DoorDash Pickup,Cash,Payment,Main Branch,Hobart,0.0
2026-06-05,Fries,Sides,1,7.15,6.5,Square Online,Card,Payment,Main Branch,Hobart,0.0
2026-06-05,Bibimbap,Rice Bowls,1,19.25,17.5,Register,Cash,Payment,Main Branch,Hobart,0.0
2026-06-05,12pc Korean Fried Wings,Fried Chicken,1,23.66,23.9,Register,Cash,Payment,Main Branch,Hobart,0.0
2026-06-05,Coke,Beverages,2,6.55,3.5,Register,Cash,Payment,Main Branch,Hobart,0.0
2026-06-05,12pc Boneless Chicken,Fried Chicken,1,27.39,24.9,Uber Eats Pickup,Card,Payment,Main Branch,Hobart,0.0
2026-06-05,Korean Iced Tea,Beverages,2,9.9,4.5,Uber Eats,Card,Payment,Main Branch,Hobart,0.0
2026-06-05,Custom Amount,Uncategorized,1,11.0,10.0,DoorDash,Card,Payment,Main Branch,Hobart,0.0
2026-06-05,Korean Iced Tea,Beverages,3,14.85,4.5,DoorDash,Card,Payment,Main Branch,Hobart,0.0
2026-06-05,Soju (Fri-Sat),Beverages,1,13.2,12.0,Uber Eats,Card,Payment,Main Branch,Hobart,0.0
2026-06-05,12pc Korean Fried Wings,Fried Chicken,3,78.87,23.9,Square Online,Card,Payment,Main Branch,Hobart,0.0
2026-06-05,Sprite,Beverages,2,7.7,3.5,Uber Eats Pickup,Card,Payment,Main Branch,Hobart,0.0
2026-06-05,Korean Iced Tea,Beverages,1,4.95,4.5,Square Online,Card,Payment,Main Branch,Hobart,0.0
2026-06-05,12pc Korean Fried Wings,Fried Chicken,2,52.58,23.9,DoorDash Pickup,Cash,Payment,Main Branch,Hobart,0.0
2026-06-05,Bibimbap,Rice Bowls,1,19.25,17.5,Register,Card,Payment,Main Branch,Hobart,0.0
2026-06-05,Yangnyeom Chicken,Fried Chicken,3,85.8,26.0,Register,Card,Payment,Main Branch,Hobart,0.0
2026-06-05,Spicy Pork Bowl,Rice Bowls,1,20.79,18.9,Register,Card,Payment,Main Branch,Hobart,0.0
2026-06-05,Custom Amount,Uncategorized,2,22.0,10.0,Register,Card,Payment,Main Branch,Hobart,0.0
2026-06-05,Tteokbokki,Sides,1,13.75,12.5,Register,Card,Payment,Main Branch,Hobart,0.0
2026-06-05,Bibimbap,Rice Bowls,1,15.4,17.5,Register,Card,Payment,Main Branch,Hobart,0.0
2026-06-05,Yangnyeom Chicken,Fried Chicken,2,57.2,26.0,Register,Cash,Payment,Main Branch,Hobart,0.0
2026-06-05,Spicy Pork Bowl,Rice Bowls,1,20.79,18.9,DoorDash,Card,Payment,Main Branch,Hobart,0.0
2026-06-05,Yangnyeom Chicken,Fried Chicken,1,28.6,26.0,DoorDash,Card,Payment,Main Branch,Hobart,0.0
2026-06-05,6pc Boneless Chicken,Fried Chicken,1,15.95,14.5,DoorDash Pickup,Cash,Payment,Main Branch,Hobart,0.0
2026-06-05,18pc Korean Fried Wings,Fried Chicken,2,71.5,32.5,DoorDash Pickup,Cash,Payment,Main Branch,Hobart,0.0
2026-06-05,Corn Cheese,Sides,1,10.89,9.9,Uber Eats,Card,Payment,Main Branch,Hobart,0.0
2026-06-05,Fries,Sides,3,18.24,6.5,Register,Card,Payment,Main Branch,Hobart,0.0
2026-06-05,12pc Boneless Chicken,Fried Chicken,1,27.39,24.9,Uber Eats,Card,Payment,Main Branch,Hobart,0.0
2026-06-05,Soju (Fri-Sat),Beverages,2,26.4,12.0,DoorDash Pickup,Cash,Payment,Main Branch,Hobart,0.0
2026-06-05,Tteokbokki,Sides,1,13.75,12.5,DoorDash Pickup,Card,Payment,Main Branch,Hobart,0.0
2026-06-05,Corn Cheese,Sides,2,21.78,9.9,Uber Eats,Card,Payment,Main Branch,Hobart,0.0
2026-06-05,12pc Korean Fried Wings,Fried Chicken,1,26.29,23.9,Uber Eats,Card,Payment,Main Branch,Hobart,0.0
2026-06-05,Yangnyeom Chicken,Fried Chicken,1,24.31,26.0,DoorDash Pickup,Card,Payment,Main Branch,Hobart,0.0
2026-06-05,Coke,Beverages,1,3.85,3.5,DoorDash,Card,Payment,Main Branch,Hobart,0.0
2026-06-05,Fries,Sides,1,6.08,6.5,DoorDash,Card,Payment,Main Branch,Hobart,0.0
2026-06-05,Corn Cheese,Sides,1,10.89,9.9,Register,Card,Payment,Main Branch,Hobart,0.0
2026-06-05,Yangnyeom Chicken,Fried Chicken,1,28.6,26.0,Register,Card,Payment,Main Branch,Hobart,0.0
2026-06-05,Yangnyeom Chicken,Fried Chicken,1,25.74,26.0,Register,Card,Payment,Main Branch,Hobart,0.0
2026-06-05,12pc Korean Fried Wings,Fried Chicken,1,26.29,23.9,Uber Eats,Card,Payment,Main Branch,Hobart,0.0
2026-06-05,Spicy Pork Bowl,Rice Bowls,1,20.79,18.9,Register,Cash,Payment,Main Branch,Hobart,0.0
2026-06-05,TK Boneless Chicken,Fried Chicken,1,31.35,28.5,Register,Cash,Payment,Main Branch,Hobart,0.0
2026-06-05,Sprite,Beverages,3,11.55,3.5,Register,Cash,Payment,Main Branch,Hobart,0.0
2026-06-05,TK Boneless Chicken,Fried Chicken,2,62.7,28.5,Register,Card,Payment,Main Branch,Hobart,0.0
2026-06-05,Bingsu,Desserts,1,13.09,11.9,DoorDash,Card,Payment,Main Branch,Hobart,0.0
2026-06-05,Bibimbap,Rice Bowls,3,57.75,17.5,DoorDash,Card,Payment,Main Branch,Hobart,0.0
2026-06-05,6pc Boneless Chicken,Fried Chicken,1,15.95,14.5,DoorDash,Card,Payment,Main Branch,Hobart,0.0
2026-06-05,Korean Iced Tea,Beverages,2,9.9,4.5,Register,Card,Payment,Main Branch,Hobart,0.0
2026-06-05,Bulgogi Beef Bowl,Rice Bowls,2,42.9,19.5,Register,Card,Payment,Main Branch,Hobart,0.0
2026-06-05,Bulgogi Beef Bowl,Rice Bowls,1,21.45,19.5,Register,Cash,Payment,Main Branch,Hobart,0.0
2026-06-05,Yangnyeom Chicken,Fried Chicken,1,28.6,26.0,Register,Card,Payment,Main Branch,Hobart,0.0
2026-06-05,6pc Boneless Chicken,Fried Chicken,1,15.95,14.5,Register,Card,Payment,Main Branch,Hobart,0.0
2026-06-05,Yangnyeom Chicken,Fried Chicken,1,28.6,26.0,DoorDash Pickup,Card,Payment,Main Branch,Hobart,0.0
2026-06-05,Sprite,Beverages,1,3.85,3.5,DoorDash Pickup,Cash,Payment,Main Branch,Hobart,0.0
2026-06-05,12pc Boneless Chicken,Fried Chicken,1,27.39,24.9,DoorDash Pickup,Cash,Payment,Main Branch,Hobart,0.0
2026-06-05,Coke,Beverages,2,7.7,3.5,Uber Eats Pickup,Cash,Payment,Main Branch,Hobart,0.0
2026-06-05,Coke,Beverages,1,3.85,3.5,DoorDash,Card,Payment,Main Branch,Hobart,0.0
2026-06-05,Fries,Sides,2,14.3,6.5,DoorDash Pickup,Card,Payment,Main Branch,Hobart,0.0
2026-06-06,Bibimbap,Rice Bowls,2,38.5,17.5,DoorDash Pickup,Cash,Payment,Main Branch,Hobart,0.0
2026-06-06,Tteokbokki,Sides,3,41.25,12.5,DoorDash Pickup,Cash,Payment,Main Branch,Hobart,0.0
2026-06-06,6pc Boneless Chicken,Fried Chicken,1,12.76,14.5,DoorDash Pickup,Cash,Payment,Main Branch,Hobart,0.0
2026-06-06,TK Boneless Chicken,Fried Chicken,3,94.05,28.5,DoorDash Pickup,Cash,Payment,Main Branch,Hobart,0.0
2026-06-06,6pc Boneless Chicken,Fried Chicken,2,31.9,14.5,Register,Card,Payment,Main Branch,Hobart,0.0
2026-06-06,TK Boneless Chicken,Fried Chicken,1,31.35,28.5,Register,Card,Payment,Main Branch,Hobart,0.0
2026-06-06,12pc Boneless Chicken,Fried Chicken,1,27.39,24.9,DoorDash Pickup,Cash,Payment,Main Branch,Hobart,0.0
2026-06-06,Coke,Beverages,1,3.85,3.5,DoorDash,Card,Payment,Main Branch,Hobart,0.0
2026-06-06,Yangnyeom Chicken,Fried Chicken,1,28.6,26.0,Register,Card,Payment,Main Branch,Hobart,0.0
2026-06-06,Coke,Beverages,1,3.27,3.5,Uber Eats Pickup,Card,Payment,Main Branch,Hobart,0.0
2026-06-06,TK Boneless Chicken,Fried Chicken,1,25.08,28.5,Uber Eats Pickup,Card,Payment,Main Branch,Hobart,0.0
2026-06-06,Corn Cheese,Sides,2,21.78,9.9,Register,Card,Payment,Main Branch,Hobart,0.0
2026-06-06,12pc Boneless Chicken,Fried Chicken,1,27.39,24.9,Register,Card,Payment,Main Branch,Hobart,0.0
2026-06-06,Bulgogi Beef Bowl,Rice Bowls,1,21.45,19.5,Register,Cash,Payment,Main Branch,Hobart,0.0
2026-06-06,12pc Boneless Chicken,Fried Chicken,3,82.17,24.9,Register,Cash,Payment,Main Branch,Hobart,0.0
2026-06-06,12pc Boneless Chicken,Fried Chicken,1,27.39,24.9,Uber Eats Pickup,Card,Payment,Main Branch,Hobart,0.0
2026-06-06,Bibimbap,Rice Bowls,1,19.25,17.5,DoorDash,Card,Payment,Main Branch,Hobart,0.0
2026-06-06,Sprite,Beverages,1,3.85,3.5,Register,Card,Payment,Main Branch,Hobart,0.0
2026-06-06,Tteokbokki,Sides,1,13.75,12.5,Square Online,Card,Payment,Main Branch,Hobart,0.0
2026-06-06,Spicy Pork Bowl,Rice Bowls,2,41.58,18.9,Register,Card,Payment,Main Branch,Hobart,0.0
2026-06-06,Fries,Sides,1,6.43,6.5,Register,Card,Payment,Main Branch,Hobart,0.0
2026-06-06,TK Boneless Chicken,Fried Chicken,1,28.21,28.5,Register,Card,Payment,Main Branch,Hobart,0.0
2026-06-06,Korean Iced Tea,Beverages,1,3.96,4.5,Uber Eats Pickup,Card,Payment,Main Branch,Hobart,0.0
2026-06-06,Tteokbokki,Sides,1,13.75,12.5,Uber Eats Pickup,Card,Payment,Main Branch,Hobart,0.0
2026-06-06,12pc Korean Fried Wings,Fried Chicken,1,26.29,23.9,Square Online,Card,Payment,Main Branch,Hobart,0.0
2026-06-06,Soju (Fri-Sat),Beverages,1,13.2,12.0,Square Online,Card,Payment,Main Branch,Hobart,0.0
2026-06-06,Spicy Pork Bowl,Rice Bowls,1,20.79,18.9,Square Online,Card,Payment,Main Branch,Hobart,0.0
2026-06-06,Fries,Sides,1,7.15,6.5,Register,Card,Payment,Main Branch,Hobart,0.0
2026-06-06,18pc Korean Fried Wings,Fried Chicken,1,35.75,32.5,Square Online,Card,Payment,Main Branch,Hobart,0.0
2026-06-06,Bibimbap,Rice Bowls,1,19.25,17.5,Square Online,Card,Payment,Main Branch,Hobart,0.0
2026-06-06,Coke,Beverages,1,3.85,3.5,Register,Card,Payment,Main Branch,Hobart,0.0
2026-06-06,Bibimbap,Rice Bowls,1,17.33,17.5,Register,Card,Payment,Main Branch,Hobart,0.0
2026-06-06,Spicy Pork Bowl,Rice Bowls,2,41.58,18.9,Register,Card,Payment,Main Branch,Hobart,0.0
2026-06-06,18pc Korean Fried Wings,Fried Chicken,2,71.5,32.5,Register,Card,Payment,Main Branch,Hobart,0.0
2026-06-06,Tteokbokki,Sides,1,13.75,12.5,Register,Card,Payment,Main Branch,Hobart,0.0
2026-06-06,12pc Boneless Chicken,Fried Chicken,3,82.17,24.9,Register,Card,Payment,Main Branch,Hobart,0.0
2026-06-06,TK Boneless Chicken,Fried Chicken,1,31.35,28.5,Square Online,Card,Payment,Main Branch,Hobart,0.0
2026-06-06,Spicy Pork Bowl,Rice Bowls,1,20.79,18.9,Square Online,Card,Payment,Main Branch,Hobart,0.0
2026-06-06,Soju (Fri-Sat),Beverages,1,13.2,12.0,DoorDash,Card,Payment,Main Branch,Hobart,0.0
2026-06-06,TK Boneless Chicken,Fried Chicken,2,62.7,28.5,Register,Card,Payment,Main Branch,Hobart,0.0
2026-06-06,Kimchi Fried Rice,Rice Bowls,2,31.48,15.9,Register,Card,Payment,Main Branch,Hobart,0.0
2026-06-06,Korean Iced Tea,Beverages,3,13.37,4.5,Register,Card,Payment,Main Branch,Hobart,0.0
2026-06-06,12pc Korean Fried Wings,Fried Chicken,1,26.29,23.9,DoorDash,Card,Payment,Main Branch,Hobart,0.0
2026-06-06,Corn Cheese,Sides,1,9.25,9.9,DoorDash Pickup,Cash,Payment,Main Branch,Hobart,0.0
2026-06-06,Tteokbokki,Sides,2,27.5,12.5,DoorDash Pickup,Cash,Payment,Main Branch,Hobart,0.0
2026-06-06,Kimchi Fried Rice,Rice Bowls,1,14.87,15.9,DoorDash Pickup,Cash,Payment,Main Branch,Hobart,0.0
2026-06-06,Bingsu,Desserts,1,13.09,11.9,DoorDash Pickup,Cash,Payment,Main Branch,Hobart,0.0
2026-06-06,Custom Amount,Uncategorized,1,11.0,10.0,Uber Eats,Card,Payment,Main Branch,Hobart,0.0
2026-06-06,Yangnyeom Chicken,Fried Chicken,3,85.8,26.0,Register,Card,Payment,Main Branch,Hobart,0.0
2026-06-06,6pc Boneless Chicken,Fried Chicken,1,15.95,14.5,DoorDash,Card,Payment,Main Branch,Hobart,0.0
2026-06-06,Fries,Sides,1,7.15,6.5,Register,Cash,Payment,Main Branch,Hobart,0.0
2026-06-06,18pc Korean Fried Wings,Fried Chicken,2,71.5,32.5,Register,Card,Payment,Main Branch,Hobart,0.0
2026-06-06,12pc Boneless Chicken,Fried Chicken,1,27.39,24.9,Register,Card,Payment,Main Branch,Hobart,0.0
2026-06-06,Kimchi Pancake,Sides,1,14.85,13.5,Register,Cash,Payment,Main Branch,Hobart,0.0
2026-06-06,Coke,Beverages,1,3.85,3.5,Register,Cash,Payment,Main Branch,Hobart,0.0
2026-06-06,18pc Korean Fried Wings,Fried Chicken,3,107.25,32.5,Register,Card,Payment,Main Branch,Hobart,0.0
2026-06-06,Kimchi Pancake,Sides,2,25.24,13.5,DoorDash,Card,Payment,Main Branch,Hobart,0.0
2026-06-06,Korean Iced Tea,Beverages,1,4.95,4.5,Register,Cash,Payment,Main Branch,Hobart,0.0
2026-06-06,TK Boneless Chicken,Fried Chicken,2,62.7,28.5,DoorDash,Card,Payment,Main Branch,Hobart,0.0
2026-06-06,Bibimbap,Rice Bowls,2,32.73,17.5,Register,Cash,Payment,Main Branch,Hobart,0.0
2026-06-06,Soju (Fri-Sat),Beverages,1,13.2,12.0,Register,Cash,Payment,Main Branch,Hobart,0.0
2026-06-06,12pc Boneless Chicken,Fried Chicken,2,54.78,24.9,Uber Eats Pickup,Cash,Payment,Main Branch,Hobart,0.0
2026-06-06,Bulgogi Beef Bowl,Rice Bowls,1,21.45,19.5,Uber Eats Pickup,Cash,Payment,Main Branch,Hobart,0.0
2026-06-06,12pc Boneless Chicken,Fried Chicken,1,27.39,24.9,DoorDash,Card,Payment,Main Branch,Hobart,0.0
2026-06-06,Kimchi Pancake,Sides,2,29.7,13.5,DoorDash,Card,Payment,Main Branch,Hobart,0.0
2026-06-06,12pc Korean Fried Wings,Fried Chicken,-1,-23.66,23.9,Register,Cash,Refund,Main Branch,Hobart,0.0
2026-06-06,Bibimbap,Rice Bowls,-1,-16.37,17.5,Register,Cash,Refund,Main Branch,Hobart,0.0
2026-06-06,Bulgogi Beef Bowl,Rice Bowls,2,42.9,19.5,Register,Cash,Payment,Main Branch,Hobart,0.0
2026-06-06,Bibimbap,Rice Bowls,1,19.25,17.5,Register,Card,Payment,Main Branch,Hobart,0.0
2026-06-06,Fries,Sides,1,7.15,6.5,DoorDash,Card,Payment,Main Branch,Hobart,0.0
2026-06-06,18pc Korean Fried Wings,Fried Chicken,1,35.75,32.5,Square Online,Card,Payment,Main Branch,Hobart,0.0
2026-06-06,Tteokbokki,Sides,1,13.75,12.5,Square Online,Card,Payment,Main Branch,Hobart,0.0
2026-06-06,Coke,Beverages,3,9.82,3.5,Uber Eats Pickup,Card,Payment,Main Branch,Hobart,0.0
2026-06-06,12pc Boneless Chicken,Fried Chicken,1,27.39,24.9,Uber Eats Pickup,Card,Payment,Main Branch,Hobart,0.0
2026-06-06,Soju (Fri-Sat),Beverages,1,13.2,12.0,Uber Eats Pickup,Card,Payment,Main Branch,Hobart,0.0
2026-06-06,Yangnyeom Chicken,Fried Chicken,1,28.6,26.0,Register,Cash,Payment,Main Branch,Hobart,0.0
2026-06-06,6pc Boneless Chicken,Fried Chicken,1,15.95,14.5,Register,Cash,Payment,Main Branch,Hobart,0.0
2026-06-07,Sprite,Beverages,2,6.55,3.5,Register,Card,Payment,Main Branch,Hobart,0.0
2026-06-07,Tteokbokki,Sides,1,13.75,12.5,Register,Cash,Payment,Main Branch,Hobart,0.0
2026-06-07,Corn Cheese,Sides,2,21.78,9.9,Register,Card,Payment,Main Branch,Hobart,0.0
2026-06-07,Kimchi Fried Rice,Rice Bowls,2,34.98,15.9,Register,Card,Payment,Main Branch,Hobart,0.0
2026-06-07,Bulgogi Beef Bowl,Rice Bowls,1,21.45,19.5,Register,Card,Payment,Main Branch,Hobart,0.0
2026-06-07,12pc Boneless Chicken,Fried Chicken,1,27.39,24.9,Register,Card,Payment,Main Branch,Hobart,0.0
2026-06-07,Coke,Beverages,1,3.85,3.5,Register,Card,Payment,Main Branch,Hobart,0.0
2026-06-07,Coke,Beverages,1,3.85,3.5,Uber Eats,Card,Payment,Main Branch,Hobart,0.0
2026-06-07,Kimchi Pancake,Sides,1,12.63,13.5,Uber Eats,Card,Payment,Main Branch,Hobart,0.0
2026-06-07,Fries,Sides,2,14.3,6.5,Uber Eats,Card,Payment,Main Branch,Hobart,0.0
2026-06-07,Fries,Sides,1,7.15,6.5,Square Online,Card,Payment,Main Branch,Hobart,0.0
2026-06-07,TK Boneless Chicken,Fried Chicken,2,53.3,28.5,Uber Eats,Card,Payment,Main Branch,Hobart,0.0
2026-06-07,Bulgogi Beef Bowl,Rice Bowls,1,21.45,19.5,Register,Card,Payment,Main Branch,Hobart,0.0
2026-06-07,Fries,Sides,2,14.3,6.5,Register,Card,Payment,Main Branch,Hobart,0.0
2026-06-07,12pc Korean Fried Wings,Fried Chicken,1,22.35,23.9,Register,Card,Payment,Main Branch,Hobart,0.0
2026-06-07,Spicy Pork Bowl,Rice Bowls,-1,-20.79,18.9,DoorDash,Card,Refund,Main Branch,Hobart,0.0
2026-06-07,TK Boneless Chicken,Fried Chicken,2,62.7,28.5,Register,Card,Payment,Main Branch,Hobart,0.0
2026-06-07,Coke,Beverages,2,7.7,3.5,Register,Card,Payment,Main Branch,Hobart,0.0
2026-06-07,18pc Korean Fried Wings,Fried Chicken,2,71.5,32.5,Uber Eats,Card,Payment,Main Branch,Hobart,0.0
2026-06-07,TK Boneless Chicken,Fried Chicken,1,31.35,28.5,Square Online,Card,Payment,Main Branch,Hobart,0.0
2026-06-07,Spicy Pork Bowl,Rice Bowls,1,20.79,18.9,Register,Card,Payment,Main Branch,Hobart,0.0
2026-06-07,TK Boneless Chicken,Fried Chicken,1,31.35,28.5,Register,Card,Payment,Main Branch,Hobart,0.0
2026-06-07,Coke,Beverages,1,3.85,3.5,Register,Card,Payment,Main Branch,Hobart,0.0
2026-06-07,Kimchi Pancake,Sides,1,13.37,13.5,Register,Cash,Payment,Main Branch,Hobart,0.0
2026-06-07,18pc Korean Fried Wings,Fried Chicken,2,71.5,32.5,Register,Cash,Payment,Main Branch,Hobart,0.0
2026-06-07,12pc Korean Fried Wings,Fried Chicken,3,78.87,23.9,Register,Card,Payment,Main Branch,Hobart,0.0
2026-06-07,12pc Korean Fried Wings,Fried Chicken,2,44.69,23.9,Register,Cash,Payment,Main Branch,Hobart,0.0
2026-06-07,TK Boneless Chicken,Fried Chicken,1,31.35,28.5,Register,Cash,Payment,Main Branch,Hobart,0.0
2026-06-07,6pc Boneless Chicken,Fried Chicken,1,15.95,14.5,Uber Eats,Card,Payment,Main Branch,Hobart,0.0
2026-06-07,Yangnyeom Chicken,Fried Chicken,2,57.2,26.0,Register,Card,Payment,Main Branch,Hobart,0.0
2026-06-07,Bulgogi Beef Bowl,Rice Bowls,2,42.9,19.5,Register,Card,Payment,Main Branch,Hobart,0.0
2026-06-07,18pc Korean Fried Wings,Fried Chicken,2,71.5,32.5,Register,Card,Payment,Main Branch,Hobart,0.0
2026-06-07,12pc Korean Fried Wings,Fried Chicken,1,26.29,23.9,Register,Card,Payment,Main Branch,Hobart,0.0
2026-06-07,Korean Iced Tea,Beverages,1,4.95,4.5,Register,Card,Payment,Main Branch,Hobart,0.0
2026-06-07,18pc Korean Fried Wings,Fried Chicken,1,35.75,32.5,Register,Card,Payment,Main Branch,Hobart,0.0
2026-06-07,Tteokbokki,Sides,1,13.75,12.5,Uber Eats,Card,Payment,Main Branch,Hobart,0.0
2026-06-07,Bulgogi Beef Bowl,Rice Bowls,2,42.9,19.5,Square Online,Card,Payment,Main Branch,Hobart,0.0
2026-06-07,Bibimbap,Rice Bowls,1,15.4,17.5,Uber Eats,Card,Payment,Main Branch,Hobart,0.0
2026-06-07,TK Boneless Chicken,Fried Chicken,2,62.7,28.5,Register,Cash,Payment,Main Branch,Hobart,0.0
2026-06-07,Bulgogi Beef Bowl,Rice Bowls,2,42.9,19.5,Uber Eats,Card,Payment,Main Branch,Hobart,0.0
2026-06-07,Bulgogi Beef Bowl,Rice Bowls,1,21.45,19.5,Register,Cash,Payment,Main Branch,Hobart,0.0
2026-06-07,TK Boneless Chicken,Fried Chicken,1,28.21,28.5,Register,Cash,Payment,Main Branch,Hobart,0.0
2026-06-07,Tteokbokki,Sides,1,13.75,12.5,Register,Cash,Payment,Main Branch,Hobart,0.0
2026-06-07,Kimchi Fried Rice,Rice Bowls,1,17.49,15.9,Register,Cash,Payment,Main Branch,Hobart,0.0
2026-06-07,Kimchi Fried Rice,Rice Bowls,1,17.49,15.9,Register,Card,Payment,Main Branch,Hobart,0.0
2026-06-07,Kimchi Fried Rice,Rice Bowls,1,17.49,15.9,Uber Eats,Card,Payment,Main Branch,Hobart,0.0
2026-06-07,Yangnyeom Chicken,Fried Chicken,1,22.88,26.0,Uber Eats,Card,Payment,Main Branch,Hobart,0.0
2026-06-07,TK Boneless Chicken,Fried Chicken,1,31.35,28.5,Register,Cash,Payment,Main Branch,Hobart,0.0
2026-06-07,Corn Cheese,Sides,1,10.89,9.9,Register,Cash,Payment,Main Branch,Hobart,0.0
2026-06-07,Kimchi Fried Rice,Rice Bowls,1,17.49,15.9,Register,Cash,Payment,Main Branch,Hobart,0.0
2026-06-07,Coke,Beverages,1,3.85,3.5,Uber Eats,Card,Payment,Main Branch,Hobart,0.0
2026-06-07,Korean Iced Tea,Beverages,2,9.9,4.5,Uber Eats,Card,Payment,Main Branch,Hobart,0.0
2026-06-07,6pc Boneless Chicken,Fried Chicken,1,15.95,14.5,Uber Eats,Card,Payment,Main Branch,Hobart,0.0
2026-06-07,Fries,Sides,1,6.08,6.5,Register,Cash,Payment,Main Branch,Hobart,0.0
2026-06-07,Soju (Fri-Sat),Beverages,1,10.56,12.0,Uber Eats,Card,Payment,Main Branch,Hobart,0.0
2026-06-07,Fries,Sides,1,7.15,6.5,Uber Eats,Card,Payment,Main Branch,Hobart,0.0
2026-06-07,Coke,Beverages,1,3.47,3.5,Uber Eats,Card,Payment,Main Branch,Hobart,0.0
2026-06-07,Coke,Beverages,2,7.7,3.5,Uber Eats,Card,Payment,Main Branch,Hobart,0.0
2026-06-07,6pc Boneless Chicken,Fried Chicken,2,31.9,14.5,Register,Card,Payment,Main Branch,Hobart,0.0
2026-06-07,Sprite,Beverages,3,11.55,3.5,Uber Eats,Card,Payment,Main Branch,Hobart,0.0
2026-06-07,Tteokbokki,Sides,2,27.5,12.5,Register,Card,Payment,Main Branch,Hobart,0.0
2026-06-07,18pc Korean Fried Wings,Fried Chicken,1,35.75,32.5,Register,Card,Payment,Main Branch,Hobart,0.0
2026-06-07,Sprite,Beverages,1,3.85,3.5,DoorDash,Card,Payment,Main Branch,Hobart,0.0
2026-06-07,Fries,Sides,2,14.3,6.5,DoorDash,Card,Payment,Main Branch,Hobart,0.0
2026-06-07,Bulgogi Beef Bowl,Rice Bowls,1,21.45,19.5,Register,Card,Payment,Main Branch,Hobart,0.0
2026-06-07,Soju (Fri-Sat),Beverages,1,13.2,12.0,DoorDash,Card,Payment,Main Branch,Hobart,0.0
2026-06-07,Custom Amount,Uncategorized,2,22.0,10.0,Square Online,Card,Payment,Main Branch,Hobart,0.0
2026-06-07,6pc Boneless Chicken,Fried Chicken,2,31.9,14.5,Square Online,Card,Payment,Main Branch,Hobart,0.0
2026-06-07,Sprite,Beverages,2,7.7,3.5,Square Online,Card,Payment,Main Branch,Hobart,0.0
2026-06-07,Tteokbokki,Sides,1,13.75,12.5,Register,Card,Payment,Main Branch,Hobart,0.0
2026-06-07,Coke,Beverages,3,11.55,3.5,Register,Card,Payment,Main Branch,Hobart,0.0
2026-06-07,6pc Boneless Chicken,Fried Chicken,1,12.76,14.5,Register,Cash,Payment,Main Branch,Hobart,0.0
2026-06-07,Sprite,Beverages,2,7.7,3.5,DoorDash,Card,Payment,Main Branch,Hobart,0.0
2026-06-07,Sprite,Beverages,2,7.7,3.5,Register,Cash,Payment,Main Branch,Hobart,0.0
2026-06-08,6pc Boneless Chicken,Fried Chicken,1,15.95,14.5,Register,Card,Payment,Main Branch,Hobart,0.0
2026-06-08,Sprite,Beverages,2,7.7,3.5,DoorDash,Card,Payment,Main Branch,Hobart,0.0
2026-06-08,Spicy Pork Bowl,Rice Bowls,1,20.79,18.9,DoorDash,Card,Payment,Main Branch,Hobart,0.0
2026-06-08,Bulgogi Beef Bowl,Rice Bowls,2,42.9,19.5,Uber Eats Pickup,Cash,Payment,Main Branch,Hobart,0.0
2026-06-08,Fries,Sides,2,14.3,6.5,Uber Eats Pickup,Cash,Payment,Main Branch,Hobart,0.0
2026-06-08,Coke,Beverages,1,3.85,3.5,Uber Eats Pickup,Cash,Payment,Main Branch,Hobart,0.0
2026-06-08,Yangnyeom Chicken,Fried Chicken,2,57.2,26.0,Uber Eats,Card,Payment,Main Branch,Hobart,0.0
2026-06-08,TK Boneless Chicken,Fried Chicken,1,31.35,28.5,Uber Eats Pickup,Cash,Payment,Main Branch,Hobart,0.0
2026-06-08,Bulgogi Beef Bowl,Rice Bowls,1,21.45,19.5,Register,Card,Payment,Main Branch,Hobart,0.0
2026-06-08,Coke,Beverages,2,6.55,3.5,Square Online,Card,Payment,Main Branch,Hobart,0.0
2026-06-08,Soju (Fri-Sat),Beverages,3,33.66,12.0,Register,Card,Payment,Main Branch,Hobart,0.0
2026-06-08,Tteokbokki,Sides,1,12.37,12.5,Square Online,Card,Payment,Main Branch,Hobart,0.0
2026-06-08,6pc Boneless Chicken,Fried Chicken,1,15.95,14.5,Square Online,Card,Payment,Main Branch,Hobart,0.0
2026-06-08,Bibimbap,Rice Bowls,3,57.75,17.5,Square Online,Card,Payment,Main Branch,Hobart,0.0
2026-06-08,Coke,Beverages,3,11.55,3.5,Register,Card,Payment,Main Branch,Hobart,0.0
2026-06-08,Fries,Sides,1,7.15,6.5,Register,Card,Payment,Main Branch,Hobart,0.0
2026-06-08,TK Boneless Chicken,Fried Chicken,2,62.7,28.5,Square Online,Card,Payment,Main Branch,Hobart,0.0
2026-06-08,Korean Iced Tea,Beverages,1,4.2,4.5,Register,Cash,Payment,Main Branch,Hobart,0.0
2026-06-08,Spicy Pork Bowl,Rice Bowls,1,20.79,18.9,Uber Eats Pickup,Cash,Payment,Main Branch,Hobart,0.0
2026-06-08,12pc Korean Fried Wings,Fried Chicken,2,52.58,23.9,Register,Card,Payment,Main Branch,Hobart,0.0
2026-06-08,Sprite,Beverages,2,7.7,3.5,Register,Card,Payment,Main Branch,Hobart,0.0
2026-06-08,6pc Boneless Chicken,Fried Chicken,1,15.95,14.5,Register,Card,Payment,Main Branch,Hobart,0.0
2026-06-08,Coke,Beverages,1,3.85,3.5,Register,Card,Payment,Main Branch,Hobart,0.0
2026-06-08,12pc Korean Fried Wings,Fried Chicken,1,26.29,23.9,DoorDash,Card,Payment,Main Branch,Hobart,0.0
2026-06-08,Spicy Pork Bowl,Rice Bowls,1,20.79,18.9,DoorDash,Card,Payment,Main Branch,Hobart,0.0
2026-06-08,12pc Korean Fried Wings,Fried Chicken,1,26.29,23.9,Register,Card,Payment,Main Branch,Hobart,0.0
2026-06-08,Coke,Beverages,3,11.55,3.5,Register,Card,Payment,Main Branch,Hobart,0.0
2026-06-08,Bingsu,Desserts,1,13.09,11.9,Uber Eats,Card,Payment,Main Branch,Hobart,0.0
2026-06-08,12pc Korean Fried Wings,Fried Chicken,2,52.58,23.9,Uber Eats,Card,Payment,Main Branch,Hobart,0.0
2026-06-08,Corn Cheese,Sides,1,10.89,9.9,Square Online,Card,Payment,Main Branch,Hobart,0.0
2026-06-08,Yangnyeom Chicken,Fried Chicken,1,22.88,26.0,Uber Eats Pickup,Card,Payment,Main Branch,Hobart,0.0
2026-06-08,6pc Boneless Chicken,Fried Chicken,2,31.9,14.5,Uber Eats Pickup,Card,Payment,Main Branch,Hobart,0.0
2026-06-08,12pc Korean Fried Wings,Fried Chicken,2,52.58,23.9,Register,Cash,Payment,Main Branch,Hobart,0.0
2026-06-08,Korean Iced Tea,Beverages,1,4.95,4.5,Square Online,Card,Payment,Main Branch,Hobart,0.0
2026-06-08,Kimchi Fried Rice,Rice Bowls,1,14.87,15.9,Register,Card,Payment,Main Branch,Hobart,0.0
2026-06-08,Tteokbokki,Sides,1,13.75,12.5,Register,Cash,Payment,Main Branch,Hobart,0.0
2026-06-08,18pc Korean Fried Wings,Fried Chicken,1,35.75,32.5,Uber Eats,Card,Payment,Main Branch,Hobart,0.0
2026-06-08,Kimchi Fried Rice,Rice Bowls,1,15.74,15.9,Register,Cash,Payment,Main Branch,Hobart,0.0
2026-06-08,Bingsu,Desserts,1,13.09,11.9,Register,Cash,Payment,Main Branch,Hobart,0.0
2026-06-08,6pc Boneless Chicken,Fried Chicken,1,15.95,14.5,Register,Card,Payment,Main Branch,Hobart,0.0
2026-06-08,Bingsu,Desserts,1,13.09,11.9,Register,Card,Payment,Main Branch,Hobart,0.0
2026-06-08,Custom Amount,Uncategorized,2,22.0,10.0,Register,Card,Payment,Main Branch,Hobart,0.0
2026-06-08,Fries,Sides,1,7.15,6.5,Uber Eats,Card,Payment,Main Branch,Hobart,0.0
2026-06-08,Bibimbap,Rice Bowls,3,46.2,17.5,Register,Cash,Payment,Main Branch,Hobart,0.0
2026-06-09,12pc Boneless Chicken,Fried Chicken,2,54.78,24.9,DoorDash,Card,Payment,Main Branch,Hobart,0.0
2026-06-09,Corn Cheese,Sides,1,9.8,9.9,Register,Card,Payment,Main Branch,Hobart,0.0
2026-06-09,12pc Korean Fried Wings,Fried Chicken,1,26.29,23.9,Register,Card,Payment,Main Branch,Hobart,0.0
2026-06-09,Corn Cheese,Sides,1,10.89,9.9,Register,Card,Payment,Main Branch,Hobart,0.0
2026-06-09,Coke,Beverages,1,3.85,3.5,Register,Cash,Payment,Main Branch,Hobart,0.0
2026-06-09,TK Boneless Chicken,Fried Chicken,1,31.35,28.5,Register,Cash,Payment,Main Branch,Hobart,0.0
2026-06-09,Spicy Pork Bowl,Rice Bowls,1,20.79,18.9,DoorDash,Card,Payment,Main Branch,Hobart,0.0
2026-06-09,Coke,Beverages,1,3.85,3.5,DoorDash,Card,Payment,Main Branch,Hobart,0.0
2026-06-09,TK Boneless Chicken,Fried Chicken,1,31.35,28.5,Register,Card,Payment,Main Branch,Hobart,0.0
2026-06-09,Yangnyeom Chicken,Fried Chicken,1,28.6,26.0,Register,Card,Payment,Main Branch,Hobart,0.0
2026-06-09,Kimchi Pancake,Sides,1,14.85,13.5,Register,Card,Payment,Main Branch,Hobart,0.0
2026-06-09,TK Boneless Chicken,Fried Chicken,1,31.35,28.5,Register,Card,Payment,Main Branch,Hobart,0.0
2026-06-09,Spicy Pork Bowl,Rice Bowls,1,20.79,18.9,Register,Card,Payment,Main Branch,Hobart,0.0
2026-06-09,Bulgogi Beef Bowl,Rice Bowls,1,21.45,19.5,Register,Card,Payment,Main Branch,Hobart,0.0
2026-06-09,12pc Korean Fried Wings,Fried Chicken,1,22.35,23.9,Square Online,Card,Payment,Main Branch,Hobart,0.0
2026-06-09,Coke,Beverages,1,3.47,3.5,Square Online,Card,Payment,Main Branch,Hobart,0.0
2026-06-09,18pc Korean Fried Wings,Fried Chicken,1,30.38,32.5,Square Online,Card,Payment,Main Branch,Hobart,0.0
2026-06-09,18pc Korean Fried Wings,Fried Chicken,3,91.17,32.5,Square Online,Card,Payment,Main Branch,Hobart,0.0
2026-06-09,12pc Korean Fried Wings,Fried Chicken,1,26.29,23.9,Register,Card,Payment,Main Branch,Hobart,0.0
2026-06-09,Spicy Pork Bowl,Rice Bowls,2,41.58,18.9,Register,Card,Payment,Main Branch,Hobart,0.0
2026-06-09,Fries,Sides,2,14.3,6.5,DoorDash,Card,Payment,Main Branch,Hobart,0.0
2026-06-09,Tteokbokki,Sides,1,13.75,12.5,Register,Card,Payment,Main Branch,Hobart,0.0
2026-06-09,Fries,Sides,1,7.15,6.5,Uber Eats,Card,Payment,Main Branch,Hobart,0.0
2026-06-09,12pc Korean Fried Wings,Fried Chicken,1,26.29,23.9,Square Online,Card,Payment,Main Branch,Hobart,0.0
2026-06-09,Kimchi Fried Rice,Rice Bowls,1,17.49,15.9,Square Online,Card,Payment,Main Branch,Hobart,0.0
2026-06-09,18pc Korean Fried Wings,Fried Chicken,1,35.75,32.5,DoorDash,Card,Payment,Main Branch,Hobart,0.0
2026-06-09,Tteokbokki,Sides,1,12.37,12.5,Register,Card,Payment,Main Branch,Hobart,0.0
2026-06-09,Soju (Fri-Sat),Beverages,1,13.2,12.0,Register,Card,Payment,Main Branch,Hobart,0.0
2026-06-09,12pc Korean Fried Wings,Fried Chicken,1,26.29,23.9,Register,Card,Payment,Main Branch,Hobart,0.0
2026-06-09,Fries,Sides,1,7.15,6.5,Uber Eats,Card,Payment,Main Branch,Hobart,0.0
2026-06-09,Soju (Fri-Sat),Beverages,3,39.6,12.0,DoorDash,Card,Payment,Main Branch,Hobart,0.0
2026-06-09,Kimchi Pancake,Sides,3,44.55,13.5,Uber Eats,Card,Payment,Main Branch,Hobart,0.0
2026-06-09,Coke,Beverages,2,7.7,3.5,Uber Eats,Card,Payment,Main Branch,Hobart,0.0
2026-06-09,Bulgogi Beef Bowl,Rice Bowls,2,42.9,19.5,Register,Cash,Payment,Main Branch,Hobart,0.0
2026-06-09,Korean Iced Tea,Beverages,1,4.95,4.5,Register,Cash,Payment,Main Branch,Hobart,0.0
2026-06-09,Fries,Sides,3,21.45,6.5,Register,Card,Payment,Main Branch,Hobart,0.0
2026-06-09,12pc Korean Fried Wings,Fried Chicken,1,26.29,23.9,DoorDash,Card,Payment,Main Branch,Hobart,0.0
2026-06-09,Bulgogi Beef Bowl,Rice Bowls,2,42.9,19.5,DoorDash,Card,Payment,Main Branch,Hobart,0.0
2026-06-09,12pc Korean Fried Wings,Fried Chicken,1,26.29,23.9,Register,Card,Payment,Main Branch,Hobart,0.0
2026-06-09,6pc Boneless Chicken,Fried Chicken,1,15.95,14.5,Uber Eats,Card,Payment,Main Branch,Hobart,0.0
2026-06-10,12pc Korean Fried Wings,Fried Chicken,1,26.29,23.9,Register,Cash,Payment,Main Branch,Hobart,0.0
2026-06-10,Coke,Beverages,2,6.55,3.5,Register,Cash,Payment,Main Branch,Hobart,0.0
2026-06-10,Sprite,Beverages,1,3.85,3.5,DoorDash Pickup,Card,Payment,Main Branch,Hobart,0.0
2026-06-10,18pc Korean Fried Wings,Fried Chicken,1,35.75,32.5,Uber Eats Pickup,Cash,Payment,Main Branch,Hobart,0.0
2026-06-10,Bingsu,Desserts,2,26.18,11.9,Register,Cash,Payment,Main Branch,Hobart,0.0
2026-06-10,Tteokbokki,Sides,1,11.68,12.5,Register,Cash,Payment,Main Branch,Hobart,0.0
2026-06-10,12pc Korean Fried Wings,Fried Chicken,2,52.58,23.9,Register,Cash,Payment,Main Branch,Hobart,0.0
2026-06-10,Tteokbokki,Sides,1,13.75,12.5,Register,Cash,Payment,Main Branch,Hobart,0.0
2026-06-10,Kimchi Fried Rice,Rice Bowls,1,17.49,15.9,Register,Cash,Payment,Main Branch,Hobart,0.0
2026-06-10,Bulgogi Beef Bowl,Rice Bowls,1,17.16,19.5,DoorDash,Card,Payment,Main Branch,Hobart,0.0
2026-06-10,6pc Boneless Chicken,Fried Chicken,2,31.9,14.5,Register,Cash,Payment,Main Branch,Hobart,0.0
2026-06-10,Yangnyeom Chicken,Fried Chicken,2,45.76,26.0,Register,Cash,Payment,Main Branch,Hobart,0.0
2026-06-10,Kimchi Pancake,Sides,1,14.85,13.5,Register,Cash,Payment,Main Branch,Hobart,0.0
2026-06-10,Yangnyeom Chicken,Fried Chicken,1,28.6,26.0,Uber Eats,Card,Payment,Main Branch,Hobart,0.0
2026-06-10,Bulgogi Beef Bowl,Rice Bowls,1,21.45,19.5,Register,Card,Payment,Main Branch,Hobart,0.0
2026-06-10,Soju (Fri-Sat),Beverages,2,26.4,12.0,Register,Card,Payment,Main Branch,Hobart,0.0
2026-06-10,TK Boneless Chicken,Fried Chicken,1,31.35,28.5,Register,Card,Payment,Main Branch,Hobart,0.0
2026-06-10,Bingsu,Desserts,1,13.09,11.9,Register,Card,Payment,Main Branch,Hobart,0.0
2026-06-10,Soju (Fri-Sat),Beverages,2,26.4,12.0,Square Online,Card,Payment,Main Branch,Hobart,0.0
2026-06-10,12pc Boneless Chicken,Fried Chicken,2,54.78,24.9,Register,Card,Payment,Main Branch,Hobart,0.0
2026-06-10,12pc Korean Fried Wings,Fried Chicken,3,78.87,23.9,Register,Card,Payment,Main Branch,Hobart,0.0
2026-06-10,Bulgogi Beef Bowl,Rice Bowls,2,42.9,19.5,Uber Eats,Card,Payment,Main Branch,Hobart,0.0
2026-06-10,12pc Boneless Chicken,Fried Chicken,3,82.17,24.9,Uber Eats,Card,Payment,Main Branch,Hobart,0.0
2026-06-10,Fries,Sides,1,7.15,6.5,Register,Cash,Payment,Main Branch,Hobart,0.0
2026-06-10,TK Boneless Chicken,Fried Chicken,1,31.35,28.5,Register,Cash,Payment,Main Branch,Hobart,0.0
2026-06-10,Korean Iced Tea,Beverages,2,9.9,4.5,Register,Cash,Payment,Main Branch,Hobart,0.0
2026-06-10,12pc Korean Fried Wings,Fried Chicken,2,52.58,23.9,Square Online,Card,Payment,Main Branch,Hobart,0.0
2026-06-10,Tteokbokki,Sides,1,13.75,12.5,Uber Eats,Card,Payment,Main Branch,Hobart,0.0
2026-06-10,12pc Korean Fried Wings,Fried Chicken,1,26.29,23.9,DoorDash,Card,Payment,Main Branch,Hobart,0.0
2026-06-10,TK Boneless Chicken,Fried Chicken,1,31.35,28.5,DoorDash,Card,Payment,Main Branch,Hobart,0.0
2026-06-10,Kimchi Pancake,Sides,1,14.85,13.5,Register,Card,Payment,Main Branch,Hobart,0.0
2026-06-10,Spicy Pork Bowl,Rice Bowls,3,62.37,18.9,DoorDash,Card,Payment,Main Branch,Hobart,0.0
2026-06-10,6pc Boneless Chicken,Fried Chicken,2,31.9,14.5,Uber Eats,Card,Payment,Main Branch,Hobart,0.0
2026-06-10,Tteokbokki,Sides,1,13.75,12.5,Uber Eats Pickup,Card,Payment,Main Branch,Hobart,0.0
2026-06-10,6pc Boneless Chicken,Fried Chicken,2,31.9,14.5,Uber Eats Pickup,Card,Payment,Main Branch,Hobart,0.0
2026-06-10,12pc Boneless Chicken,Fried Chicken,2,54.78,24.9,Uber Eats Pickup,Card,Payment,Main Branch,Hobart,0.0
2026-06-10,Kimchi Fried Rice,Rice Bowls,1,15.74,15.9,Uber Eats Pickup,Card,Payment,Main Branch,Hobart,0.0
2026-06-10,Coke,Beverages,2,7.7,3.5,Register,Cash,Payment,Main Branch,Hobart,0.0
2026-06-10,12pc Boneless Chicken,Fried Chicken,1,27.39,24.9,Register,Cash,Payment,Main Branch,Hobart,0.0
2026-06-10,Tteokbokki,Sides,1,13.75,12.5,Register,Cash,Payment,Main Branch,Hobart,0.0
2026-06-10,Fries,Sides,1,7.15,6.5,Register,Cash,Payment,Main Branch,Hobart,0.0
2026-06-10,Yangnyeom Chicken,Fried Chicken,1,24.31,26.0,Square Online,Card,Payment,Main Branch,Hobart,0.0
2026-06-10,Kimchi Fried Rice,Rice Bowls,1,14.87,15.9,Square Online,Card,Payment,Main Branch,Hobart,0.0
2026-06-10,Bingsu,Desserts,3,39.27,11.9,Register,Card,Payment,Main Branch,Hobart,0.0
2026-06-10,Fries,Sides,1,7.15,6.5,DoorDash,Card,Payment,Main Branch,Hobart,0.0
2026-06-10,Korean Iced Tea,Beverages,1,4.95,4.5,Square Online,Card,Payment,Main Branch,Hobart,0.0
2026-06-10,TK Boneless Chicken,Fried Chicken,1,31.35,28.5,Uber Eats,Card,Payment,Main Branch,Hobart,0.0
2026-06-10,Bingsu,Desserts,1,11.78,11.9,Uber Eats,Card,Payment,Main Branch,Hobart,0.0
2026-06-10,Coke,Beverages,2,7.7,3.5,Register,Cash,Payment,Main Branch,Hobart,0.0
2026-06-10,18pc Korean Fried Wings,Fried Chicken,1,28.6,32.5,Register,Card,Payment,Main Branch,Hobart,0.0
2026-06-10,Custom Amount,Uncategorized,1,11.0,10.0,Register,Cash,Payment,Main Branch,Hobart,0.0
2026-06-10,12pc Boneless Chicken,Fried Chicken,2,54.78,24.9,Register,Cash,Payment,Main Branch,Hobart,0.0
2026-06-10,Coke,Beverages,1,3.08,3.5,DoorDash,Card,Payment,Main Branch,Hobart,0.0
2026-06-10,Bulgogi Beef Bowl,Rice Bowls,1,19.31,19.5,DoorDash,Card,Payment,Main Branch,Hobart,0.0
2026-06-10,Sprite,Beverages,2,7.7,3.5,DoorDash,Card,Payment,Main Branch,Hobart,0.0
2026-06-10,TK Boneless Chicken,Fried Chicken,1,31.35,28.5,DoorDash,Card,Payment,Main Branch,Hobart,0.0
2026-06-10,Sprite,Beverages,2,7.7,3.5,DoorDash,Card,Payment,Main Branch,Hobart,0.0
2026-06-10,Soju (Fri-Sat),Beverages,1,13.2,12.0,Register,Cash,Payment,Main Branch,Hobart,0.0
2026-06-11,Bingsu,Desserts,2,23.56,11.9,Register,Cash,Payment,Main Branch,Hobart,0.0
2026-06-11,6pc Boneless Chicken,Fried Chicken,1,15.95,14.5,Square Online,Card,Payment,Main Branch,Hobart,0.0
2026-06-11,Kimchi Pancake,Sides,2,29.7,13.5,Uber Eats,Card,Payment,Main Branch,Hobart,0.0
2026-06-11,Kimchi Fried Rice,Rice Bowls,1,14.87,15.9,Uber Eats,Card,Payment,Main Branch,Hobart,0.0
2026-06-11,Sprite,Beverages,3,11.55,3.5,Uber Eats,Card,Payment,Main Branch,Hobart,0.0
2026-06-11,Coke,Beverages,1,3.85,3.5,Register,Card,Payment,Main Branch,Hobart,0.0
2026-06-11,12pc Boneless Chicken,Fried Chicken,1,27.39,24.9,Register,Card,Payment,Main Branch,Hobart,0.0
2026-06-11,TK Boneless Chicken,Fried Chicken,1,31.35,28.5,Uber Eats,Card,Payment,Main Branch,Hobart,0.0
2026-06-11,Fries,Sides,1,7.15,6.5,Register,Card,Payment,Main Branch,Hobart,0.0
2026-06-11,Corn Cheese,Sides,1,10.89,9.9,Uber Eats,Card,Payment,Main Branch,Hobart,0.0
2026-06-11,Coke,Beverages,1,3.85,3.5,Register,Card,Payment,Main Branch,Hobart,0.0
2026-06-11,12pc Korean Fried Wings,Fried Chicken,1,26.29,23.9,Square Online,Card,Payment,Main Branch,Hobart,0.0
2026-06-11,Bingsu,Desserts,2,26.18,11.9,Uber Eats,Card,Payment,Main Branch,Hobart,0.0
2026-06-11,Soju (Fri-Sat),Beverages,1,13.2,12.0,Uber Eats,Card,Payment,Main Branch,Hobart,0.0
2026-06-11,Coke,Beverages,1,3.47,3.5,Uber Eats Pickup,Card,Payment,Main Branch,Hobart,0.0
2026-06-11,Sprite,Beverages,1,3.85,3.5,Uber Eats Pickup,Card,Payment,Main Branch,Hobart,0.0
2026-06-11,Coke,Beverages,1,3.47,3.5,Square Online,Card,Payment,Main Branch,Hobart,0.0
2026-06-11,Yangnyeom Chicken,Fried Chicken,1,28.6,26.0,Uber Eats,Card,Payment,Main Branch,Hobart,0.0
2026-06-11,12pc Korean Fried Wings,Fried Chicken,1,26.29,23.9,Register,Cash,Payment,Main Branch,Hobart,0.0
2026-06-11,18pc Korean Fried Wings,Fried Chicken,1,35.75,32.5,Uber Eats,Card,Payment,Main Branch,Hobart,0.0
2026-06-11,Sprite,Beverages,1,3.85,3.5,Uber Eats,Card,Payment,Main Branch,Hobart,0.0
2026-06-11,Bulgogi Beef Bowl,Rice Bowls,2,42.9,19.5,Uber Eats,Card,Payment,Main Branch,Hobart,0.0
2026-06-11,Bingsu,Desserts,1,13.09,11.9,Uber Eats,Card,Payment,Main Branch,Hobart,0.0
2026-06-11,Fries,Sides,1,7.15,6.5,Uber Eats,Card,Payment,Main Branch,Hobart,0.0
2026-06-11,Spicy Pork Bowl,Rice Bowls,1,20.79,18.9,Uber Eats,Card,Payment,Main Branch,Hobart,0.0
2026-06-11,6pc Boneless Chicken,Fried Chicken,2,31.9,14.5,Register,Cash,Payment,Main Branch,Hobart,0.0
2026-06-11,Korean Iced Tea,Beverages,1,4.95,4.5,DoorDash Pickup,Cash,Payment,Main Branch,Hobart,0.0
2026-06-11,Kimchi Fried Rice,Rice Bowls,1,17.49,15.9,Uber Eats,Card,Payment,Main Branch,Hobart,0.0
2026-06-11,Tteokbokki,Sides,1,13.75,12.5,Square Online,Card,Payment,Main Branch,Hobart,0.0
2026-06-11,Corn Cheese,Sides,1,10.89,9.9,Register,Card,Payment,Main Branch,Hobart,0.0
2026-06-11,Fries,Sides,1,7.15,6.5,Uber Eats,Card,Payment,Main Branch,Hobart,0.0
2026-06-11,Sprite,Beverages,1,3.85,3.5,Uber Eats,Card,Payment,Main Branch,Hobart,0.0
2026-06-11,Bibimbap,Rice Bowls,1,19.25,17.5,Uber Eats,Card,Payment,Main Branch,Hobart,0.0
2026-06-11,Yangnyeom Chicken,Fried Chicken,1,25.74,26.0,Register,Cash,Payment,Main Branch,Hobart,0.0
2026-06-11,Fries,Sides,1,7.15,6.5,Register,Card,Payment,Main Branch,Hobart,0.0
2026-06-11,Bulgogi Beef Bowl,Rice Bowls,1,21.45,19.5,Register,Card,Payment,Main Branch,Hobart,0.0
2026-06-11,Coke,Beverages,2,7.7,3.5,Uber Eats,Card,Payment,Main Branch,Hobart,0.0
2026-06-11,Yangnyeom Chicken,Fried Chicken,1,28.6,26.0,Uber Eats,Card,Payment,Main Branch,Hobart,0.0
2026-06-11,TK Boneless Chicken,Fried Chicken,1,31.35,28.5,Register,Cash,Payment,Main Branch,Hobart,0.0
2026-06-11,12pc Boneless Chicken,Fried Chicken,1,27.39,24.9,Register,Cash,Payment,Main Branch,Hobart,0.0
2026-06-11,Bulgogi Beef Bowl,Rice Bowls,3,64.35,19.5,Register,Cash,Payment,Main Branch,Hobart,0.0
2026-06-11,12pc Boneless Chicken,Fried Chicken,1,23.29,24.9,Square Online,Card,Payment,Main Branch,Hobart,0.0
2026-06-11,18pc Korean Fried Wings,Fried Chicken,2,71.5,32.5,Register,Card,Payment,Main Branch,Hobart,0.0
2026-06-11,Fries,Sides,1,7.15,6.5,Register,Card,Payment,Main Branch,Hobart,0.0
2026-06-11,12pc Boneless Chicken,Fried Chicken,1,23.29,24.9,Register,Cash,Payment,Main Branch,Hobart,0.0
2026-06-11,Kimchi Fried Rice,Rice Bowls,3,47.22,15.9,Uber Eats Pickup,Card,Payment,Main Branch,Hobart,0.0
2026-06-11,12pc Korean Fried Wings,Fried Chicken,1,26.29,23.9,Uber Eats Pickup,Card,Payment,Main Branch,Hobart,0.0
2026-06-11,6pc Boneless Chicken,Fried Chicken,1,15.95,14.5,Register,Cash,Payment,Main Branch,Hobart,0.0
2026-06-11,Coke,Beverages,1,3.85,3.5,Register,Cash,Payment,Main Branch,Hobart,0.0
2026-06-11,Kimchi Fried Rice,Rice Bowls,1,17.49,15.9,Register,Cash,Payment,Main Branch,Hobart,0.0
2026-06-11,Coke,Beverages,1,3.85,3.5,Register,Cash,Payment,Main Branch,Hobart,0.0
2026-06-12,Yangnyeom Chicken,Fried Chicken,2,57.2,26.0,Uber Eats,Card,Payment,Main Branch,Hobart,0.0
2026-06-12,Coke,Beverages,1,3.85,3.5,Uber Eats,Card,Payment,Main Branch,Hobart,0.0
2026-06-12,Kimchi Pancake,Sides,1,14.85,13.5,Uber Eats,Card,Payment,Main Branch,Hobart,0.0
2026-06-12,Soju (Fri-Sat),Beverages,1,13.2,12.0,Register,Card,Payment,Main Branch,Hobart,0.0
2026-06-12,Tteokbokki,Sides,2,27.5,12.5,Square Online,Card,Payment,Main Branch,Hobart,0.0
2026-06-12,12pc Korean Fried Wings,Fried Chicken,2,52.58,23.9,Register,Card,Payment,Main Branch,Hobart,0.0
2026-06-12,Coke,Beverages,1,3.85,3.5,DoorDash,Card,Payment,Main Branch,Hobart,0.0
2026-06-12,12pc Korean Fried Wings,Fried Chicken,1,26.29,23.9,DoorDash,Card,Payment,Main Branch,Hobart,0.0
2026-06-12,TK Boneless Chicken,Fried Chicken,1,31.35,28.5,Square Online,Card,Payment,Main Branch,Hobart,0.0
2026-06-12,6pc Boneless Chicken,Fried Chicken,2,31.9,14.5,Register,Card,Payment,Main Branch,Hobart,0.0
2026-06-12,12pc Boneless Chicken,Fried Chicken,1,24.65,24.9,Uber Eats,Card,Payment,Main Branch,Hobart,0.0
2026-06-12,TK Boneless Chicken,Fried Chicken,1,26.64,28.5,DoorDash,Card,Payment,Main Branch,Hobart,0.0
2026-06-12,Fries,Sides,1,7.15,6.5,Register,Card,Payment,Main Branch,Hobart,0.0
2026-06-12,Tteokbokki,Sides,1,12.37,12.5,Register,Card,Payment,Main Branch,Hobart,0.0
2026-06-12,TK Boneless Chicken,Fried Chicken,1,26.64,28.5,Register,Card,Payment,Main Branch,Hobart,0.0
2026-06-12,18pc Korean Fried Wings,Fried Chicken,1,35.75,32.5,DoorDash,Card,Payment,Main Branch,Hobart,0.0
2026-06-12,Tteokbokki,Sides,2,27.5,12.5,DoorDash,Card,Payment,Main Branch,Hobart,0.0
2026-06-12,Fries,Sides,3,21.45,6.5,DoorDash,Card,Payment,Main Branch,Hobart,0.0
2026-06-12,Kimchi Pancake,Sides,1,14.85,13.5,DoorDash,Card,Payment,Main Branch,Hobart,0.0
2026-06-12,6pc Boneless Chicken,Fried Chicken,1,12.76,14.5,DoorDash,Card,Payment,Main Branch,Hobart,0.0
2026-06-12,TK Boneless Chicken,Fried Chicken,1,31.35,28.5,DoorDash,Card,Payment,Main Branch,Hobart,0.0
2026-06-12,Sprite,Beverages,1,3.85,3.5,Square Online,Card,Payment,Main Branch,Hobart,0.0
2026-06-12,Spicy Pork Bowl,Rice Bowls,1,20.79,18.9,DoorDash,Card,Payment,Main Branch,Hobart,0.0
2026-06-12,Bibimbap,Rice Bowls,1,19.25,17.5,DoorDash,Card,Payment,Main Branch,Hobart,0.0
2026-06-12,Bingsu,Desserts,1,13.09,11.9,Register,Cash,Payment,Main Branch,Hobart,0.0
2026-06-12,Tteokbokki,Sides,2,27.5,12.5,Uber Eats,Card,Payment,Main Branch,Hobart,0.0
2026-06-12,Soju (Fri-Sat),Beverages,2,26.4,12.0,Register,Card,Payment,Main Branch,Hobart,0.0
2026-06-12,18pc Korean Fried Wings,Fried Chicken,2,71.5,32.5,Register,Cash,Payment,Main Branch,Hobart,0.0
2026-06-12,TK Boneless Chicken,Fried Chicken,2,62.7,28.5,Register,Cash,Payment,Main Branch,Hobart,0.0
2026-06-12,12pc Korean Fried Wings,Fried Chicken,2,52.58,23.9,Register,Cash,Payment,Main Branch,Hobart,0.0
2026-06-12,Fries,Sides,1,7.15,6.5,Register,Cash,Payment,Main Branch,Hobart,0.0
2026-06-12,6pc Boneless Chicken,Fried Chicken,1,15.95,14.5,Register,Card,Payment,Main Branch,Hobart,0.0
2026-06-12,TK Boneless Chicken,Fried Chicken,3,94.05,28.5,Register,Card,Payment,Main Branch,Hobart,0.0
2026-06-12,Fries,Sides,1,7.15,6.5,Register,Card,Payment,Main Branch,Hobart,0.0
2026-06-12,6pc Boneless Chicken,Fried Chicken,1,15.95,14.5,DoorDash,Card,Payment,Main Branch,Hobart,0.0
2026-06-12,Fries,Sides,3,21.45,6.5,Square Online,Card,Payment,Main Branch,Hobart,0.0
2026-06-12,Coke,Beverages,1,3.85,3.5,Square Online,Card,Payment,Main Branch,Hobart,0.0
2026-06-12,6pc Boneless Chicken,Fried Chicken,1,15.95,14.5,DoorDash Pickup,Card,Payment,Main Branch,Hobart,0.0
2026-06-12,Coke,Beverages,1,3.85,3.5,Register,Cash,Payment,Main Branch,Hobart,0.0
2026-06-12,Bibimbap,Rice Bowls,1,19.25,17.5,DoorDash Pickup,Card,Payment,Main Branch,Hobart,0.0
2026-06-12,Corn Cheese,Sides,1,10.89,9.9,DoorDash Pickup,Card,Payment,Main Branch,Hobart,0.0
2026-06-12,Kimchi Fried Rice,Rice Bowls,2,34.98,15.9,Register,Cash,Payment,Main Branch,Hobart,0.0
2026-06-12,Spicy Pork Bowl,Rice Bowls,2,37.42,18.9,DoorDash Pickup,Card,Payment,Main Branch,Hobart,0.0
2026-06-12,12pc Korean Fried Wings,Fried Chicken,1,26.29,23.9,DoorDash Pickup,Card,Payment,Main Branch,Hobart,0.0
2026-06-12,Custom Amount,Uncategorized,1,11.0,10.0,DoorDash Pickup,Card,Payment,Main Branch,Hobart,0.0
2026-06-12,Tteokbokki,Sides,2,27.5,12.5,Uber Eats,Card,Payment,Main Branch,Hobart,0.0
2026-06-12,12pc Korean Fried Wings,Fried Chicken,2,52.58,23.9,DoorDash,Card,Payment,Main Branch,Hobart,0.0
2026-06-12,Corn Cheese,Sides,1,10.89,9.9,DoorDash,Card,Payment,Main Branch,Hobart,0.0
2026-06-12,12pc Boneless Chicken,Fried Chicken,1,27.39,24.9,DoorDash,Card,Payment,Main Branch,Hobart,0.0
2026-06-12,6pc Boneless Chicken,Fried Chicken,2,25.52,14.5,DoorDash,Card,Payment,Main Branch,Hobart,0.0
2026-06-12,Coke,Beverages,1,3.08,3.5,DoorDash Pickup,Card,Payment,Main Branch,Hobart,0.0
2026-06-13,Kimchi Fried Rice,Rice Bowls,2,34.98,15.9,Uber Eats,Card,Payment,Main Branch,Hobart,0.0
2026-06-13,Tteokbokki,Sides,1,13.75,12.5,Uber Eats,Card,Payment,Main Branch,Hobart,0.0
2026-06-13,TK Boneless Chicken,Fried Chicken,2,62.7,28.5,Uber Eats,Card,Payment,Main Branch,Hobart,0.0
2026-06-13,TK Boneless Chicken,Fried Chicken,1,31.35,28.5,Register,Card,Payment,Main Branch,Hobart,0.0
2026-06-13,Tteokbokki,Sides,2,24.75,12.5,Uber Eats,Card,Payment,Main Branch,Hobart,0.0
2026-06-13,TK Boneless Chicken,Fried Chicken,1,31.35,28.5,Uber Eats,Card,Payment,Main Branch,Hobart,0.0
2026-06-13,12pc Boneless Chicken,Fried Chicken,1,21.91,24.9,Uber Eats,Card,Payment,Main Branch,Hobart,0.0
2026-06-13,12pc Boneless Chicken,Fried Chicken,3,82.17,24.9,Register,Card,Payment,Main Branch,Hobart,0.0
2026-06-13,Yangnyeom Chicken,Fried Chicken,2,57.2,26.0,DoorDash,Card,Payment,Main Branch,Hobart,0.0
2026-06-13,TK Boneless Chicken,Fried Chicken,2,62.7,28.5,DoorDash,Card,Payment,Main Branch,Hobart,0.0
2026-06-13,Kimchi Fried Rice,Rice Bowls,1,17.49,15.9,Register,Cash,Payment,Main Branch,Hobart,0.0
2026-06-13,Corn Cheese,Sides,2,21.78,9.9,DoorDash,Card,Payment,Main Branch,Hobart,0.0
2026-06-13,TK Boneless Chicken,Fried Chicken,3,94.05,28.5,Register,Card,Payment,Main Branch,Hobart,0.0
2026-06-13,18pc Korean Fried Wings,Fried Chicken,2,71.5,32.5,Register,Card,Payment,Main Branch,Hobart,0.0
2026-06-13,6pc Boneless Chicken,Fried Chicken,1,15.95,14.5,Register,Cash,Payment,Main Branch,Hobart,0.0
2026-06-13,Kimchi Pancake,Sides,2,29.7,13.5,Register,Cash,Payment,Main Branch,Hobart,0.0
2026-06-13,12pc Korean Fried Wings,Fried Chicken,1,26.29,23.9,Register,Cash,Payment,Main Branch,Hobart,0.0
2026-06-13,Sprite,Beverages,1,3.85,3.5,Register,Cash,Payment,Main Branch,Hobart,0.0
2026-06-13,Yangnyeom Chicken,Fried Chicken,1,28.6,26.0,Register,Cash,Payment,Main Branch,Hobart,0.0
2026-06-13,Korean Iced Tea,Beverages,2,9.9,4.5,DoorDash,Card,Payment,Main Branch,Hobart,0.0
2026-06-13,TK Boneless Chicken,Fried Chicken,3,94.05,28.5,Register,Cash,Payment,Main Branch,Hobart,0.0
2026-06-13,Bibimbap,Rice Bowls,1,19.25,17.5,DoorDash,Card,Payment,Main Branch,Hobart,0.0
2026-06-13,Custom Amount,Uncategorized,1,11.0,10.0,Register,Cash,Payment,Main Branch,Hobart,0.0
2026-06-13,6pc Boneless Chicken,Fried Chicken,2,31.9,14.5,Square Online,Card,Payment,Main Branch,Hobart,0.0
2026-06-13,Coke,Beverages,1,3.08,3.5,Register,Cash,Payment,Main Branch,Hobart,0.0
2026-06-13,TK Boneless Chicken,Fried Chicken,1,31.35,28.5,DoorDash,Card,Payment,Main Branch,Hobart,0.0
2026-06-13,Kimchi Fried Rice,Rice Bowls,1,17.49,15.9,DoorDash,Card,Payment,Main Branch,Hobart,0.0
2026-06-13,Bulgogi Beef Bowl,Rice Bowls,2,42.9,19.5,DoorDash,Card,Payment,Main Branch,Hobart,0.0
2026-06-13,TK Boneless Chicken,Fried Chicken,2,62.7,28.5,DoorDash,Card,Payment,Main Branch,Hobart,0.0
2026-06-13,Fries,Sides,1,6.43,6.5,Register,Cash,Payment,Main Branch,Hobart,0.0
2026-06-13,12pc Boneless Chicken,Fried Chicken,2,54.78,24.9,Register,Cash,Payment,Main Branch,Hobart,0.0
2026-06-13,Korean Iced Tea,Beverages,1,4.95,4.5,Register,Cash,Payment,Main Branch,Hobart,0.0
2026-06-13,Tteokbokki,Sides,1,13.75,12.5,Register,Cash,Payment,Main Branch,Hobart,0.0
2026-06-13,12pc Boneless Chicken,Fried Chicken,2,54.78,24.9,Register,Cash,Payment,Main Branch,Hobart,0.0
2026-06-13,Fries,Sides,1,7.15,6.5,Register,Cash,Payment,Main Branch,Hobart,0.0
2026-06-13,TK Boneless Chicken,Fried Chicken,2,62.7,28.5,Register,Cash,Payment,Main Branch,Hobart,0.0
2026-06-13,Bulgogi Beef Bowl,Rice Bowls,1,21.45,19.5,Register,Card,Payment,Main Branch,Hobart,0.0
2026-06-13,Soju (Fri-Sat),Beverages,2,26.4,12.0,Register,Cash,Payment,Main Branch,Hobart,0.0
2026-06-13,12pc Boneless Chicken,Fried Chicken,1,24.65,24.9,Register,Cash,Payment,Main Branch,Hobart,0.0
2026-06-13,Korean Iced Tea,Beverages,1,4.2,4.5,Register,Cash,Payment,Main Branch,Hobart,0.0
2026-06-13,TK Boneless Chicken,Fried Chicken,1,25.08,28.5,Register,Cash,Payment,Main Branch,Hobart,0.0
2026-06-13,Bingsu,Desserts,1,13.09,11.9,Register,Cash,Payment,Main Branch,Hobart,0.0
2026-06-13,Tteokbokki,Sides,1,13.75,12.5,Uber Eats,Card,Payment,Main Branch,Hobart,0.0
2026-06-13,12pc Boneless Chicken,Fried Chicken,2,54.78,24.9,Square Online,Card,Payment,Main Branch,Hobart,0.0
2026-06-13,Kimchi Fried Rice,Rice Bowls,1,17.49,15.9,Square Online,Card,Payment,Main Branch,Hobart,0.0
2026-06-13,Coke,Beverages,1,3.47,3.5,Uber Eats,Card,Payment,Main Branch,Hobart,0.0
2026-06-13,Soju (Fri-Sat),Beverages,1,13.2,12.0,Register,Cash,Payment,Main Branch,Hobart,0.0
2026-06-13,Kimchi Pancake,Sides,1,14.85,13.5,Register,Card,Payment,Main Branch,Hobart,0.0
2026-06-13,Yangnyeom Chicken,Fried Chicken,1,28.6,26.0,Register,Cash,Payment,Main Branch,Hobart,0.0
2026-06-13,Spicy Pork Bowl,Rice Bowls,1,20.79,18.9,Uber Eats,Card,Payment,Main Branch,Hobart,0.0
2026-06-13,6pc Boneless Chicken,Fried Chicken,1,15.95,14.5,Uber Eats,Card,Payment,Main Branch,Hobart,0.0
2026-06-13,Corn Cheese,Sides,1,10.89,9.9,Register,Cash,Payment,Main Branch,Hobart,0.0
2026-06-13,Kimchi Fried Rice,Rice Bowls,1,17.49,15.9,Register,Cash,Payment,Main Branch,Hobart,0.0
2026-06-13,Korean Iced Tea,Beverages,1,4.95,4.5,Register,Card,Payment,Main Branch,Hobart,0.0
2026-06-13,12pc Korean Fried Wings,Fried Chicken,2,52.58,23.9,Uber Eats,Card,Payment,Main Branch,Hobart,0.0
2026-06-13,Soju (Fri-Sat),Beverages,2,26.4,12.0,Register,Card,Payment,Main Branch,Hobart,0.0
2026-06-13,Sprite,Beverages,1,3.47,3.5,Uber Eats,Card,Payment,Main Branch,Hobart,0.0
2026-06-13,Fries,Sides,1,7.15,6.5,Square Online,Card,Payment,Main Branch,Hobart,0.0
2026-06-13,12pc Korean Fried Wings,Fried Chicken,1,26.29,23.9,Square Online,Card,Payment,Main Branch,Hobart,0.0
2026-06-13,Coke,Beverages,1,3.85,3.5,Square Online,Card,Payment,Main Branch,Hobart,0.0
2026-06-13,12pc Boneless Chicken,Fried Chicken,2,43.82,24.9,Uber Eats,Card,Payment,Main Branch,Hobart,0.0
2026-06-13,Yangnyeom Chicken,Fried Chicken,1,28.6,26.0,Register,Card,Payment,Main Branch,Hobart,0.0
2026-06-13,Spicy Pork Bowl,Rice Bowls,1,18.71,18.9,Register,Card,Payment,Main Branch,Hobart,0.0
2026-06-13,TK Boneless Chicken,Fried Chicken,1,31.35,28.5,Register,Card,Payment,Main Branch,Hobart,0.0
2026-06-13,18pc Korean Fried Wings,Fried Chicken,3,107.25,32.5,Register,Card,Payment,Main Branch,Hobart,0.0
2026-06-13,Soju (Fri-Sat),Beverages,1,13.2,12.0,Register,Cash,Payment,Main Branch,Hobart,0.0
2026-06-13,Kimchi Fried Rice,Rice Bowls,1,17.49,15.9,Register,Cash,Payment,Main Branch,Hobart,0.0
2026-06-13,Bulgogi Beef Bowl,Rice Bowls,1,21.45,19.5,Register,Cash,Payment,Main Branch,Hobart,0.0
2026-06-13,12pc Boneless Chicken,Fried Chicken,1,27.39,24.9,Register,Cash,Payment,Main Branch,Hobart,0.0
2026-06-13,6pc Boneless Chicken,Fried Chicken,2,31.9,14.5,Register,Cash,Payment,Main Branch,Hobart,0.0
2026-06-13,Tteokbokki,Sides,1,13.75,12.5,Register,Cash,Payment,Main Branch,Hobart,0.0
2026-06-13,TK Boneless Chicken,Fried Chicken,2,62.7,28.5,Uber Eats,Card,Payment,Main Branch,Hobart,0.0
2026-06-13,12pc Korean Fried Wings,Fried Chicken,2,52.58,23.9,Uber Eats,Card,Payment,Main Branch,Hobart,0.0
2026-06-13,Kimchi Pancake,Sides,1,14.85,13.5,DoorDash Pickup,Card,Payment,Main Branch,Hobart,0.0
2026-06-13,Sprite,Beverages,1,3.85,3.5,Register,Cash,Payment,Main Branch,Hobart,0.0
2026-06-13,12pc Korean Fried Wings,Fried Chicken,3,78.87,23.9,DoorDash Pickup,Card,Payment,Main Branch,Hobart,0.0
2026-06-13,Custom Amount,Uncategorized,1,11.0,10.0,DoorDash Pickup,Card,Payment,Main Branch,Hobart,0.0
2026-06-13,Sprite,Beverages,1,3.85,3.5,DoorDash,Card,Payment,Main Branch,Hobart,0.0
2026-06-13,12pc Boneless Chicken,Fried Chicken,1,21.91,24.9,DoorDash,Card,Payment,Main Branch,Hobart,0.0
2026-06-13,Bibimbap,Rice Bowls,1,19.25,17.5,DoorDash,Card,Payment,Main Branch,Hobart,0.0
2026-06-13,Fries,Sides,2,14.3,6.5,Register,Card,Payment,Main Branch,Hobart,0.0
2026-06-13,6pc Boneless Chicken,Fried Chicken,1,12.76,14.5,Register,Card,Payment,Main Branch,Hobart,0.0
2026-06-13,Spicy Pork Bowl,Rice Bowls,1,20.79,18.9,Register,Cash,Payment,Main Branch,Hobart,0.0
2026-06-13,18pc Korean Fried Wings,Fried Chicken,1,35.75,32.5,Register,Cash,Payment,Main Branch,Hobart,0.0
2026-06-13,Korean Iced Tea,Beverages,1,4.95,4.5,DoorDash,Card,Payment,Main Branch,Hobart,0.0
2026-06-13,Coke,Beverages,2,6.16,3.5,DoorDash,Card,Payment,Main Branch,Hobart,0.0
2026-06-13,Kimchi Fried Rice,Rice Bowls,1,17.49,15.9,Square Online,Card,Payment,Main Branch,Hobart,0.0
2026-06-13,6pc Boneless Chicken,Fried Chicken,1,15.95,14.5,DoorDash,Card,Payment,Main Branch,Hobart,0.0
2026-06-13,Kimchi Fried Rice,Rice Bowls,2,34.98,15.9,DoorDash,Card,Payment,Main Branch,Hobart,0.0
2026-06-13,Yangnyeom Chicken,Fried Chicken,1,28.6,26.0,Register,Card,Payment,Main Branch,Hobart,0.0
2026-06-13,Kimchi Pancake,Sides,1,13.37,13.5,Register,Card,Payment,Main Branch,Hobart,0.0
2026-06-13,18pc Korean Fried Wings,Fried Chicken,1,32.18,32.5,Register,Card,Payment,Main Branch,Hobart,0.0
2026-06-13,6pc Boneless Chicken,Fried Chicken,1,15.95,14.5,Register,Card,Payment,Main Branch,Hobart,0.0
2026-06-13,Soju (Fri-Sat),Beverages,1,13.2,12.0,Register,Cash,Payment,Main Branch,Hobart,0.0
2026-06-13,Coke,Beverages,2,7.7,3.5,Uber Eats,Card,Payment,Main Branch,Hobart,0.0
2026-06-13,Fries,Sides,1,5.72,6.5,Register,Card,Payment,Main Branch,Hobart,0.0
2026-06-13,12pc Korean Fried Wings,Fried Chicken,2,52.58,23.9,Register,Card,Payment,Main Branch,Hobart,0.0
2026-06-13,Sprite,Beverages,3,11.55,3.5,Register,Card,Payment,Main Branch,Hobart,0.0
2026-06-14,Fries,Sides,1,7.15,6.5,Uber Eats,Card,Payment,Main Branch,Hobart,0.0
2026-06-14,Tteokbokki,Sides,1,13.75,12.5,Uber Eats,Card,Payment,Main Branch,Hobart,0.0
2026-06-14,Korean Iced Tea,Beverages,1,4.46,4.5,Uber Eats,Card,Payment,Main Branch,Hobart,0.0
2026-06-14,6pc Boneless Chicken,Fried Chicken,3,47.85,14.5,Register,Card,Payment,Main Branch,Hobart,0.0
2026-06-14,Soju (Fri-Sat),Beverages,1,11.22,12.0,Register,Cash,Payment,Main Branch,Hobart,0.0
2026-06-14,Corn Cheese,Sides,1,10.89,9.9,Register,Cash,Payment,Main Branch,Hobart,0.0
2026-06-14,TK Boneless Chicken,Fried Chicken,2,62.7,28.5,Uber Eats,Card,Payment,Main Branch,Hobart,0.0
2026-06-14,Bulgogi Beef Bowl,Rice Bowls,2,42.9,19.5,Register,Card,Payment,Main Branch,Hobart,0.0
2026-06-14,TK Boneless Chicken,Fried Chicken,2,62.7,28.5,Register,Cash,Payment,Main Branch,Hobart,0.0
2026-06-14,18pc Korean Fried Wings,Fried Chicken,1,30.38,32.5,Register,Card,Payment,Main Branch,Hobart,0.0
2026-06-14,18pc Korean Fried Wings,Fried Chicken,2,71.5,32.5,Register,Card,Payment,Main Branch,Hobart,0.0
2026-06-14,Bibimbap,Rice Bowls,1,19.25,17.5,Register,Card,Payment,Main Branch,Hobart,0.0
2026-06-14,Coke,Beverages,1,3.85,3.5,Register,Card,Payment,Main Branch,Hobart,0.0
2026-06-14,TK Boneless Chicken,Fried Chicken,2,62.7,28.5,Square Online,Card,Payment,Main Branch,Hobart,0.0
2026-06-14,Yangnyeom Chicken,Fried Chicken,1,28.6,26.0,Register,Card,Payment,Main Branch,Hobart,0.0
2026-06-14,12pc Korean Fried Wings,Fried Chicken,1,26.29,23.9,Register,Cash,Payment,Main Branch,Hobart,0.0
2026-06-14,Tteokbokki,Sides,2,27.5,12.5,Square Online,Card,Payment,Main Branch,Hobart,0.0
2026-06-14,12pc Boneless Chicken,Fried Chicken,2,54.78,24.9,DoorDash,Card,Payment,Main Branch,Hobart,0.0
2026-06-14,Kimchi Pancake,Sides,2,29.7,13.5,DoorDash,Card,Payment,Main Branch,Hobart,0.0
2026-06-14,Coke,Beverages,3,11.55,3.5,Register,Cash,Payment,Main Branch,Hobart,0.0
2026-06-14,Yangnyeom Chicken,Fried Chicken,2,57.2,26.0,Register,Cash,Payment,Main Branch,Hobart,0.0
2026-06-14,12pc Korean Fried Wings,Fried Chicken,1,26.29,23.9,Uber Eats,Card,Payment,Main Branch,Hobart,0.0
2026-06-14,Coke,Beverages,2,7.7,3.5,Uber Eats,Card,Payment,Main Branch,Hobart,0.0
2026-06-14,Korean Iced Tea,Beverages,1,4.95,4.5,Uber Eats,Card,Payment,Main Branch,Hobart,0.0
2026-06-14,Tteokbokki,Sides,2,24.75,12.5,Uber Eats,Card,Payment,Main Branch,Hobart,0.0
2026-06-14,Kimchi Fried Rice,Rice Bowls,1,17.49,15.9,Uber Eats,Card,Payment,Main Branch,Hobart,0.0
2026-06-14,Korean Iced Tea,Beverages,1,4.95,4.5,DoorDash,Card,Payment,Main Branch,Hobart,0.0
2026-06-14,Kimchi Pancake,Sides,1,14.85,13.5,DoorDash,Card,Payment,Main Branch,Hobart,0.0
2026-06-14,Coke,Beverages,1,3.85,3.5,Register,Cash,Payment,Main Branch,Hobart,0.0
2026-06-14,Spicy Pork Bowl,Rice Bowls,1,18.71,18.9,DoorDash Pickup,Cash,Payment,Main Branch,Hobart,0.0
2026-06-14,Bibimbap,Rice Bowls,2,38.5,17.5,Register,Cash,Payment,Main Branch,Hobart,0.0
2026-06-14,6pc Boneless Chicken,Fried Chicken,1,15.95,14.5,DoorDash,Card,Payment,Main Branch,Hobart,0.0
2026-06-14,12pc Korean Fried Wings,Fried Chicken,1,26.29,23.9,DoorDash,Card,Payment,Main Branch,Hobart,0.0
2026-06-14,Yangnyeom Chicken,Fried Chicken,1,28.6,26.0,DoorDash,Card,Payment,Main Branch,Hobart,0.0
2026-06-14,Fries,Sides,2,14.3,6.5,DoorDash,Card,Payment,Main Branch,Hobart,0.0
2026-06-14,Sprite,Beverages,1,3.08,3.5,DoorDash,Card,Payment,Main Branch,Hobart,0.0
2026-06-14,Fries,Sides,1,7.15,6.5,Square Online,Card,Payment,Main Branch,Hobart,0.0
2026-06-14,Sprite,Beverages,2,7.7,3.5,Register,Card,Payment,Main Branch,Hobart,0.0
2026-06-14,12pc Korean Fried Wings,Fried Chicken,2,52.58,23.9,Register,Cash,Payment,Main Branch,Hobart,0.0
2026-06-14,Bibimbap,Rice Bowls,1,19.25,17.5,Register,Card,Payment,Main Branch,Hobart,0.0
2026-06-14,Bulgogi Beef Bowl,Rice Bowls,3,64.35,19.5,Uber Eats,Card,Payment,Main Branch,Hobart,0.0
2026-06-14,Soju (Fri-Sat),Beverages,1,13.2,12.0,DoorDash,Card,Payment,Main Branch,Hobart,0.0
2026-06-14,12pc Boneless Chicken,Fried Chicken,1,21.91,24.9,DoorDash,Card,Payment,Main Branch,Hobart,0.0
2026-06-14,Sprite,Beverages,3,11.55,3.5,DoorDash,Card,Payment,Main Branch,Hobart,0.0
2026-06-14,Bulgogi Beef Bowl,Rice Bowls,1,21.45,19.5,Uber Eats,Card,Payment,Main Branch,Hobart,0.0
2026-06-14,Custom Amount,Uncategorized,1,11.0,10.0,Uber Eats,Card,Payment,Main Branch,Hobart,0.0
2026-06-14,12pc Boneless Chicken,Fried Chicken,2,54.78,24.9,Uber Eats,Card,Payment,Main Branch,Hobart,0.0
2026-06-14,Tteokbokki,Sides,1,13.75,12.5,Uber Eats,Card,Payment,Main Branch,Hobart,0.0
2026-06-14,Sprite,Beverages,2,7.7,3.5,Register,Cash,Payment,Main Branch,Hobart,0.0
2026-06-14,Soju (Fri-Sat),Beverages,2,26.4,12.0,Register,Cash,Payment,Main Branch,Hobart,0.0
2026-06-14,12pc Boneless Chicken,Fried Chicken,2,54.78,24.9,Register,Cash,Payment,Main Branch,Hobart,0.0
2026-06-14,Coke,Beverages,2,7.7,3.5,DoorDash,Card,Payment,Main Branch,Hobart,0.0
2026-06-14,Kimchi Fried Rice,Rice Bowls,1,17.49,15.9,DoorDash,Card,Payment,Main Branch,Hobart,0.0
2026-06-14,6pc Boneless Chicken,Fried Chicken,1,15.95,14.5,DoorDash,Card,Payment,Main Branch,Hobart,0.0
2026-06-14,Korean Iced Tea,Beverages,2,9.9,4.5,DoorDash,Card,Payment,Main Branch,Hobart,0.0
2026-06-14,Corn Cheese,Sides,2,21.78,9.9,Register,Card,Payment,Main Branch,Hobart,0.0
2026-06-14,Kimchi Fried Rice,Rice Bowls,1,17.49,15.9,Register,Cash,Payment,Main Branch,Hobart,0.0
2026-06-14,Kimchi Fried Rice,Rice Bowls,2,34.98,15.9,Uber Eats,Card,Payment,Main Branch,Hobart,0.0
2026-06-14,Fries,Sides,1,7.15,6.5,Square Online,Card,Payment,Main Branch,Hobart,0.0
2026-06-14,Coke,Beverages,1,3.85,3.5,Uber Eats,Card,Payment,Main Branch,Hobart,0.0
2026-06-14,12pc Korean Fried Wings,Fried Chicken,-1,-26.29,23.9,Register,Cash,Refund,Main Branch,Hobart,0.0
2026-06-14,Corn Cheese,Sides,2,21.78,9.9,Uber Eats,Card,Payment,Main Branch,Hobart,0.0
2026-06-14,Yangnyeom Chicken,Fried Chicken,2,57.2,26.0,Register,Cash,Payment,Main Branch,Hobart,0.0
2026-06-14,Spicy Pork Bowl,Rice Bowls,1,17.68,18.9,Register,Cash,Payment,Main Branch,Hobart,0.0
2026-06-14,Kimchi Pancake,Sides,1,14.85,13.5,Register,Cash,Payment,Main Branch,Hobart,0.0
2026-06-14,18pc Korean Fried Wings,Fried Chicken,1,35.75,32.5,Uber Eats,Card,Payment,Main Branch,Hobart,0.0
2026-06-14,Sprite,Beverages,1,3.85,3.5,Uber Eats,Card,Payment,Main Branch,Hobart,0.0
2026-06-14,Bulgogi Beef Bowl,Rice Bowls,2,42.9,19.5,Uber Eats,Card,Payment,Main Branch,Hobart,0.0
2026-06-14,TK Boneless Chicken,Fried Chicken,1,28.21,28.5,Uber Eats,Card,Payment,Main Branch,Hobart,0.0
2026-06-14,12pc Boneless Chicken,Fried Chicken,3,73.95,24.9,Uber Eats Pickup,Card,Payment,Main Branch,Hobart,0.0
2026-06-14,Bingsu,Desserts,2,26.18,11.9,Uber Eats Pickup,Card,Payment,Main Branch,Hobart,0.0
2026-06-14,Bingsu,Desserts,2,23.56,11.9,Register,Cash,Payment,Main Branch,Hobart,0.0
2026-06-14,Soju (Fri-Sat),Beverages,2,26.4,12.0,Register,Cash,Payment,Main Branch,Hobart,0.0
2026-06-14,Kimchi Fried Rice,Rice Bowls,2,34.98,15.9,Register,Cash,Payment,Main Branch,Hobart,0.0
2026-06-14,12pc Korean Fried Wings,Fried Chicken,1,26.29,23.9,Uber Eats,Card,Payment,Main Branch,Hobart,0.0
2026-06-14,Spicy Pork Bowl,Rice Bowls,1,20.79,18.9,Uber Eats,Card,Payment,Main Branch,Hobart,0.0
2026-06-14,Spicy Pork Bowl,Rice Bowls,1,20.79,18.9,Uber Eats,Card,Payment,Main Branch,Hobart,0.0
2026-06-15,Bibimbap,Rice Bowls,2,38.5,17.5,Uber Eats,Card,Payment,Main Branch,Hobart,0.0
2026-06-15,Kimchi Pancake,Sides,1,12.63,13.5,DoorDash,Card,Payment,Main Branch,Hobart,0.0
2026-06-15,Coke,Beverages,1,3.85,3.5,DoorDash,Card,Payment,Main Branch,Hobart,0.0
2026-06-15,Fries,Sides,1,7.15,6.5,Uber Eats Pickup,Card,Payment,Main Branch,Hobart,0.0
2026-06-15,TK Boneless Chicken,Fried Chicken,1,31.35,28.5,Uber Eats,Card,Payment,Main Branch,Hobart,0.0
2026-06-15,18pc Korean Fried Wings,Fried Chicken,2,71.5,32.5,Uber Eats Pickup,Card,Payment,Main Branch,Hobart,0.0
2026-06-15,Bulgogi Beef Bowl,Rice Bowls,2,42.9,19.5,Uber Eats,Card,Payment,Main Branch,Hobart,0.0
2026-06-15,Tteokbokki,Sides,1,13.75,12.5,DoorDash,Card,Payment,Main Branch,Hobart,0.0
2026-06-15,12pc Boneless Chicken,Fried Chicken,1,23.29,24.9,Uber Eats Pickup,Card,Payment,Main Branch,Hobart,0.0
2026-06-15,6pc Boneless Chicken,Fried Chicken,2,31.9,14.5,DoorDash,Card,Payment,Main Branch,Hobart,0.0
2026-06-15,Korean Iced Tea,Beverages,1,4.95,4.5,Register,Card,Payment,Main Branch,Hobart,0.0
2026-06-15,18pc Korean Fried Wings,Fried Chicken,1,35.75,32.5,DoorDash Pickup,Card,Payment,Main Branch,Hobart,0.0
2026-06-15,Corn Cheese,Sides,2,21.78,9.9,DoorDash Pickup,Card,Payment,Main Branch,Hobart,0.0
2026-06-15,Kimchi Pancake,Sides,2,29.7,13.5,Register,Card,Payment,Main Branch,Hobart,0.0
2026-06-15,Sprite,Beverages,1,3.85,3.5,Register,Card,Payment,Main Branch,Hobart,0.0
2026-06-15,Custom Amount,Uncategorized,2,22.0,10.0,Square Online,Card,Payment,Main Branch,Hobart,0.0
2026-06-15,18pc Korean Fried Wings,Fried Chicken,1,35.75,32.5,Square Online,Card,Payment,Main Branch,Hobart,0.0
2026-06-15,Yangnyeom Chicken,Fried Chicken,2,57.2,26.0,Register,Cash,Payment,Main Branch,Hobart,0.0
2026-06-15,TK Boneless Chicken,Fried Chicken,1,31.35,28.5,Register,Card,Payment,Main Branch,Hobart,0.0
2026-06-15,Corn Cheese,Sides,2,21.78,9.9,Register,Card,Payment,Main Branch,Hobart,0.0
2026-06-15,Tteokbokki,Sides,1,13.75,12.5,Register,Card,Payment,Main Branch,Hobart,0.0
2026-06-15,TK Boneless Chicken,Fried Chicken,2,62.7,28.5,Uber Eats,Card,Payment,Main Branch,Hobart,0.0
2026-06-15,12pc Korean Fried Wings,Fried Chicken,2,52.58,23.9,DoorDash Pickup,Card,Payment,Main Branch,Hobart,0.0
2026-06-15,12pc Korean Fried Wings,Fried Chicken,1,26.29,23.9,Uber Eats,Card,Payment,Main Branch,Hobart,0.0
2026-06-15,12pc Boneless Chicken,Fried Chicken,3,65.74,24.9,DoorDash,Card,Payment,Main Branch,Hobart,0.0
2026-06-15,6pc Boneless Chicken,Fried Chicken,2,31.9,14.5,Uber Eats,Card,Payment,Main Branch,Hobart,0.0
2026-06-15,18pc Korean Fried Wings,Fried Chicken,1,35.75,32.5,Uber Eats,Card,Payment,Main Branch,Hobart,0.0
2026-06-15,18pc Korean Fried Wings,Fried Chicken,1,32.18,32.5,Uber Eats,Card,Payment,Main Branch,Hobart,0.0
2026-06-15,Tteokbokki,Sides,1,13.75,12.5,Uber Eats,Card,Payment,Main Branch,Hobart,0.0
2026-06-15,Tteokbokki,Sides,1,11.68,12.5,DoorDash,Card,Payment,Main Branch,Hobart,0.0
2026-06-15,TK Boneless Chicken,Fried Chicken,1,28.21,28.5,Register,Card,Payment,Main Branch,Hobart,0.0
2026-06-15,TK Boneless Chicken,Fried Chicken,1,31.35,28.5,Square Online,Card,Payment,Main Branch,Hobart,0.0
2026-06-15,Kimchi Fried Rice,Rice Bowls,1,17.49,15.9,Register,Cash,Payment,Main Branch,Hobart,0.0
2026-06-15,6pc Boneless Chicken,Fried Chicken,1,14.36,14.5,Register,Cash,Payment,Main Branch,Hobart,0.0
2026-06-15,Bulgogi Beef Bowl,Rice Bowls,1,21.45,19.5,Square Online,Card,Payment,Main Branch,Hobart,0.0
2026-06-15,Coke,Beverages,2,7.7,3.5,Square Online,Card,Payment,Main Branch,Hobart,0.0
2026-06-15,12pc Boneless Chicken,Fried Chicken,2,49.3,24.9,Uber Eats,Card,Payment,Main Branch,Hobart,0.0
2026-06-15,Fries,Sides,1,7.15,6.5,DoorDash,Card,Payment,Main Branch,Hobart,0.0
2026-06-15,12pc Korean Fried Wings,Fried Chicken,1,26.29,23.9,Square Online,Card,Payment,Main Branch,Hobart,0.0
2026-06-15,18pc Korean Fried Wings,Fried Chicken,2,71.5,32.5,DoorDash,Card,Payment,Main Branch,Hobart,0.0
2026-06-15,Bibimbap,Rice Bowls,1,19.25,17.5,DoorDash,Card,Payment,Main Branch,Hobart,0.0
2026-06-15,Corn Cheese,Sides,1,9.8,9.9,Register,Card,Payment,Main Branch,Hobart,0.0
2026-06-15,TK Boneless Chicken,Fried Chicken,2,62.7,28.5,Uber Eats,Card,Payment,Main Branch,Hobart,0.0
2026-06-15,Bulgogi Beef Bowl,Rice Bowls,1,21.45,19.5,Uber Eats,Card,Payment,Main Branch,Hobart,0.0
2026-06-15,TK Boneless Chicken,Fried Chicken,3,94.05,28.5,Uber Eats,Card,Payment,Main Branch,Hobart,0.0
2026-06-15,18pc Korean Fried Wings,Fried Chicken,1,35.75,32.5,DoorDash,Card,Payment,Main Branch,Hobart,0.0
2026-06-15,Spicy Pork Bowl,Rice Bowls,1,20.79,18.9,DoorDash,Card,Payment,Main Branch,Hobart,0.0
2026-06-15,Tteokbokki,Sides,1,12.37,12.5,Uber Eats,Card,Payment,Main Branch,Hobart,0.0
2026-06-16,Kimchi Fried Rice,Rice Bowls,2,34.98,15.9,Register,Card,Payment,Main Branch,Hobart,0.0
2026-06-16,Coke,Beverages,2,7.7,3.5,Uber Eats,Card,Payment,Main Branch,Hobart,0.0
2026-06-16,Kimchi Fried Rice,Rice Bowls,1,15.74,15.9,Uber Eats,Card,Payment,Main Branch,Hobart,0.0
2026-06-16,12pc Boneless Chicken,Fried Chicken,3,82.17,24.9,Uber Eats,Card,Payment,Main Branch,Hobart,0.0
2026-06-16,Coke,Beverages,1,3.85,3.5,Square Online,Card,Payment,Main Branch,Hobart,0.0
2026-06-16,Yangnyeom Chicken,Fried Chicken,1,28.6,26.0,Square Online,Card,Payment,Main Branch,Hobart,0.0
2026-06-16,Kimchi Pancake,Sides,1,14.85,13.5,Register,Card,Payment,Main Branch,Hobart,0.0
2026-06-16,Bulgogi Beef Bowl,Rice Bowls,2,38.61,19.5,Register,Card,Payment,Main Branch,Hobart,0.0
2026-06-16,Fries,Sides,1,7.15,6.5,Register,Cash,Payment,Main Branch,Hobart,0.0
2026-06-16,Bibimbap,Rice Bowls,1,19.25,17.5,Register,Card,Payment,Main Branch,Hobart,0.0
2026-06-16,Kimchi Pancake,Sides,2,29.7,13.5,DoorDash,Card,Payment,Main Branch,Hobart,0.0
2026-06-16,Sprite,Beverages,2,6.93,3.5,DoorDash,Card,Payment,Main Branch,Hobart,0.0
2026-06-16,Corn Cheese,Sides,2,21.78,9.9,Register,Card,Payment,Main Branch,Hobart,0.0
2026-06-16,Soju (Fri-Sat),Beverages,3,39.6,12.0,Uber Eats,Card,Payment,Main Branch,Hobart,0.0
2026-06-16,Kimchi Pancake,Sides,1,14.85,13.5,Register,Card,Payment,Main Branch,Hobart,0.0
2026-06-16,6pc Boneless Chicken,Fried Chicken,1,15.95,14.5,Register,Card,Payment,Main Branch,Hobart,0.0
2026-06-16,Yangnyeom Chicken,Fried Chicken,3,85.8,26.0,Register,Card,Payment,Main Branch,Hobart,0.0
2026-06-16,6pc Boneless Chicken,Fried Chicken,1,15.95,14.5,Uber Eats,Card,Payment,Main Branch,Hobart,0.0
2026-06-16,TK Boneless Chicken,Fried Chicken,2,62.7,28.5,Register,Cash,Payment,Main Branch,Hobart,0.0
2026-06-16,Bibimbap,Rice Bowls,2,38.5,17.5,Register,Card,Payment,Main Branch,Hobart,0.0
2026-06-16,6pc Boneless Chicken,Fried Chicken,1,15.95,14.5,Register,Cash,Payment,Main Branch,Hobart,0.0
2026-06-16,18pc Korean Fried Wings,Fried Chicken,1,35.75,32.5,Register,Card,Payment,Main Branch,Hobart,0.0
2026-06-16,Bulgogi Beef Bowl,Rice Bowls,1,19.31,19.5,Register,Card,Payment,Main Branch,Hobart,0.0
2026-06-16,TK Boneless Chicken,Fried Chicken,2,62.7,28.5,Register,Card,Payment,Main Branch,Hobart,0.0
2026-06-16,Korean Iced Tea,Beverages,1,4.95,4.5,Register,Card,Payment,Main Branch,Hobart,0.0
2026-06-16,Yangnyeom Chicken,Fried Chicken,1,28.6,26.0,Register,Card,Payment,Main Branch,Hobart,0.0
2026-06-16,Spicy Pork Bowl,Rice Bowls,1,20.79,18.9,Register,Card,Payment,Main Branch,Hobart,0.0
2026-06-16,12pc Boneless Chicken,Fried Chicken,1,27.39,24.9,Uber Eats Pickup,Cash,Payment,Main Branch,Hobart,0.0
2026-06-16,TK Boneless Chicken,Fried Chicken,1,31.35,28.5,Square Online,Card,Payment,Main Branch,Hobart,0.0
2026-06-16,Coke,Beverages,2,7.7,3.5,Register,Card,Payment,Main Branch,Hobart,0.0
2026-06-16,12pc Korean Fried Wings,Fried Chicken,1,26.29,23.9,Register,Card,Payment,Main Branch,Hobart,0.0
2026-06-16,Kimchi Fried Rice,Rice Bowls,1,17.49,15.9,Uber Eats Pickup,Cash,Payment,Main Branch,Hobart,0.0
2026-06-16,Soju (Fri-Sat),Beverages,1,13.2,12.0,Register,Card,Payment,Main Branch,Hobart,0.0
2026-06-16,12pc Korean Fried Wings,Fried Chicken,1,23.66,23.9,Uber Eats,Card,Payment,Main Branch,Hobart,0.0
2026-06-16,Korean Iced Tea,Beverages,2,9.9,4.5,Register,Card,Payment,Main Branch,Hobart,0.0
2026-06-16,Kimchi Fried Rice,Rice Bowls,1,17.49,15.9,Register,Cash,Payment,Main Branch,Hobart,0.0
2026-06-16,12pc Boneless Chicken,Fried Chicken,2,54.78,24.9,Register,Cash,Payment,Main Branch,Hobart,0.0
2026-06-16,12pc Korean Fried Wings,Fried Chicken,2,52.58,23.9,Register,Cash,Payment,Main Branch,Hobart,0.0
2026-06-16,Tteokbokki,Sides,2,27.5,12.5,Register,Cash,Payment,Main Branch,Hobart,0.0
2026-06-16,Spicy Pork Bowl,Rice Bowls,1,20.79,18.9,Register,Cash,Payment,Main Branch,Hobart,0.0
2026-06-16,Fries,Sides,1,7.15,6.5,Register,Card,Payment,Main Branch,Hobart,0.0
2026-06-17,Corn Cheese,Sides,1,10.89,9.9,Register,Card,Payment,Main Branch,Hobart,0.0
2026-06-17,Tteokbokki,Sides,1,13.75,12.5,Register,Card,Payment,Main Branch,Hobart,0.0
2026-06-17,Bibimbap,Rice Bowls,1,19.25,17.5,Square Online,Card,Payment,Main Branch,Hobart,0.0
2026-06-17,Bingsu,Desserts,1,13.09,11.9,Square Online,Card,Payment,Main Branch,Hobart,0.0
2026-06-17,Tteokbokki,Sides,2,27.5,12.5,Uber Eats,Card,Payment,Main Branch,Hobart,0.0
2026-06-17,12pc Korean Fried Wings,Fried Chicken,1,26.29,23.9,Register,Cash,Payment,Main Branch,Hobart,0.0
2026-06-17,12pc Boneless Chicken,Fried Chicken,2,54.78,24.9,Uber Eats,Card,Payment,Main Branch,Hobart,0.0
2026-06-17,Spicy Pork Bowl,Rice Bowls,1,20.79,18.9,Uber Eats Pickup,Cash,Payment,Main Branch,Hobart,0.0
2026-06-17,Sprite,Beverages,2,7.7,3.5,Square Online,Card,Payment,Main Branch,Hobart,0.0
2026-06-17,Corn Cheese,Sides,2,21.78,9.9,Uber Eats Pickup,Cash,Payment,Main Branch,Hobart,0.0
2026-06-17,Fries,Sides,1,7.15,6.5,DoorDash,Card,Payment,Main Branch,Hobart,0.0
2026-06-17,Kimchi Fried Rice,Rice Bowls,2,34.98,15.9,Uber Eats Pickup,Cash,Payment,Main Branch,Hobart,0.0
2026-06-17,Kimchi Fried Rice,Rice Bowls,3,52.47,15.9,Register,Card,Payment,Main Branch,Hobart,0.0
2026-06-17,Korean Iced Tea,Beverages,1,4.95,4.5,Register,Card,Payment,Main Branch,Hobart,0.0
2026-06-17,Korean Iced Tea,Beverages,1,4.95,4.5,Uber Eats,Card,Payment,Main Branch,Hobart,0.0
2026-06-17,Kimchi Pancake,Sides,1,14.85,13.5,DoorDash,Card,Payment,Main Branch,Hobart,0.0
2026-06-17,Bibimbap,Rice Bowls,1,15.4,17.5,DoorDash,Card,Payment,Main Branch,Hobart,0.0
2026-06-17,TK Boneless Chicken,Fried Chicken,1,31.35,28.5,DoorDash,Card,Payment,Main Branch,Hobart,0.0
2026-06-17,Bibimbap,Rice Bowls,2,30.8,17.5,DoorDash,Card,Payment,Main Branch,Hobart,0.0
2026-06-17,Kimchi Fried Rice,Rice Bowls,1,15.74,15.9,Uber Eats,Card,Payment,Main Branch,Hobart,0.0
2026-06-17,TK Boneless Chicken,Fried Chicken,-1,-26.64,28.5,Register,Cash,Refund,Main Branch,Hobart,0.0
2026-06-17,12pc Boneless Chicken,Fried Chicken,1,27.39,24.9,Uber Eats Pickup,Cash,Payment,Main Branch,Hobart,0.0
2026-06-17,12pc Korean Fried Wings,Fried Chicken,1,26.29,23.9,Square Online,Card,Payment,Main Branch,Hobart,0.0
2026-06-17,Coke,Beverages,2,7.7,3.5,Square Online,Card,Payment,Main Branch,Hobart,0.0
2026-06-17,Korean Iced Tea,Beverages,3,14.85,4.5,Register,Card,Payment,Main Branch,Hobart,0.0
2026-06-17,Fries,Sides,1,6.43,6.5,Register,Cash,Payment,Main Branch,Hobart,0.0
2026-06-17,TK Boneless Chicken,Fried Chicken,1,28.21,28.5,Register,Card,Payment,Main Branch,Hobart,0.0
2026-06-17,Yangnyeom Chicken,Fried Chicken,1,28.6,26.0,Square Online,Card,Payment,Main Branch,Hobart,0.0
2026-06-17,Spicy Pork Bowl,Rice Bowls,2,41.58,18.9,Register,Card,Payment,Main Branch,Hobart,0.0
2026-06-17,Tteokbokki,Sides,2,27.5,12.5,Register,Card,Payment,Main Branch,Hobart,0.0
2026-06-17,Fries,Sides,1,5.72,6.5,Uber Eats Pickup,Cash,Payment,Main Branch,Hobart,0.0
2026-06-17,Yangnyeom Chicken,Fried Chicken,1,28.6,26.0,Register,Card,Payment,Main Branch,Hobart,0.0
2026-06-17,Tteokbokki,Sides,1,12.37,12.5,Uber Eats Pickup,Card,Payment,Main Branch,Hobart,0.0
2026-06-17,12pc Boneless Chicken,Fried Chicken,1,27.39,24.9,Uber Eats Pickup,Card,Payment,Main Branch,Hobart,0.0
2026-06-17,12pc Korean Fried Wings,Fried Chicken,1,26.29,23.9,Square Online,Card,Payment,Main Branch,Hobart,0.0
2026-06-17,Fries,Sides,1,6.08,6.5,Register,Card,Payment,Main Branch,Hobart,0.0
2026-06-17,Sprite,Beverages,1,3.47,3.5,Square Online,Card,Payment,Main Branch,Hobart,0.0
2026-06-17,Tteokbokki,Sides,1,13.75,12.5,Square Online,Card,Payment,Main Branch,Hobart,0.0
2026-06-17,Korean Iced Tea,Beverages,2,9.9,4.5,Register,Cash,Payment,Main Branch,Hobart,0.0
2026-06-17,Coke,Beverages,2,6.93,3.5,Square Online,Card,Payment,Main Branch,Hobart,0.0
2026-06-17,Coke,Beverages,1,3.85,3.5,DoorDash,Card,Payment,Main Branch,Hobart,0.0
2026-06-17,TK Boneless Chicken,Fried Chicken,3,79.95,28.5,Square Online,Card,Payment,Main Branch,Hobart,0.0
2026-06-17,Spicy Pork Bowl,Rice Bowls,1,20.79,18.9,Square Online,Card,Payment,Main Branch,Hobart,0.0
2026-06-17,Bulgogi Beef Bowl,Rice Bowls,1,19.31,19.5,Square Online,Card,Payment,Main Branch,Hobart,0.0
2026-06-17,Korean Iced Tea,Beverages,2,8.91,4.5,Square Online,Card,Payment,Main Branch,Hobart,0.0
2026-06-17,Korean Iced Tea,Beverages,1,4.95,4.5,Register,Cash,Payment,Main Branch,Hobart,0.0
2026-06-18,Kimchi Fried Rice,Rice Bowls,1,17.49,15.9,Square Online,Card,Payment,Main Branch,Hobart,0.0
2026-06-18,Bingsu,Desserts,1,13.09,11.9,DoorDash Pickup,Card,Payment,Main Branch,Hobart,0.0
2026-06-18,Yangnyeom Chicken,Fried Chicken,2,57.2,26.0,DoorDash Pickup,Card,Payment,Main Branch,Hobart,0.0
2026-06-18,12pc Boneless Chicken,Fried Chicken,2,54.78,24.9,Register,Card,Payment,Main Branch,Hobart,0.0
2026-06-18,18pc Korean Fried Wings,Fried Chicken,3,91.17,32.5,Uber Eats,Card,Payment,Main Branch,Hobart,0.0
2026-06-18,6pc Boneless Chicken,Fried Chicken,1,15.95,14.5,Uber Eats,Card,Payment,Main Branch,Hobart,0.0
2026-06-18,Yangnyeom Chicken,Fried Chicken,1,24.31,26.0,Square Online,Card,Payment,Main Branch,Hobart,0.0
2026-06-18,Bulgogi Beef Bowl,Rice Bowls,2,42.9,19.5,DoorDash Pickup,Cash,Payment,Main Branch,Hobart,0.0
2026-06-18,Sprite,Beverages,1,3.85,3.5,DoorDash Pickup,Card,Payment,Main Branch,Hobart,0.0
2026-06-18,6pc Boneless Chicken,Fried Chicken,1,15.95,14.5,Square Online,Card,Payment,Main Branch,Hobart,0.0
2026-06-18,Tteokbokki,Sides,1,13.75,12.5,Square Online,Card,Payment,Main Branch,Hobart,0.0
2026-06-18,12pc Korean Fried Wings,Fried Chicken,2,52.58,23.9,Register,Card,Payment,Main Branch,Hobart,0.0
2026-06-18,Yangnyeom Chicken,Fried Chicken,1,28.6,26.0,Register,Card,Payment,Main Branch,Hobart,0.0
2026-06-18,Yangnyeom Chicken,Fried Chicken,2,57.2,26.0,Register,Card,Payment,Main Branch,Hobart,0.0
2026-06-18,Bulgogi Beef Bowl,Rice Bowls,1,21.45,19.5,Uber Eats,Card,Payment,Main Branch,Hobart,0.0
2026-06-18,TK Boneless Chicken,Fried Chicken,3,79.95,28.5,Register,Card,Payment,Main Branch,Hobart,0.0
2026-06-18,Bibimbap,Rice Bowls,1,15.4,17.5,DoorDash Pickup,Cash,Payment,Main Branch,Hobart,0.0
2026-06-18,Corn Cheese,Sides,3,32.67,9.9,Register,Cash,Payment,Main Branch,Hobart,0.0
2026-06-18,6pc Boneless Chicken,Fried Chicken,2,31.9,14.5,Uber Eats,Card,Payment,Main Branch,Hobart,0.0
2026-06-18,12pc Boneless Chicken,Fried Chicken,1,27.39,24.9,Square Online,Card,Payment,Main Branch,Hobart,0.0
2026-06-18,Coke,Beverages,1,3.85,3.5,Register,Cash,Payment,Main Branch,Hobart,0.0
2026-06-18,6pc Boneless Chicken,Fried Chicken,3,47.85,14.5,Register,Cash,Payment,Main Branch,Hobart,0.0
2026-06-18,Tteokbokki,Sides,2,27.5,12.5,Register,Cash,Payment,Main Branch,Hobart,0.0
2026-06-18,12pc Boneless Chicken,Fried Chicken,2,54.78,24.9,Uber Eats,Card,Payment,Main Branch,Hobart,0.0
2026-06-18,Korean Iced Tea,Beverages,2,8.42,4.5,Uber Eats,Card,Payment,Main Branch,Hobart,0.0
2026-06-18,Sprite,Beverages,1,3.85,3.5,Uber Eats,Card,Payment,Main Branch,Hobart,0.0
2026-06-18,12pc Korean Fried Wings,Fried Chicken,1,23.66,23.9,Register,Cash,Payment,Main Branch,Hobart,0.0
2026-06-18,Bulgogi Beef Bowl,Rice Bowls,1,21.45,19.5,Register,Cash,Payment,Main Branch,Hobart,0.0
2026-06-18,Sprite,Beverages,2,7.7,3.5,Register,Cash,Payment,Main Branch,Hobart,0.0
2026-06-18,Coke,Beverages,1,3.85,3.5,Register,Cash,Payment,Main Branch,Hobart,0.0
2026-06-18,18pc Korean Fried Wings,Fried Chicken,1,35.75,32.5,Uber Eats,Card,Payment,Main Branch,Hobart,0.0
2026-06-18,6pc Boneless Chicken,Fried Chicken,1,15.95,14.5,Uber Eats,Card,Payment,Main Branch,Hobart,0.0
2026-06-18,TK Boneless Chicken,Fried Chicken,1,31.35,28.5,Uber Eats,Card,Payment,Main Branch,Hobart,0.0
2026-06-18,Fries,Sides,1,6.43,6.5,Uber Eats,Card,Payment,Main Branch,Hobart,0.0
2026-06-18,Bibimbap,Rice Bowls,1,19.25,17.5,Square Online,Card,Payment,Main Branch,Hobart,0.0
2026-06-18,Bingsu,Desserts,1,13.09,11.9,Register,Cash,Payment,Main Branch,Hobart,0.0
2026-06-19,Kimchi Fried Rice,Rice Bowls,1,17.49,15.9,Uber Eats,Card,Payment,Main Branch,Hobart,0.0
2026-06-19,Bulgogi Beef Bowl,Rice Bowls,1,21.45,19.5,Register,Card,Payment,Main Branch,Hobart,0.0
2026-06-19,Bibimbap,Rice Bowls,3,57.75,17.5,Register,Cash,Payment,Main Branch,Hobart,0.0
2026-06-19,18pc Korean Fried Wings,Fried Chicken,1,35.75,32.5,Register,Cash,Payment,Main Branch,Hobart,0.0
2026-06-19,Bulgogi Beef Bowl,Rice Bowls,2,42.9,19.5,Register,Cash,Payment,Main Branch,Hobart,0.0
2026-06-19,12pc Boneless Chicken,Fried Chicken,1,27.39,24.9,Register,Cash,Payment,Main Branch,Hobart,0.0
2026-06-19,Korean Iced Tea,Beverages,1,4.95,4.5,Register,Card,Payment,Main Branch,Hobart,0.0
2026-06-19,Sprite,Beverages,1,3.27,3.5,Register,Card,Payment,Main Branch,Hobart,0.0
2026-06-19,TK Boneless Chicken,Fried Chicken,2,62.7,28.5,Register,Card,Payment,Main Branch,Hobart,0.0
2026-06-19,Soju (Fri-Sat),Beverages,-1,-11.88,12.0,Uber Eats,Card,Refund,Main Branch,Hobart,0.0
2026-06-19,6pc Boneless Chicken,Fried Chicken,-2,-31.9,14.5,Uber Eats,Card,Refund,Main Branch,Hobart,0.0
2026-06-19,Tteokbokki,Sides,1,11.0,12.5,Register,Cash,Payment,Main Branch,Hobart,0.0
2026-06-19,Spicy Pork Bowl,Rice Bowls,2,41.58,18.9,Register,Card,Payment,Main Branch,Hobart,0.0
2026-06-19,Bibimbap,Rice Bowls,1,19.25,17.5,Register,Card,Payment,Main Branch,Hobart,0.0
2026-06-19,Custom Amount,Uncategorized,1,11.0,10.0,Register,Card,Payment,Main Branch,Hobart,0.0
2026-06-19,Tteokbokki,Sides,1,13.75,12.5,Register,Card,Payment,Main Branch,Hobart,0.0
2026-06-19,Korean Iced Tea,Beverages,2,9.9,4.5,DoorDash,Card,Payment,Main Branch,Hobart,0.0
2026-06-19,6pc Boneless Chicken,Fried Chicken,1,15.95,14.5,Uber Eats,Card,Payment,Main Branch,Hobart,0.0
2026-06-19,Yangnyeom Chicken,Fried Chicken,-2,-57.2,26.0,Uber Eats,Card,Refund,Main Branch,Hobart,0.0
2026-06-19,6pc Boneless Chicken,Fried Chicken,1,14.36,14.5,Register,Card,Payment,Main Branch,Hobart,0.0
2026-06-19,Coke,Beverages,1,3.47,3.5,Register,Cash,Payment,Main Branch,Hobart,0.0
2026-06-19,Spicy Pork Bowl,Rice Bowls,1,20.79,18.9,DoorDash,Card,Payment,Main Branch,Hobart,0.0
2026-06-19,Spicy Pork Bowl,Rice Bowls,1,20.79,18.9,Uber Eats,Card,Payment,Main Branch,Hobart,0.0
2026-06-19,Soju (Fri-Sat),Beverages,2,26.4,12.0,Register,Card,Payment,Main Branch,Hobart,0.0
2026-06-19,18pc Korean Fried Wings,Fried Chicken,2,71.5,32.5,Register,Card,Payment,Main Branch,Hobart,0.0
2026-06-19,Kimchi Pancake,Sides,1,14.85,13.5,Register,Card,Payment,Main Branch,Hobart,0.0
2026-06-19,6pc Boneless Chicken,Fried Chicken,1,15.95,14.5,Register,Card,Payment,Main Branch,Hobart,0.0
2026-06-19,Custom Amount,Uncategorized,1,11.0,10.0,Uber Eats Pickup,Cash,Payment,Main Branch,Hobart,0.0
2026-06-19,TK Boneless Chicken,Fried Chicken,1,31.35,28.5,Uber Eats Pickup,Cash,Payment,Main Branch,Hobart,0.0
2026-06-19,12pc Korean Fried Wings,Fried Chicken,2,52.58,23.9,Uber Eats Pickup,Cash,Payment,Main Branch,Hobart,0.0
2026-06-19,Kimchi Pancake,Sides,2,29.7,13.5,DoorDash,Card,Payment,Main Branch,Hobart,0.0
2026-06-19,Korean Iced Tea,Beverages,1,4.95,4.5,DoorDash,Card,Payment,Main Branch,Hobart,0.0
2026-06-19,Sprite,Beverages,1,3.85,3.5,DoorDash,Card,Payment,Main Branch,Hobart,0.0
2026-06-19,Fries,Sides,1,7.15,6.5,Register,Cash,Payment,Main Branch,Hobart,0.0
2026-06-19,Corn Cheese,Sides,3,32.67,9.9,Register,Cash,Payment,Main Branch,Hobart,0.0
2026-06-19,Coke,Beverages,1,3.85,3.5,Register,Card,Payment,Main Branch,Hobart,0.0
2026-06-19,Kimchi Fried Rice,Rice Bowls,2,34.98,15.9,Register,Card,Payment,Main Branch,Hobart,0.0
2026-06-19,12pc Korean Fried Wings,Fried Chicken,2,52.58,23.9,Register,Card,Payment,Main Branch,Hobart,0.0
2026-06-19,Bingsu,Desserts,1,10.47,11.9,DoorDash,Card,Payment,Main Branch,Hobart,0.0
2026-06-19,Korean Iced Tea,Beverages,1,4.95,4.5,DoorDash,Card,Payment,Main Branch,Hobart,0.0
2026-06-19,6pc Boneless Chicken,Fried Chicken,2,31.9,14.5,DoorDash,Card,Payment,Main Branch,Hobart,0.0
2026-06-19,Corn Cheese,Sides,2,21.78,9.9,Uber Eats Pickup,Card,Payment,Main Branch,Hobart,0.0
2026-06-19,Fries,Sides,2,14.3,6.5,Uber Eats,Card,Payment,Main Branch,Hobart,0.0
2026-06-19,Sprite,Beverages,1,3.85,3.5,DoorDash,Card,Payment,Main Branch,Hobart,0.0
2026-06-19,Tteokbokki,Sides,1,13.75,12.5,Uber Eats,Card,Payment,Main Branch,Hobart,0.0
2026-06-19,TK Boneless Chicken,Fried Chicken,1,31.35,28.5,Uber Eats,Card,Payment,Main Branch,Hobart,0.0
2026-06-19,Fries,Sides,2,11.44,6.5,DoorDash,Card,Payment,Main Branch,Hobart,0.0
2026-06-19,12pc Boneless Chicken,Fried Chicken,2,54.78,24.9,DoorDash,Card,Payment,Main Branch,Hobart,0.0
2026-06-19,Kimchi Fried Rice,Rice Bowls,1,17.49,15.9,Register,Cash,Payment,Main Branch,Hobart,0.0
2026-06-19,Fries,Sides,2,14.3,6.5,Register,Cash,Payment,Main Branch,Hobart,0.0
2026-06-19,12pc Korean Fried Wings,Fried Chicken,2,52.58,23.9,Register,Cash,Payment,Main Branch,Hobart,0.0
2026-06-19,6pc Boneless Chicken,Fried Chicken,2,31.9,14.5,Register,Cash,Payment,Main Branch,Hobart,0.0
2026-06-19,Tteokbokki,Sides,2,27.5,12.5,DoorDash,Card,Payment,Main Branch,Hobart,0.0
2026-06-19,Fries,Sides,2,12.87,6.5,Register,Cash,Payment,Main Branch,Hobart,0.0
2026-06-19,12pc Boneless Chicken,Fried Chicken,1,27.39,24.9,DoorDash,Card,Payment,Main Branch,Hobart,0.0
2026-06-19,Sprite,Beverages,1,3.08,3.5,DoorDash,Card,Payment,Main Branch,Hobart,0.0
2026-06-19,TK Boneless Chicken,Fried Chicken,1,31.35,28.5,Register,Card,Payment,Main Branch,Hobart,0.0
2026-06-19,18pc Korean Fried Wings,Fried Chicken,2,71.5,32.5,Register,Cash,Payment,Main Branch,Hobart,0.0
2026-06-19,Yangnyeom Chicken,Fried Chicken,1,28.6,26.0,DoorDash,Card,Payment,Main Branch,Hobart,0.0
2026-06-19,Bulgogi Beef Bowl,Rice Bowls,1,21.45,19.5,DoorDash,Card,Payment,Main Branch,Hobart,0.0
2026-06-19,Spicy Pork Bowl,Rice Bowls,1,20.79,18.9,DoorDash,Card,Payment,Main Branch,Hobart,0.0
2026-06-19,Bingsu,Desserts,2,23.56,11.9,DoorDash,Card,Payment,Main Branch,Hobart,0.0
2026-06-19,Yangnyeom Chicken,Fried Chicken,1,28.6,26.0,Uber Eats,Card,Payment,Main Branch,Hobart,0.0
2026-06-19,Bulgogi Beef Bowl,Rice Bowls,3,64.35,19.5,DoorDash,Card,Payment,Main Branch,Hobart,0.0
2026-06-19,12pc Boneless Chicken,Fried Chicken,2,54.78,24.9,Register,Cash,Payment,Main Branch,Hobart,0.0
2026-06-19,Kimchi Pancake,Sides,2,29.7,13.5,DoorDash Pickup,Cash,Payment,Main Branch,Hobart,0.0
2026-06-19,Fries,Sides,2,12.16,6.5,Uber Eats,Card,Payment,Main Branch,Hobart,0.0
2026-06-19,18pc Korean Fried Wings,Fried Chicken,2,71.5,32.5,Uber Eats,Card,Payment,Main Branch,Hobart,0.0
2026-06-19,Soju (Fri-Sat),Beverages,2,26.4,12.0,Register,Cash,Payment,Main Branch,Hobart,0.0
2026-06-19,Sprite,Beverages,1,3.47,3.5,Uber Eats,Card,Payment,Main Branch,Hobart,0.0
2026-06-19,Bibimbap,Rice Bowls,1,19.25,17.5,Register,Card,Payment,Main Branch,Hobart,0.0
2026-06-19,Spicy Pork Bowl,Rice Bowls,2,41.58,18.9,Register,Card,Payment,Main Branch,Hobart,0.0
2026-06-19,Yangnyeom Chicken,Fried Chicken,1,24.31,26.0,DoorDash Pickup,Cash,Payment,Main Branch,Hobart,0.0
2026-06-19,Fries,Sides,2,14.3,6.5,DoorDash Pickup,Cash,Payment,Main Branch,Hobart,0.0
2026-06-19,Kimchi Fried Rice,Rice Bowls,1,17.49,15.9,Square Online,Card,Payment,Main Branch,Hobart,0.0
2026-06-19,12pc Korean Fried Wings,Fried Chicken,1,21.03,23.9,Square Online,Card,Payment,Main Branch,Hobart,0.0
2026-06-19,Coke,Beverages,1,3.85,3.5,Square Online,Card,Payment,Main Branch,Hobart,0.0
2026-06-19,6pc Boneless Chicken,Fried Chicken,1,15.95,14.5,DoorDash Pickup,Cash,Payment,Main Branch,Hobart,0.0
2026-06-19,Tteokbokki,Sides,2,27.5,12.5,Uber Eats,Card,Payment,Main Branch,Hobart,0.0
2026-06-19,12pc Boneless Chicken,Fried Chicken,1,27.39,24.9,Register,Card,Payment,Main Branch,Hobart,0.0
2026-06-19,6pc Boneless Chicken,Fried Chicken,1,15.95,14.5,Register,Card,Payment,Main Branch,Hobart,0.0
2026-06-19,TK Boneless Chicken,Fried Chicken,1,31.35,28.5,Uber Eats,Card,Payment,Main Branch,Hobart,0.0
2026-06-19,12pc Korean Fried Wings,Fried Chicken,1,26.29,23.9,DoorDash,Card,Payment,Main Branch,Hobart,0.0
2026-06-19,TK Boneless Chicken,Fried Chicken,1,31.35,28.5,DoorDash,Card,Payment,Main Branch,Hobart,0.0
2026-06-19,12pc Boneless Chicken,Fried Chicken,2,49.3,24.9,Uber Eats,Card,Payment,Main Branch,Hobart,0.0
2026-06-19,Bulgogi Beef Bowl,Rice Bowls,1,21.45,19.5,Square Online,Card,Payment,Main Branch,Hobart,0.0
2026-06-19,Sprite,Beverages,1,3.85,3.5,Uber Eats,Card,Payment,Main Branch,Hobart,0.0
2026-06-20,12pc Korean Fried Wings,Fried Chicken,3,63.1,23.9,Square Online,Card,Payment,Main Branch,Hobart,0.0
2026-06-20,Spicy Pork Bowl,Rice Bowls,3,62.37,18.9,Register,Cash,Payment,Main Branch,Hobart,0.0
2026-06-20,Custom Amount,Uncategorized,1,11.0,10.0,Register,Cash,Payment,Main Branch,Hobart,0.0
2026-06-20,Fries,Sides,1,7.15,6.5,Register,Cash,Payment,Main Branch,Hobart,0.0
2026-06-20,Coke,Beverages,1,3.27,3.5,DoorDash Pickup,Cash,Payment,Main Branch,Hobart,0.0
2026-06-20,6pc Boneless Chicken,Fried Chicken,2,28.71,14.5,Register,Card,Payment,Main Branch,Hobart,0.0
2026-06-20,12pc Boneless Chicken,Fried Chicken,1,27.39,24.9,DoorDash Pickup,Cash,Payment,Main Branch,Hobart,0.0
2026-06-20,Bingsu,Desserts,1,11.13,11.9,Square Online,Card,Payment,Main Branch,Hobart,0.0
2026-06-20,12pc Boneless Chicken,Fried Chicken,2,54.78,24.9,Register,Card,Payment,Main Branch,Hobart,0.0
2026-06-20,12pc Boneless Chicken,Fried Chicken,2,54.78,24.9,Square Online,Card,Payment,Main Branch,Hobart,0.0
2026-06-20,Bibimbap,Rice Bowls,1,19.25,17.5,Square Online,Card,Payment,Main Branch,Hobart,0.0
2026-06-20,Bulgogi Beef Bowl,Rice Bowls,1,21.45,19.5,Square Online,Card,Payment,Main Branch,Hobart,0.0
2026-06-20,12pc Boneless Chicken,Fried Chicken,1,27.39,24.9,Register,Card,Payment,Main Branch,Hobart,0.0
2026-06-20,Tteokbokki,Sides,1,11.68,12.5,Register,Card,Payment,Main Branch,Hobart,0.0
2026-06-20,Bingsu,Desserts,3,39.27,11.9,Register,Cash,Payment,Main Branch,Hobart,0.0
2026-06-20,TK Boneless Chicken,Fried Chicken,2,62.7,28.5,Register,Cash,Payment,Main Branch,Hobart,0.0
2026-06-20,Sprite,Beverages,1,3.85,3.5,Square Online,Card,Payment,Main Branch,Hobart,0.0
2026-06-20,18pc Korean Fried Wings,Fried Chicken,1,35.75,32.5,Square Online,Card,Payment,Main Branch,Hobart,0.0
2026-06-20,18pc Korean Fried Wings,Fried Chicken,1,35.75,32.5,DoorDash Pickup,Cash,Payment,Main Branch,Hobart,0.0
2026-06-20,TK Boneless Chicken,Fried Chicken,1,31.35,28.5,Register,Card,Payment,Main Branch,Hobart,0.0
2026-06-20,Sprite,Beverages,1,3.85,3.5,Register,Card,Payment,Main Branch,Hobart,0.0
2026-06-20,6pc Boneless Chicken,Fried Chicken,1,15.95,14.5,Register,Cash,Payment,Main Branch,Hobart,0.0
2026-06-20,Kimchi Pancake,Sides,1,14.85,13.5,Uber Eats,Card,Payment,Main Branch,Hobart,0.0
2026-06-20,Fries,Sides,1,6.08,6.5,Register,Card,Payment,Main Branch,Hobart,0.0
2026-06-20,12pc Boneless Chicken,Fried Chicken,2,54.78,24.9,Register,Card,Payment,Main Branch,Hobart,0.0
2026-06-20,Tteokbokki,Sides,2,27.5,12.5,Uber Eats,Card,Payment,Main Branch,Hobart,0.0
2026-06-20,Coke,Beverages,2,7.7,3.5,Square Online,Card,Payment,Main Branch,Hobart,0.0
2026-06-20,18pc Korean Fried Wings,Fried Chicken,2,71.5,32.5,Square Online,Card,Payment,Main Branch,Hobart,0.0
2026-06-20,Kimchi Fried Rice,Rice Bowls,1,17.49,15.9,Square Online,Card,Payment,Main Branch,Hobart,0.0
2026-06-20,Bulgogi Beef Bowl,Rice Bowls,1,21.45,19.5,Register,Card,Payment,Main Branch,Hobart,0.0
2026-06-20,Tteokbokki,Sides,1,13.75,12.5,Register,Card,Payment,Main Branch,Hobart,0.0
2026-06-20,Sprite,Beverages,3,11.55,3.5,Register,Card,Payment,Main Branch,Hobart,0.0
2026-06-20,18pc Korean Fried Wings,Fried Chicken,1,35.75,32.5,Register,Card,Payment,Main Branch,Hobart,0.0
2026-06-20,Tteokbokki,Sides,1,13.75,12.5,Register,Cash,Payment,Main Branch,Hobart,0.0
2026-06-20,Fries,Sides,1,7.15,6.5,Uber Eats Pickup,Card,Payment,Main Branch,Hobart,0.0
2026-06-20,Bingsu,Desserts,1,13.09,11.9,Uber Eats Pickup,Card,Payment,Main Branch,Hobart,0.0
2026-06-20,12pc Korean Fried Wings,Fried Chicken,2,52.58,23.9,DoorDash,Card,Payment,Main Branch,Hobart,0.0
2026-06-20,Kimchi Fried Rice,Rice Bowls,1,17.49,15.9,DoorDash,Card,Payment,Main Branch,Hobart,0.0
2026-06-20,Coke,Beverages,2,7.7,3.5,Register,Card,Payment,Main Branch,Hobart,0.0
2026-06-20,Kimchi Fried Rice,Rice Bowls,1,17.49,15.9,Register,Card,Payment,Main Branch,Hobart,0.0
2026-06-20,Bibimbap,Rice Bowls,3,57.75,17.5,DoorDash,Card,Payment,Main Branch,Hobart,0.0
2026-06-20,12pc Korean Fried Wings,Fried Chicken,3,78.87,23.9,DoorDash,Card,Payment,Main Branch,Hobart,0.0
2026-06-20,Korean Iced Tea,Beverages,1,4.95,4.5,Register,Card,Payment,Main Branch,Hobart,0.0
2026-06-20,Sprite,Beverages,1,3.47,3.5,Register,Card,Payment,Main Branch,Hobart,0.0
2026-06-20,12pc Boneless Chicken,Fried Chicken,1,27.39,24.9,Uber Eats Pickup,Card,Payment,Main Branch,Hobart,0.0
2026-06-20,Yangnyeom Chicken,Fried Chicken,3,77.22,26.0,Register,Card,Payment,Main Branch,Hobart,0.0
2026-06-20,TK Boneless Chicken,Fried Chicken,1,26.64,28.5,Register,Cash,Payment,Main Branch,Hobart,0.0
2026-06-20,12pc Korean Fried Wings,Fried Chicken,1,26.29,23.9,Register,Cash,Payment,Main Branch,Hobart,0.0
2026-06-20,Bibimbap,Rice Bowls,1,19.25,17.5,Register,Cash,Payment,Main Branch,Hobart,0.0
2026-06-20,Coke,Beverages,1,3.27,3.5,Uber Eats,Card,Payment,Main Branch,Hobart,0.0
2026-06-20,Yangnyeom Chicken,Fried Chicken,2,57.2,26.0,Uber Eats,Card,Payment,Main Branch,Hobart,0.0
2026-06-20,Korean Iced Tea,Beverages,1,4.95,4.5,Uber Eats,Card,Payment,Main Branch,Hobart,0.0
2026-06-20,Bulgogi Beef Bowl,Rice Bowls,1,21.45,19.5,DoorDash,Card,Payment,Main Branch,Hobart,0.0
2026-06-20,12pc Boneless Chicken,Fried Chicken,1,27.39,24.9,DoorDash,Card,Payment,Main Branch,Hobart,0.0
2026-06-20,Corn Cheese,Sides,2,21.78,9.9,DoorDash,Card,Payment,Main Branch,Hobart,0.0
2026-06-20,6pc Boneless Chicken,Fried Chicken,1,15.95,14.5,Register,Card,Payment,Main Branch,Hobart,0.0
2026-06-20,Bibimbap,Rice Bowls,1,19.25,17.5,Register,Card,Payment,Main Branch,Hobart,0.0
2026-06-20,TK Boneless Chicken,Fried Chicken,1,31.35,28.5,Uber Eats Pickup,Cash,Payment,Main Branch,Hobart,0.0
2026-06-20,Fries,Sides,2,14.3,6.5,Uber Eats Pickup,Cash,Payment,Main Branch,Hobart,0.0
2026-06-20,Bulgogi Beef Bowl,Rice Bowls,2,36.46,19.5,Register,Card,Payment,Main Branch,Hobart,0.0
2026-06-20,Korean Iced Tea,Beverages,2,9.9,4.5,Register,Card,Payment,Main Branch,Hobart,0.0
2026-06-20,Spicy Pork Bowl,Rice Bowls,2,41.58,18.9,DoorDash,Card,Payment,Main Branch,Hobart,0.0
2026-06-20,Coke,Beverages,1,3.85,3.5,DoorDash,Card,Payment,Main Branch,Hobart,0.0
2026-06-20,TK Boneless Chicken,Fried Chicken,3,94.05,28.5,Uber Eats,Card,Payment,Main Branch,Hobart,0.0
2026-06-20,Bulgogi Beef Bowl,Rice Bowls,1,21.45,19.5,Register,Cash,Payment,Main Branch,Hobart,0.0
2026-06-20,Kimchi Fried Rice,Rice Bowls,2,34.98,15.9,Register,Cash,Payment,Main Branch,Hobart,0.0
2026-06-20,12pc Korean Fried Wings,Fried Chicken,1,26.29,23.9,Register,Cash,Payment,Main Branch,Hobart,0.0
2026-06-20,Korean Iced Tea,Beverages,1,4.95,4.5,Register,Cash,Payment,Main Branch,Hobart,0.0
2026-06-20,Tteokbokki,Sides,2,27.5,12.5,Register,Card,Payment,Main Branch,Hobart,0.0
2026-06-20,Bibimbap,Rice Bowls,1,17.33,17.5,DoorDash,Card,Payment,Main Branch,Hobart,0.0
2026-06-20,Spicy Pork Bowl,Rice Bowls,1,20.79,18.9,Uber Eats,Card,Payment,Main Branch,Hobart,0.0
2026-06-20,12pc Boneless Chicken,Fried Chicken,1,24.65,24.9,Register,Card,Payment,Main Branch,Hobart,0.0
2026-06-20,12pc Korean Fried Wings,Fried Chicken,1,26.29,23.9,Square Online,Card,Payment,Main Branch,Hobart,0.0
2026-06-20,Tteokbokki,Sides,2,27.5,12.5,Square Online,Card,Payment,Main Branch,Hobart,0.0
2026-06-20,TK Boneless Chicken,Fried Chicken,1,26.64,28.5,Uber Eats,Card,Payment,Main Branch,Hobart,0.0
2026-06-20,12pc Boneless Chicken,Fried Chicken,3,82.17,24.9,Register,Cash,Payment,Main Branch,Hobart,0.0
2026-06-20,Kimchi Fried Rice,Rice Bowls,3,52.47,15.9,Register,Cash,Payment,Main Branch,Hobart,0.0
2026-06-20,TK Boneless Chicken,Fried Chicken,2,62.7,28.5,Uber Eats,Card,Payment,Main Branch,Hobart,0.0
2026-06-20,Bingsu,Desserts,1,13.09,11.9,Uber Eats,Card,Payment,Main Branch,Hobart,0.0
2026-06-20,12pc Boneless Chicken,Fried Chicken,1,27.39,24.9,Uber Eats,Card,Payment,Main Branch,Hobart,0.0
2026-06-20,Tteokbokki,Sides,1,13.75,12.5,Register,Cash,Payment,Main Branch,Hobart,0.0
2026-06-20,12pc Boneless Chicken,Fried Chicken,1,27.39,24.9,Register,Cash,Payment,Main Branch,Hobart,0.0
2026-06-20,Sprite,Beverages,3,9.24,3.5,Square Online,Card,Payment,Main Branch,Hobart,0.0
2026-06-20,TK Boneless Chicken,Fried Chicken,1,31.35,28.5,Register,Card,Payment,Main Branch,Hobart,0.0
2026-06-20,Kimchi Fried Rice,Rice Bowls,1,17.49,15.9,Uber Eats,Card,Payment,Main Branch,Hobart,0.0
2026-06-20,Yangnyeom Chicken,Fried Chicken,2,57.2,26.0,DoorDash Pickup,Card,Payment,Main Branch,Hobart,0.0
2026-06-20,TK Boneless Chicken,Fried Chicken,1,26.64,28.5,DoorDash Pickup,Card,Payment,Main Branch,Hobart,0.0
2026-06-20,12pc Korean Fried Wings,Fried Chicken,1,26.29,23.9,Uber Eats,Card,Payment,Main Branch,Hobart,0.0
2026-06-20,18pc Korean Fried Wings,Fried Chicken,2,71.5,32.5,DoorDash,Card,Payment,Main Branch,Hobart,0.0
2026-06-20,12pc Boneless Chicken,Fried Chicken,3,82.17,24.9,DoorDash,Card,Payment,Main Branch,Hobart,0.0
2026-06-20,12pc Boneless Chicken,Fried Chicken,1,27.39,24.9,Square Online,Card,Payment,Main Branch,Hobart,0.0
2026-06-20,12pc Boneless Chicken,Fried Chicken,1,27.39,24.9,DoorDash Pickup,Card,Payment,Main Branch,Hobart,0.0
2026-06-21,18pc Korean Fried Wings,Fried Chicken,1,35.75,32.5,DoorDash,Card,Payment,Main Branch,Hobart,0.0
2026-06-21,12pc Korean Fried Wings,Fried Chicken,1,26.29,23.9,DoorDash,Card,Payment,Main Branch,Hobart,0.0
2026-06-21,Bingsu,Desserts,1,13.09,11.9,DoorDash,Card,Payment,Main Branch,Hobart,0.0
2026-06-21,6pc Boneless Chicken,Fried Chicken,1,15.95,14.5,Register,Card,Payment,Main Branch,Hobart,0.0
2026-06-21,Tteokbokki,Sides,1,13.75,12.5,Register,Card,Payment,Main Branch,Hobart,0.0
2026-06-21,Yangnyeom Chicken,Fried Chicken,1,28.6,26.0,Uber Eats,Card,Payment,Main Branch,Hobart,0.0
2026-06-21,Soju (Fri-Sat),Beverages,2,26.4,12.0,DoorDash,Card,Payment,Main Branch,Hobart,0.0
2026-06-21,12pc Boneless Chicken,Fried Chicken,1,27.39,24.9,DoorDash,Card,Payment,Main Branch,Hobart,0.0
2026-06-21,Spicy Pork Bowl,Rice Bowls,2,41.58,18.9,DoorDash,Card,Payment,Main Branch,Hobart,0.0
2026-06-21,12pc Boneless Chicken,Fried Chicken,1,27.39,24.9,Uber Eats,Card,Payment,Main Branch,Hobart,0.0
2026-06-21,6pc Boneless Chicken,Fried Chicken,1,13.56,14.5,DoorDash,Card,Payment,Main Branch,Hobart,0.0
2026-06-21,12pc Korean Fried Wings,Fried Chicken,1,26.29,23.9,DoorDash,Card,Payment,Main Branch,Hobart,0.0
2026-06-21,Bingsu,Desserts,2,26.18,11.9,Uber Eats,Card,Payment,Main Branch,Hobart,0.0
2026-06-21,6pc Boneless Chicken,Fried Chicken,-2,-31.9,14.5,DoorDash,Card,Refund,Main Branch,Hobart,0.0
2026-06-21,18pc Korean Fried Wings,Fried Chicken,-2,-64.35,32.5,DoorDash,Card,Refund,Main Branch,Hobart,0.0
2026-06-21,Bulgogi Beef Bowl,Rice Bowls,-1,-21.45,19.5,DoorDash,Card,Refund,Main Branch,Hobart,0.0
2026-06-21,Korean Iced Tea,Beverages,-1,-4.95,4.5,DoorDash,Card,Refund,Main Branch,Hobart,0.0
2026-06-21,Kimchi Fried Rice,Rice Bowls,2,34.98,15.9,Uber Eats,Card,Payment,Main Branch,Hobart,0.0
2026-06-21,TK Boneless Chicken,Fried Chicken,1,31.35,28.5,Register,Cash,Payment,Main Branch,Hobart,0.0
2026-06-21,Sprite,Beverages,1,3.27,3.5,DoorDash,Card,Payment,Main Branch,Hobart,0.0
2026-06-21,Fries,Sides,1,7.15,6.5,Register,Card,Payment,Main Branch,Hobart,0.0
2026-06-21,12pc Korean Fried Wings,Fried Chicken,2,52.58,23.9,Register,Card,Payment,Main Branch,Hobart,0.0
2026-06-21,18pc Korean Fried Wings,Fried Chicken,1,35.75,32.5,Uber Eats Pickup,Card,Payment,Main Branch,Hobart,0.0
2026-06-21,Coke,Beverages,1,3.85,3.5,Uber Eats Pickup,Card,Payment,Main Branch,Hobart,0.0
2026-06-21,Tteokbokki,Sides,1,13.75,12.5,Register,Card,Payment,Main Branch,Hobart,0.0
2026-06-21,Yangnyeom Chicken,Fried Chicken,2,57.2,26.0,Register,Card,Payment,Main Branch,Hobart,0.0
2026-06-21,Corn Cheese,Sides,1,10.89,9.9,Register,Card,Payment,Main Branch,Hobart,0.0
2026-06-21,Kimchi Fried Rice,Rice Bowls,1,17.49,15.9,Uber Eats,Card,Payment,Main Branch,Hobart,0.0
2026-06-21,TK Boneless Chicken,Fried Chicken,1,31.35,28.5,DoorDash,Card,Payment,Main Branch,Hobart,0.0
2026-06-21,Bulgogi Beef Bowl,Rice Bowls,1,17.16,19.5,DoorDash,Card,Payment,Main Branch,Hobart,0.0
2026-06-21,12pc Boneless Chicken,Fried Chicken,1,27.39,24.9,Uber Eats,Card,Payment,Main Branch,Hobart,0.0
2026-06-21,Soju (Fri-Sat),Beverages,1,13.2,12.0,Uber Eats,Card,Payment,Main Branch,Hobart,0.0
2026-06-21,TK Boneless Chicken,Fried Chicken,1,31.35,28.5,Uber Eats,Card,Payment,Main Branch,Hobart,0.0
2026-06-21,18pc Korean Fried Wings,Fried Chicken,1,35.75,32.5,Register,Cash,Payment,Main Branch,Hobart,0.0
2026-06-21,Bibimbap,Rice Bowls,1,19.25,17.5,DoorDash,Card,Payment,Main Branch,Hobart,0.0
2026-06-21,Coke,Beverages,1,3.85,3.5,DoorDash,Card,Payment,Main Branch,Hobart,0.0
2026-06-21,12pc Korean Fried Wings,Fried Chicken,2,52.58,23.9,Square Online,Card,Payment,Main Branch,Hobart,0.0
2026-06-21,TK Boneless Chicken,Fried Chicken,1,26.64,28.5,Square Online,Card,Payment,Main Branch,Hobart,0.0
2026-06-21,Tteokbokki,Sides,1,13.75,12.5,Square Online,Card,Payment,Main Branch,Hobart,0.0
2026-06-21,Coke,Beverages,2,7.7,3.5,Register,Cash,Payment,Main Branch,Hobart,0.0
2026-06-21,Bulgogi Beef Bowl,Rice Bowls,1,21.45,19.5,Register,Card,Payment,Main Branch,Hobart,0.0
2026-06-21,Bulgogi Beef Bowl,Rice Bowls,1,21.45,19.5,Uber Eats Pickup,Card,Payment,Main Branch,Hobart,0.0
2026-06-22,Coke,Beverages,1,3.85,3.5,Register,Cash,Payment,Main Branch,Hobart,0.0
2026-06-22,12pc Boneless Chicken,Fried Chicken,1,27.39,24.9,Uber Eats Pickup,Card,Payment,Main Branch,Hobart,0.0
2026-06-22,Kimchi Fried Rice,Rice Bowls,2,34.98,15.9,Uber Eats Pickup,Card,Payment,Main Branch,Hobart,0.0
2026-06-22,12pc Boneless Chicken,Fried Chicken,1,27.39,24.9,Uber Eats Pickup,Cash,Payment,Main Branch,Hobart,0.0
2026-06-22,Fries,Sides,1,5.72,6.5,Uber Eats Pickup,Cash,Payment,Main Branch,Hobart,0.0
2026-06-22,Fries,Sides,1,7.15,6.5,Register,Cash,Payment,Main Branch,Hobart,0.0
2026-06-22,Soju (Fri-Sat),Beverages,-1,-13.2,12.0,Register,Cash,Refund,Main Branch,Hobart,0.0
2026-06-22,Bibimbap,Rice Bowls,1,19.25,17.5,Register,Cash,Payment,Main Branch,Hobart,0.0
2026-06-22,Sprite,Beverages,1,3.85,3.5,Uber Eats Pickup,Card,Payment,Main Branch,Hobart,0.0
2026-06-22,12pc Boneless Chicken,Fried Chicken,2,54.78,24.9,Register,Card,Payment,Main Branch,Hobart,0.0
2026-06-22,Bingsu,Desserts,1,13.09,11.9,Register,Card,Payment,Main Branch,Hobart,0.0
2026-06-22,Sprite,Beverages,2,7.7,3.5,Uber Eats,Card,Payment,Main Branch,Hobart,0.0
2026-06-22,Spicy Pork Bowl,Rice Bowls,2,41.58,18.9,Register,Card,Payment,Main Branch,Hobart,0.0
2026-06-22,Sprite,Beverages,1,3.85,3.5,Register,Card,Payment,Main Branch,Hobart,0.0
2026-06-22,Soju (Fri-Sat),Beverages,2,26.4,12.0,Register,Card,Payment,Main Branch,Hobart,0.0
2026-06-22,TK Boneless Chicken,Fried Chicken,1,31.35,28.5,Uber Eats,Card,Payment,Main Branch,Hobart,0.0
2026-06-22,12pc Korean Fried Wings,Fried Chicken,2,52.58,23.9,Register,Card,Payment,Main Branch,Hobart,0.0
2026-06-22,Soju (Fri-Sat),Beverages,1,13.2,12.0,Register,Card,Payment,Main Branch,Hobart,0.0
2026-06-22,Tteokbokki,Sides,2,27.5,12.5,Register,Card,Payment,Main Branch,Hobart,0.0
2026-06-22,18pc Korean Fried Wings,Fried Chicken,1,35.75,32.5,DoorDash,Card,Payment,Main Branch,Hobart,0.0
2026-06-22,Sprite,Beverages,1,3.85,3.5,Register,Card,Payment,Main Branch,Hobart,0.0
2026-06-22,Yangnyeom Chicken,Fried Chicken,2,57.2,26.0,Register,Cash,Payment,Main Branch,Hobart,0.0
2026-06-22,TK Boneless Chicken,Fried Chicken,1,26.64,28.5,Register,Card,Payment,Main Branch,Hobart,0.0
2026-06-22,12pc Korean Fried Wings,Fried Chicken,1,26.29,23.9,Register,Cash,Payment,Main Branch,Hobart,0.0
2026-06-22,Spicy Pork Bowl,Rice Bowls,3,56.13,18.9,Register,Card,Payment,Main Branch,Hobart,0.0
2026-06-22,TK Boneless Chicken,Fried Chicken,1,31.35,28.5,Register,Card,Payment,Main Branch,Hobart,0.0
2026-06-22,Bulgogi Beef Bowl,Rice Bowls,1,21.45,19.5,Register,Card,Payment,Main Branch,Hobart,0.0
2026-06-22,18pc Korean Fried Wings,Fried Chicken,1,35.75,32.5,Register,Cash,Payment,Main Branch,Hobart,0.0
2026-06-22,12pc Korean Fried Wings,Fried Chicken,1,26.29,23.9,Register,Cash,Payment,Main Branch,Hobart,0.0
2026-06-22,Sprite,Beverages,2,7.7,3.5,Register,Cash,Payment,Main Branch,Hobart,0.0
2026-06-22,6pc Boneless Chicken,Fried Chicken,1,15.95,14.5,Register,Cash,Payment,Main Branch,Hobart,0.0
2026-06-22,Bulgogi Beef Bowl,Rice Bowls,2,42.9,19.5,Register,Cash,Payment,Main Branch,Hobart,0.0
2026-06-22,Fries,Sides,1,7.15,6.5,Register,Cash,Payment,Main Branch,Hobart,0.0
2026-06-22,Coke,Beverages,2,7.7,3.5,Register,Cash,Payment,Main Branch,Hobart,0.0
2026-06-22,Fries,Sides,1,7.15,6.5,DoorDash,Card,Payment,Main Branch,Hobart,0.0
2026-06-22,6pc Boneless Chicken,Fried Chicken,2,31.9,14.5,DoorDash,Card,Payment,Main Branch,Hobart,0.0
2026-06-22,Bibimbap,Rice Bowls,1,16.37,17.5,DoorDash,Card,Payment,Main Branch,Hobart,0.0
2026-06-22,12pc Korean Fried Wings,Fried Chicken,2,52.58,23.9,Register,Cash,Payment,Main Branch,Hobart,0.0
2026-06-22,Spicy Pork Bowl,Rice Bowls,2,41.58,18.9,Uber Eats,Card,Payment,Main Branch,Hobart,0.0
2026-06-22,Fries,Sides,1,7.15,6.5,Uber Eats,Card,Payment,Main Branch,Hobart,0.0
2026-06-22,Coke,Beverages,1,3.85,3.5,Register,Cash,Payment,Main Branch,Hobart,0.0
2026-06-22,Spicy Pork Bowl,Rice Bowls,2,41.58,18.9,DoorDash,Card,Payment,Main Branch,Hobart,0.0
2026-06-22,Kimchi Fried Rice,Rice Bowls,1,17.49,15.9,DoorDash,Card,Payment,Main Branch,Hobart,0.0
2026-06-22,Tteokbokki,Sides,1,13.75,12.5,Register,Card,Payment,Main Branch,Hobart,0.0
2026-06-22,Spicy Pork Bowl,Rice Bowls,2,41.58,18.9,DoorDash Pickup,Cash,Payment,Main Branch,Hobart,0.0
2026-06-22,TK Boneless Chicken,Fried Chicken,1,31.35,28.5,DoorDash Pickup,Cash,Payment,Main Branch,Hobart,0.0
2026-06-22,12pc Korean Fried Wings,Fried Chicken,1,26.29,23.9,Register,Cash,Payment,Main Branch,Hobart,0.0
2026-06-22,18pc Korean Fried Wings,Fried Chicken,2,71.5,32.5,Register,Cash,Payment,Main Branch,Hobart,0.0
2026-06-22,12pc Korean Fried Wings,Fried Chicken,2,52.58,23.9,Register,Card,Payment,Main Branch,Hobart,0.0
2026-06-23,12pc Korean Fried Wings,Fried Chicken,1,26.29,23.9,Square Online,Card,Payment,Main Branch,Hobart,0.0
2026-06-23,TK Boneless Chicken,Fried Chicken,1,31.35,28.5,Uber Eats,Card,Payment,Main Branch,Hobart,0.0
2026-06-23,Spicy Pork Bowl,Rice Bowls,1,20.79,18.9,Uber Eats,Card,Payment,Main Branch,Hobart,0.0
2026-06-23,6pc Boneless Chicken,Fried Chicken,3,47.85,14.5,Uber Eats,Card,Payment,Main Branch,Hobart,0.0
2026-06-23,TK Boneless Chicken,Fried Chicken,1,31.35,28.5,Uber Eats Pickup,Cash,Payment,Main Branch,Hobart,0.0
2026-06-23,Custom Amount,Uncategorized,1,11.0,10.0,DoorDash Pickup,Card,Payment,Main Branch,Hobart,0.0
2026-06-23,Sprite,Beverages,2,7.7,3.5,Register,Cash,Payment,Main Branch,Hobart,0.0
2026-06-23,Yangnyeom Chicken,Fried Chicken,2,57.2,26.0,Register,Cash,Payment,Main Branch,Hobart,0.0
2026-06-23,Bulgogi Beef Bowl,Rice Bowls,1,21.45,19.5,Square Online,Card,Payment,Main Branch,Hobart,0.0
2026-06-23,Corn Cheese,Sides,-1,-10.89,9.9,DoorDash,Card,Refund,Main Branch,Hobart,0.0
2026-06-23,12pc Korean Fried Wings,Fried Chicken,1,26.29,23.9,Uber Eats,Card,Payment,Main Branch,Hobart,0.0
2026-06-23,TK Boneless Chicken,Fried Chicken,2,62.7,28.5,Uber Eats,Card,Payment,Main Branch,Hobart,0.0
2026-06-23,18pc Korean Fried Wings,Fried Chicken,-1,-35.75,32.5,DoorDash,Card,Refund,Main Branch,Hobart,0.0
2026-06-23,Coke,Beverages,1,3.08,3.5,DoorDash,Card,Payment,Main Branch,Hobart,0.0
2026-06-23,Soju (Fri-Sat),Beverages,1,11.22,12.0,Square Online,Card,Payment,Main Branch,Hobart,0.0
2026-06-23,Custom Amount,Uncategorized,1,11.0,10.0,Square Online,Card,Payment,Main Branch,Hobart,0.0
2026-06-23,Corn Cheese,Sides,1,10.89,9.9,Uber Eats,Card,Payment,Main Branch,Hobart,0.0
2026-06-23,6pc Boneless Chicken,Fried Chicken,1,15.95,14.5,Uber Eats,Card,Payment,Main Branch,Hobart,0.0
2026-06-23,Bulgogi Beef Bowl,Rice Bowls,1,21.45,19.5,Register,Card,Payment,Main Branch,Hobart,0.0
2026-06-23,TK Boneless Chicken,Fried Chicken,1,31.35,28.5,Square Online,Card,Payment,Main Branch,Hobart,0.0
2026-06-23,TK Boneless Chicken,Fried Chicken,1,31.35,28.5,Register,Card,Payment,Main Branch,Hobart,0.0
2026-06-23,Yangnyeom Chicken,Fried Chicken,2,57.2,26.0,Register,Card,Payment,Main Branch,Hobart,0.0
2026-06-23,Sprite,Beverages,1,3.27,3.5,Register,Cash,Payment,Main Branch,Hobart,0.0
2026-06-23,Corn Cheese,Sides,1,10.89,9.9,Register,Card,Payment,Main Branch,Hobart,0.0
2026-06-23,Spicy Pork Bowl,Rice Bowls,1,20.79,18.9,Uber Eats,Card,Payment,Main Branch,Hobart,0.0
2026-06-23,Bibimbap,Rice Bowls,1,19.25,17.5,Register,Card,Payment,Main Branch,Hobart,0.0
2026-06-23,Bulgogi Beef Bowl,Rice Bowls,1,21.45,19.5,Register,Card,Payment,Main Branch,Hobart,0.0
2026-06-23,Spicy Pork Bowl,Rice Bowls,2,41.58,18.9,Uber Eats,Card,Payment,Main Branch,Hobart,0.0
2026-06-23,Corn Cheese,Sides,2,18.51,9.9,Uber Eats,Card,Payment,Main Branch,Hobart,0.0
2026-06-23,6pc Boneless Chicken,Fried Chicken,1,15.95,14.5,DoorDash,Card,Payment,Main Branch,Hobart,0.0
2026-06-23,Korean Iced Tea,Beverages,1,4.46,4.5,DoorDash,Card,Payment,Main Branch,Hobart,0.0
2026-06-23,12pc Boneless Chicken,Fried Chicken,1,27.39,24.9,Uber Eats Pickup,Card,Payment,Main Branch,Hobart,0.0
2026-06-23,12pc Korean Fried Wings,Fried Chicken,1,26.29,23.9,Uber Eats,Card,Payment,Main Branch,Hobart,0.0
2026-06-23,Fries,Sides,1,7.15,6.5,Register,Card,Payment,Main Branch,Hobart,0.0
2026-06-23,Bingsu,Desserts,2,26.18,11.9,Register,Cash,Payment,Main Branch,Hobart,0.0
2026-06-23,Bulgogi Beef Bowl,Rice Bowls,2,42.9,19.5,Register,Cash,Payment,Main Branch,Hobart,0.0
2026-06-23,Fries,Sides,1,6.08,6.5,Register,Cash,Payment,Main Branch,Hobart,0.0
2026-06-23,18pc Korean Fried Wings,Fried Chicken,2,57.2,32.5,DoorDash,Card,Payment,Main Branch,Hobart,0.0
2026-06-23,TK Boneless Chicken,Fried Chicken,2,56.43,28.5,DoorDash Pickup,Cash,Payment,Main Branch,Hobart,0.0
2026-06-23,Bibimbap,Rice Bowls,1,19.25,17.5,DoorDash Pickup,Cash,Payment,Main Branch,Hobart,0.0
2026-06-23,Yangnyeom Chicken,Fried Chicken,1,28.6,26.0,Uber Eats,Card,Payment,Main Branch,Hobart,0.0
2026-06-23,Kimchi Fried Rice,Rice Bowls,1,17.49,15.9,Uber Eats,Card,Payment,Main Branch,Hobart,0.0
2026-06-23,Yangnyeom Chicken,Fried Chicken,1,28.6,26.0,Uber Eats,Card,Payment,Main Branch,Hobart,0.0
2026-06-23,18pc Korean Fried Wings,Fried Chicken,1,35.75,32.5,Register,Cash,Payment,Main Branch,Hobart,0.0
2026-06-24,12pc Boneless Chicken,Fried Chicken,2,54.78,24.9,Square Online,Card,Payment,Main Branch,Hobart,0.0
2026-06-24,Sprite,Beverages,1,3.08,3.5,Square Online,Card,Payment,Main Branch,Hobart,0.0
2026-06-24,Corn Cheese,Sides,1,10.89,9.9,Register,Cash,Payment,Main Branch,Hobart,0.0
2026-06-24,Bingsu,Desserts,1,13.09,11.9,Register,Cash,Payment,Main Branch,Hobart,0.0
2026-06-24,18pc Korean Fried Wings,Fried Chicken,2,71.5,32.5,Uber Eats Pickup,Card,Payment,Main Branch,Hobart,0.0
2026-06-24,Spicy Pork Bowl,Rice Bowls,2,41.58,18.9,Uber Eats Pickup,Card,Payment,Main Branch,Hobart,0.0
2026-06-24,Corn Cheese,Sides,1,10.89,9.9,DoorDash Pickup,Cash,Payment,Main Branch,Hobart,0.0
2026-06-24,Coke,Beverages,2,7.7,3.5,Uber Eats,Card,Payment,Main Branch,Hobart,0.0
2026-06-24,Fries,Sides,2,14.3,6.5,Uber Eats,Card,Payment,Main Branch,Hobart,0.0
2026-06-24,Soju (Fri-Sat),Beverages,1,13.2,12.0,DoorDash Pickup,Cash,Payment,Main Branch,Hobart,0.0
2026-06-24,Kimchi Fried Rice,Rice Bowls,1,17.49,15.9,Uber Eats Pickup,Cash,Payment,Main Branch,Hobart,0.0
2026-06-24,Spicy Pork Bowl,Rice Bowls,2,41.58,18.9,Uber Eats,Card,Payment,Main Branch,Hobart,0.0
2026-06-24,Bulgogi Beef Bowl,Rice Bowls,1,21.45,19.5,Uber Eats Pickup,Card,Payment,Main Branch,Hobart,0.0
2026-06-24,Bingsu,Desserts,2,26.18,11.9,Uber Eats,Card,Payment,Main Branch,Hobart,0.0
2026-06-24,18pc Korean Fried Wings,Fried Chicken,1,35.75,32.5,DoorDash,Card,Payment,Main Branch,Hobart,0.0
2026-06-24,6pc Boneless Chicken,Fried Chicken,2,31.9,14.5,Uber Eats,Card,Payment,Main Branch,Hobart,0.0
2026-06-24,Coke,Beverages,1,3.85,3.5,DoorDash,Card,Payment,Main Branch,Hobart,0.0
2026-06-24,6pc Boneless Chicken,Fried Chicken,2,31.9,14.5,DoorDash,Card,Payment,Main Branch,Hobart,0.0
2026-06-24,12pc Boneless Chicken,Fried Chicken,1,27.39,24.9,DoorDash,Card,Payment,Main Branch,Hobart,0.0
2026-06-24,TK Boneless Chicken,Fried Chicken,2,62.7,28.5,DoorDash,Card,Payment,Main Branch,Hobart,0.0
2026-06-24,Yangnyeom Chicken,Fried Chicken,1,28.6,26.0,Uber Eats,Card,Payment,Main Branch,Hobart,0.0
2026-06-24,Kimchi Fried Rice,Rice Bowls,2,34.98,15.9,Register,Card,Payment,Main Branch,Hobart,0.0
2026-06-24,Tteokbokki,Sides,1,13.75,12.5,DoorDash,Card,Payment,Main Branch,Hobart,0.0
2026-06-24,Spicy Pork Bowl,Rice Bowls,1,20.79,18.9,Register,Card,Payment,Main Branch,Hobart,0.0
2026-06-24,Coke,Beverages,1,3.85,3.5,Register,Card,Payment,Main Branch,Hobart,0.0
2026-06-24,Coke,Beverages,2,7.7,3.5,Register,Card,Payment,Main Branch,Hobart,0.0
2026-06-24,Fries,Sides,1,7.15,6.5,Register,Card,Payment,Main Branch,Hobart,0.0
2026-06-24,Coke,Beverages,1,3.85,3.5,Uber Eats,Card,Payment,Main Branch,Hobart,0.0
2026-06-24,12pc Boneless Chicken,Fried Chicken,3,82.17,24.9,Uber Eats,Card,Payment,Main Branch,Hobart,0.0
2026-06-24,Sprite,Beverages,1,3.27,3.5,Uber Eats,Card,Payment,Main Branch,Hobart,0.0
2026-06-24,Coke,Beverages,1,3.85,3.5,DoorDash,Card,Payment,Main Branch,Hobart,0.0
2026-06-24,Kimchi Fried Rice,Rice Bowls,1,17.49,15.9,Uber Eats,Card,Payment,Main Branch,Hobart,0.0
2026-06-24,TK Boneless Chicken,Fried Chicken,1,31.35,28.5,Uber Eats,Card,Payment,Main Branch,Hobart,0.0
2026-06-24,Bulgogi Beef Bowl,Rice Bowls,2,42.9,19.5,Register,Card,Payment,Main Branch,Hobart,0.0
2026-06-24,Coke,Beverages,1,3.85,3.5,Register,Card,Payment,Main Branch,Hobart,0.0
2026-06-24,12pc Korean Fried Wings,Fried Chicken,1,26.29,23.9,Register,Card,Payment,Main Branch,Hobart,0.0
2026-06-24,Tteokbokki,Sides,1,12.37,12.5,Register,Card,Payment,Main Branch,Hobart,0.0
2026-06-24,Kimchi Fried Rice,Rice Bowls,2,34.98,15.9,Uber Eats,Card,Payment,Main Branch,Hobart,0.0
2026-06-24,Coke,Beverages,1,3.85,3.5,Square Online,Card,Payment,Main Branch,Hobart,0.0
2026-06-24,Bulgogi Beef Bowl,Rice Bowls,2,42.9,19.5,Square Online,Card,Payment,Main Branch,Hobart,0.0
2026-06-24,Spicy Pork Bowl,Rice Bowls,1,20.79,18.9,Square Online,Card,Payment,Main Branch,Hobart,0.0
2026-06-24,Kimchi Fried Rice,Rice Bowls,2,34.98,15.9,Square Online,Card,Payment,Main Branch,Hobart,0.0
2026-06-24,Sprite,Beverages,3,11.55,3.5,Register,Cash,Payment,Main Branch,Hobart,0.0
2026-06-24,Soju (Fri-Sat),Beverages,1,13.2,12.0,Register,Cash,Payment,Main Branch,Hobart,0.0
2026-06-24,Kimchi Fried Rice,Rice Bowls,1,17.49,15.9,DoorDash,Card,Payment,Main Branch,Hobart,0.0
2026-06-24,Spicy Pork Bowl,Rice Bowls,1,20.79,18.9,DoorDash,Card,Payment,Main Branch,Hobart,0.0
2026-06-24,Yangnyeom Chicken,Fried Chicken,1,28.6,26.0,Uber Eats,Card,Payment,Main Branch,Hobart,0.0
2026-06-24,Korean Iced Tea,Beverages,1,4.95,4.5,DoorDash,Card,Payment,Main Branch,Hobart,0.0
2026-06-24,12pc Korean Fried Wings,Fried Chicken,1,26.29,23.9,Register,Card,Payment,Main Branch,Hobart,0.0
2026-06-24,Sprite,Beverages,1,3.47,3.5,Register,Card,Payment,Main Branch,Hobart,0.0
2026-06-24,Sprite,Beverages,1,3.08,3.5,Register,Card,Payment,Main Branch,Hobart,0.0
2026-06-24,6pc Boneless Chicken,Fried Chicken,2,25.52,14.5,Register,Card,Payment,Main Branch,Hobart,0.0
2026-06-24,Fries,Sides,1,7.15,6.5,Uber Eats,Card,Payment,Main Branch,Hobart,0.0
2026-06-24,18pc Korean Fried Wings,Fried Chicken,1,35.75,32.5,Register,Card,Payment,Main Branch,Hobart,0.0
2026-06-24,Tteokbokki,Sides,1,13.75,12.5,Uber Eats,Card,Payment,Main Branch,Hobart,0.0
2026-06-24,Fries,Sides,3,19.31,6.5,Square Online,Card,Payment,Main Branch,Hobart,0.0
2026-06-24,Korean Iced Tea,Beverages,2,9.9,4.5,Square Online,Card,Payment,Main Branch,Hobart,0.0
2026-06-24,12pc Boneless Chicken,Fried Chicken,2,54.78,24.9,Square Online,Card,Payment,Main Branch,Hobart,0.0
2026-06-24,Kimchi Fried Rice,Rice Bowls,3,52.47,15.9,Square Online,Card,Payment,Main Branch,Hobart,0.0
2026-06-24,TK Boneless Chicken,Fried Chicken,1,25.08,28.5,Uber Eats,Card,Payment,Main Branch,Hobart,0.0
2026-06-25,TK Boneless Chicken,Fried Chicken,1,28.21,28.5,Register,Cash,Payment,Main Branch,Hobart,0.0
2026-06-25,Tteokbokki,Sides,1,12.37,12.5,Square Online,Card,Payment,Main Branch,Hobart,0.0
2026-06-25,6pc Boneless Chicken,Fried Chicken,1,14.36,14.5,Register,Cash,Payment,Main Branch,Hobart,0.0
2026-06-25,TK Boneless Chicken,Fried Chicken,2,62.7,28.5,Square Online,Card,Payment,Main Branch,Hobart,0.0
2026-06-25,Coke,Beverages,2,6.16,3.5,DoorDash Pickup,Cash,Payment,Main Branch,Hobart,0.0
2026-06-25,TK Boneless Chicken,Fried Chicken,2,62.7,28.5,Uber Eats,Card,Payment,Main Branch,Hobart,0.0
2026-06-25,12pc Boneless Chicken,Fried Chicken,2,49.3,24.9,Square Online,Card,Payment,Main Branch,Hobart,0.0
2026-06-25,TK Boneless Chicken,Fried Chicken,1,31.35,28.5,Uber Eats,Card,Payment,Main Branch,Hobart,0.0
2026-06-25,Tteokbokki,Sides,2,27.5,12.5,Uber Eats,Card,Payment,Main Branch,Hobart,0.0
2026-06-25,Sprite,Beverages,1,3.85,3.5,Register,Card,Payment,Main Branch,Hobart,0.0
2026-06-25,18pc Korean Fried Wings,Fried Chicken,1,35.75,32.5,Register,Card,Payment,Main Branch,Hobart,0.0
2026-06-25,Sprite,Beverages,2,7.7,3.5,Register,Card,Payment,Main Branch,Hobart,0.0
2026-06-25,TK Boneless Chicken,Fried Chicken,2,62.7,28.5,Register,Card,Payment,Main Branch,Hobart,0.0
2026-06-25,12pc Boneless Chicken,Fried Chicken,1,24.65,24.9,Uber Eats,Card,Payment,Main Branch,Hobart,0.0
2026-06-25,Fries,Sides,2,14.3,6.5,Uber Eats,Card,Payment,Main Branch,Hobart,0.0
2026-06-25,Spicy Pork Bowl,Rice Bowls,2,41.58,18.9,DoorDash Pickup,Cash,Payment,Main Branch,Hobart,0.0
2026-06-25,Soju (Fri-Sat),Beverages,1,13.2,12.0,DoorDash,Card,Payment,Main Branch,Hobart,0.0
2026-06-25,12pc Boneless Chicken,Fried Chicken,1,27.39,24.9,Register,Card,Payment,Main Branch,Hobart,0.0
2026-06-25,Fries,Sides,1,7.15,6.5,DoorDash,Card,Payment,Main Branch,Hobart,0.0
2026-06-25,12pc Korean Fried Wings,Fried Chicken,2,52.58,23.9,Register,Cash,Payment,Main Branch,Hobart,0.0
2026-06-25,Tteokbokki,Sides,2,27.5,12.5,DoorDash Pickup,Cash,Payment,Main Branch,Hobart,0.0
2026-06-25,12pc Boneless Chicken,Fried Chicken,2,54.78,24.9,DoorDash,Card,Payment,Main Branch,Hobart,0.0
2026-06-25,Soju (Fri-Sat),Beverages,1,13.2,12.0,Register,Cash,Payment,Main Branch,Hobart,0.0
2026-06-25,Kimchi Fried Rice,Rice Bowls,2,34.98,15.9,Register,Cash,Payment,Main Branch,Hobart,0.0
2026-06-25,18pc Korean Fried Wings,Fried Chicken,3,107.25,32.5,Register,Cash,Payment,Main Branch,Hobart,0.0
2026-06-25,TK Boneless Chicken,Fried Chicken,1,31.35,28.5,Register,Cash,Payment,Main Branch,Hobart,0.0
2026-06-25,Coke,Beverages,1,3.85,3.5,Square Online,Card,Payment,Main Branch,Hobart,0.0
2026-06-25,Bingsu,Desserts,2,20.94,11.9,Square Online,Card,Payment,Main Branch,Hobart,0.0
2026-06-25,TK Boneless Chicken,Fried Chicken,2,62.7,28.5,Square Online,Card,Payment,Main Branch,Hobart,0.0
2026-06-25,Kimchi Fried Rice,Rice Bowls,2,34.98,15.9,DoorDash Pickup,Cash,Payment,Main Branch,Hobart,0.0
2026-06-25,12pc Boneless Chicken,Fried Chicken,1,27.39,24.9,Register,Cash,Payment,Main Branch,Hobart,0.0
2026-06-25,Bibimbap,Rice Bowls,1,16.37,17.5,Register,Card,Payment,Main Branch,Hobart,0.0
2026-06-25,Bibimbap,Rice Bowls,2,34.65,17.5,DoorDash,Card,Payment,Main Branch,Hobart,0.0
2026-06-25,18pc Korean Fried Wings,Fried Chicken,2,71.5,32.5,DoorDash,Card,Payment,Main Branch,Hobart,0.0
2026-06-25,Spicy Pork Bowl,Rice Bowls,1,20.79,18.9,DoorDash,Card,Payment,Main Branch,Hobart,0.0
2026-06-25,Soju (Fri-Sat),Beverages,1,13.2,12.0,DoorDash,Card,Payment,Main Branch,Hobart,0.0
2026-06-25,Spicy Pork Bowl,Rice Bowls,1,20.79,18.9,Register,Cash,Payment,Main Branch,Hobart,0.0
2026-06-25,Coke,Beverages,1,3.27,3.5,Register,Card,Payment,Main Branch,Hobart,0.0
2026-06-25,Coke,Beverages,2,7.7,3.5,Square Online,Card,Payment,Main Branch,Hobart,0.0
2026-06-26,6pc Boneless Chicken,Fried Chicken,1,15.95,14.5,Register,Card,Payment,Main Branch,Hobart,0.0
2026-06-26,Kimchi Fried Rice,Rice Bowls,1,17.49,15.9,Register,Card,Payment,Main Branch,Hobart,0.0
2026-06-26,Kimchi Pancake,Sides,1,14.85,13.5,DoorDash,Card,Payment,Main Branch,Hobart,0.0
2026-06-26,Tteokbokki,Sides,2,27.5,12.5,DoorDash,Card,Payment,Main Branch,Hobart,0.0
2026-06-26,Corn Cheese,Sides,2,21.78,9.9,Register,Cash,Payment,Main Branch,Hobart,0.0
2026-06-26,18pc Korean Fried Wings,Fried Chicken,1,28.6,32.5,DoorDash,Card,Payment,Main Branch,Hobart,0.0
2026-06-26,TK Boneless Chicken,Fried Chicken,2,62.7,28.5,DoorDash,Card,Payment,Main Branch,Hobart,0.0
2026-06-26,Tteokbokki,Sides,1,12.37,12.5,Uber Eats Pickup,Cash,Payment,Main Branch,Hobart,0.0
2026-06-26,12pc Korean Fried Wings,Fried Chicken,2,44.69,23.9,Register,Cash,Payment,Main Branch,Hobart,0.0
2026-06-26,Soju (Fri-Sat),Beverages,2,26.4,12.0,Uber Eats Pickup,Cash,Payment,Main Branch,Hobart,0.0
2026-06-26,Bingsu,Desserts,3,39.27,11.9,Uber Eats Pickup,Cash,Payment,Main Branch,Hobart,0.0
2026-06-26,Bulgogi Beef Bowl,Rice Bowls,1,21.45,19.5,Register,Card,Payment,Main Branch,Hobart,0.0
2026-06-26,Spicy Pork Bowl,Rice Bowls,2,41.58,18.9,DoorDash,Card,Payment,Main Branch,Hobart,0.0
2026-06-26,Bingsu,Desserts,1,13.09,11.9,Register,Card,Payment,Main Branch,Hobart,0.0
2026-06-26,Tteokbokki,Sides,2,27.5,12.5,DoorDash,Card,Payment,Main Branch,Hobart,0.0
2026-06-26,Tteokbokki,Sides,1,11.0,12.5,Register,Cash,Payment,Main Branch,Hobart,0.0
2026-06-26,Kimchi Fried Rice,Rice Bowls,1,17.49,15.9,Uber Eats,Card,Payment,Main Branch,Hobart,0.0
2026-06-26,18pc Korean Fried Wings,Fried Chicken,2,71.5,32.5,Uber Eats,Card,Payment,Main Branch,Hobart,0.0
2026-06-26,12pc Korean Fried Wings,Fried Chicken,2,52.58,23.9,Register,Card,Payment,Main Branch,Hobart,0.0
2026-06-26,Coke,Beverages,1,3.85,3.5,Square Online,Card,Payment,Main Branch,Hobart,0.0
2026-06-26,Soju (Fri-Sat),Beverages,1,10.56,12.0,Uber Eats,Card,Payment,Main Branch,Hobart,0.0
2026-06-26,Kimchi Pancake,Sides,1,14.85,13.5,Uber Eats,Card,Payment,Main Branch,Hobart,0.0
2026-06-26,Bibimbap,Rice Bowls,1,19.25,17.5,Register,Cash,Payment,Main Branch,Hobart,0.0
2026-06-26,Corn Cheese,Sides,1,10.89,9.9,Register,Cash,Payment,Main Branch,Hobart,0.0
2026-06-26,Bibimbap,Rice Bowls,2,38.5,17.5,Register,Cash,Payment,Main Branch,Hobart,0.0
2026-06-26,Bingsu,Desserts,1,13.09,11.9,Register,Cash,Payment,Main Branch,Hobart,0.0
2026-06-26,12pc Korean Fried Wings,Fried Chicken,1,26.29,23.9,Uber Eats,Card,Payment,Main Branch,Hobart,0.0
2026-06-26,6pc Boneless Chicken,Fried Chicken,1,15.95,14.5,Register,Cash,Payment,Main Branch,Hobart,0.0
2026-06-26,Korean Iced Tea,Beverages,1,4.95,4.5,Uber Eats,Card,Payment,Main Branch,Hobart,0.0
2026-06-26,TK Boneless Chicken,Fried Chicken,2,62.7,28.5,Register,Card,Payment,Main Branch,Hobart,0.0
2026-06-26,18pc Korean Fried Wings,Fried Chicken,1,35.75,32.5,Register,Cash,Payment,Main Branch,Hobart,0.0
2026-06-26,Coke,Beverages,1,3.47,3.5,Register,Cash,Payment,Main Branch,Hobart,0.0
2026-06-26,TK Boneless Chicken,Fried Chicken,1,31.35,28.5,Square Online,Card,Payment,Main Branch,Hobart,0.0
2026-06-26,Coke,Beverages,1,3.85,3.5,Register,Card,Payment,Main Branch,Hobart,0.0
2026-06-26,Yangnyeom Chicken,Fried Chicken,1,28.6,26.0,Register,Card,Payment,Main Branch,Hobart,0.0
2026-06-26,Corn Cheese,Sides,-2,-19.6,9.9,Uber Eats,Card,Refund,Main Branch,Hobart,0.0
2026-06-26,Fries,Sides,1,7.15,6.5,Square Online,Card,Payment,Main Branch,Hobart,0.0
2026-06-26,Coke,Beverages,1,3.85,3.5,DoorDash,Card,Payment,Main Branch,Hobart,0.0
2026-06-26,TK Boneless Chicken,Fried Chicken,3,94.05,28.5,Register,Cash,Payment,Main Branch,Hobart,0.0
2026-06-26,Bulgogi Beef Bowl,Rice Bowls,1,21.45,19.5,Register,Cash,Payment,Main Branch,Hobart,0.0
2026-06-26,6pc Boneless Chicken,Fried Chicken,1,15.95,14.5,DoorDash Pickup,Cash,Payment,Main Branch,Hobart,0.0
2026-06-26,Yangnyeom Chicken,Fried Chicken,1,28.6,26.0,Register,Cash,Payment,Main Branch,Hobart,0.0
2026-06-26,Coke,Beverages,3,11.55,3.5,Register,Cash,Payment,Main Branch,Hobart,0.0
2026-06-26,Tteokbokki,Sides,1,13.75,12.5,Register,Cash,Payment,Main Branch,Hobart,0.0
2026-06-26,12pc Korean Fried Wings,Fried Chicken,2,52.58,23.9,Register,Cash,Payment,Main Branch,Hobart,0.0
2026-06-26,18pc Korean Fried Wings,Fried Chicken,1,35.75,32.5,Uber Eats,Card,Payment,Main Branch,Hobart,0.0
2026-06-26,Custom Amount,Uncategorized,2,22.0,10.0,Uber Eats,Card,Payment,Main Branch,Hobart,0.0
2026-06-26,Tteokbokki,Sides,1,13.75,12.5,Register,Card,Payment,Main Branch,Hobart,0.0
2026-06-26,Soju (Fri-Sat),Beverages,1,11.22,12.0,Register,Card,Payment,Main Branch,Hobart,0.0
2026-06-26,12pc Korean Fried Wings,Fried Chicken,2,52.58,23.9,Register,Card,Payment,Main Branch,Hobart,0.0
2026-06-26,Kimchi Pancake,Sides,2,29.7,13.5,Register,Card,Payment,Main Branch,Hobart,0.0
2026-06-26,6pc Boneless Chicken,Fried Chicken,1,15.95,14.5,Uber Eats,Card,Payment,Main Branch,Hobart,0.0
2026-06-26,Soju (Fri-Sat),Beverages,2,26.4,12.0,Uber Eats,Card,Payment,Main Branch,Hobart,0.0
2026-06-26,18pc Korean Fried Wings,Fried Chicken,1,35.75,32.5,DoorDash,Card,Payment,Main Branch,Hobart,0.0
2026-06-26,Coke,Beverages,1,3.27,3.5,Register,Cash,Payment,Main Branch,Hobart,0.0
2026-06-26,Bulgogi Beef Bowl,Rice Bowls,2,42.9,19.5,DoorDash,Card,Payment,Main Branch,Hobart,0.0
2026-06-26,Fries,Sides,2,14.3,6.5,Register,Card,Payment,Main Branch,Hobart,0.0
2026-06-26,12pc Korean Fried Wings,Fried Chicken,1,26.29,23.9,DoorDash,Card,Payment,Main Branch,Hobart,0.0
2026-06-26,Spicy Pork Bowl,Rice Bowls,2,41.58,18.9,DoorDash,Card,Payment,Main Branch,Hobart,0.0
2026-06-26,Kimchi Fried Rice,Rice Bowls,2,34.98,15.9,Uber Eats Pickup,Cash,Payment,Main Branch,Hobart,0.0
2026-06-26,12pc Boneless Chicken,Fried Chicken,1,27.39,24.9,Uber Eats Pickup,Cash,Payment,Main Branch,Hobart,0.0
2026-06-26,Bulgogi Beef Bowl,Rice Bowls,3,64.35,19.5,Uber Eats,Card,Payment,Main Branch,Hobart,0.0
2026-06-26,Soju (Fri-Sat),Beverages,1,13.2,12.0,Uber Eats,Card,Payment,Main Branch,Hobart,0.0
2026-06-26,18pc Korean Fried Wings,Fried Chicken,1,35.75,32.5,Register,Cash,Payment,Main Branch,Hobart,0.0
2026-06-26,TK Boneless Chicken,Fried Chicken,1,28.21,28.5,Register,Cash,Payment,Main Branch,Hobart,0.0
2026-06-26,Fries,Sides,1,5.72,6.5,Register,Cash,Payment,Main Branch,Hobart,0.0
2026-06-26,Tteokbokki,Sides,1,13.75,12.5,Register,Cash,Payment,Main Branch,Hobart,0.0
2026-06-26,12pc Korean Fried Wings,Fried Chicken,1,26.29,23.9,Uber Eats,Card,Payment,Main Branch,Hobart,0.0
2026-06-26,12pc Boneless Chicken,Fried Chicken,1,27.39,24.9,Register,Cash,Payment,Main Branch,Hobart,0.0
2026-06-26,Sprite,Beverages,1,3.85,3.5,Register,Cash,Payment,Main Branch,Hobart,0.0
2026-06-26,Coke,Beverages,1,3.85,3.5,Uber Eats,Card,Payment,Main Branch,Hobart,0.0
2026-06-26,Spicy Pork Bowl,Rice Bowls,2,41.58,18.9,DoorDash,Card,Payment,Main Branch,Hobart,0.0
2026-06-26,Bulgogi Beef Bowl,Rice Bowls,1,21.45,19.5,DoorDash,Card,Payment,Main Branch,Hobart,0.0
2026-06-26,Custom Amount,Uncategorized,2,22.0,10.0,Register,Card,Payment,Main Branch,Hobart,0.0
2026-06-27,Tteokbokki,Sides,1,11.68,12.5,DoorDash Pickup,Card,Payment,Main Branch,Hobart,0.0
2026-06-27,Yangnyeom Chicken,Fried Chicken,1,28.6,26.0,Uber Eats,Card,Payment,Main Branch,Hobart,0.0
2026-06-27,Tteokbokki,Sides,1,12.37,12.5,Uber Eats,Card,Payment,Main Branch,Hobart,0.0
2026-06-27,Coke,Beverages,2,7.7,3.5,Uber Eats,Card,Payment,Main Branch,Hobart,0.0
2026-06-27,Coke,Beverages,2,7.7,3.5,Register,Card,Payment,Main Branch,Hobart,0.0
2026-06-27,Kimchi Pancake,Sides,1,14.85,13.5,Register,Card,Payment,Main Branch,Hobart,0.0
2026-06-27,Korean Iced Tea,Beverages,1,4.95,4.5,Register,Cash,Payment,Main Branch,Hobart,0.0
2026-06-27,TK Boneless Chicken,Fried Chicken,1,31.35,28.5,Register,Cash,Payment,Main Branch,Hobart,0.0
2026-06-27,Fries,Sides,2,14.3,6.5,DoorDash Pickup,Card,Payment,Main Branch,Hobart,0.0
2026-06-27,Kimchi Fried Rice,Rice Bowls,2,34.98,15.9,DoorDash Pickup,Card,Payment,Main Branch,Hobart,0.0
2026-06-27,Fries,Sides,1,5.72,6.5,Square Online,Card,Payment,Main Branch,Hobart,0.0
2026-06-27,Tteokbokki,Sides,1,12.37,12.5,Square Online,Card,Payment,Main Branch,Hobart,0.0
2026-06-27,Bulgogi Beef Bowl,Rice Bowls,2,42.9,19.5,DoorDash Pickup,Card,Payment,Main Branch,Hobart,0.0
2026-06-27,Bulgogi Beef Bowl,Rice Bowls,1,21.45,19.5,Uber Eats,Card,Payment,Main Branch,Hobart,0.0
2026-06-27,Corn Cheese,Sides,1,10.89,9.9,Register,Cash,Payment,Main Branch,Hobart,0.0
2026-06-27,18pc Korean Fried Wings,Fried Chicken,3,107.25,32.5,Register,Card,Payment,Main Branch,Hobart,0.0
2026-06-27,6pc Boneless Chicken,Fried Chicken,1,15.95,14.5,Square Online,Card,Payment,Main Branch,Hobart,0.0
2026-06-27,Yangnyeom Chicken,Fried Chicken,1,28.6,26.0,Register,Cash,Payment,Main Branch,Hobart,0.0
2026-06-27,Sprite,Beverages,1,3.47,3.5,Uber Eats,Card,Payment,Main Branch,Hobart,0.0
2026-06-27,Spicy Pork Bowl,Rice Bowls,2,37.42,18.9,DoorDash,Card,Payment,Main Branch,Hobart,0.0
2026-06-27,Bulgogi Beef Bowl,Rice Bowls,2,42.9,19.5,DoorDash Pickup,Card,Payment,Main Branch,Hobart,0.0
2026-06-27,TK Boneless Chicken,Fried Chicken,1,28.21,28.5,DoorDash Pickup,Card,Payment,Main Branch,Hobart,0.0
2026-06-27,6pc Boneless Chicken,Fried Chicken,1,15.95,14.5,DoorDash Pickup,Card,Payment,Main Branch,Hobart,0.0
2026-06-27,Yangnyeom Chicken,Fried Chicken,1,28.6,26.0,Register,Card,Payment,Main Branch,Hobart,0.0
2026-06-27,Kimchi Pancake,Sides,1,13.37,13.5,Register,Card,Payment,Main Branch,Hobart,0.0
2026-06-27,Kimchi Fried Rice,Rice Bowls,2,34.98,15.9,Register,Card,Payment,Main Branch,Hobart,0.0
2026-06-27,Fries,Sides,1,7.15,6.5,Register,Card,Payment,Main Branch,Hobart,0.0
2026-06-27,Yangnyeom Chicken,Fried Chicken,2,57.2,26.0,Register,Cash,Payment,Main Branch,Hobart,0.0
2026-06-27,Tteokbokki,Sides,2,27.5,12.5,Register,Cash,Payment,Main Branch,Hobart,0.0
2026-06-27,TK Boneless Chicken,Fried Chicken,2,62.7,28.5,Register,Cash,Payment,Main Branch,Hobart,0.0
2026-06-27,TK Boneless Chicken,Fried Chicken,1,31.35,28.5,Register,Cash,Payment,Main Branch,Hobart,0.0
2026-06-27,Korean Iced Tea,Beverages,1,4.95,4.5,DoorDash,Card,Payment,Main Branch,Hobart,0.0
2026-06-27,Sprite,Beverages,2,6.16,3.5,Register,Cash,Payment,Main Branch,Hobart,0.0
2026-06-27,Bulgogi Beef Bowl,Rice Bowls,2,42.9,19.5,Register,Card,Payment,Main Branch,Hobart,0.0
2026-06-27,6pc Boneless Chicken,Fried Chicken,3,47.85,14.5,DoorDash,Card,Payment,Main Branch,Hobart,0.0
2026-06-27,Sprite,Beverages,1,3.85,3.5,Register,Cash,Payment,Main Branch,Hobart,0.0
2026-06-27,Kimchi Pancake,Sides,1,13.37,13.5,DoorDash,Card,Payment,Main Branch,Hobart,0.0
2026-06-27,Tteokbokki,Sides,2,23.37,12.5,DoorDash Pickup,Cash,Payment,Main Branch,Hobart,0.0
2026-06-27,12pc Korean Fried Wings,Fried Chicken,1,26.29,23.9,Register,Cash,Payment,Main Branch,Hobart,0.0
2026-06-27,Coke,Beverages,2,7.7,3.5,Register,Cash,Payment,Main Branch,Hobart,0.0
2026-06-27,TK Boneless Chicken,Fried Chicken,1,31.35,28.5,Register,Cash,Payment,Main Branch,Hobart,0.0
2026-06-27,Kimchi Fried Rice,Rice Bowls,1,17.49,15.9,Register,Cash,Payment,Main Branch,Hobart,0.0
2026-06-27,Bulgogi Beef Bowl,Rice Bowls,1,21.45,19.5,DoorDash,Card,Payment,Main Branch,Hobart,0.0
2026-06-27,18pc Korean Fried Wings,Fried Chicken,1,30.38,32.5,DoorDash Pickup,Cash,Payment,Main Branch,Hobart,0.0
2026-06-27,Corn Cheese,Sides,1,10.89,9.9,DoorDash,Card,Payment,Main Branch,Hobart,0.0
2026-06-27,TK Boneless Chicken,Fried Chicken,1,31.35,28.5,DoorDash,Card,Payment,Main Branch,Hobart,0.0
2026-06-27,12pc Korean Fried Wings,Fried Chicken,3,78.87,23.9,DoorDash,Card,Payment,Main Branch,Hobart,0.0
2026-06-27,Bibimbap,Rice Bowls,1,19.25,17.5,DoorDash,Card,Payment,Main Branch,Hobart,0.0
2026-06-27,Tteokbokki,Sides,1,13.75,12.5,DoorDash,Card,Payment,Main Branch,Hobart,0.0
2026-06-27,12pc Korean Fried Wings,Fried Chicken,2,52.58,23.9,DoorDash,Card,Payment,Main Branch,Hobart,0.0
2026-06-27,TK Boneless Chicken,Fried Chicken,2,62.7,28.5,DoorDash,Card,Payment,Main Branch,Hobart,0.0
2026-06-27,Tteokbokki,Sides,1,13.75,12.5,DoorDash,Card,Payment,Main Branch,Hobart,0.0
2026-06-27,Coke,Beverages,1,3.85,3.5,Square Online,Card,Payment,Main Branch,Hobart,0.0
2026-06-27,Yangnyeom Chicken,Fried Chicken,1,28.6,26.0,Register,Cash,Payment,Main Branch,Hobart,0.0
2026-06-27,12pc Boneless Chicken,Fried Chicken,1,27.39,24.9,Uber Eats,Card,Payment,Main Branch,Hobart,0.0
2026-06-27,12pc Boneless Chicken,Fried Chicken,1,27.39,24.9,Square Online,Card,Payment,Main Branch,Hobart,0.0
2026-06-27,Kimchi Fried Rice,Rice Bowls,2,34.98,15.9,Register,Cash,Payment,Main Branch,Hobart,0.0
2026-06-27,Bingsu,Desserts,1,13.09,11.9,Register,Cash,Payment,Main Branch,Hobart,0.0
2026-06-27,Spicy Pork Bowl,Rice Bowls,1,20.79,18.9,Register,Card,Payment,Main Branch,Hobart,0.0
2026-06-27,6pc Boneless Chicken,Fried Chicken,2,31.9,14.5,Register,Cash,Payment,Main Branch,Hobart,0.0
2026-06-27,TK Boneless Chicken,Fried Chicken,2,62.7,28.5,Register,Card,Payment,Main Branch,Hobart,0.0
2026-06-27,Soju (Fri-Sat),Beverages,2,26.4,12.0,Register,Card,Payment,Main Branch,Hobart,0.0
2026-06-27,TK Boneless Chicken,Fried Chicken,1,31.35,28.5,Register,Card,Payment,Main Branch,Hobart,0.0
2026-06-27,18pc Korean Fried Wings,Fried Chicken,1,35.75,32.5,Register,Cash,Payment,Main Branch,Hobart,0.0
2026-06-27,TK Boneless Chicken,Fried Chicken,1,31.35,28.5,Register,Cash,Payment,Main Branch,Hobart,0.0
2026-06-27,Sprite,Beverages,2,6.16,3.5,DoorDash Pickup,Cash,Payment,Main Branch,Hobart,0.0
2026-06-27,Bibimbap,Rice Bowls,1,19.25,17.5,Register,Card,Payment,Main Branch,Hobart,0.0
2026-06-27,18pc Korean Fried Wings,Fried Chicken,2,71.5,32.5,Uber Eats,Card,Payment,Main Branch,Hobart,0.0
2026-06-27,Corn Cheese,Sides,1,10.89,9.9,Uber Eats,Card,Payment,Main Branch,Hobart,0.0
2026-06-27,Sprite,Beverages,1,3.85,3.5,Uber Eats,Card,Payment,Main Branch,Hobart,0.0
2026-06-27,Kimchi Fried Rice,Rice Bowls,1,17.49,15.9,Register,Card,Payment,Main Branch,Hobart,0.0
2026-06-28,Coke,Beverages,3,10.39,3.5,Register,Cash,Payment,Main Branch,Hobart,0.0
2026-06-28,Kimchi Fried Rice,Rice Bowls,1,17.49,15.9,Register,Cash,Payment,Main Branch,Hobart,0.0
2026-06-28,TK Boneless Chicken,Fried Chicken,1,31.35,28.5,Register,Cash,Payment,Main Branch,Hobart,0.0
2026-06-28,Fries,Sides,1,6.43,6.5,Register,Cash,Payment,Main Branch,Hobart,0.0
2026-06-28,6pc Boneless Chicken,Fried Chicken,1,15.95,14.5,Register,Cash,Payment,Main Branch,Hobart,0.0
2026-06-28,TK Boneless Chicken,Fried Chicken,1,31.35,28.5,Register,Cash,Payment,Main Branch,Hobart,0.0
2026-06-28,Tteokbokki,Sides,1,13.75,12.5,Register,Cash,Payment,Main Branch,Hobart,0.0
2026-06-28,Bingsu,Desserts,1,10.47,11.9,DoorDash Pickup,Card,Payment,Main Branch,Hobart,0.0
2026-06-28,Spicy Pork Bowl,Rice Bowls,2,37.42,18.9,Uber Eats,Card,Payment,Main Branch,Hobart,0.0
2026-06-28,Kimchi Pancake,Sides,3,40.1,13.5,Register,Card,Payment,Main Branch,Hobart,0.0
2026-06-28,6pc Boneless Chicken,Fried Chicken,1,15.95,14.5,Register,Card,Payment,Main Branch,Hobart,0.0
2026-06-28,Korean Iced Tea,Beverages,1,4.95,4.5,Uber Eats,Card,Payment,Main Branch,Hobart,0.0
2026-06-28,Kimchi Fried Rice,Rice Bowls,1,17.49,15.9,Uber Eats,Card,Payment,Main Branch,Hobart,0.0
2026-06-28,Coke,Beverages,1,3.85,3.5,Uber Eats,Card,Payment,Main Branch,Hobart,0.0
2026-06-28,TK Boneless Chicken,Fried Chicken,2,62.7,28.5,Uber Eats,Card,Payment,Main Branch,Hobart,0.0
2026-06-28,Coke,Beverages,1,3.85,3.5,DoorDash Pickup,Card,Payment,Main Branch,Hobart,0.0
2026-06-28,Yangnyeom Chicken,Fried Chicken,1,28.6,26.0,Register,Cash,Payment,Main Branch,Hobart,0.0
2026-06-28,Coke,Beverages,1,3.85,3.5,DoorDash,Card,Payment,Main Branch,Hobart,0.0
2026-06-28,Corn Cheese,Sides,1,10.89,9.9,DoorDash,Card,Payment,Main Branch,Hobart,0.0
2026-06-28,Sprite,Beverages,1,3.85,3.5,DoorDash,Card,Payment,Main Branch,Hobart,0.0
2026-06-28,6pc Boneless Chicken,Fried Chicken,2,31.9,14.5,Uber Eats,Card,Payment,Main Branch,Hobart,0.0
2026-06-28,Tteokbokki,Sides,1,13.75,12.5,Uber Eats,Card,Payment,Main Branch,Hobart,0.0
2026-06-28,Bingsu,Desserts,2,23.56,11.9,Uber Eats,Card,Payment,Main Branch,Hobart,0.0
2026-06-28,Kimchi Pancake,Sides,2,29.7,13.5,Uber Eats,Card,Payment,Main Branch,Hobart,0.0
2026-06-28,Spicy Pork Bowl,Rice Bowls,1,20.79,18.9,DoorDash,Card,Payment,Main Branch,Hobart,0.0
2026-06-28,18pc Korean Fried Wings,Fried Chicken,1,32.18,32.5,Register,Cash,Payment,Main Branch,Hobart,0.0
2026-06-28,TK Boneless Chicken,Fried Chicken,2,62.7,28.5,Register,Cash,Payment,Main Branch,Hobart,0.0
2026-06-28,18pc Korean Fried Wings,Fried Chicken,1,35.75,32.5,Register,Cash,Payment,Main Branch,Hobart,0.0
2026-06-28,Fries,Sides,1,7.15,6.5,Uber Eats,Card,Payment,Main Branch,Hobart,0.0
2026-06-28,TK Boneless Chicken,Fried Chicken,1,25.08,28.5,Register,Card,Payment,Main Branch,Hobart,0.0
2026-06-28,Soju (Fri-Sat),Beverages,2,26.4,12.0,DoorDash Pickup,Cash,Payment,Main Branch,Hobart,0.0
2026-06-28,18pc Korean Fried Wings,Fried Chicken,1,35.75,32.5,DoorDash Pickup,Cash,Payment,Main Branch,Hobart,0.0
2026-06-28,Korean Iced Tea,Beverages,3,14.85,4.5,DoorDash Pickup,Cash,Payment,Main Branch,Hobart,0.0
2026-06-28,Bulgogi Beef Bowl,Rice Bowls,1,21.45,19.5,DoorDash,Card,Payment,Main Branch,Hobart,0.0
2026-06-28,Bingsu,Desserts,3,39.27,11.9,Square Online,Card,Payment,Main Branch,Hobart,0.0
2026-06-28,12pc Boneless Chicken,Fried Chicken,1,27.39,24.9,DoorDash,Card,Payment,Main Branch,Hobart,0.0
2026-06-28,Bulgogi Beef Bowl,Rice Bowls,1,21.45,19.5,DoorDash,Card,Payment,Main Branch,Hobart,0.0
2026-06-28,TK Boneless Chicken,Fried Chicken,3,94.05,28.5,Square Online,Card,Payment,Main Branch,Hobart,0.0
2026-06-28,Kimchi Fried Rice,Rice Bowls,1,17.49,15.9,Register,Card,Payment,Main Branch,Hobart,0.0
2026-06-28,18pc Korean Fried Wings,Fried Chicken,-1,-35.75,32.5,DoorDash Pickup,Cash,Refund,Main Branch,Hobart,0.0
2026-06-28,Sprite,Beverages,-1,-3.47,3.5,DoorDash Pickup,Cash,Refund,Main Branch,Hobart,0.0
2026-06-28,Coke,Beverages,1,3.27,3.5,Uber Eats,Card,Payment,Main Branch,Hobart,0.0
2026-06-28,Yangnyeom Chicken,Fried Chicken,1,22.88,26.0,Uber Eats,Card,Payment,Main Branch,Hobart,0.0
2026-06-28,Bulgogi Beef Bowl,Rice Bowls,3,64.35,19.5,Uber Eats,Card,Payment,Main Branch,Hobart,0.0
2026-06-28,6pc Boneless Chicken,Fried Chicken,1,15.95,14.5,Register,Cash,Payment,Main Branch,Hobart,0.0
2026-06-28,12pc Korean Fried Wings,Fried Chicken,1,26.29,23.9,Register,Cash,Payment,Main Branch,Hobart,0.0
2026-06-28,12pc Korean Fried Wings,Fried Chicken,1,21.03,23.9,DoorDash,Card,Payment,Main Branch,Hobart,0.0
2026-06-28,Yangnyeom Chicken,Fried Chicken,1,24.31,26.0,DoorDash,Card,Payment,Main Branch,Hobart,0.0
2026-06-28,Fries,Sides,1,6.43,6.5,DoorDash,Card,Payment,Main Branch,Hobart,0.0
2026-06-28,Bulgogi Beef Bowl,Rice Bowls,1,21.45,19.5,Register,Card,Payment,Main Branch,Hobart,0.0
2026-06-28,Bulgogi Beef Bowl,Rice Bowls,1,21.45,19.5,Square Online,Card,Payment,Main Branch,Hobart,0.0
2026-06-28,Kimchi Fried Rice,Rice Bowls,2,34.98,15.9,Square Online,Card,Payment,Main Branch,Hobart,0.0
2026-06-28,Fries,Sides,1,7.15,6.5,DoorDash,Card,Payment,Main Branch,Hobart,0.0
2026-06-28,Kimchi Fried Rice,Rice Bowls,1,13.99,15.9,DoorDash Pickup,Cash,Payment,Main Branch,Hobart,0.0
2026-06-28,Coke,Beverages,1,3.47,3.5,Uber Eats Pickup,Cash,Payment,Main Branch,Hobart,0.0
2026-06-28,Tteokbokki,Sides,2,27.5,12.5,DoorDash,Card,Payment,Main Branch,Hobart,0.0
2026-06-28,TK Boneless Chicken,Fried Chicken,1,31.35,28.5,Register,Cash,Payment,Main Branch,Hobart,0.0
2026-06-28,Korean Iced Tea,Beverages,3,14.85,4.5,Uber Eats,Card,Payment,Main Branch,Hobart,0.0
2026-06-28,TK Boneless Chicken,Fried Chicken,1,25.08,28.5,Uber Eats,Card,Payment,Main Branch,Hobart,0.0
2026-06-28,Sprite,Beverages,2,6.93,3.5,DoorDash,Card,Payment,Main Branch,Hobart,0.0
2026-06-28,Tteokbokki,Sides,3,41.25,12.5,DoorDash,Card,Payment,Main Branch,Hobart,0.0
2026-06-28,12pc Korean Fried Wings,Fried Chicken,2,42.06,23.9,Square Online,Card,Payment,Main Branch,Hobart,0.0
2026-06-28,6pc Boneless Chicken,Fried Chicken,1,15.95,14.5,Square Online,Card,Payment,Main Branch,Hobart,0.0
2026-06-28,Soju (Fri-Sat),Beverages,1,13.2,12.0,DoorDash,Card,Payment,Main Branch,Hobart,0.0
2026-06-28,12pc Boneless Chicken,Fried Chicken,2,54.78,24.9,DoorDash,Card,Payment,Main Branch,Hobart,0.0
2026-06-28,Yangnyeom Chicken,Fried Chicken,1,28.6,26.0,Register,Card,Payment,Main Branch,Hobart,0.0
2026-06-28,12pc Korean Fried Wings,Fried Chicken,2,52.58,23.9,Register,Card,Payment,Main Branch,Hobart,0.0
2026-06-28,Bingsu,Desserts,2,26.18,11.9,Uber Eats,Card,Payment,Main Branch,Hobart,0.0
2026-06-28,Fries,Sides,1,7.15,6.5,Uber Eats,Card,Payment,Main Branch,Hobart,0.0
2026-06-28,12pc Korean Fried Wings,Fried Chicken,2,52.58,23.9,Register,Cash,Payment,Main Branch,Hobart,0.0
2026-06-28,18pc Korean Fried Wings,Fried Chicken,3,107.25,32.5,DoorDash,Card,Payment,Main Branch,Hobart,0.0
2026-06-28,6pc Boneless Chicken,Fried Chicken,3,47.85,14.5,Uber Eats Pickup,Cash,Payment,Main Branch,Hobart,0.0
2026-06-29,Fries,Sides,2,14.3,6.5,DoorDash,Card,Payment,Main Branch,Hobart,0.0
2026-06-29,Tteokbokki,Sides,1,12.37,12.5,Register,Cash,Payment,Main Branch,Hobart,0.0
2026-06-29,Kimchi Fried Rice,Rice Bowls,1,17.49,15.9,Register,Cash,Payment,Main Branch,Hobart,0.0
2026-06-29,Corn Cheese,Sides,1,9.8,9.9,DoorDash,Card,Payment,Main Branch,Hobart,0.0
2026-06-29,12pc Boneless Chicken,Fried Chicken,2,54.78,24.9,DoorDash,Card,Payment,Main Branch,Hobart,0.0
2026-06-29,12pc Korean Fried Wings,Fried Chicken,3,78.87,23.9,DoorDash,Card,Payment,Main Branch,Hobart,0.0
2026-06-29,TK Boneless Chicken,Fried Chicken,1,31.35,28.5,Uber Eats,Card,Payment,Main Branch,Hobart,0.0
2026-06-29,Fries,Sides,3,21.45,6.5,Uber Eats Pickup,Card,Payment,Main Branch,Hobart,0.0
2026-06-29,TK Boneless Chicken,Fried Chicken,1,26.64,28.5,Uber Eats Pickup,Card,Payment,Main Branch,Hobart,0.0
2026-06-29,Bibimbap,Rice Bowls,1,19.25,17.5,Register,Cash,Payment,Main Branch,Hobart,0.0
2026-06-29,Soju (Fri-Sat),Beverages,2,26.4,12.0,Uber Eats,Card,Payment,Main Branch,Hobart,0.0
2026-06-29,Sprite,Beverages,1,3.85,3.5,Square Online,Card,Payment,Main Branch,Hobart,0.0
2026-06-29,Sprite,Beverages,1,3.85,3.5,Register,Cash,Payment,Main Branch,Hobart,0.0
2026-06-29,Kimchi Fried Rice,Rice Bowls,1,17.49,15.9,Square Online,Card,Payment,Main Branch,Hobart,0.0
2026-06-29,6pc Boneless Chicken,Fried Chicken,2,31.9,14.5,DoorDash Pickup,Card,Payment,Main Branch,Hobart,0.0
2026-06-29,Fries,Sides,1,6.08,6.5,DoorDash Pickup,Card,Payment,Main Branch,Hobart,0.0
2026-06-29,6pc Boneless Chicken,Fried Chicken,1,15.95,14.5,Square Online,Card,Payment,Main Branch,Hobart,0.0
2026-06-29,TK Boneless Chicken,Fried Chicken,1,31.35,28.5,Register,Cash,Payment,Main Branch,Hobart,0.0
2026-06-29,TK Boneless Chicken,Fried Chicken,1,31.35,28.5,Register,Cash,Payment,Main Branch,Hobart,0.0
2026-06-29,TK Boneless Chicken,Fried Chicken,1,25.08,28.5,Square Online,Card,Payment,Main Branch,Hobart,0.0
2026-06-29,Spicy Pork Bowl,Rice Bowls,1,20.79,18.9,DoorDash,Card,Payment,Main Branch,Hobart,0.0
2026-06-29,Spicy Pork Bowl,Rice Bowls,3,62.37,18.9,Square Online,Card,Payment,Main Branch,Hobart,0.0
2026-06-29,TK Boneless Chicken,Fried Chicken,1,31.35,28.5,Register,Cash,Payment,Main Branch,Hobart,0.0
2026-06-29,Kimchi Fried Rice,Rice Bowls,2,34.98,15.9,DoorDash,Card,Payment,Main Branch,Hobart,0.0
2026-06-29,12pc Boneless Chicken,Fried Chicken,1,27.39,24.9,Square Online,Card,Payment,Main Branch,Hobart,0.0
2026-06-29,Fries,Sides,2,14.3,6.5,Register,Card,Payment,Main Branch,Hobart,0.0
2026-06-29,Coke,Beverages,1,3.85,3.5,Register,Card,Payment,Main Branch,Hobart,0.0
2026-06-29,12pc Korean Fried Wings,Fried Chicken,3,78.87,23.9,Register,Card,Payment,Main Branch,Hobart,0.0
2026-06-29,Coke,Beverages,3,11.55,3.5,Register,Card,Payment,Main Branch,Hobart,0.0
2026-06-29,Coke,Beverages,1,3.85,3.5,Square Online,Card,Payment,Main Branch,Hobart,0.0
2026-06-29,12pc Korean Fried Wings,Fried Chicken,1,26.29,23.9,Register,Card,Payment,Main Branch,Hobart,0.0
2026-06-29,Yangnyeom Chicken,Fried Chicken,1,28.6,26.0,Uber Eats Pickup,Cash,Payment,Main Branch,Hobart,0.0
2026-06-29,Bulgogi Beef Bowl,Rice Bowls,3,64.35,19.5,Uber Eats,Card,Payment,Main Branch,Hobart,0.0
2026-06-29,12pc Boneless Chicken,Fried Chicken,2,54.78,24.9,Uber Eats,Card,Payment,Main Branch,Hobart,0.0
2026-06-29,6pc Boneless Chicken,Fried Chicken,1,15.95,14.5,Uber Eats,Card,Payment,Main Branch,Hobart,0.0
2026-06-29,18pc Korean Fried Wings,Fried Chicken,1,35.75,32.5,Uber Eats,Card,Payment,Main Branch,Hobart,0.0
2026-06-29,Corn Cheese,Sides,1,10.89,9.9,Uber Eats,Card,Payment,Main Branch,Hobart,0.0
2026-06-29,Yangnyeom Chicken,Fried Chicken,1,28.6,26.0,Register,Card,Payment,Main Branch,Hobart,0.0
2026-06-29,Coke,Beverages,2,7.7,3.5,Register,Card,Payment,Main Branch,Hobart,0.0
2026-06-29,Sprite,Beverages,1,3.85,3.5,Uber Eats,Card,Payment,Main Branch,Hobart,0.0
2026-06-29,Coke,Beverages,2,7.7,3.5,Square Online,Card,Payment,Main Branch,Hobart,0.0
2026-06-29,12pc Boneless Chicken,Fried Chicken,1,27.39,24.9,Register,Card,Payment,Main Branch,Hobart,0.0
2026-06-29,12pc Boneless Chicken,Fried Chicken,1,21.91,24.9,Register,Card,Payment,Main Branch,Hobart,0.0
2026-06-29,Bibimbap,Rice Bowls,1,17.33,17.5,Uber Eats,Card,Payment,Main Branch,Hobart,0.0
2026-06-29,Soju (Fri-Sat),Beverages,2,23.76,12.0,Uber Eats,Card,Payment,Main Branch,Hobart,0.0
2026-06-29,Bibimbap,Rice Bowls,1,19.25,17.5,DoorDash,Card,Payment,Main Branch,Hobart,0.0
2026-06-29,Coke,Beverages,1,3.85,3.5,DoorDash,Card,Payment,Main Branch,Hobart,0.0
2026-06-29,Bibimbap,Rice Bowls,1,19.25,17.5,Uber Eats,Card,Payment,Main Branch,Hobart,0.0
2026-06-29,Soju (Fri-Sat),Beverages,1,13.2,12.0,Uber Eats,Card,Payment,Main Branch,Hobart,0.0
2026-06-29,Bibimbap,Rice Bowls,1,19.25,17.5,Square Online,Card,Payment,Main Branch,Hobart,0.0
2026-06-29,12pc Boneless Chicken,Fried Chicken,1,27.39,24.9,Square Online,Card,Payment,Main Branch,Hobart,0.0
2026-06-29,18pc Korean Fried Wings,Fried Chicken,1,32.18,32.5,Uber Eats,Card,Payment,Main Branch,Hobart,0.0
2026-06-30,Sprite,Beverages,2,7.7,3.5,Square Online,Card,Payment,Main Branch,Hobart,0.0
2026-06-30,Tteokbokki,Sides,2,27.5,12.5,Register,Card,Payment,Main Branch,Hobart,0.0
2026-06-30,Corn Cheese,Sides,1,10.89,9.9,Register,Card,Payment,Main Branch,Hobart,0.0
2026-06-30,Bulgogi Beef Bowl,Rice Bowls,1,21.45,19.5,Register,Card,Payment,Main Branch,Hobart,0.0
2026-06-30,12pc Korean Fried Wings,Fried Chicken,1,26.29,23.9,Register,Cash,Payment,Main Branch,Hobart,0.0
2026-06-30,6pc Boneless Chicken,Fried Chicken,1,15.95,14.5,Square Online,Card,Payment,Main Branch,Hobart,0.0
2026-06-30,Fries,Sides,1,6.43,6.5,DoorDash,Card,Payment,Main Branch,Hobart,0.0
2026-06-30,Soju (Fri-Sat),Beverages,1,13.2,12.0,Register,Card,Payment,Main Branch,Hobart,0.0
2026-06-30,18pc Korean Fried Wings,Fried Chicken,1,32.18,32.5,Register,Card,Payment,Main Branch,Hobart,0.0
2026-06-30,Kimchi Fried Rice,Rice Bowls,3,52.47,15.9,Square Online,Card,Payment,Main Branch,Hobart,0.0
2026-06-30,18pc Korean Fried Wings,Fried Chicken,1,28.6,32.5,Square Online,Card,Payment,Main Branch,Hobart,0.0
2026-06-30,6pc Boneless Chicken,Fried Chicken,1,15.95,14.5,DoorDash,Card,Payment,Main Branch,Hobart,0.0
2026-06-30,12pc Korean Fried Wings,Fried Chicken,1,26.29,23.9,Square Online,Card,Payment,Main Branch,Hobart,0.0
2026-06-30,Fries,Sides,1,6.08,6.5,Uber Eats,Card,Payment,Main Branch,Hobart,0.0
2026-06-30,18pc Korean Fried Wings,Fried Chicken,3,96.53,32.5,DoorDash,Card,Payment,Main Branch,Hobart,0.0
2026-06-30,Corn Cheese,Sides,3,32.67,9.9,Register,Cash,Payment,Main Branch,Hobart,0.0
2026-06-30,Tteokbokki,Sides,1,12.37,12.5,Register,Cash,Payment,Main Branch,Hobart,0.0
2026-06-30,12pc Korean Fried Wings,Fried Chicken,2,52.58,23.9,Register,Cash,Payment,Main Branch,Hobart,0.0
2026-06-30,Custom Amount,Uncategorized,1,11.0,10.0,Register,Cash,Payment,Main Branch,Hobart,0.0
2026-06-30,Yangnyeom Chicken,Fried Chicken,1,25.74,26.0,Register,Cash,Payment,Main Branch,Hobart,0.0
2026-06-30,TK Boneless Chicken,Fried Chicken,1,31.35,28.5,Register,Cash,Payment,Main Branch,Hobart,0.0
2026-06-30,12pc Korean Fried Wings,Fried Chicken,1,26.29,23.9,Register,Cash,Payment,Main Branch,Hobart,0.0
2026-06-30,Bibimbap,Rice Bowls,1,19.25,17.5,Register,Cash,Payment,Main Branch,Hobart,0.0
2026-06-30,12pc Boneless Chicken,Fried Chicken,1,27.39,24.9,Uber Eats,Card,Payment,Main Branch,Hobart,0.0
2026-06-30,Bulgogi Beef Bowl,Rice Bowls,1,21.45,19.5,Square Online,Card,Payment,Main Branch,Hobart,0.0
2026-06-30,TK Boneless Chicken,Fried Chicken,1,31.35,28.5,Uber Eats,Card,Payment,Main Branch,Hobart,0.0
2026-06-30,TK Boneless Chicken,Fried Chicken,1,31.35,28.5,DoorDash,Card,Payment,Main Branch,Hobart,0.0
2026-06-30,Coke,Beverages,2,7.7,3.5,Square Online,Card,Payment,Main Branch,Hobart,0.0
2026-06-30,Korean Iced Tea,Beverages,1,4.95,4.5,Square Online,Card,Payment,Main Branch,Hobart,0.0
2026-06-30,Kimchi Fried Rice,Rice Bowls,1,17.49,15.9,Uber Eats,Card,Payment,Main Branch,Hobart,0.0
2026-06-30,TK Boneless Chicken,Fried Chicken,1,26.64,28.5,Square Online,Card,Payment,Main Branch,Hobart,0.0
2026-06-30,Tteokbokki,Sides,3,41.25,12.5,DoorDash,Card,Payment,Main Branch,Hobart,0.0
2026-06-30,Corn Cheese,Sides,2,21.78,9.9,Uber Eats,Card,Payment,Main Branch,Hobart,0.0
2026-06-30,12pc Korean Fried Wings,Fried Chicken,1,26.29,23.9,Uber Eats,Card,Payment,Main Branch,Hobart,0.0
2026-06-30,Bulgogi Beef Bowl,Rice Bowls,2,38.61,19.5,DoorDash Pickup,Card,Payment,Main Branch,Hobart,0.0
2026-06-30,Corn Cheese,Sides,1,10.89,9.9,Register,Card,Payment,Main Branch,Hobart,0.0
2026-06-30,TK Boneless Chicken,Fried Chicken,2,62.7,28.5,Register,Card,Payment,Main Branch,Hobart,0.0
2026-06-30,Bibimbap,Rice Bowls,1,19.25,17.5,Register,Card,Payment,Main Branch,Hobart,0.0
2026-06-30,12pc Korean Fried Wings,Fried Chicken,1,26.29,23.9,Register,Card,Payment,Main Branch,Hobart,0.0
2026-06-30,Soju (Fri-Sat),Beverages,3,39.6,12.0,Register,Card,Payment,Main Branch,Hobart,0.0
2026-06-30,Corn Cheese,Sides,1,10.89,9.9,Register,Cash,Payment,Main Branch,Hobart,0.0
2026-06-30,6pc Boneless Chicken,Fried Chicken,1,15.95,14.5,Register,Cash,Payment,Main Branch,Hobart,0.0
2026-06-30,6pc Boneless Chicken,Fried Chicken,1,15.95,14.5,Uber Eats,Card,Payment,Main Branch,Hobart,0.0
2026-06-30,Bingsu,Desserts,2,26.18,11.9,Uber Eats,Card,Payment,Main Branch,Hobart,0.0
2026-06-30,Coke,Beverages,1,3.85,3.5,Uber Eats,Card,Payment,Main Branch,Hobart,0.0
2026-06-30,Kimchi Pancake,Sides,2,26.73,13.5,Uber Eats,Card,Payment,Main Branch,Hobart,0.0
2026-06-30,12pc Korean Fried Wings,Fried Chicken,1,26.29,23.9,Uber Eats,Card,Payment,Main Branch,Hobart,0.0
2026-06-30,12pc Korean Fried Wings,Fried Chicken,1,26.29,23.9,Uber Eats,Card,Payment,Main Branch,Hobart,0.0
2026-06-30,Fries,Sides,3,19.31,6.5,Uber Eats,Card,Payment,Main Branch,Hobart,0.0
2026-06-30,12pc Boneless Chicken,Fried Chicken,1,27.39,24.9,Register,Cash,Payment,Main Branch,Hobart,0.0
2026-06-30,Fries,Sides,1,7.15,6.5,Register,Cash,Payment,Main Branch,Hobart,0.0
2026-06-30,12pc Korean Fried Wings,Fried Chicken,1,26.29,23.9,Register,Cash,Payment,Main Branch,Hobart,0.0
2026-06-30,Corn Cheese,Sides,1,10.89,9.9,DoorDash,Card,Payment,Main Branch,Hobart,0.0
2026-06-30,TK Boneless Chicken,Fried Chicken,2,62.7,28.5,DoorDash,Card,Payment,Main Branch,Hobart,0.0
2026-06-30,18pc Korean Fried Wings,Fried Chicken,1,35.75,32.5,DoorDash,Card,Payment,Main Branch,Hobart,0.0
2026-06-30,Coke,Beverages,3,11.55,3.5,DoorDash,Card,Payment,Main Branch,Hobart,0.0
2026-06-30,Bulgogi Beef Bowl,Rice Bowls,1,21.45,19.5,Register,Cash,Payment,Main Branch,Hobart,0.0
2026-06-30,TK Boneless Chicken,Fried Chicken,1,31.35,28.5,DoorDash,Card,Payment,Main Branch,Hobart,0.0
2026-06-30,Kimchi Fried Rice,Rice Bowls,1,17.49,15.9,Square Online,Card,Payment,Main Branch,Hobart,0.0
2026-06-30,Soju (Fri-Sat),Beverages,2,26.4,12.0,Register,Cash,Payment,Main Branch,Hobart,0.0
